,,,,,,,,,,,,,,,,,,,,,,,,,,,,,,,,,,,,,,,,,,,,,,,,,,,,,,
Ornamental Winners,Agricultural Winners,Nitrogen-fixer?,family,Generic Epithet,Specific Hybrid Symbol,Specific Epithet,Section,Botanic,Infraspecific rank,Infraspecific Epithet,Cultivar Epithet,comm_ful,Conservation Status,Native range,"Habit (tree, shrub, vine)",# stems,Growth rate,Lifespan,Max Height (ft),Max Spread (ft),Leaf persistence,HABITAT,Wetland indicator,Light exposure,Soil preferences,Propagation,Root type/depth,Container Type,Transplant Time,Time to prune,Insect Pests,Disease,pH min,pH max,USDA Hardiness Zone,Salt Tolerance,Drought tolerance,Heat tolerance,"Flood Tolerance intolerant, tolerant, medium (10-30% season)",Leaf color,Fall color,flower color,Bloom time,Fruit color,Bark features,Thorns?,Fruit type,CTLA Species rating,Edible?,Wildlife value,"wildlife habitat uses            DB = high value deer browse
WB = wildlife browse
WM = wildlife mast (fruit, nut, seed)
WC = wildlife cover
",wildlife specific uses,Uses,Umass treecount
,,,,,,,,Tsuga canadensis,,,,,,,T,,S,L,105,,,,FACU,shade,,,,,,,,,4.4-5.7,,3b,N,L,,I,,,,mSp,,,,,,,,,,"*quarantine on some stock, buy in state due to wooly adelgid, check stock, seed cold strat. Req., very shade tolerant",
,,,,,,,,Quercus coccinea,,,,,,,T,,R,M,90,39,,,None,sun,,,,,,,,,4.5-6.9,,4a,N,M,,,,,,mSp,,,,,,,,,,"*S1 Very Rare in Vermont. Widely planted as an ornamental.Brilliant red autumn color, open crown texture, and rapid growth make it a desirable tree for yard",
,,,,,,,,Sorbus decora,,,,,,,T,,M,M,40,,,,FAC*,sun/partial,,,,,,,,,4.0-7.0,,3a,N,L,,,,,,eSu,,,,,,,,,,"*S3 Uncommon in Vermont. Do not plant without working with VTFWD Nongame and Natural Heritage Program; Found at high elevationskrummholz, montane spruce-fir",
,,,,,,,,Kalmia latifolia,,,,,,,S,,S,L,10,10,,,FACU,sun/partial,,,,,,,,,4.5-5.5,,3,N,H,,I,,,,mSp,,,,,,,,,,"acid soil, 5 yr - 5' x 5'",
,,,,,,,,Photinia melanocarpa,,,,,,,S,,M,M,6,8,,,FAC,sun/partial,,,,,,,,,5.1-6.5,,4,N,L,,,,,,mSp,,,,,,,,,,"acid soils only, invasive, 5 yrs - 5 x 4 ft",
,,,,,,,,Vaccinium corymbosum,,,,,,,S,,M,M,10,10,,,FACW-,partial/shade,,,,,,,,,3.5-6.0,,3b,H,L,,,,,,eSu,,,,,,,,,,"all soil textures, edible berry, demands acid soils",
,,,,,,,,Juniperus communis,,,,,,,S,,S,L,8,8,,,None,sun,,,,,,,,,5.5-8.0,,2a,N,H,,,,,,mSp,,,,,,,,,,"allelopath, all soil textures, low fert. Req., high CaCO3 tol., *med. hedge tol., seed cold strat. Req.",
,,,,,,,,Rhododendron canadense,,,,,,,S,,M,L,18,18,,,FACW,shade,,,,,,,,,4.0-5.3,,4b,N,L,,,,,,mSp,,,,,,,,,,"allelopath, slight toxicity, med + coarse textured soils, low fertility requirement, acid soils",
,,,,,,,,Juglans cinerea,,,,,,,T,,R,M,80,60,,,FACU+,sun,,,,,,,,,6.0-7.0,,3,N,L,,,,,,lSp,,,,,,,,,,"allelopathic, edible nut, seed cold strat. Req. Susceptible to butternut canker fungus; don't recommend until resistant var. is available",
,,,,,,,,Sassafras albidum,,,,,,,T,,R,S,50,32,,,FACU-,sun,,,,,,,,,4.5-7.2,,5,N,H,,,,,,lSp,,,,,,,,,,"allelopathic, good screen tree on dry, sandy soils, diff. transp. because of deep taproot, intol. flood, soil waterlogging",
,,,,,,,,Lindera benzoin,,,,,,,S,,S,L,12,6,,,FACW-,partial/shade,,,,,,,,,4.5-6.5,,4b,M,L,,T,,,,mSp,,,,,,,,,,"avg. flood tolerance, seed cold strat. Req. Locally common in Southern Vermont",
,,,,,,,,Corylus cornuta,,,,,,,S,,M,S,12,10,,,FACU-,sun/partial,,,,,,,,,4.5-7.0,,3,N,M,,,,,,eSp,,,,,,,,,,Both hazelnuts have a higher nutritional value than acorns and beechnuts,
,,,,,,,,Betula populifolia,,,,Whitespire Birch,,,,,,,40,,,,FAC,sun,,,,,,,,,3.5,6,3,H,M,,T,,,,mSp,,,,,,,HIGH,"WB,WM","Buds, catkins and seeds eatern by grouse, seeds eaten by chickadee, redpoll, pine siskin, goldfinch, Bark eaten by porcupine, beaver, rabbit, Browsed by deer and moose. Good young stand.","can survive on most infertile sites, low inundation tolerance, good screening tree for dry, sandy soils",
,,,,,,,,Photinia pyrifolia,,,,,,,S,,S,,12,6,,,FACW,sun/partial,,,,,,,,,5.5-7.5,,5a,M,L,,,,,,mSp,,,,,,,,,,"can tol. seasonal inundation, used on shallow, steep or gravelly problem soils, seed cold strat. Req.; Unknown whether occurs in Vermont",
,,,,,,,,Picea mariana,,,,,,,T,,S,M,85,30,,,FACW-,shade,,,,,,,,,4.6-6.5,,2b,N,L,,,,,,lSp,,,,,,,,,,"Christmas trees, high inundation and soil saturation tolerance, seed cold strat. req. Layering important means of reproduction on some sites",
,,,,,,,,Amelanchier canadensis,,,,,,,"S,T",,M,S,20,,,,FAC,sun/partial,,,,,,,,,5.6-7.5,,3,N,L,,,,,,lSp,,,,,,,,,,Common; dry or swampy woods and thickets,
,,,,amelanchier,,laevis,,amelanchier laevis,,,,,,,"S,T",,M,S,40,15,D,,None,sun/partial,,,,,,,,,4.8-7.0,6,3,M,M,,,,,,lSp,,,,,,,HIGH,"WB,WM","Fruit eaten by grouse, woodpecker, mimics, evening/rb grosbeak, oriole, robin, thrush, cedar waxwing, tanager, cardinal, towhee, red fox, coyote, bear, Bark, buds and wood eaten by beaver, Browsed by deer and moose.","Common; edge of woods, damp thickets",
,,,,,,,,Prunus serotina,,,,,,,T,,M,M,100,50,,,FACU,sun,,,,,,,,,5.0-7.5,,3b,M,M,,I,,,,lSp,,,,,,,,,,"deer/rabbit browse heavily on seedlings, must protect/cyanic acid, poison to livestock, medicinal, Intol. flooding, satur. soil",
,,,,,,,,hamamelis virginiana,,,,,,,S,,M,L,16,20,,,FAC-,sun/partial,,,,,,,,,4.5-6.2,,4,N,L,,I,,,,F,,,,,,,,,,"easy maintenance shrub for dry and sandy soils, medium spreading hazard, 5 yr - 5' x 6', seed cold strat. Req.",
,,,,,,,,Thuja occidentalis,,,,,,,T,,S,M,50,15,,,FACW,shade,,,,,,,,,6.0-8.0,,3b,N,L,,,,,,mSp,,,,,,,,,,"easy maintenance, Thuja occidentalis, seed cold stratification req.",
,,,,,,,,Carya ovata,,,,,,,T,,S,L,80,39,,,FACU-,sun/partial,,,,,,,,,4.0-6.7,,2b,N,M,,I,,,,lSp,,,,,,,,,,"edible nuts, intolerant of soil or root damage **Difficult to grow (TNC) and may be dropped.",
,,,,,,,,Castanea dentata,,,,,,,T,,R,L,70,,,,None,sun,,,,,,,,,5.5-6.5,,3,N,M,,,,,,eSu,,,,,,,,,,edible nuts; chestnut blight resistant varieties and hybrids will soon be available. Only plant these resistant plants.,
,,,,,,,,Salix nigra,,,,,,,T,,R,S,100,80,,,FACW+,sun,,,,,,,,,4.8-8.0,,3b,N,L,,T,,,,eSp,,,,,,,,,,"entisols, high inundation and soil saturation tolerance, pioneer species, only native tree willow in Vermont",
,,,,,,,,Larix laricina,,,,,,,T,,R,M,65,25,,,FACW,sun,,,,,,,,,5.5-6.5,,2b,N,L,,M,,,,mSp,,,,,,,,,,"evergreen conifer that loses its needles in winter, tolerates flooding, seed cold strat. req. Susceptible to sawfly, esp in dense stands. Plant sparingly.",
,,,,,,,,Crataegus Oxyacantha,,,,,,,"S,T",,R,L,20,20,,,None,partial/sun,,,,,,,,,6.0-7.2,,5,L,H,,,,,,lSp-eSu,,,,,,,,,,"fast growth, 5 yr - 13' x 4', *mod.diff. transpl. BR, do not transpl. > 2 inch caliper BR While this species is not, there are numerous species of hawthorn native to Vermont",
,,,,,,,,Picea abies,,,,,,,T,,S,S,150,,,,None,sun/partial,,,,,,,,,5.0-7.0,,3a,N,M,,,,,,mSp,,,,,,,,,,"fastest growing softwood in North East,",
,,,,alnus,,incana,,Alnus incana (syn Alnus rugosa),,,,,,,S,,M,L,16,,D,,FACW+,partial/shade,,,,,,,,,5.0-7.0,,3,N,L,,T,,,,eSp,,,,,,,MOD,"WB,WC,WM","Buds, catkins and seeds eaten by grouse, Seeds eaten by goldfinch, redpoll, siskin, Bark, buds, and wood eaten by beaver and hare, Browsed by deer (poor) and moose. Excellent cover for woodcock, others","fixes nitrogen, all soil textures, seed cold strat. Req. Best wildlief habitat value is cover.",
,,,,,,,,alnus serrulata,,,,,,,shrub,,R,M,30,,deciduous,,OBL,sun,,,,,,,,,5,,4,N,L,,T,,,,Sp,,,,,,,moderate,"WB,WC,WM","Buds, catkins and seeds eaten by grouse, Seeds eaten by goldfinch, redpoll, siskin, Bark, buds, and wood eaten by beaver and hare, Browsed by deer (poor) and moose. Excellent cover for woodcock, others","fixes nitrogen, all soil textures, seed cold strat. Req. Best wildlife habitat value is cover",
,,,,,,,,juniperus virginiana,,,,,,,T,,S,M,80,10,,,FACU,sun,,,,,,,,,4.7-8.0,,2b,M,H,,I,,,,lSp,,,,,,,,,,"for multi-row windbreak use on outer row/for single-row makes dense, med. Ht. barrier, invasive?",
,,,,,,,,Cornus amomum,,,,,,,S,,R,M,10,,,,FACW,sun/partial,,,,,,,,,5.0-7.0,,3,N,L,,T,,,,eSp,,,,,,,,,,"forms thickets, wildlife borders, streambank protection, transplant in early spring only, seed cold strat. Req.",
,,,,,,,,Syringa vulgaris,,,,,,,S,,R,L,20,20,,,None,sun/partial,,,,,,,,,5.8-7.8,,5b,M,M,,,,,,lSp,,,,,,,,,,"fragrant, fast growth when young, 5 yr - 6' x 6', tolerates dry soils, seed cold strat. Req.",
,,,,,,,,Sorbus americana,,,,,,,T,,M,M,40,,,,FACU,sun/partial,,,,,,,,,5.3-6.8,,3a,N,L,,,,,,eSu,,,,,,,,,,"Generally found in colder environments of Vermont such as lowland spruce-fir forests, krummholz, montane spruce-fir, hardwood/yellow birch-red spruce forests, boreal talus.",
,,,,,,,,Viburnum lentago,,,,,,,S,,R,M,13,13,,,FAC,partial/sun,,,,,,,,,5.0-7.0,,2,N,L,,,,,,lSp,,,,,,,,,,"good screening shrub for dry and sandy soils, low spreading hazard, seed cold strat. Req.",
,,,,,,,,Quercus velutina,,,,,,,T,,M,L,90,39,,,None,sun/partial,,,,,,,,,4.5-6.0,,4a,N,L,,,,,,eSp,,,,,,,,,,"Grows best on moist, rich, well-drained soils, but it is often found on poor, dry sandy or heavy glacial clay hillsides where it seldom lives more than 200 years.",
,,,,,,,,Fraxinus americana,,,,,,,T,,M,M,90,32,,,FACU,sun/partial,,,,,,,,,5.0-7.5,,3b,M,L,,M,,,,m-lSp,,,,,,,,,,"high fertility requirement, low inundation and soil saturation tolerance, *< or = 2 inch caliper bare root **Difficult to grow (TNC) and may be dropped.",
,,,,,,,,Carya cordiformis,,,,,,,T,,S,L,100,39,,,FACU+,sun/partial,,,,,,,,,6.5-7.4,,4,N,H,,M,,,,mSp,,,,,,,,,,intolerant to soil or root damage,
*,,,Sapindaceae,acer,,griseum,,acer griseum,,,,"maple, paperbark",Least concern,,,,,,30,20,deciduous,,,,,,,,,,,,6,7.5,4,,,,,green,red,,,,,,samara,75,,,,,lawn tree,20
,,,,,,,,Picea rubens,,,,,,,T,,M,L,110,,,,FACU,shade,,,,,,,,,4.0-5.8,,3b,N,M,,,,,,mSp,,,,,,,,,,"Long lived (may be > 400 years old), Good winter cover and should be retained over balsam fir (short lived).",
,,,,,,,,Prunus pensylvanica,,,,,,,T,,R,S,30,,,,FACU-,sun,,,,,,,,,4.3-6.6,,3a,N,L,,,,,,mSp,,,,,,,,,,"low fertility requirement, fruit edible, pioneer species, seed cold strat. req.",
,,,,,,,,Pinus resinosa,,,,,,,T,,R,L,80,40,,,FACU,sun,,,,,,,,,4.5-6.0,,2b,N,L,,,,,,Sp,,,,,,,,,,"low fertility requirement, grows well in poor soils, seed cold strat. Req.",
,,,,,,,,Rhus hirta,,,,,,,S,,R,S,30,,,,None,sun/partial,,,,,,,,,4.5-7.2,,3b,N,H,,,,,,lSp,,,,,,,,,,"low fertility requirement, pioneer species on disturbed sites, invasive?",
,,,,,,,,Ostrya virginiana,,,,,,,T,,S,S,45,,,,FACU-,shade,,,,,,,,,4.2-7.6,,3a,N,M,,I,,,,mSp,,,,,,,,,,"low fertility requirement, seed cold strat. Req.",
,,,,,,,,Fagus grandifolia,,,,,,,T,,S,L,95,52,,,FACU,shade,,,,,,,,,4.0-6.5,,2b,N,H,,I,,,,mSp,,,,,,,,,,"low fertility requirement, seed cold strat. Req. Difficult to grow (TNC) and may be dropped from list. Susecptible to beech bark disease. Only plant at low densities (<10% of planting).",
,,,,,,,,Prunus virginiana,,,,,,,T,,R,S,25,,,,FACU,sun,,,,,,,,,5.2-8.4,,2b,N,M,,I,,,,mSp,,,,,,,,,,"low hedge tol., mod. Veget. spread rate (maybe invasive), edible fruit, toxic to livestock, seed cold strat. Req.",
,,,Pinaceae,abies,,balsamea,,abies balsamea,,,,"fir, balsam",Least concern,,tree,,S,,75,25,evergreen,,FAC,sun,,,,,,,,,5,6,3,,L,,,,,,mSu,,,,,65,,MOD,"WB,WC,WM","Seeds eaten by chickadee, crossbill, finches, red squirrel, Bark eatern by porcupine, Browsed by moose and hare in winter, Good nesting/winter cover","low hedge tolerance, Xmas trees",13
,,,,,,,,Picea pungens,,,,,,,T,,S,L,75,30,,,FACU,sun/partial,,,,,,,,,5.5-7.8,,3a,M,M,,,,,,lSp,,,,,,,,,,"low hedge, christmas tree, requires little shaping",
,,,,,,,,ilex verticillata,,,,,,,S,,M,L,20,13,,,FACW+,sun/partial,,,,,,,,,4.5-7.5,,3,N,L,,,,,,lSp,,,,,,,,,,"low spreading hazard,dried arrangements, likes acid soil, plant at least 10 plants to ensure pollination, plant male & female plants within 40 ft of each other, 5 yr - 6' x 6'",
,,,,,,,,Populus deltoides,,,,,,,T,,R,M,130,32,,,FAC,sun,,,,,,,,,4.5-6.5,,4a,L,L,,T,,,,Sp,,,,,,,,,,"male, non-hybrid adapted clones used in multi-row windbrks and open mine spoils, nuisance around bldgs.",
,,,Ulmaceae,ulmus,,americana,,ulmus americana,,,,"elm, american",Least concern,,T,,R,L,120,120,,,FACW-,sun/partial,,,,,,,,,6.0-8.0,,3,M,M,,M,,,,eSp,,,,,70,,LOW,"WB,WM",,"Mature specimens are rare due to dutch elm disease, may be able to reproduce at 15 years before being killed.",26
,,,,,,,,Viburnum trilobum,,,,,,,S,,S,L,12,10,,,FACW,sun,,,,,,,,,4.5-6.9,,2,N,M,,T,,,,mSp,,,,,,,,,,"medium tall hedge or border for screening or windbreak, edible fruit, tolerates wet soil **Difficult to find true native variety - mostly finding european(Intervale)",
,,,,,,,,Viburnum lantanoides,,,,,,,S,,S,L,10,,,,FAC,shade,,,,,,,,,4.9-7.0,,3a,N,M,,,,,,lSp,,,,,,,,,,Moist woodland and cool ravines (northern hardwoods). Normally occurs as a shrub layer under taller vegetation.,
,,,,,,,,Ulmus rubra,,,,,,,T,,R,M,85,,,,FAC,shade,,,,,,,,,5.5-7.0,,2b,N,M,,T,,,,lW,,,,,,,,,,More of an upland rich woods or talus site than American elm,
,,,,,,,,Fraxinus nigra,,,,,,,T,,M,L,65,50,,,FACW,sun/partial,,,,,,,,,4.2-6.0,,2,N,L,,T,,,,lSp,,,,,,,,,,"native-american baskets, very wet sites",
,,,,,,,,Platanus occidentalis,,,,,,,T,,R,L,100,,,,FACW-,sun/partial,,,,,,,,,4.9-6.5,,3b,N,L,,T,,,,Sp,,,,,,,,,,"naturally occurring on streambanks and riparian zones, aka BUTTONWOOD",
,,,,,,,,Nyssa sylvatica,,,,,,,T,,M,M,80,45,,,FAC,shade,,,,,,,,,4.5-6.0,,5a,L,L,,M,,,,lSp,,,,,,,,,,"needs acid soil, tol. flood 50 days +, seed cold strat. Req., slow recovery from transpl., use small caliper B&B only.",
,,,,,,,,Comptonia peregrina,,,,,,,S,,M,M,3,2,,,None,sun,,,,,,,,,4.0-7.0,,3,N,H,,,,,,Sp,,,,,,,,,,"nitrogen-fixing, good on steep sandy banks, coastal sites, or in open, sterile, sandy soils of woodland, clearings, pastures",
,,,,,,,,Populus balsamifera,,,,,,,T,,R,M,80,,,,FACW,sun,,,,,,,,,4.5-7.0,,2b,N,L,,,,,,lSp,,,,,,,,,,"Northernmost American hardwood, AKA ""balm-of-gilead"" from native salve or ointment made by heating the winter buds in oil, used to relieve congestion",
,,,,,,,,Quercus macrocarpa,,,,,,,T,,S,L,100,80,,,FAC-,sun/partial,,,,,,,,,4.5-7.5,,3a,N,H,,M,,,,mSp,,,,,,,,,,"open mine reclamation, either way transplant small caliper trees, seed cold strat. Req.; has the largest acorns of all native oaks and is very drought resistant",
,,,,,,,,Juglans nigra,,,,,,,T,,R,L,90,48,,,FACU,sun,,,,,,,,,5.5-8.0,,4a,N,L,,M,,,,lSp,,,,,,,,,,"ornamental, high fertility requirement, use local plant sources; The best known use of black walnut is for its lumber and veneer.",
,,,,,,,,Quercus alba,,,,,,,T,,S,L,100,39,,,FACU-,sun/partial,,,,,,,,,4.5-6.8,,2b,H,M,,I,,,,mSp,,,,,,,,,,"ornamental, sens. fire, coal smoke, root disturb., intol. flood, satur. soil, diff. transpl. because of taproot & grows slowly. Most important lumber tree of the white oak group",
,,,,,,,,Salix discolor,,,,,,,S,,R,L,40,,,,FACW,partial/shade,,,,,,,,,4.0-7.0,,3b,N,L,,,,,,lW,,,,,,,,,,"Other native shrub willows - S.eriocophala, S.lucida, and S.sericea",
,,,,,,,,Rhus aromatica,,,,,,,S,,R,L,15,,,,None,sun,,,,,,,,,5.0-8.0,,,N,H,,,,,,e-mSp,,,,,,,,,,"pioneer species, ornamentals",
,,,,,,,,Rhus glabra,,,,,,,S,,M,S,15,12,D,,None,sun,,,,,,,,,5.3-7.5,,3b,N,M,,,,,,mSp,,,,,,,MOD,"WB,WM","Generally considered emergency winter food - Fruit eaten by grouse, turkey, bluebird, cardinal, mimics, crow, robin, hermit thrush, Poor nesting, Browsed by deer","pioneer species, ornamentals, lateral root system is extensive, upto 3 or more feet per year",
,,,,,,,,Acer pensylvanicum,,,,,,,T,,S,S,49,,D,,FACU,shade,,,,,,,,,4.4-6.5,,4,N,L,,,,,,lSp,,,,,,,MOD,,,Probably the most important use of striped maple is for wildlife food (browse),
,,,,,,,,Quercus bicolor,,,,,,,T,,S,L,100,60,,,FACW+,sun/partial,,,,,,,,,4.3-6.5,,4a,N,L,,M,,,,eSp,,,,,,,,,,"rapid growing and long lived, reaching 300 to 350 years. Many kinds of wildlife eat the acorns, particularly ducks",
,,,,,,,,Tilia americana,,,,,,,T,,M,M,130,32,,,FACU,partial/shade,,,,,,,,,4.5-7.5,,2b,N,M,,I,,,,lSp-eSu,,,,,,,,,,relatively soft wood that works exceptionally well and is valued for hand carving,
,,,,,,,,Quercus prinus,,,,,,,T,,S,L,80,,,,None,sun/partial,,,,,,,,,4.5-7.0,,5a,N,M,,,,,,mSp,,,,,,,,,,Rich Woods Lake Champlain Region and Lower Connecticut Valley,
,,,,,,,,Viburnum nudum L. var. cassinoides,,,,,,,S,,S,L,15,,,,FACW,partial/shade,,,,,,,,,4.9-7.0,,3b,N,M,,,,,,eSu,,,,,,,,,,seed cold strat. Req. Aka Wild Raisin or Possumhaw,
,,,,,,,,Cornus alternifolia,,,,,,,S,,M,M,25,,,,None,partial/shade,,,,,,,,,5.8-7.5,,2,N,L,,,,,,mSp,,,,,,,,,,"seed cold strat. Req., aka Pagoda Dogwood. Susceptible to Dogwood Anthracnose. Plant scattered as only small component (<10%) of planting.",
,,,,,,,,Corylus americana,,,,,,,S,,M,S,10,10,,,FACU-,sun/partial,,,,,,,,,5.0-7.0,,3,M,L,,I,,,,Sp,,,,,,,,,,"seed cold strat. Req., edible nut; VT Rare, do not plant without NNHP. Alternative is Beaked Hazelnut.",
,,,,,,,,Vaccinium angustifolium,,,,,,,S,,M,M,2,2,,,FACU-,sun,,,,,,,,,4.7-7.5,,3b,N,H,,,,,,eSu,,,,,,,,,,"seed cold strat. Req., sensitive to compaction",
,,,,,,,,Picea glauca,,,,,,,T,,S,S,100,20,,,FACU,shade,,,,,,,,,4.0-8.2,,2b,N,H,,,,,,lSp,,,,,,,,,,"seed cold stratification required, *seedlings sensitive to frost heaving",
,,,,,,,,Pinus strobus,,,,,,,T,,1st S/R,L,150,40,,,FACU,sun/partial,,,,,,,,,4.0-6.5,,3b,N,N,,I,,,,lSp,,,,,,,,,,"seedlings tolerate shade, saplings do not tolerate shade, sensitive to compaction, seed cold strat. Req.",
,,,,,,,,Populus tremuloides,,,,,,,T,,R,S,65,20,,,FACU,sun,,,,,,,,,6.0-9.0,,3a,H,L,,,,,,mSp,,,,,,,,,,"Short lived but grow rapidly, especially the first 30 years.Easily reproduced from seed or sucker shoots, quickly reforests disturbed site builds soil",
,,,,,,,,Populus grandidentata,,,,,,,T,,R,S,65,32,,,FACU-,sun,,,,,,,,,4.8-7.2,,2b,H,L,,,,,,mSp,,,,,,,,,,"Short lived but grow rapidly, especially the first 30 years.Easily reproduced from seed or sucker shoots, quickly reforests disturbed site, builds soil",
,,,,,,,,Cornus sericea,,,,,,,S,,R,L,6,9,,,FACW+,partial,,,,,,,,,4.8-7.5,,3,N,L,,T,,,,Su,,,,,,,,,,"streambank protection, fish & wildlife improvement, slope stabil., borders, ornamental, transpl. early spring only",
,,,,,,,,Sambucus canadensis,,,,,,,S,,R,M,12,7,,,FACW-,sun,,,,,,,,,5.0-7.0,,4a,N,M,,T,,,,Sp,,,,,,,,,,"suckering habit, preferred for wildlife habitat, shelterbelts in moist woodland, adapt to wide range of soil cond., fruit edible, seed cold strat. Req.",
,,,,,,,,viburnum acerifolium,,,,,,,S,,S,L,6,4,,,None,shade,,,,,,,,,4.8-7.5,,4a,N,H,,,,,,Ind,,,,,,,,,,"suckers, good for shady mass plantings, used on shallow, steep or gravelly problem soils, seed cold strat. Req. **Difficult to grow (TNC) and may be dropped.",
,,,,,,,,Pinus rigida,,,,,,,T,,1st S/R,M,40,,,,FACU,sun,,,,,,,,,4.6-6.5,,2b,N,M,,,,,,Sp,,,,,,,,,,"survives injury, good screening tree on dry, sandy soils, sensitive to compaction",
,,,,,,,,Fraxinus pennsylvanica,,,,,,,T,,R,M,60,20,,,FACW,sun/partial,,,,,,,,,5.0-8.0,,2,M,M,,T,,,,lSp,,,,,,,,,,"tol. flooding, ornamental",
,,,,,,,,Viburnum recognitum,,,,,,,S,,R,M,12,,,,FACW-,sun/partial,,,,,,,,,5.1-7.0,,2,N,L,,,,,,lSp,,,,,,,,,,"tolerates alkaline soils, seed cold strat. Req.",
,,,,,,,,Quercus rubra,,,,,,,T,,M,L,100,60,,,FACU-,sun/partial,,,,,,,,,4.3-6.5,,4a,H,M,,,,,,mSp,,,,,,,,,,"tolerates urban conditions, seed cold strat. Req. sensitive to compaction; one of the more important lumber species of red oak, easily transplanted, popular shade tree",
,,,,,,,,Cornus racemosa,,,,,,,S,,M,M,12,12,,,FAC,sun/partial,,,,,,,,,5.0-7.0,,3,N,M,,,,,,Sp,,,,,,,,,,"transplant in early spring only, seed cold strat. Req.",
,,,Rosaceae,amelanchier,,arborea,,Amelanchier arborea,,,,"serviceberry, downy",Least concern,,"S,T",,,,,,D,,"FAC (Eastern Mountains and Piedmont), FACU (Great Plains), FACU (Midwest), FACU (Northcentral & Northeast), FACU (Arid West), FACU (Atlantic and Gulf Coastal Plain)",,,,,,,,,,5,6,,,,,,,,,,,,,,60,,HIGH,"WB,WM","Fruit eaten by grouse, woodpecker, mimics, evening/rb grosbeak, oriole, robin, thrush, cedar waxwing, tanager, cardinal, towhee, red fox, coyote, bear, Bark, buds and wood eaten by beaver, Browsed by deer and moose.","understory plant, seed cold strat. Req. Common; dry woods, shores.",12
,,,,,,,,Carpinus caroliniana,,,,,,,T,,S,S,40,39,,,FAC,shade,,,,,,,,,4.0-7.4,,3,N,L,,T,,,,mSp,,,,,,,,,,"use for an understory tree, use on problem soils like shallow, steep or gravelly, seed cold strat. Req., Found in rich moist soil, bottomlands, swamps and river margins.",
,,,,,,,,Carya glabra,,,,,,,T,,S,L,100,39,,,FACU-,sun,,,,,,,,,6.5-7.4,,4,N,H,,,,,,mSp,,,,,,,,,,"very sensitive to frost, intolerant of soil or root damage; VT Rare",
,,,Betulaceae,betula,,alleghaniensis,,Betula alleghaniensis,,common in moist soils,,"birch, yellow",,,T,1,R,L,50,45,D,common in moist soils,FAC,sun/partial,,,,,fall,,,,4.6-7.0,6,3,M,M,low,,,yellow,,lSp,,,,,,,HIGH,"WB,WM","Buds, catkins and seeds eatern by grouse, seeds eaten by chickadee, redpoll, pine siskin, goldfinch, Bark eaten by porcupine, beaver, rabbit, Browsed by deer and moose. Sap eaten by sapsucker","wintergreen taste, scarification of seedbed improves seed estab.",
*,,,,,,,,Diospyros virginiana,,,,,,,,,,,,,,,,,,,,,,,,,,,,,,,,,,,,,,,,,yes,,,,,
,,,Betulaceae,betula,,papyrifera,,betula papyrifera,,,,"birch, paper",Least concern,,T,,R,S,70,30,,,FACU,sun,"moist, acidic, well-drained",,,,,,,,4.5-7.0,,2,M,L,,I,,,,mSp,,,Resistance to verticillium wilt,,70,,,,,,28
,,,,,,,,Acer negundo,,,,,,,T,,,S,,,D,,FAC+,sun/partial,,,,,,,,,5.2-7.0,,2,M,H,,T,,,,,,,,,,,LOW,"WB,WM","Seeds eaten by evening and pine grosbeak, purple finch, Occasional nesting. Browsed by deer when young.",,
,,,,,,,,Alnus rugosa,,,,Hazel Alder,,,,,,,,,,,,,,,,,,,,,,,2,,,,,,,,,,,,,,,,,,,
,,,,,,,,Alnus viridis,,,,Green Alder - 'Crispa',,,,,,,,,,,,,,,,,,,,,,,2,,,,,,,,,,,,,,,,,,,
,,,,,,,,Amelanchier alinifolia,,,,Regent Saskatoon Serviceberry,,,,,,,,,,,,,,,,,,,,,,,2,,,,,,,,,,,,,,,,,,,
,,,,,,,,Amelanchier alinifolia,,,,Standing Ovation™ Serviceberry aka 'Obelisk',,,,,,,,,,,,,,,,,,,,,,,2,,,,,,,,,,,,,,,,,,,
,,,,,,,,Caragana aborescens,,,,"Siberian Peashrub
Restricted Noxious Week in Minnesota - may no longer be grown or sold in Minnesota except for the sterile 'Jefarb' (Green Spires®)",,,,,,,,,,,,,,,,,,,,,,,2,,,,,,,,,,,,,,,,,,,
,,,,,,,,Caragana arborescens,,,,"Siberian Peashrub - 'Walker', 'Pendula', 'Green Spires', 'Sutherland'",,,,,,,,,,,,,,,,,,,,,,,2,,,,,,,,,,,,,,,,,,,
,,,,,,,,Caragana frutex,,,,Glove Peashrub aka 'Globosa',,,,,,,,,,,,,,,,,,,,,,,2,,,,,,,,,,,,,,,,,,,
,,,,,,,,Comptonia peregrina,,,,Sweetfern,,,,,,,,,,,,,,,,,,,,,,,2,,,,,,,,,,,,,,,,,,,
,,,,,,,,Cornus alba,,,,First Editions® Neon Burst™ 'ByBoughen',,,,,,,,,,,,,,,,,,,,,,,2,,,,,,,,,,,,,,,,,,,
,,,,,,,,Cornus alba,,,,‘Prairie Fire’,,,,,,,,,,,,,,,,,,,,,,,2,,,,,,,,,,,,,,,,,,,
,,,,,,,,Cornus bailei,,,,Red Twig Dogwood,,,,,,,,,,,,,,,,,,,,,,,2,,,,,,,,,,,,,,,,,,,
,,,,,,,,Cornus sericea,,,,Cardinal' Red Osier Dogwood,,,,,,,,,,,,,,,,,,,,,,,2,,,,,,,,,,,,,,,,,,,
,,,,,,,,Cornus sericea,,,,Firedance™ aka 'Bailadeline' Dogwood,,,,,,,,,,,,,,,,,,,,,,,2,,,,,,,,,,,,,,,,,,,
,,,,,,,,Cornus sericea,,,,Dogwood - 'Flaviramea',,,,,,,,,,,,,,,,,,,,,,,2,,,,,,,,,,,,,,,,,,,
,,,,,,,,Cornus sericea,,,,Isanti Dogwood,,,,,,,,,,,,,,,,,,,,,,,2,,,,,,,,,,,,,,,,,,,
,,,,,,,,Cornus sericea,,,,Arctic Fire® Yellow,,,,,,,,,,,,,,,,,,,,,,,2,,,,,,,,,,,,,,,,,,,
,,,,,,,,Cotoneaster lucidus,,,,Hedge Cotoneaster,,,,,,,,,,,,,,,,,,,,,,,2,,,,,,,,,,,,,,,,,,,
,,,,,,,,Elaeagnus angustifolia,,,,Russian Olive,,,,,,,,,,,,,,,,,,,,,,,2,,,,,,,,,,,,,,,,,,,
,,,,,,,,Elaeagnus commutata,,,,Silverberry - 'Silverscape',,,,,,,,,,,,,,,,,,,,,,,2,,,,,,,,,,,,,,,,,,,
,,,,,,,,Fraxinus nigra,,,,Black Ash,,,,,,,,,,,,,,,,,,,,,,,2,,,,,,,,,,,,,,,,,,,
,,,,,,,,Fraxinus pennsylvanica,,,,Patmore',,,,,,,,,,,,,,,,,,,,,,,2,,,,,,,,,,,,,,,,,,,
,,,,,,,,Juglans cinerea,,,,Butternut,,,,,,,,,,,,,,,,,,,,,,,2,,,,,,,,,,,,,,,,,,,
,,,,,,,,Larix laricina,,,,American Larch,,,,,,,,,,,,,,,,,,,,,,,2,,,,,,,,,,,,,,,,,,,
,,,,,,,,Larix siberica,,,,Siberian Larch,,,,,,,,,,,,,,,,,,,,,,,2,,,,,,,,,,,,,,,,,,,
,,,,,,,,Malus,,,,"Crab Apple - 'Columbia', 'Dolgo', 'Hopa', 'Gladiator'™ aka 'Durleo', 'Kelsey', 'Morning Princess', 'Pink Spires', 'Selkirk'",,,,,,,,,,,,,,,,,,,,,,,2,,,,,,,,,,,,,,,,,,,
,,,,,,,,Malus,,,,Starlight™ - 'Jeflite',,,,,,,,,,,,,,,,,,,,,,,2,,,,,,,,,,,,,,,,,,,
,,,,,,,,Malus  x adstringens,,,,Gladiator’™ aka 'Durleo’,,,,,,,,,,,,,,,,,,,,,,,2,,,,,,,,,,,,,,,,,,,
,,,,,,,,Malus  x adstringens,,,,Emerald Spire®' aka 'Jefgreen',,,,,,,,,,,,,,,,,,,,,,,2,,,,,,,,,,,,,,,,,,,
,,,,,,,,Microbiota decussata,,,,Russian Cypress,,,,,,,,,,,,,,,,,,,,,,,2,,,,,,,,,,,,,,,,,,,
,,,,,,,,Physocarpus opulifolius,,,,Dart's Gold' Ninebark,,,,,,,,,,,,,,,,,,,,,,,2,,,,,,,,,,,,,,,,,,,
,,,,,,,,Physocarpus opulifolius,,,,Amber Jubilee™ aka 'Jeffcam' Ninebark,,,,,,,,,,,,,,,,,,,,,,,2,,,,,,,,,,,,,,,,,,,
,,,,,,,,Physocarpus opulifolius,,,,Dwarf Ninebark aka 'Nanus',,,,,,,,,,,,,,,,,,,,,,,2,,,,,,,,,,,,,,,,,,,
,,,,,,,,Picea abies,,,,Norway Spruce,,,,,,,,,,,,,,,,,,,,,,,2,,,,,,,,,,,,,,,,,,,
,,,,,,,,Picea engelmannii,,,,Engelmann Spruce,,,,,,,,,,,,,,,,,,,,,,,2,,,,,,,,,,,,,,,,,,,
,,,,,,,,Picea glauca,,,,Weeping White Spruce - 'Pendula',,,,,,,,,,,,,,,,,,,,,,,2,,,,,,,,,,,,,,,,,,,
,,,,,,,,Picea pungens,,,,Hoopsii',,,,,,,,,,,,,,,,,,,,,,,2,,,,,,,,,,,,,,,,,,,
,,,,,,,,Picea pungens,,,,Majestic Blue',,,,,,,,,,,,,,,,,,,,,,,2,,,,,,,,,,,,,,,,,,,
,,,,,,,,Picea pungens,,,,Colorado Spruce,,,,,,,,,,,,,,,,,,,,,,,2,,,,,,,,,,,,,,,,,,,
,,,,,,,,Picea pungens var. glauca,,,,Fastigiata' Spruce,,,,,,,,,,,,,,,,,,,,,,,2,,,,,,,,,,,,,,,,,,,
,,,,,,,,Pinus banksiana,,,,Jack Pine,,,,,,,,,,,,,,,,,,,,,,,2,,,,,,,,,,,,,,,,,,,
,,,,,,,,Pinus flexilis,,,,Limber Pine,,,,,,,,,,,,,,,,,,,,,,,2,,,,,,,,,,,,,,,,,,,
,,,,,,,,Pinus mugo,,,,Mugo Pine - 'Tannenbaum',,,,,,,,,,,,,,,,,,,,,,,2,,,,,,,,,,,,,,,,,,,
,,,,,,,,Pinus mugo pumilio,,,,Mugo Pine,,,,,,,,,,,,,,,,,,,,,,,2,,,,,,,,,,,,,,,,,,,
,,,,,,,,Pinus resinosa,,,,Red pine,,,,,,,,,,,,,,,,,,,,,,,2,,,,,,,,,,,,,,,,,,,
,,,,,,,,Pinus sylvestris,,,,Scotch Pine,,,,,,,,,,,,,,,,,,,,,,,2,,,,,,,,,,,,,,,,,,,
,,,,,,,,Populus balsamifera,,,,Balsam Poplar,,,,,,,,,,,,,,,,,,,,,,,2,,,,,,,,,,,,,,,,,,,
,,,,,,,,Populus grandidentata,,,,Bigtooth Aspen,,,,,,,,,,,,,,,,,,,,,,,2,,,,,,,,,,,,,,,,,,,
,,,,,,,,Populus nigra,,,,Theves Poplar - 'Afghanica',,,,,,,,,,,,,,,,,,,,,,,2,,,,,,,,,,,,,,,,,,,
,,,,,,,,Populus tremula,,,,Columnar Swedish Aspen - 'Erecta',,,,,,,,,,,,,,,,,,,,,,,2,,,,,,,,,,,,,,,,,,,
,,,,,,,,Populus tremuloides,,,,Quaking Aspen,,,,,,,,,,,,,,,,,,,,,,,2,,,,,,,,,,,,,,,,,,,
,,,,,,,,Potentilla fruiticosa,,,,"Potentilla - 'Abbotswood', 'Fargo' Dakota Sunspot®, 'Gold Drop', 'Goldfinger', 'UMan' Mango Tango™, 'McKay's White', 'Pink Beauty', 'Primrose Beauty', 'Setting Sun'",,,,,,,,,,,,,,,,,,,,,,,2,,,,,,,,,,,,,,,,,,,
,,,,,,,,Potentilla fruiticosa,,,,"Potentilla – Citrus
Tart™ aka'Bailcitrus’",,,,,,,,,,,,,,,,,,,,,,,2,,,,,,,,,,,,,,,,,,,
,,,,,,,,Potentilla fruiticosa,,,,"First Editions® Mandarin Tango™ Potentilla aka 'Jefman', First Editions® Marmalade™ Potentilla aka 'Jefmarm'",,,,,,,,,,,,,,,,,,,,,,,2,,,,,,,,,,,,,,,,,,,
,,,,,,,,Prunus maackii,,,,Amur Chokecherry - 'Jefspur' Goldspur Amur Chokecherry,,,,,,,,,,,,,,,,,,,,,,,2,,,,,,,,,,,,,,,,,,,
,,,,,,,,Prunus nigra,,,,Canada plum - 'Princess Kay',,,,,,,,,,,,,,,,,,,,,,,2,,,,,,,,,,,,,,,,,,,
,,,,,,,,Prunus tomentosa,,,,Nanking Cherry,,,,,,,,,,,,,,,,,,,,,,,2,,,,,,,,,,,,,,,,,,,
,,,,,,,,Prunus virginiana,,,,Canada Red Cherry - 'Shubert Select',,,,,,,,,,,,,,,,,,,,,,,2,,,,,,,,,,,,,,,,,,,
,,,,,,,,Prunus x nigrella,,,,Muckle Plum,,,,,,,,,,,,,,,,,,,,,,,2,,,,,,,,,,,,,,,,,,,
,,,,,,,,Rhamnus frangula,,,,"Fine Line Buckthorn - 'Ron Williams'
Restricted Noxious Weed in Minnesota - may not be grown or sold in Minnesota.",,,,,,,,,,,,,,,,,,,,,,,2,,,,,,,,,,,,,,,,,,,
,,,,,,,,Ribes alpinum,,,,Alpine Currant,,,,,,,,,,,,,,,,,,,,,,,2,,,,,,,,,,,,,,,,,,,
,,,,,,,,Ribes alpinum,,,,Alpine Currant - 'Green Mound',,,,,,,,,,,,,,,,,,,,,,,2,,,,,,,,,,,,,,,,,,,
,,,,,,,,Ribes aureum,,,,Yellow Flowering Currant,,,,,,,,,,,,,,,,,,,,,,,2,,,,,,,,,,,,,,,,,,,
,,,,,,,,Salix brachycarpa,,,,Blue Fox',,,,,,,,,,,,,,,,,,,,,,,2,,,,,,,,,,,,,,,,,,,
,,,,,,,,Salix candida,,,,"First Editions® Iceberg Alley™ Sageleaf Willow, aka 'Jefberg'",,,,,,,,,,,,,,,,,,,,,,,2,,,,,,,,,,,,,,,,,,,
,,,,,,,,Salix commutata,,,,Undergreen Willow,,,,,,,,,,,,,,,,,,,,,,,2,,,,,,,,,,,,,,,,,,,
,,,,,,,,Salix discolor,,,,Pussy Willow,,,,,,,,,,,,,,,,,,,,,,,2,,,,,,,,,,,,,,,,,,,
,,,,,,,,Salix discolor - Also listed in trees,,,,Pussy Willow,,,,,,,,,,,,,,,,,,,,,,,2,,,,,,,,,,,,,,,,,,,
,,,,,,,,Salix pentandra,,,,Laurel Willow - Prairie Reflection® aka 'Silver Lake',,,,,,,,,,,,,,,,,,,,,,,2,,,,,,,,,,,,,,,,,,,
,,,,,,,,Shepherdia argentea,,,,Silver Buffaloberry,,,,,,,,,,,,,,,,,,,,,,,2,,,,,,,,,,,,,,,,,,,
,,,,,,,,Sorbaria sorbifolia,,,,"Ash Leaf Spiraea, Ural False Spirea",,,,,,,,,,,,,,,,,,,,,,,2,,,,,,,,,,,,,,,,,,,
,,,,,,,,Sorbus aucuparia,,,,Cardinal Royal® aka 'Michred' Mountain Ash,,,,,,,,,,,,,,,,,,,,,,,2,,,,,,,,,,,,,,,,,,,
,,,,,,,,Sorbus decora,,,,Showy Mountain Ash,,,,,,,,,,,,,,,,,,,,,,,2,,,,,,,,,,,,,,,,,,,
,,,,,,,,Syringa,,,,"Minuet', 'Miss Canada'",,,,,,,,,,,,,,,,,,,,,,,2,,,,,,,,,,,,,,,,,,,
,,,,,,,,Syringa vulgaris,,,,Common Purple Lilac,,,,,,,,,,,,,,,,,,,,,,,2,,,,,,,,,,,,,,,,,,,
,,,,,,,,Syringa vulgaris,,,,"New Age White, aka 'G13103' PPAF",,,,,,,,,,,,,,,,,,,,,,,2,,,,,,,,,,,,,,,,,,,
,,,,,,,,Syringa x,,,,Little Lady™ aka 'Jeflady',,,,,,,,,,,,,,,,,,,,,,,2,,,,,,,,,,,,,,,,,,,
,,,,,,,,Syringa x hyacinthiflora,,,,"Hyacinth Lilac - 'Asessippi', 'Mount Baker', 'Pocahontas'",,,,,,,,,,,,,,,,,,,,,,,2,,,,,,,,,,,,,,,,,,,
,,,,,,,,Syringa x prestoniae,,,,"Donald Wyman', 'James Macfarlane'",,,,,,,,,,,,,,,,,,,,,,,2,,,,,,,,,,,,,,,,,,,
,,,,,,,,Tamarix ramosissima,,,,Summer Glow Tamarisk,,,,,,,,,,,,,,,,,,,,,,,2,,,,,,,,,,,,,,,,,,,
,,,,,,,,Tilia x mongolica,,,,Harvest Gold Linden,,,,,,,,,,,,,,,,,,,,,,,2,,,,,,,,,,,,,,,,,,,
,,,,,,,,Viburnum lentago,,,,Nannyberry Viburnum,,,,,,,,,,,,,,,,,,,,,,,2,,,,,,,,,,,,,,,,,,,
,,,,,,,,Viburnum trilobum,,,,"American Cranberrybush Viburnum - 'Alfredo', 'Bailey Compact', Redwing® aka 'JN Select', 'Wentworth'",,,,,,,,,,,,,,,,,,,,,,,2,,,,,,,,,,,,,,,,,,,
,,,,,,,,Viburnum trilobum,,,,Redwing® aka 'J.N. Select' Cranberry Bush - Tree Form,,,,,,,,,,,,,,,,,,,,,,,2,,,,,,,,,,,,,,,,,,,
,,,Adoxaceae,viburnum,,dentatum,,viburnum dentatum,,,,"viburnum, arrowwood",Least concern,,,,,,,,,,"FAC (Eastern Mountains and Piedmont), FAC (Great Plains), FAC (Midwest), FAC (Northcentral & Northeast), FAC (Atlantic and Gulf Coastal Plain), FACU (Atlantic and Gulf Coastal Plain / Western Gulf Coast)",sun,,,,,,,,,,,3,,high,,,,,,,,,,,70,,,,,,21
,,,Betulaceae,betula,,lenta,,betula lenta,,,,"birch, sweet",Least concern,,,,,L,55,45,,,"FACU (Atlantic and Gulf Coastal Plain), FACU (Eastern Mountains and Piedmont), FACU (Midwest), FACU (Northcentral & Northeast)",sun/partial,"deep, moist, slightly acid, well-drained soils (Dirr)",,,,,,,,4.8,6.8,3,N,M,,,,yellow,,lSp,,,Resistance to verticillium wilt,,60,,HIGH,"WB,WM","Buds, catkins and seeds eatern by grouse, seeds eaten by chickadee, redpoll, pine siskin, goldfinch, Bark eaten by porcupine, beaver, rabbit, Browsed by deer and moose.",,67
,,,Sapindaceae,acer,,platanoides,,Acer platanoides,,,,"maple, Norway",,,tree,1,fast,,50,40,deciduous,,,,,,,,,,,,,,3,high,,,,green,yellow,yellow,early spring,,,,,,,,,,,
,,,Sapindaceae,acer,,rubrum,,acer rubrum,,,armstrong,"maple, red",Least concern,,,,,,60,40,deciduous,,,,,,,,,,,,6,7.5,3,,,,,green,red,,,,smooth gray bark,,,70,,,,,,515
*,,,Sapindaceae,acer,,saccharum,,acer saccharum,,,,"maple, sugar",Least concern,eastern Canda to Georgia,"upright, rounded tree",1,,,75,50,deciduous,,,,"well-drained, moist, acid soils (Dirr)",,,,,,,,6,7.5,3,,,,,,red,greenish yellow,early spring,,,,,90,,,,,,262
,,,Sapindaceae,acer,,tataricum,,acer tataricum subsp. ginnala,,,,"maple, tatarian",Least concern,"central to northeastern China, Japan","small, rounded tree",multiple,,,18,15,,,,,tolerant to alkaline soils,,,,,,,,6,7.5,3,,moderate,,,,,white,early spring,,smooth gray,,,70,,,,,,2
,,,Sapindaceae,aesculus,,glabra,,aesculus glabra,,,,"buckeye, ohio",Least concern,,,,,,,,,,,,,,,,,,,,,,3,,,,,,,,,,,,,80,,,,,,
,,,,,,,,Acer pensylvanicum,,,,,,,"upright, rounded",,s,s,30,30,D,understory species,FACU,part shade,,,,,,,,,,,3,,,,,,,,,,snakebark,,,,,MOD,"DB,WB,WM","Seeds eaten by evening and pine grosbeak, purple finch, rb nuthatch, turkey, grouse, squirrels, chipmunk, and mice. Bark, leaves, twigs, and branches eaten by beaver, porcupine. Browsed by deer (preferred), moose (preferred and often ""bark stripped"") and hare.",,
,,,,,,,,Acer pseudosieboldianum,,,,Korean Maple,,,,,,,25,25,deciduous,,,,,,,,,,,,,,3,,,,,,red,,,,,,,,,,,,,
,,,,,,,,Acer ginnala,,,,Amur Maple - 'Embers',,,,,,,,,,,,,,,,,,,,,,,3,,,,,,,,,,,,,,,,,,,
,,,,,,,,Acer x freemanii,,,,Freeman Maple - 'Sienna Glen'®,,,,,,,,,,,,,,,,,,,,,,,3,,,,,,,,,,,,,,,,,,,
,,,,,,,,Acer x pseudosieboldianum,,,,Northern Spotlight® aka ‘KorDak’,,,,,,,,,,,,,,,,,,,,,,,3,,,,,,,,,,,,,,,,,,,
,,,,,,,,Aesculus x,,,,"Painted Buckeye 'Autumn Splendor', 'Homestead', 'Bergeson' (Prairie Torch)",,,,,,,,,,,,,,,,,,,,,,,3,,,,,,,,,,,,,,,,,,,
,,,,,,,,Amelanchier x grandiflora,,,,"Serviceberry - 'Autumn Brilliance', 'Princess Diana', 'Cole's Select'",,,,,,,,,,,,,,,,,,,,,,,3,,,,,,,,,,,,,,,,,,,
,,,,,,,,Andromeda polifolia,,,,Bog Rosemary - 'Nana',,,,,,,,,,,,,,,,,,,,,,,3,,,,,,,,,,,,,,,,,,,
,,,,,,,,Arctostaphylos uva-ursi,,,,Bearberry - 'Massachusetts',,,,,,,,,,,,,,,,,,,,,,,3,,,,,,,,,,,,,,,,,,,
,,,,,,,,Aronia melanocarpa,,,,"Black Chokeberry - 'Autumn Magic', 'Glossy Black' 3/4/14 BNI (Z3) 'Morton' Iroquois Beauty™ 3/6/14 CG (Z3)",,,,,,,,,,,,,,,,,,,,,,,3,,,,,,,,,,,,,,,,,,,
,,,,,,,,Aronia melanocarpa,,,,"Low Scape™ Mound Black Chokeberry'UCONNAM165' PPAF, Low Scape™ Hedger Black Chokeberry 'UCONNAM166' PPAF",,,,,,,,,,,,,,,,,,,,,,,3,,,,,,,,,,,,,,,,,,,
,,,,,,,,Aronia melanocarpa,,,,Ground Hug™ aka'UCONNAM012',,,,,,,,,,,,,,,,,,,,,,,3,,,,,,,,,,,,,,,,,,,
,,,,,,,,Aronia melanocarpa,,,,Chokeberry - Autumn Magic Black - tree form,,,,,,,,,,,,,,,,,,,,,,,3,,,,,,,,,,,,,,,,,,,
,,,,,,,,Caragana pygmaea,,,,Pygmy Peashrub,,,,,,,,,,,,,,,,,,,,,,,3,,,,,,,,,,,,,,,,,,,
,,,,,,,,Carpinus caroliniana,,,,FirespireTM aka ‘J.N. Upright’,,,,,,,,,,,,,,,,,,,,,,,3,,,,,,,,,,,,,,,,,,,
,,,,,,,,Carpinus caroliniana,,,,Blue Beech or American Hornbeam,,,,,,,,,,,,,,,,,,,,,,,3,,,,,,,,,,,,,,,,,,,
,,,,,,,,Ceanothus americanus,,,,New Jersey Tea,,,,,,,,,,,,,,,,,,,,,,,3,,,,,,,,,,,,,,,,,,,
,,,,,,,,Cornus alba,,,,"Dogwood - 'Argenteo-marginata', 'Minbat', 'Buds Yellow', 'Bailhalo', 'Elegantissima', 'Sibirica'",,,,,,,,,,,,,,,,,,,,,,,3,,,,,,,,,,,,,,,,,,,
,,,,,,,,Cornus alternifolia,,,,Pagoda Dogwood - Golden Shadows®,,,,,,,,,,,,,,,,,,,,,,,3,,,,,,,,,,,,,,,,,,,
,,,,,,,,Cornus alternifolia,,,,"Pagoda Dogwood - Pagoda Dogwood, aka ‘W. Stackman’ PP11.287",,,,,,,,,,,,,,,,,,,,,,,3,,,,,,,,,,,,,,,,,,,
,,,,,,,,Cornus racemosa,,,,Gray Dogwood,,,,,,,,,,,,,,,,,,,,,,,3,,,,,,,,,,,,,,,,,,,
,,,,,,,,Cornus sericea,,,,Alleman's Compact Dogwood,,,,,,,,,,,,,,,,,,,,,,,3,,,,,,,,,,,,,,,,,,,
,,,,,,,,Cornus sericea,,,,Silver and Gold Dogwood,,,,,,,,,,,,,,,,,,,,,,,3,,,,,,,,,,,,,,,,,,,
,,,,,,,,Cornus sericea (stolonifera),,,,Arctic Fire™ aka 'Farrow' Dogwood,,,,,,,,,,,,,,,,,,,,,,,3,,,,,,,,,,,,,,,,,,,
,,,,,,,,Corylus americana,,,,American Hazelnut - 'Purpleleaf Bailey Select',,,,,,,,,,,,,,,,,,,,,,,3,,,,,,,,,,,,,,,,,,,
,,,,,,,,Crataegus x mordenensis,,,,"Hawthorn - 'Snowbird', 'Toba'",,,,,,,,,,,,,,,,,,,,,,,3,,,,,,,,,,,,,,,,,,,
,,,,,,,,Dierivilia lonicera,,,,Dwarf Bush Honeysuckle,,,,,,,,,,,,,,,,,,,,,,,3,,,,,,,,,,,,,,,,,,,
,,,,,,,,Dirca palustris,,,,Leatherwood,,,,,,,,,,,,,,,,,,,,,,,3,,,,,,,,,,,,,,,,,,,
,,,,,,,,Euonymus alatus,,,,"Winged Burning Bush
Specially Regulated Plant in Minnesota (3-year phase-out period) and will become a Restricted Noxious Weed in 2023.",,,,,,,,,,,,,,,,,,,,,,,3,,,,,,,,,,,,,,,,,,,
,,,,,,,,Euonymus bungeana,,,,"Winterberry Euonymus - 'Prairie Radiance', 'Verona'",,,,,,,,,,,,,,,,,,,,,,,3,,,,,,,,,,,,,,,,,,,
*,,,,,,,,Exochorda x macrantha,,,,Pearlbush - 'Bailmoon' aka Lotus Moon™,,,,,,,,,,,,,,,,,,,,,,,3,,,,,,,,,,,,,,,,,,,
,,,,,,,,Forsythia,,,,"Meadowlark', 'Northern Gold'",,,,,,,,,,,,,,,,,,,,,,,3,,,,,,,,,,,,,,,,,,,
,,,,,,,,Fraxinus mandshurica,,,,Mancana Ash,,,,,,,,,,,,,,,,,,,,,,,3,,,,,,,,,,,,,,,,,,,
,,,,,,,,Fraxinus nigra,,,,Fallgold Ash,,,,,,,,,,,,,,,,,,,,,,,3,,,,,,,,,,,,,,,,,,,
,,,,,,,,Gaultheria procumbens,,,,Wintergreen,,,,,,,,,,,,,,,,,,,,,,,3,,,,,,,,,,,,,,,,,,,
,,,,,,,,Gleditsia triacanthos var. inermis,,,,Honeylocust - 'Northern Acclaim®',,,,,,,,,,,,,,,,,,,,,,,3,,,,,,,,,,,,,,,,,,,
,,,,,,,,Hamamelis virginiana,,,,Witch Hazel,,,,,,,,,,,,,,,,,,,,,,,3,,,,,,,,,,,,,,,,,,,
,,,,,,,,Hydrangea arborescens,,,,Invincibelle Spirit',,,,,,,,,,,,,,,,,,,,,,,3,,,,,,,,,,,,,,,,,,,
,,,,,,,,Hydrangea arborescens,,,,"Invincibelle Limetta™, Hydrangea Invincibelle Mini Mauvette™ Hydrangea, Invincibelle® Wee White™ Hydrangea",,,,,,,,,,,,,,,,,,,,,,,3,,,,,,,,,,,,,,,,,,,
,,,,,,,,Hydrangea arborescens,,,,"Incrediball® aka 'Abetwo','Incrediball Blush'",,,,,,,,,,,,,,,,,,,,,,,3,,,,,,,,,,,,,,,,,,,
,,,,,,,,Hydrangea paniculata,,,,"Hydrangea - First Editions® Great Star aka 'Le Vasterival', First Editions® Tickled Pink® aka 'HYPMADII', First Editions® Strawberry Sundae aka 'Rensun', First Editions® Vanilla Strawberry™ aka 'Renhy', First Editions® White Diamonds® aka 'HYPMADI', First Edditions® Pinky Winky™ aka 'DVPinky', Quick Fire® aka 'Bulk', First Editions® Berry White™ aka 'Renba'
Proven Winners® Zinfin Doll® aka 'SMNHPRZEP'",,,,,,,,,,,,,,,,,,,,,,,3,,,,,,,,,,,,,,,,,,,
,,,,,,,,Hydrangea paniculata,,,,Limelight Prime® aka 'SMNHPPH',,,,,,,,,,,,,,,,,,,,,,,3,,,,,,,,,,,,,,,,,,,
,,,,,,,,Hydrangea paniculata,,,,Little Hottie® aka 'Bailpanone',,,,,,,,,,,,,,,,,,,,,,,3,,,,,,,,,,,,,,,,,,,
,,,,,,,,Hydrangea paniculata,,,,First Editions® Berry White®,,,,,,,,,,,,,,,,,,,,,,,3,,,,,,,,,,,,,,,,,,,
,,,,,,,,Hydrangea paniculata,,,,Pink Diamond',,,,,,,,,,,,,,,,,,,,,,,3,,,,,,,,,,,,,,,,,,,
,,,,,,,,Hydrangea paniculata,,,,Diamond Rouge® Panicle Hydrangea,,,,,,,,,,,,,,,,,,,,,,,3,,,,,,,,,,,,,,,,,,,
,,,,,,,,Hydrangea paniculata,,,,Phantom',,,,,,,,,,,,,,,,,,,,,,,3,,,,,,,,,,,,,,,,,,,
,,,,,,,,Hydrangea paniculata,,,,"Hydrangea - 'ILVOBO' Bobo™, 'Limelight', 'Little Lamb', 'Jane' aka 'Little Lime', 'Grandiflora', 'Pink Diamond', 'Tardiva'",,,,,,,,,,,,,,,,,,,,,,,3,,,,,,,,,,,,,,,,,,,
,,,,,,,,Hydrangea paniculata,,,,Limelight Hydrangea - Tree Form,,,,,,,,,,,,,,,,,,,,,,,3,,,,,,,,,,,,,,,,,,,
,,,,,,,,Ilex verticillata,,,,Winterberry (native) - Most cultivars are zone 4,,,,,,,,,,,,,,,,,,,,,,,3,,,,,,,,,,,,,,,,,,,
,,,,,,,,Juniperus chinensis,,,,Juniper - 'Maneyi',,,,,,,,,,,,,,,,,,,,,,,3,,,,,,,,,,,,,,,,,,,
,,,,,,,,Juniperus horizontalis,,,,"Compact Juniper - 'Andorra', 'Compacta', 'Blue Chip', 'Blue Prince', 'Hughes', 'Prince of Wales', 'Wiltoni'",,,,,,,,,,,,,,,,,,,,,,,3,,,,,,,,,,,,,,,,,,,
,,,,,,,,Juniperus sabina,,,,"Arcadia', 'Broadmoor', 'Savin', 'Buffalo', 'Sierra Spreader'",,,,,,,,,,,,,,,,,,,,,,,3,,,,,,,,,,,,,,,,,,,
,,,,,,,,Juniperus scopulorum,,,,"Rocky Mountian Juniper - 'Cologreen', 'Medora', Sky High™ aka 'Bailigh', 'Welchi', 'Wichita Blue' Juniper",,,,,,,,,,,,,,,,,,,,,,,3,,,,,,,,,,,,,,,,,,,
,,,,,,,,Juniperus virginiana,,,,Taylor',,,,,,,,,,,,,,,,,,,,,,,3,,,,,,,,,,,,,,,,,,,
,,,,,,,,Juniperus virginiana,,,,Eastern Red Cedar,,,,,,,,,,,,,,,,,,,,,,,3,,,,,,,,,,,,,,,,,,,
,,,,,,,,Juniperus x,,,,Juniper - Star Power™ aka 'J.N. Select Blue',,,,,,,,,,,,,,,,,,,,,,,3,,,,,,,,,,,,,,,,,,,
,,,,,,,,Lonicera tatarica,,,,"Arnold Red Honeysuckle
Restricted Noxious Weed in Minnesota - may not be grown or sold in Minnesota.",,,,,,,,,,,,,,,,,,,,,,,3,,,,,,,,,,,,,,,,,,,
,,,,,,,,Lonicera x xylosteoides,,,,Miniglobe Honeysuckle,,,,,,,,,,,,,,,,,,,,,,,3,,,,,,,,,,,,,,,,,,,
,,,,,,,,Lonicera xylosteum,,,,Clavey's Dwarf Honeysuckle,,,,,,,,,,,,,,,,,,,,,,,3,,,,,,,,,,,,,,,,,,,
,,,,,,,,Maackia amurensis,,,,Maakia - 'Summertime™'. 'Starburst',,,,,,,,,,,,,,,,,,,,,,,3,,,,,,,,,,,,,,,,,,,
,,,,,,,,Magnolia x,,,,Betty',,,,,,,,,,,,,,,,,,,,,,,3,,,,,,,,,,,,,,,,,,,
,,,,,,,,"Malus Flowering Crabapple, Fruiting Apples listed under FRUIT",,,,"Crab Apple - 'Centennial', 'Centurion', 'Chestnut Crab', 'Coralcole' aka Coralburst®, 'Molten Lava', 'Radiant', 'Red Splendor', 'Royal Beauty', 'Royalty', 'Snowdrift', 'Spring Bride', 'Thunderchild', 'Whitney'",,,,,,,,,,,,,,,,,,,,,,,3,,,,,,,,,,,,,,,,,,,
,,,,,,,,Malus ioensis,,,,Prairie Crab Apple,,,,,,,,,,,,,,,,,,,,,,,3,,,,,,,,,,,,,,,,,,,
,,,,,,,,Ostrya virginiana,,,,Ironwood,,,,,,,,,,,,,,,,,,,,,,,3,,,,,,,,,,,,,,,,,,,
,,,,,,,,Phellodendron amurense,,,,Amur Corktree,,,,,,,,,,,,,,,,,,,,,,,3,,,,,,,,,,,,,,,,,,,
,,,,,,,,Philidelphus lewisii,,,,Blizzard Mockorange,,,,,,,,,,,,,,,,,,,,,,,3,,,,,,,,,,,,,,,,,,,
,,,,,,,,Physocarpus opulifoilius,,,,"Tree Form Ninebark - 'Seward', 'Summer Wine™'",,,,,,,,,,,,,,,,,,,,,,,3,,,,,,,,,,,,,,,,,,,
,,,,,,,,Physocarpus opulifolius,,,,Centerglow Ninebark,,,,,,,,,,,,,,,,,,,,,,,3,,,,,,,,,,,,,,,,,,,
,,,,,,,,Physocarpus opulifolius,,,,Fireside™ aka 'UMNHarpell',,,,,,,,,,,,,,,,,,,,,,,3,,,,,,,,,,,,,,,,,,,
,,,,,,,,Physocarpus opulifolius,,,,Diabolo® aka 'Monlo' Ninebark,,,,,,,,,,,,,,,,,,,,,,,3,,,,,,,,,,,,,,,,,,,
,,,,,,,,Physocarpus opulifolius,,,,Little Devil™ aka 'Donna May' Ninebark,,,,,,,,,,,,,,,,,,,,,,,3,,,,,,,,,,,,,,,,,,,
,,,,,,,,Physocarpus opulifolius,,,,Summer Wine® aka 'Seward' Ninebark,,,,,,,,,,,,,,,,,,,,,,,3,,,,,,,,,,,,,,,,,,,
,,,,,,,,Physocarpus opulifolius,,,,"Tree Form Ninebark - 'Center Glow' PP16,894",,,,,,,,,,,,,,,,,,,,,,,3,,,,,,,,,,,,,,,,,,,
,,,,,,,,Physocarpus opulifolius,,,,"Tree Form Ninebark - 'Monlo', 'Diablolo®'",,,,,,,,,,,,,,,,,,,,,,,3,,,,,,,,,,,,,,,,,,,
,,,,,,,,Picea abies,,,,"Bird’s Nest Spruce, ‘Nidiformis’",,,,,,,,,,,,,,,,,,,,,,,3,,,,,,,,,,,,,,,,,,,
,,,,,,,,Picea abies,,,,"Dwarf Norway Spruce, ‘Pumila’",,,,,,,,,,,,,,,,,,,,,,,3,,,,,,,,,,,,,,,,,,,
,,,,,,,,Picea abies,,,,Weeping Norway Spruce - ‘Pendula’,,,,,,,,,,,,,,,,,,,,,,,3,,,,,,,,,,,,,,,,,,,
,,,,,,,,Picea abies,,,,"Bird's Nest Spruce, 'Nidiformis'",,,,,,,,,,,,,,,,,,,,,,,3,,,,,,,,,,,,,,,,,,,
,,,,,,,,Picea abies,,,,"Dwarf Norway Spruce, 'Pumila'",,,,,,,,,,,,,,,,,,,,,,,3,,,,,,,,,,,,,,,,,,,
,,,,,,,,Picea abies,,,,Weeping Norway Spruce - 'Pendula',,,,,,,,,,,,,,,,,,,,,,,3,,,,,,,,,,,,,,,,,,,
,,,,,,,,Picea glauca,,,,Montrose Spire',,,,,,,,,,,,,,,,,,,,,,,3,,,,,,,,,,,,,,,,,,,
,,,,,,,,Picea glauca var. densata,,,,Black Hills Spruce (seed source),,,,,,,,,,,,,,,,,,,,,,,3,,,,,,,,,,,,,,,,,,,
,,,,,,,,Picea mariana,,,,Black Spruce,,,,,,,,,,,,,,,,,,,,,,,3,,,,,,,,,,,,,,,,,,,
,,,,,,,,Picea pungens,,,,Baby Blue',,,,,,,,,,,,,,,,,,,,,,,3,,,,,,,,,,,,,,,,,,,
,,,,,,,,Picea pungens,,,,"Colorado Spruce - 'Glauca Globosa', 'Fat Albert', Slenderina® aka 'Glauca Slenderina Pendula'",,,,,,,,,,,,,,,,,,,,,,,3,,,,,,,,,,,,,,,,,,,
,,,,,,,,Pinus cembra,,,,Swiss Stone Pine - 'Herman' (Prairie Statesman),,,,,,,,,,,,,,,,,,,,,,,3,,,,,,,,,,,,,,,,,,,
,,,,,,,,Pinus ponderosa,,,,Ponderosa Pine,,,,,,,,,,,,,,,,,,,,,,,3,,,,,,,,,,,,,,,,,,,
,,,,,,,,Pinus strobus,,,,"Eastern White Pine - 'Blue Shag', 'Fastigiata', 'Paton's Silver Splendor', 'Pendula'",,,,,,,,,,,,,,,,,,,,,,,3,,,,,,,,,,,,,,,,,,,
,,,,,,,,Pinus strobus,,,,"Horsford' aka 'Horsford Dwarf', 'Horsford Nana'",,,,,,,,,,,,,,,,,,,,,,,3,,,,,,,,,,,,,,,,,,,
,,,,,,,,Pinus uncinata,,,,Mountian Pine,,,,,,,,,,,,,,,,,,,,,,,3,,,,,,,,,,,,,,,,,,,
,,,,,,,,Populus angustifolia,,,,Narrowleaf Poplar,,,,,,,,,,,,,,,,,,,,,,,3,,,,,,,,,,,,,,,,,,,
,,,,,,,,Populus deltoides,,,,Highland',,,,,,,,,,,,,,,,,,,,,,,3,,,,,,,,,,,,,,,,,,,
,,,,,,,,Populus deltoides,,,,Siouxland',,,,,,,,,,,,,,,,,,,,,,,3,,,,,,,,,,,,,,,,,,,
,,,,,,,,Populus deltoides,,,,Eastern Cottonwood,,,,,,,,,,,,,,,,,,,,,,,3,,,,,,,,,,,,,,,,,,,
,,,,,,,,Populus tremuloides,,,,"Mountian Sentinel®, Summer Shimmer aka 'Select Klaus'",,,,,,,,,,,,,,,,,,,,,,,3,,,,,,,,,,,,,,,,,,,
,,,,,,,,Populus x acuminata,,,,Lanceleaf Poplar,,,,,,,,,,,,,,,,,,,,,,,3,,,,,,,,,,,,,,,,,,,
,,,,,,,,Populus x canadensis,,,,Poplar - 'Robusta',,,,,,,,,,,,,,,,,,,,,,,3,,,,,,,,,,,,,,,,,,,
,,,,,,,,Populus x canescens,,,,Poplar - 'Tower',,,,,,,,,,,,,,,,,,,,,,,3,,,,,,,,,,,,,,,,,,,
,,,,,,,,Prunus americana,,,,American Wild Plum,,,,,,,,,,,,,,,,,,,,,,,3,,,,,,,,,,,,,,,,,,,
,,,,,,,,Prunus besseyi,,,,Pawnee Buttes',,,,,,,,,,,,,,,,,,,,,,,3,,,,,,,,,,,,,,,,,,,
,,,,,,,,Prunus besseyi,,,,Western Sand Cherry,,,,,,,,,,,,,,,,,,,,,,,3,,,,,,,,,,,,,,,,,,,
,,,,,,,,Prunus besseyi,,,,Western Sand Cherry - 'Pawnee Buttes',,,,,,,,,,,,,,,,,,,,,,,3,,,,,,,,,,,,,,,,,,,
,,,,,,,,Prunus maritima,,,,Beach Plum,,,,,,,,,,,,,,,,,,,,,,,3,,,,,,,,,,,,,,,,,,,
,,,,,,,,Prunus padus,,,,May Day Tree - 'Berg Redleaf',,,,,,,,,,,,,,,,,,,,,,,3,,,,,,,,,,,,,,,,,,,
,,,,,,,,Prunus pensylvanica,,,,Pin Cherry,,,,,,,,,,,,,,,,,,,,,,,3,,,,,,,,,,,,,,,,,,,
,,,,,,,,Prunus pumila,,,,Jade Parade® aka 'UCONNPP0002',,,,,,,,,,,,,,,,,,,,,,,3,,,,,,,,,,,,,,,,,,,
,,,,,,,,Prunus sargentii,,,,Pink Flair® 'JFS-Kw58',,,,,,,,,,,,,,,,,,,,,,,3,,,,,,,,,,,,,,,,,,,
,,,,,,,,Prunus serotina,,,,Wild Black Cherry,,,,,,,,,,,,,,,,,,,,,,,3,,,,,,,,,,,,,,,,,,,
,,,,,,,,Prunus triloba,,,,Double Flowering Plum,,,,,,,,,,,,,,,,,,,,,,,3,,,,,,,,,,,,,,,,,,,
,,,,,,,,Prunus virginiana,,,,Chokecherry,,,,,,,,,,,,,,,,,,,,,,,3,,,,,,,,,,,,,,,,,,,
,,,,,,,,Prunus virginiana,,,,Sucker Punch® Chokecherry 'P002S',,,,,,,,,,,,,,,,,,,,,,,3,,,,,,,,,,,,,,,,,,,
,,,,,,,,Prunus x cistena,,,,Purpleleaf Sand Cherry,,,,,,,,,,,,,,,,,,,,,,,3,,,,,,,,,,,,,,,,,,,
,,,,,,,,Pyrus ussuriensis,,,,"Ussurian Pear - 'Bailfrost', 'Prairie Gem'",,,,,,,,,,,,,,,,,,,,,,,3,,,,,,,,,,,,,,,,,,,
,,,,,,,,Quercus alba,,,,White oak,,,,,,,,,,,,,,,,,,,,,,,3,,,,,,,,,,,,,,,,,,,
,,,,,,,,Quercus ellipsoidalis,,,,Northern Pin Oak - Majestic Skies™ aka 'Bailskies',,,,,,,,,,,,,,,,,,,,,,,3,,,,,,,,,,,,,,,,,,,
,,,,,,,,Quercus macrocarpa,,,,Bur Oak,,,,,,,,,,,,,,,,,,,,,,,3,,,,,,,,,,,,,,,,,,,
,,,,,,,,Quercus macrocarpa,,,,Urban Pinnicle® 'JFS-KW3',,,,,,,,,,,,,,,,,,,,,,,3,,,,,,,,,,,,,,,,,,,
,,,,,,,,Quercus rubra,,,,Northern Red Oak,,,,,,,,,,,,,,,,,,,,,,,3,,,,,,,,,,,,,,,,,,,
,,,,,,,,Quercus x bimundorum,,,,Prairie Stature Oak - 'Midwest',,,,,,,,,,,,,,,,,,,,,,,3,,,,,,,,,,,,,,,,,,,
,,,,,,,,Rhamnus frangula,,,,"Tallhedge Buckthorn
Restricted Noxious Weed in Minnesota - may not be grown or sold in Minnesota.",,,,,,,,,,,,,,,,,,,,,,,3,,,,,,,,,,,,,,,,,,,
,,,,,,,,Rhus aromatica,,,,Fragrant Sumac,,,,,,,,,,,,,,,,,,,,,,,3,,,,,,,,,,,,,,,,,,,
,,,,,,,,Rhus aromatica,,,,Fragrant Sumac - 'Gro-low',,,,,,,,,,,,,,,,,,,,,,,3,,,,,,,,,,,,,,,,,,,
,,,,,,,,Rhus aromatica,,,,"Lacette™ Fragrant Sumac, aka 'Fine Texture Compact Select A'",,,,,,,,,,,,,,,,,,,,,,,3,,,,,,,,,,,,,,,,,,,
,,,,,,,,Rhus typhina,,,,"Staghorn Sumac, Cutleaf Staghorn Sumac 'Laciniata'",,,,,,,,,,,,,,,,,,,,,,,3,,,,,,,,,,,,,,,,,,,
,,,,,,,,Ribes americanum,,,,American Black Currant,,,,,,,,,,,,,,,,,,,,,,,3,,,,,,,,,,,,,,,,,,,
,,,,,,,,Robinia pseudoacacia (CANNOT BE SOLD IN MINNESOTA),,,,Black Locust - 'Purple Robe' Locust,,,,,,,,,,,,,,,,,,,,,,,3,,,,,,,,,,,,,,,,,,,
,,,,,,,,Salix,,,,Prairie Cascade',,,,,,,,,,,,,,,,,,,,,,,3,,,,,,,,,,,,,,,,,,,
,,,,,,,,Salix - Also listed in trees,,,,Flame Willow,,,,,,,,,,,,,,,,,,,,,,,3,,,,,,,,,,,,,,,,,,,
,,,,,,,,Salix arbuscula,,,,Mountain Willow,,,,,,,,,,,,,,,,,,,,,,,3,,,,,,,,,,,,,,,,,,,
,,,,,,,,Salix nigra,,,,Black Willow,,,,,,,,,,,,,,,,,,,,,,,3,,,,,,,,,,,,,,,,,,,
,,,,,,,,Salix purpurea,,,,Dwarf Blue Leaf Arctic Willow - 'Nana' - Tree Form,,,,,,,,,,,,,,,,,,,,,,,3,,,,,,,,,,,,,,,,,,,
,,,,,,,,Sambucus canadensis,,,,"Elderberry - 'Adams', 'York'",,,,,,,,,,,,,,,,,,,,,,,3,,,,,,,,,,,,,,,,,,,
,,,,,,,,Sambucus nigra,,,,"Black Tower', 'Golden Glow'",,,,,,,,,,,,,,,,,,,,,,,3,,,,,,,,,,,,,,,,,,,
,,,,,,,,Sambucus racemosa,,,,Red Elderberry Lemony Lace™ 'SMNSRD4',,,,,,,,,,,,,,,,,,,,,,,3,,,,,,,,,,,,,,,,,,,
,,,,,,,,Sorbaria sorbifolia,,,,Sem Ash Leaf Spirea,,,,,,,,,,,,,,,,,,,,,,,3,,,,,,,,,,,,,,,,,,,
,,,,,,,,Sorbaria sorbifolia,,,,"First Editions® Matcha Ball™ False Spirea, aka 'Levgreen'",,,,,,,,,,,,,,,,,,,,,,,3,,,,,,,,,,,,,,,,,,,
,,,,,,,,Sorbus aucuparia,,,,European Mountain Ash,,,,,,,,,,,,,,,,,,,,,,,3,,,,,,,,,,,,,,,,,,,
,,,,,,,,Spiraea,,,,First Editions® Sundrop™ Spirea aka 'Bailcarol',,,,,,,,,,,,,,,,,,,,,,,3,,,,,,,,,,,,,,,,,,,
,,,,,,,,Spiraea albiflora,,,,Japanese White Spiraea,,,,,,,,,,,,,,,,,,,,,,,3,,,,,,,,,,,,,,,,,,,
,,,,,,,,Spiraea betulifolia,,,,"Birchleaf Spiraea - Glow Girl™ aka, 'Tor Gold', 'Tor'",,,,,,,,,,,,,,,,,,,,,,,3,,,,,,,,,,,,,,,,,,,
,,,,,,,,Spiraea fritschiana,,,,Fritsch Spiraea,,,,,,,,,,,,,,,,,,,,,,,3,,,,,,,,,,,,,,,,,,,
,,,,,,,,Spiraea fritschiana,,,,Spot On™ aka 'JN Select J',,,,,,,,,,,,,,,,,,,,,,,3,,,,,,,,,,,,,,,,,,,
,,,,,,,,Spiraea japonica,,,,"Japanese Spiraea - 'Goldmound', 'Daphne', 'Little Princess', 'Magic Carpet', 'Mertyann' Dakota Goldcharm®, 'Sparkling Carpet', 'Fairy Queen'",,,,,,,,,,,,,,,,,,,,,,,3,,,,,,,,,,,,,,,,,,,
,,,,,,,,Spiraea japonica,,,,Little Spark™ aka 'Minspil04',,,,,,,,,,,,,,,,,,,,,,,3,,,,,,,,,,,,,,,,,,,
,,,,,,,,Spiraea x bumalda,,,,"Hybrid Spiraea - Superstar™ aka 'Denistar', 'Froebelii', 'Goldflame', 'Gumball'",,,,,,,,,,,,,,,,,,,,,,,3,,,,,,,,,,,,,,,,,,,
,,,,,,,,Spiraea x vanhouttei,,,,Renaissance',,,,,,,,,,,,,,,,,,,,,,,3,,,,,,,,,,,,,,,,,,,
,,,,,,,,Symphoricarpos albus,,,,White Snowberry,,,,,,,,,,,,,,,,,,,,,,,3,,,,,,,,,,,,,,,,,,,
,,,,,,,,Symphoricarpos x doorenbosii,,,,Pinky Promise™ 'Kolmpica' PPAF,,,,,,,,,,,,,,,,,,,,,,,3,,,,,,,,,,,,,,,,,,,
,,,,,,,,Syringa,,,,"Hybrid Lilac - Tinkerbelle® aka 'Bailbelle', Sugar Plum Fairy® aka 'Bailsugar', Thumbelina® aka 'Baillina', Prince Charming® aka 'Bailming'",,,,,,,,,,,,,,,,,,,,,,,3,,,,,,,,,,,,,,,,,,,
,,,,,,,,Syringa,,,,"Bloomerang® Dark Purple Lilac-Tree Form , 'SMSJPB7'",,,,,,,,,,,,,,,,,,,,,,,3,,,,,,,,,,,,,,,,,,,
,,,,,,,,Syringa meyeri,,,,Dwarf Korean Lilac - 'Palibin',,,,,,,,,,,,,,,,,,,,,,,3,,,,,,,,,,,,,,,,,,,
,,,,,,,,Syringa patula,,,,Miss Kim Lilac - 'Miss Kim',,,,,,,,,,,,,,,,,,,,,,,3,,,,,,,,,,,,,,,,,,,
,,,,,,,,Syringa pekinensis,,,,Summer Charm® aka ‘DTR124’,,,,,,,,,,,,,,,,,,,,,,,3,,,,,,,,,,,,,,,,,,,
,,,,,,,,Syringa reticulata,,,,"Ivory Silk® Lilac, ‘Ivory Pillar’, ‘Snowcap’ aka 'Elliot', 'Summer Storm' PPAF",,,,,,,,,,,,,,,,,,,,,,,3,,,,,,,,,,,,,,,,,,,
,,,,,,,,Syringa reticulata,,,,Japanese Tree Lilac,,,,,,,,,,,,,,,,,,,,,,,3,,,,,,,,,,,,,,,,,,,
,,,,,,,,Syringa reticulata,,,,Japanese Tree Lilac - Snowdance™ aka 'Bailance',,,,,,,,,,,,,,,,,,,,,,,3,,,,,,,,,,,,,,,,,,,
,,,,,,,,Syringa x,,,,Bloomerang® Pink Perfume Lilac,,,,,,,,,,,,,,,,,,,,,,,3,,,,,,,,,,,,,,,,,,,
,,,,,,,,Syringa x,,,,First Editions® Virtual Violet™ Lilac,,,,,,,,,,,,,,,,,,,,,,,3,,,,,,,,,,,,,,,,,,,
,,,,,,,,Syringa x 'Penda',,,,Bloomerang® Tree,,,,,,,,,,,,,,,,,,,,,,,3,,,,,,,,,,,,,,,,,,,
,,,,,,,,Syringa x meyeri,,,,Lilac - Tinkerbelle® aka 'Bailbelle' Lilac Tree Form,,,,,,,,,,,,,,,,,,,,,,,3,,,,,,,,,,,,,,,,,,,
,,,,,,,,Thuja occidentalis,,,,"Eastern White Cedar - 'Congabe', 'Hetz Midget', 'Holmstrup', 'Nigra', 'Pygmy Globe', 'Pyramidalis', 'Bailjohn' Technito® Globe, 'Techny', 'Techny Globe', 'Woodwardii', 'Degroot's Spire', 'Brandon', , 'Anna’s Magic Ball' aka 'Anna Van Vloten', North Pole® aka 'Art Boe'",,,,,,,,,,,,,,,,,,,,,,,3,,,,,,,,,,,,,,,,,,,
,,,,,,,,Thuja occidentalis,,,,species White Cedar,,,,,,,,,,,,,,,,,,,,,,,3,,,,,,,,,,,,,,,,,,,
,,,,,,,,Thuja occidentalis,,,,Sky Bound',,,,,,,,,,,,,,,,,,,,,,,3,,,,,,,,,,,,,,,,,,,
,,,,,,,,Thuja occidentalis,,,,Little Giant' Arborvitae,,,,,,,,,,,,,,,,,,,,,,,3,,,,,,,,,,,,,,,,,,,
,,,,,,,,Tilia americana,,,,"American Linden - American Sentry® Linden aka 'McKSentry', 'Boulevard', Frontyard® Linden aka 'Bailyard', 'Redmond'",,,,,,,,,,,,,,,,,,,,,,,3,,,,,,,,,,,,,,,,,,,
,,,,,,,,Tsuga canadensis,,,,Canadian Hemlock,,,,,,,,,,,,,,,,,,,,,,,3,,,,,,,,,,,,,,,,,,,
,,,,,,,,Ulmus davidiana var. japonica,,,,Burgundy Glow' - Northern Empress Elm,,,,,,,,,,,,,,,,,,,,,,,3,,,,,,,,,,,,,,,,,,,
,,,,,,,,Ulmus japonica,,,,Discovery',,,,,,,,,,,,,,,,,,,,,,,3,,,,,,,,,,,,,,,,,,,
,,,,,,,,Vibrunum lantana,,,,Mohican Viburnum,,,,,,,,,,,,,,,,,,,,,,,3,,,,,,,,,,,,,,,,,,,
,,,,,,,,Viburnum cassinoides,,,,Witherod Viburnum,,,,,,,,,,,,,,,,,,,,,,,3,,,,,,,,,,,,,,,,,,,
,,,,,,,,Viburnum edule,,,,Squashberry Viburnum,,,,,,,,,,,,,,,,,,,,,,,3,,,,,,,,,,,,,,,,,,,
,,,,,,,,Viburnum lenatago,,,,Nannyberry Viburnum - Tree Form,,,,,,,,,,,,,,,,,,,,,,,3,,,,,,,,,,,,,,,,,,,
,,,,,,,,Viburnum lenatago,,,,Nannyberry Viburnum – Homefree™,,,,,,,,,,,,,,,,,,,,,,,3,,,,,,,,,,,,,,,,,,,
,,,,,,,,Viburnum lentago,,,,Homefree™,,,,,,,,,,,,,,,,,,,,,,,3,,,,,,,,,,,,,,,,,,,
,,,,,,,,Viburnum opulus,,,,Compactum' European Cranberrybush,,,,,,,,,,,,,,,,,,,,,,,3,,,,,,,,,,,,,,,,,,,
,,,,,,,,Viburnum opulus,,,,Roseum' Common Snowball,,,,,,,,,,,,,,,,,,,,,,,3,,,,,,,,,,,,,,,,,,,
,,,,,,,,Viburnum opulus,,,,Sterile',,,,,,,,,,,,,,,,,,,,,,,3,,,,,,,,,,,,,,,,,,,
,,,,Xanthorhiza,,,,Xanthorhiza simplicissima Marshall,,,,yellowroot,,,groundcover,,,,3,3,,,"FACW (Atlantic and Gulf Coastal Plain), FACW (Eastern Mountains and Piedmont), FACW (Midwest), FACW (Northcentral & Northeast)",full sun,"moist, well-drained, acid soils",,,,,,,,,,3,,,,,,,purple,mSp,,,,,,,,,,,
,,,Betulaceae,alnus,,glutinosa,,alnus glutinosa,,,,"alder, european black",Least concern,,,,,,,,,,,,,,,,,,,,,,4,,,,,,,,,,,,,70,,,,,,
,,,Betulaceae,betula,,nigra,,betula nigra,,,,"birch, river",Least concern,,,,,,70,60,,,"FACW (Atlantic and Gulf Coastal Plain), FACW (Eastern Mountains and Piedmont), FACW (Great Plains), FACW (Midwest), FACW (Northcentral & Northeast)",,"prefers moist and acidic, but adaptable to higher pH soils",,,,,,resistant to bronze birch borer,,5,6,4,,,,,,,,,,"exfoliates early, white",Resistance to verticillium wilt,,73,,,,,,125
,,,Pinaceae,abies,,concolor,,abies concolor,,,,"fir, white",Least concern,,tree,,,,,,evergreen,well-drained soil,,sun,,,,,,Remove candles in the spring,,,,,4,,,,,,,,,,,,,70,,,,,,18
,,,Pinaceae,abies,,fraseri,,abies fraseri,,,,"fir, fraser",Endangered,,tree,,,,40,25,evergreen,,"FACU (Eastern Mountains and Piedmont), FACU (Northcentral & Northeast)",,,,,,,,,,,,4,,,,,,,,,,,,,65,,,,,,55
*,,,Pinaceae,abies,,koreana,,abies koreana,,,,"fir, korean",Endangered,Korea,tree,1,,,,,evergreen,Mountains of South Korea,,full sun part shade,,,,,,,"Balsam wooollt adelgids, bark beetles, spruce budworms, aphids, bagworms, scale, spider mites","root rots, needle rust, twig blight",,,4,,,,,,,,,,,,,65,,,,,,5
,,,Pinaceae,abies,,lasiocarpa,,abies lasiocarpa,,,,"fir, subalpine",Least concern,,tree,,,,,,evergreen,,,,,,,,,,,,,,4,,,,,,,,,,,,,70,,,,,,
,,,Sapindaceae,acer,,truncatum,,acer truncatum,,,,"maple, purpleblow",Least concern,,"small, rounded tree",multiple,,,25,20,D,,,,tolerant to alkaline or acid soils,,,,,,,,6,7.5,4,,moderate,,,,,yellow,early spring,,,,,75,,,,,,3
,,,Sapindaceae,acer,,campestre,,acer campestre,,,,"maple, hedge",Least concern,,rounded tree,1,,,35,35,,,,,,,,,,,,,6,7.5,4,,tolerant,tolerant,,,,,spring,brown,,,,70,,,,,,4
,,,Sapindaceae,aesculus,,hippocastanum,,aesculus hippocastanum,,,,horsechestnut,Vulnerable,,,,,,,,,,,,,,,,,,,,,,4,,,,,,,,,,,,,65,,,,,,10
,,,,,,,,Acer spicatum,,,,,,,T,,M,M,30,,D,,,full sun,,,,airpot,spring,,,,5.8,7,4,N,L,,,,,,Sp,,,,,,,MOD,"DB,WB,WM","Seeds eaten by evening and pine grosbeak, purple finch, rb nuthatch, turkey, grouse, squirrels, chipmunk, and mice. Bark, leaves, twigs, and branches eaten by beaver, porcupine, hare.Browsed by deer (preferred), moose and hare.",,
,,,,,,,,Acer x freemanii,,,,Freeman Maple - ‘Autumn Fantasy’,,,,,,,,,,,,,,,,,,,,,,,4,,,,,,,,,,,,,,,,,,,
,,,,,,,,Acer x pseudosieboldianum,,,,Korean Maple,,,,,,,,,,,,,,,,,,,,,,,4,,,,,,,,,,,,,,,,,,,
,,,,,,,,Acer x pseudosieboldianum (Acer palmatum x Acer pseudosieboldianum),,,,"Northern Glow® Hybrid Maple - Arctic Jade® Hybrid Maple (‘IsIAJ’), Ice Dragon™ Hybrid Maple (‘IsIID’), North Wind® Hybrid Maple (‘IsINW’)",,,,,,,,,,,,,,,,,,,,,,,4,,,,,,,,,,,,,,,,,,,
,,,,,,,,Alnus flava,,,,Yellow Buckeye,,,,,,,,,,,,,,,,,,,,,,,4,,,,,,,,,,,,,,,,,,,
,,,,,,,,Alnus hirsuta,,,,Alder - Prairie Horizon® aka 'Harbin' Alder,,,,,,,,,,,,,,,,,,,,,,,4,,,,,,,,,,,,,,,,,,,
,,,,,,,,Alnus x spaethii,,,,Spaeth's Alder,,,,,,,,,,,,,,,,,,,,,,,4,,,,,,,,,,,,,,,,,,,
,,,,,,,,Amelanchier canadensis,,,,Shadblow Serviceberry,,,,,,,,,,,,,,,,,,,,,,,4,,,,,,,,,,,,,,,,,,,
,,,,,,,,Amelanchier canadensis (also listed in SHRUBS),,,,Shadblow Serviceberry,,,,,,,,,,,,,,,,,,,,,,,4,,,,,,,,,,,,,,,,,,,
,,,,,,,,Amelanchier lamarckii,,,,Juneberry,,,,,,,,,,,,,,,,,,,,,,,4,,,,,,,,,,,,,,,,,,,
,,,,,,,,Amelanchier x grandiflora,,,,Serviceberry - 'Robin Hill',,,,,,,,,,,,,,,,,,,,,,,4,,,,,,,,,,,,,,,,,,,
,,,,,,,,Aronia arbutifolia,,,,"Erecta', 'Brilliantissima'",,,,,,,,,,,,,,,,,,,,,,,4,,,,,,,,,,,,,,,,,,,
,,,,,,,,Azalea - see Rhododendron,,,,Northern Lights series developed by U of M,,,,,,,,,,,,,,,,,,,,,,,4,,,,,,,,,,,,,,,,,,,
,,,,,,,,Betula utils,,,,White Satin Birch aka 'Madison',,,,,,,,,,,,,,,,,,,,,,,4,,,,,,,,,,,,,,,,,,,
,,,,,,,,Betula x,,,,Royal Frost® Birch,,,,,,,,,,,,,,,,,,,,,,,4,,,,,,,,,,,,,,,,,,,
,,,,,,,,Buddleia davidii,,,,RoyalRazz™ ‘- aka 'SRPbudroy’,,,,,,,,,,,,,,,,,,,,,,,4,,,,,,,,,,,,,,,,,,,
,,,,,,,,Buxus,,,,Glencoe' aka 'Chicagoland Green',,,,,,,,,,,,,,,,,,,,,,,4,,,,,,,,,,,,,,,,,,,
,,,,,,,,Buxus,,,,Green Gem',,,,,,,,,,,,,,,,,,,,,,,4,,,,,,,,,,,,,,,,,,,
,,,,,,,,Buxus,,,,Northern Charm™ aka 'Wilson',,,,,,,,,,,,,,,,,,,,,,,4,,,,,,,,,,,,,,,,,,,
,,,,,,,,Buxus microphylla,,,,Wintergreen' Littleleaf Boxwood,,,,,,,,,,,,,,,,,,,,,,,4,,,,,,,,,,,,,,,,,,,
,,,,,,,,Buxus microphylla x sempervirens,,,,Green Velvet',,,,,,,,,,,,,,,,,,,,,,,4,,,,,,,,,,,,,,,,,,,
,,,,,,,,Carya ovata,,,,Shagbark Hickory,,,,,,,,,,,,,,,,,,,,,,,4,,,,,,,,,,,,,,,,,,,
,,,,,,,,Catalpa bungei,,,,Umbrella Catalpa,,,,,,,,,,,,,,,,,,,,,,,4,,,,,,,,,,,,,,,,,,,
,,,,,,,,Catalpa ovata,,,,Chinese Catalpa,,,,,,,,,,,,,,,,,,,,,,,4,,,,,,,,,,,,,,,,,,,
,,,,,,,,Catalpa speciosa,,,,Northern Catalpa,,,,,,,,,,,,,,,,,,,,,,,4,,,,,,,,,,,,,,,,,,,
,,,,,,,,Catalpa x erubescens,,,,Purple Catalpa - 'Purpurea',,,,,,,,,,,,,,,,,,,,,,,4,,,,,,,,,,,,,,,,,,,
,,,,,,,,Cercis canadensis,,,,Redbud - MN Strain,,,,,,,,,,,,,,,,,,,,,,,4,,,,,,,,,,,,,,,,,,,
,,,,,,,,Chamaecyparis pisifera,,,,"Threadleaf Falsecypress - 'Golden Mops','Kings Gold'",,,,,,,,,,,,,,,,,,,,,,,4,,,,,,,,,,,,,,,,,,,
,,,,,,,,Chamaecyparis thyoides,,,,Atlantic White Cedar - 'Heartburn',,,,,,,,,,,,,,,,,,,,,,,4,,,,,,,,,,,,,,,,,,,
,,,,,,,,Chamaecyparis thyoides,,,,Atlantic White Cedar,,,,,,,,,,,,,,,,,,,,,,,4,,,,,,,,,,,,,,,,,,,
,,,,,,,,Chionanthus virginicus,,,,White Fringetree,,,,,,,,,,,,,,,,,,,,,,,4,,,,,,,,,,,,,,,,,,,
,,,,,,,,Cladrastis kentuckea,,,,Yellowwood,,,,,,,,,,,,,,,,,,,,,,,4,,,,,,,,,,,,,,,,,,,
,,,,,,,,Clethra alnifolia,,,,"Summersweet - 'Hummingbird', 'Ruby Spice', 'September Beauty', 'Sixteen Candles', 'Caleb' Vanilla Spice®",,,,,,,,,,,,,,,,,,,,,,,4,,,,,,,,,,,,,,,,,,,
,,,,,,,,Clethra alnifolia,,,,Surartina™ aka 'Crystalina',,,,,,,,,,,,,,,,,,,,,,,4,,,,,,,,,,,,,,,,,,,
,,,,,,,,Clethra alnifolia,,,,Einstein™ - aka 'Novacleein',,,,,,,,,,,,,,,,,,,,,,,4,,,,,,,,,,,,,,,,,,,
,,,,,,,,Cornus hessei,,,,Garden Glow™,,,,,,,,,,,,,,,,,,,,,,,4,,,,,,,,,,,,,,,,,,,
,,,,,,,,Cornus mas,,,,Corneliancherry - 'Golden Glory',,,,,,,,,,,,,,,,,,,,,,,4,,,,,,,,,,,,,,,,,,,
,,,,,,,,Cornus mas,,,,Cornelian cherry,,,,,,,,,,,,,,,,,,,,,,,4,,,,,,,,,,,,,,,,,,,
,,,,,,,,Cornus obliqua,,,,Red Rover® Silky Dogwood,,,,,,,,,,,,,,,,,,,,,,,4,,,,,,,,,,,,,,,,,,,
,,,,,,,,Cornus pumila,,,,Dwarf Red Tipped Dogwood,,,,,,,,,,,,,,,,,,,,,,,4,,,,,,,,,,,,,,,,,,,
,,,,,,,,Cornus racemosa,,,,Huron® 'Hurzam',,,,,,,,,,,,,,,,,,,,,,,4,,,,,,,,,,,,,,,,,,,
,,,,,,,,Cornus racemosa,,,,Muskingum® aka 'Muzam',,,,,,,,,,,,,,,,,,,,,,,4,,,,,,,,,,,,,,,,,,,
,,,,,,,,Cornus sanguinea,,,,Dogwood - Arctic Sun™ aka 'Cato',,,,,,,,,,,,,,,,,,,,,,,4,,,,,,,,,,,,,,,,,,,
,,,,,,,,Cornus sanguinea,,,,Dogwood - 'Winter Flame',,,,,,,,,,,,,,,,,,,,,,,4,,,,,,,,,,,,,,,,,,,
,,,,,,,,Cornus sericea,,,,Kelseyi' Dwarf Dogwood,,,,,,,,,,,,,,,,,,,,,,,4,,,,,,,,,,,,,,,,,,,
,,,,,,,,Cornus sericea (stolonifera),,,,Hedgerow's Gold Dogwood,,,,,,,,,,,,,,,,,,,,,,,4,,,,,,,,,,,,,,,,,,,
,,,,,,,,Corylus americana,,,,American Hazelnut,,,,,,,,,,,,,,,,,,,,,,,4,,,,,,,,,,,,,,,,,,,
,,,,,,,,Corylus colurna,,,,Turkish Filbert,,,,,,,,,,,,,,,,,,,,,,,4,,,,,,,,,,,,,,,,,,,
,,,,,,,,Cotinus coggygria,,,,"Smokebush - 'Nordine', 'Velvet Cloak'",,,,,,,,,,,,,,,,,,,,,,,4,,,,,,,,,,,,,,,,,,,
,,,,,,,,Cotinus coggygria,,,,Grace Smokebush,,,,,,,,,,,,,,,,,,,,,,,4,,,,,,,,,,,,,,,,,,,
,,,,,,,,Cotinus coggygria,,,,Golden Spirit aka 'Ancot' Smokebush,,,,,,,,,,,,,,,,,,,,,,,4,,,,,,,,,,,,,,,,,,,
,,,,,,,,Cotinus coggygria,,,,Smokebush - Winecraft Black®,,,,,,,,,,,,,,,,,,,,,,,4,,,,,,,,,,,,,,,,,,,
,,,,,,,,Cotoneaster adpressus,,,,Tom Thumb Creeping Cotoneaster,,,,,,,,,,,,,,,,,,,,,,,4,,,,,,,,,,,,,,,,,,,
,,,,,,,,Cotoneaster apiculatus,,,,Cranberry Cotoneaster,,,,,,,,,,,,,,,,,,,,,,,4,,,,,,,,,,,,,,,,,,,
,,,,,,,,Crataegus ambigua,,,,Russian Hawthorn,,,,,,,,,,,,,,,,,,,,,,,4,,,,,,,,,,,,,,,,,,,
,,,,,,,,Crataegus crus-galli,,,,Hawthorn - Crusader® aka 'Cruzam',,,,,,,,,,,,,,,,,,,,,,,4,,,,,,,,,,,,,,,,,,,
,,,,,,,,Crataegus crus-galli var. inermis,,,,Hawthorn - Thornless Cockspur,,,,,,,,,,,,,,,,,,,,,,,4,,,,,,,,,,,,,,,,,,,
,,,,,,,,Crataegus laevigata,,,,Hawthorn - Crimson Cloud - 'Superba',,,,,,,,,,,,,,,,,,,,,,,4,,,,,,,,,,,,,,,,,,,
,,,,,,,,Crataegus virdidis,,,,Hawthorn - 'Winter King',,,,,,,,,,,,,,,,,,,,,,,4,,,,,,,,,,,,,,,,,,,
,,,,,,,,Daphne x burkwoodii,,,,"Daphne - 'Carol Mackie', 'Brigggs Moonlight', 'Somerset'",,,,,,,,,,,,,,,,,,,,,,,4,,,,,,,,,,,,,,,,,,,
,,,,,,,,Diervilla sessilifolia,,,,Bush Honeysuckle - 'Cool Splash' aka 'LPDC Podaras',,,,,,,,,,,,,,,,,,,,,,,4,,,,,,,,,,,,,,,,,,,
,,,,,,,,Diervilla sessilifolia,,,,Butterfly',,,,,,,,,,,,,,,,,,,,,,,4,,,,,,,,,,,,,,,,,,,
,,,,,,,,Diervilla splendens,,,,Firefly Nightglow™ aka 'El adrigal',,,,,,,,,,,,,,,,,,,,,,,4,,,,,,,,,,,,,,,,,,,
,,,,,,,,Euonymus alatus,,,,"Burning Bush - 'Compactus', 'Grove Compactus'
Specially Regulated Plant in Minnesota (3-year phase-out period) and will become a Restricted Noxious Weed in 2023.",,,,,,,,,,,,,,,,,,,,,,,4,,,,,,,,,,,,,,,,,,,
,,,,,,,,Euonymus alatus,,,,"Little Moses™ aka 'Odom' PP13,168
Specially Regulated Plant in Minnesota (3-year phase-out period) and will become a Restricted Noxious Weed in 2023.",,,,,,,,,,,,,,,,,,,,,,,4,,,,,,,,,,,,,,,,,,,
,,,,,,,,Euonymus alatus,,,,"Fireball™ aka 'Select'
Specially Regulated Plant in Minnesota (3-year phase-out period) and will become a Restricted Noxious Weed in 2023.",,,,,,,,,,,,,,,,,,,,,,,4,,,,,,,,,,,,,,,,,,,
,,,,,,,,Euonymus fortunei,,,,Canadale Gold',,,,,,,,,,,,,,,,,,,,,,,4,,,,,,,,,,,,,,,,,,,
,,,,,,,,Euonymus fortunei,,,,Moonshadow',,,,,,,,,,,,,,,,,,,,,,,4,,,,,,,,,,,,,,,,,,,
,,,,,,,,Exochorda serratifolia,,,,‘Northern Pearls’ U of M release,,,,,,,,,,,,,,,,,,,,,,,4,,,,,,,,,,,,,,,,,,,
,,,,,,,,Fagus grandifolia,,,,American Beech,,,,,,,,,,,,,,,,,,,,,,,4,,,,,,,,,,,,,,,,,,,
,,,,,,,,Fagus sylvatica,,,,Beech - 'Riversii',,,,,,,,,,,,,,,,,,,,,,,4,,,,,,,,,,,,,,,,,,,
,,,,,,,,Forsythia,,,,"Forsythia - 'Fiesta', 'Courtaneur' Gold Cluster™, 'Gold Tide', 'Northern Sun'",,,,,,,,,,,,,,,,,,,,,,,4,,,,,,,,,,,,,,,,,,,
,,,,,,,,Forsythia,,,,Showoff™ aka 'Mindor',,,,,,,,,,,,,,,,,,,,,,,4,,,,,,,,,,,,,,,,,,,
,,,,,,,,Forsythia,,,,Showoff',,,,,,,,,,,,,,,,,,,,,,,4,,,,,,,,,,,,,,,,,,,
,,,,,,,,Forsythia,,,,Sunrise',,,,,,,,,,,,,,,,,,,,,,,4,,,,,,,,,,,,,,,,,,,
,,,,,,,,Forsythia suspense var. sieboldii,,,,Weeping Forsythia,,,,,,,,,,,,,,,,,,,,,,,4,,,,,,,,,,,,,,,,,,,
,,,,,,,,Forsythia x intermedia,,,,"Forsythia - 'Lynwood Gold', 'Spring Glory'",,,,,,,,,,,,,,,,,,,,,,,4,,,,,,,,,,,,,,,,,,,
,,,,,,,,Fothergilla gardenii,,,,Dwarf Fothergilla,,,,,,,,,,,,,,,,,,,,,,,4,,,,,,,,,,,,,,,,,,,
,,,,,,,,Fothergillia x intermedia,,,,"Mt. Airy', 'Blue Shadow'",,,,,,,,,,,,,,,,,,,,,,,4,,,,,,,,,,,,,,,,,,,
,,,,,,,,Fraxinus americana,,,,White Ash - Autumn Purple® Ash aka 'Junginger',,,,,,,,,,,,,,,,,,,,,,,4,,,,,,,,,,,,,,,,,,,
,,,,,,,,Fraxinus quadralangulata,,,,Blue Ash,,,,,,,,,,,,,,,,,,,,,,,4,,,,,,,,,,,,,,,,,,,
,,,,,,,,Genista tinctoria,,,,Royal Gold Woadwaxen,,,,,,,,,,,,,,,,,,,,,,,4,,,,,,,,,,,,,,,,,,,
,,,,,,,,Gingko biloba,,,,Autumn Gold',,,,,,,,,,,,,,,,,,,,,,,4,,,,,,,,,,,,,,,,,,,
,,,,,,,,Gingko biloba,,,,Jade Butterfly',,,,,,,,,,,,,,,,,,,,,,,4,,,,,,,,,,,,,,,,,,,
,,,,,,,,Gingko biloba,,,,Princeton Sentry',,,,,,,,,,,,,,,,,,,,,,,4,,,,,,,,,,,,,,,,,,,
,,,,,,,,Gingko biloba,,,,Magyar',,,,,,,,,,,,,,,,,,,,,,,4,,,,,,,,,,,,,,,,,,,
,,,,,,,,Gingko biloba,,,,"Goldspire™ Ginkgo, aka 'Blagon'",,,,,,,,,,,,,,,,,,,,,,,4,,,,,,,,,,,,,,,,,,,
,,,,,,,,Gleditsia triacanthos var. inermis,,,,Honeylocust - Imperial® aka 'Impcole',,,,,,,,,,,,,,,,,,,,,,,4,,,,,,,,,,,,,,,,,,,
,,,,,,,,Gleditsia triacanthos var. inermis,,,,Honeylocust - Shademaster®,,,,,,,,,,,,,,,,,,,,,,,4,,,,,,,,,,,,,,,,,,,
,,,,,,,,Gleditsia triacanthos var. inermis,,,,Honeylocust - Skyline® aka 'Skycole',,,,,,,,,,,,,,,,,,,,,,,4,,,,,,,,,,,,,,,,,,,
,,,,,,,,Gleditsia triacanthos var. inermis,,,,Honeylocust - 'Draves' aka Street Keeper™,,,,,,,,,,,,,,,,,,,,,,,4,,,,,,,,,,,,,,,,,,,
,,,,,,,,Gleditsia triacanthos var. inermis,,,,Honeylocust - Sunburst® aka 'Suncole' Honeylocust,,,,,,,,,,,,,,,,,,,,,,,4,,,,,,,,,,,,,,,,,,,
,,,,,,,,Gymnocladus dioicus,,,,Kentucky Coffeetree,,,,,,,,,,,,,,,,,,,,,,,4,,,,,,,,,,,,,,,,,,,
,,,,,,,,Gymnocladus dioicus,,,,"Decaf® 'aka 'McBranched', Espresso™ aka 'Espresso JFS', 'Stately Manor™', True North™ aka 'UMNSynergy’",,,,,,,,,,,,,,,,,,,,,,,4,,,,,,,,,,,,,,,,,,,
,,,,,,,,Hydrangea macrophylla,,,,"Endless Summer® aka'Bailmer', 'Bloomstruk' aka PIIHM-II', 'Twist and Shout' aka PIIHM-I, Summer Crush™ aka 'Bailmacfive'",,,,,,,,,,,,,,,,,,,,,,,4,,,,,,,,,,,,,,,,,,,
,,,,,,,,Hydrangea macrophylla,,,,"Cherry Explosion' , 'McKay' PP28,757",,,,,,,,,,,,,,,,,,,,,,,4,,,,,,,,,,,,,,,,,,,
,,,,,,,,Hydrangea paniculata,,,,Baby Lace®,,,,,,,,,,,,,,,,,,,,,,,4,,,,,,,,,,,,,,,,,,,
,,,,,,,,Hydrangea paniculata,,,,"Tree Form Hydrangea: 'LeVasterival', Great Star™, 'Grandiflora', 'PeeGee', 'Pink Diamond', 'DVPpink', Pinky Winky™, 'Bulk', Quick Fire™, 'Tardiva', 'Berry White', Vanillia Strawberry™",,,,,,,,,,,,,,,,,,,,,,,4,,,,,,,,,,,,,,,,,,,
,,,,,,,,Hypericum calycinum,,,,St. Johnswort,,,,,,,,,,,,,,,,,,,,,,,4,,,,,,,,,,,,,,,,,,,
,,,,,,,,Hypericum kalmianum,,,,"St. John's Wort - 'Ames' Ames Kalm, 'Cfflpc-41' Blue Velvet™",,,,,,,,,,,,,,,,,,,,,,,4,,,,,,,,,,,,,,,,,,,
,,,,,,,,Ilex,,,,Sparkleberry Winterberry,,,,,,,,,,,,,,,,,,,,,,,4,,,,,,,,,,,,,,,,,,,
,,,,,,,,Ilex glabra,,,,Shamrock' Inkberry,,,,,,,,,,,,,,,,,,,,,,,4,,,,,,,,,,,,,,,,,,,
,,,,,,,,Ilex verticillata,,,,"Winterberry - 'Afterglow', 'Jim Dandy', 'Red Sprite', 'Southern Gentleman', 'Bailfire' First Editions® Wildfire™, 'Winter Red'",,,,,,,,,,,,,,,,,,,,,,,4,,,,,,,,,,,,,,,,,,,
,,,,,,,,Itea virginica,,,,Scarlet Beauty™ aka 'Morton' Sweetspire,,,,,,,,,,,,,,,,,,,,,,,4,,,,,,,,,,,,,,,,,,,
,,,,,,,,Juglans nigra,,,,Black Walnut,,,,,,,,,,,,,,,,,,,,,,,4,,,,,,,,,,,,,,,,,,,
,,,,,,,,Juniperus chinensis,,,,"Blue Point', 'Fruitlandi', 'Old Gold', 'Sea Green', 'Spartan'",,,,,,,,,,,,,,,,,,,,,,,4,,,,,,,,,,,,,,,,,,,
,,,,,,,,Juniperus chinensis sargentii,,,,"Glauca', 'Blue Sargent', 'Viridis', 'Green Sargent'",,,,,,,,,,,,,,,,,,,,,,,4,,,,,,,,,,,,,,,,,,,
,,,,,,,,Juniperus communis,,,,Pencil Point',,,,,,,,,,,,,,,,,,,,,,,4,,,,,,,,,,,,,,,,,,,
,,,,,,,,Juniperus horizontalis,,,,Bar Harbor Juniper,,,,,,,,,,,,,,,,,,,,,,,4,,,,,,,,,,,,,,,,,,,
,,,,,,,,Juniperus procumbens,,,,Dwarf Japgarden aka 'Nana' Juniper,,,,,,,,,,,,,,,,,,,,,,,4,,,,,,,,,,,,,,,,,,,
,,,,,,,,Juniperus sabina,,,,Blue Forest Juniper,,,,,,,,,,,,,,,,,,,,,,,4,,,,,,,,,,,,,,,,,,,
,,,,,,,,Juniperus squamata,,,,Blue Star Juniper,,,,,,,,,,,,,,,,,,,,,,,4,,,,,,,,,,,,,,,,,,,
,,,,,,,,Juniperus x media,,,,Daub's Frosted Juniper - 'Daub's Frosted',,,,,,,,,,,,,,,,,,,,,,,4,,,,,,,,,,,,,,,,,,,
,,,,,,,,Juniperus x pfitzeriana,,,,Kayllay's Compact Juniper,,,,,,,,,,,,,,,,,,,,,,,4,,,,,,,,,,,,,,,,,,,
,,,,,,,,Kolkwitzia amabilis,,,,Dream Catcher™ aka 'Maradco' Beautybush,,,,,,,,,,,,,,,,,,,,,,,4,,,,,,,,,,,,,,,,,,,
,,,,,,,,Larix kaempferi,,,,Japanese Larch,,,,,,,,,,,,,,,,,,,,,,,4,,,,,,,,,,,,,,,,,,,
,,,,,,,,Larix occidentalis,,,,Western Larch,,,,,,,,,,,,,,,,,,,,,,,4,,,,,,,,,,,,,,,,,,,
,,,,,,,,Ligustrum vulgare,,,,First Editions® Straight Talk™ Privet 'Swift',,,,,,,,,,,,,,,,,,,,,,,4,,,,,,,,,,,,,,,,,,,
,,,,,,,,Ligustrum vulgare,,,,"Privet - 'Cheyenne', 'Lodense'",,,,,,,,,,,,,,,,,,,,,,,4,,,,,,,,,,,,,,,,,,,
,,,,,,,,Lonicera,,,,"Honeysuckle - 'Freedom', 'Honeyrose'",,,,,,,,,,,,,,,,,,,,,,,4,,,,,,,,,,,,,,,,,,,
,,,,,,,,Lonicera caerulea,,,,"Honeyberry - 'Aurora', 'Berry Blue',",,,,,,,,,,,,,,,,,,,,,,,4,,,,,,,,,,,,,,,,,,,
,,,,,,,,Lonicera x italica,,,,Sherlite' Harlequin,,,,,,,,,,,,,,,,,,,,,,,4,,,,,,,,,,,,,,,,,,,
,,,,,,,,Lonicera xylosteum,,,,Honeysuckle - 'Emerald Mound',,,,,,,,,,,,,,,,,,,,,,,4,,,,,,,,,,,,,,,,,,,
,,,,,,,,Magnolia acuminata,,,,Cucumbertree magnolia,,,,,,,,,,,,,,,,,,,,,,,4,,,,,,,,,,,,,,,,,,,
,,,,,,,,Magnolia kobus var. loebneri,,,,Magnolia - 'Leonard Messel',,,,,,,,,,,,,,,,,,,,,,,4,,,,,,,,,,,,,,,,,,,
,,,,,,,,Magnolia kobus var. loebneri,,,,Magnolia - 'Merrill',,,,,,,,,,,,,,,,,,,,,,,4,,,,,,,,,,,,,,,,,,,
,,,,,,,,Magnolia kobus var. stellata,,,,Royal Star Magnolia,,,,,,,,,,,,,,,,,,,,,,,4,,,,,,,,,,,,,,,,,,,
,,,,,,,,Magnolia virginiana,,,,Sweetbay Magnolia - 'Northern Belle',,,,,,,,,,,,,,,,,,,,,,,4,,,,,,,,,,,,,,,,,,,
,,,,,,,,Magnolia x,,,,Ann',,,,,,,,,,,,,,,,,,,,,,,4,,,,,,,,,,,,,,,,,,,
,,,,,,,,Magnolia x,,,,Jane',,,,,,,,,,,,,,,,,,,,,,,4,,,,,,,,,,,,,,,,,,,
,,,,,,,,Magnolia x,,,,Ricki',,,,,,,,,,,,,,,,,,,,,,,4,,,,,,,,,,,,,,,,,,,
,,,,,,,,Magnolia x,,,,Susan' Magnolia,,,,,,,,,,,,,,,,,,,,,,,4,,,,,,,,,,,,,,,,,,,
,,,,,,,,Magnolia x brooklynensis,,,,Woodsman',,,,,,,,,,,,,,,,,,,,,,,4,,,,,,,,,,,,,,,,,,,
,,,,,,,,Malus,,,,"Crabapple - 'Adams', 'Adirondack', 'Branzam' Brandywine®, 'Camzam' Camelot®, 'Donald Wyman', 'Guinzam' Guinevere™, 'Harvest Gold', 'Golden Raindrops','Indian Magic', 'Indian Summer', 'Lollizam' Lollipop®, 'Louisa', 'Prairiefire', 'Profusion', 'Perfect Purple', 'Purple Prince', 'Red Barron', 'Red Jade', 'Jewelcole' Red Jewel®, 'Rejzam' Rejoice™, 'Robinson', 'JFS-KW5' Royal Raindrops®, 'Bailears' First Editions® Ruby Tears™, 'Spring Snow', 'Swesutyzam' Sugar Tyme®, 'Tina'",,,,,,,,,,,,,,,,,,,,,,,4,,,,,,,,,,,,,,,,,,,
,,,,,,,,Malus  x,,,,Velvet Pillar',,,,,,,,,,,,,,,,,,,,,,,4,,,,,,,,,,,,,,,,,,,
,,,,,,,,Malus  x,,,,Cranberry Lace',,,,,,,,,,,,,,,,,,,,,,,4,,,,,,,,,,,,,,,,,,,
,,,,,,,,Malus sargentii,,,,"Sargent', 'Candymint', 'Select A' Firebird®",,,,,,,,,,,,,,,,,,,,,,,4,,,,,,,,,,,,,,,,,,,
,,,,,,,,Morus alba,,,,White Mulberry - 'Chaparral',,,,,,,,,,,,,,,,,,,,,,,4,,,,,,,,,,,,,,,,,,,
,,,,,,,,Myrica pensylvanica,,,,Northern Bayberry,,,,,,,,,,,,,,,,,,,,,,,4,,,,,,,,,,,,,,,,,,,
,,,,,,,,Philadelphus,,,,"Mockorange - 'Buckley's Quill', 'Miniature Snowflake', 'Snowbelle', 'Snowwhite Fantasy' First Editions® Snow White™",,,,,,,,,,,,,,,,,,,,,,,4,,,,,,,,,,,,,,,,,,,
,,,,,,,,Philadelphus coronaius,,,,Golden aka 'Aureus' Mockorange,,,,,,,,,,,,,,,,,,,,,,,4,,,,,,,,,,,,,,,,,,,
,,,,,,,,Philadelphus x virginalis,,,,Minnesota Snowflake Mockorange,,,,,,,,,,,,,,,,,,,,,,,4,,,,,,,,,,,,,,,,,,,
,,,,,,,,Physocarpus opulifolius,,,,AlouetteTM - aka ‘Couriphy01’,,,,,,,,,,,,,,,,,,,,,,,4,,,,,,,,,,,,,,,,,,,
,,,,,,,,Picea abies,,,,Norway Spruce - 'Little Gem',,,,,,,,,,,,,,,,,,,,,,,4,,,,,,,,,,,,,,,,,,,
,,,,,,,,Picea glauca,,,,Dwarf Alberta Spruce (& Conical Form) Very sensitive to winter wind.,,,,,,,,,,,,,,,,,,,,,,,4,,,,,,,,,,,,,,,,,,,
,,,,,,,,Picea meyeri,,,,Meyer's Spruce,,,,,,,,,,,,,,,,,,,,,,,4,,,,,,,,,,,,,,,,,,,
,,,,,,,,Picea omorika,,,,Serbian Spruce,,,,,,,,,,,,,,,,,,,,,,,4,,,,,,,,,,,,,,,,,,,
,,,,,,,,Picea omorika,,,,Pendula',,,,,,,,,,,,,,,,,,,,,,,4,,,,,,,,,,,,,,,,,,,
,,,,,,,,Pinus contorta,,,,Lodgepole Pine,,,,,,,,,,,,,,,,,,,,,,,4,,,,,,,,,,,,,,,,,,,
,,,,,,,,Pinus contorta,,,,Lodgepole pine - 'Taylors Sunburst',,,,,,,,,,,,,,,,,,,,,,,4,,,,,,,,,,,,,,,,,,,
,,,,,,,,Pinus densiflora,,,,Japanese Red Pine,,,,,,,,,,,,,,,,,,,,,,,4,,,,,,,,,,,,,,,,,,,
,,,,,,,,Pinus flexilis,,,,Limber Pine - Vanderwolf's,,,,,,,,,,,,,,,,,,,,,,,4,,,,,,,,,,,,,,,,,,,
,,,,,,,,Pinus korensis,,,,Korean Pine,,,,,,,,,,,,,,,,,,,,,,,4,,,,,,,,,,,,,,,,,,,
,,,,,,,,Pinus nigra,,,,Austrian Pine - Brepo® aka 'Prerrick Bregeon',,,,,,,,,,,,,,,,,,,,,,,4,,,,,,,,,,,,,,,,,,,
,,,,,,,,Pinus parviflora,,,,Japanese White Pine 'Kinpo',,,,,,,,,,,,,,,,,,,,,,,4,,,,,,,,,,,,,,,,,,,
,,,,,,,,Pinus x schwerinii,,,,Wiethosrt',,,,,,,,,,,,,,,,,,,,,,,4,,,,,,,,,,,,,,,,,,,
,,,,,,,,Platanus x acerifolia,,,,"Exclamation!™ aka 'Morton Circle’, 'Bloodgood'",,,,,,,,,,,,,,,,,,,,,,,4,,,,,,,,,,,,,,,,,,,
,,,,,,,,Populus sargentii,,,,Jeronimus Sargent' Poplar,,,,,,,,,,,,,,,,,,,,,,,4,,,,,,,,,,,,,,,,,,,
,,,,,,,,Populus tremuloides,,,,"Prairie Gold' aka ""NEArb'",,,,,,,,,,,,,,,,,,,,,,,4,,,,,,,,,,,,,,,,,,,
,,,,,,,,Prunus avium,,,,Mazzard Cherry,,,,,,,,,,,,,,,,,,,,,,,4,,,,,,,,,,,,,,,,,,,
,,,,,,,,Prunus cerasifera,,,,Newport Plum - Minnesota strain,,,,,,,,,,,,,,,,,,,,,,,4,,,,,,,,,,,,,,,,,,,
,,,,,,,,Prunus cerasus,,,,Tart Cherry,,,,,,,,,,,,,,,,,,,,,,,4,,,,,,,,,,,,,,,,,,,
,,,,,,,,Prunus glandulosa,,,,Pink Flowering Almond - 'Rosea Plena',,,,,,,,,,,,,,,,,,,,,,,4,,,,,,,,,,,,,,,,,,,
,,,,,,,,Prunus mahleb,,,,Mahaleb Cherry,,,,,,,,,,,,,,,,,,,,,,,4,,,,,,,,,,,,,,,,,,,
,,,,,,,,Prunus sargentii,,,,Hokkaido Normandale' aka Spring Wonder™,,,,,,,,,,,,,,,,,,,,,,,4,,,,,,,,,,,,,,,,,,,
,,,,,,,,Prunus x cerasifera,,,,Crimson Pointe™ aka 'Cripoissam',,,,,,,,,,,,,,,,,,,,,,,4,,,,,,,,,,,,,,,,,,,
,,,,,,,,Pseudolarix amabilis,,,,Golden Larch,,,,,,,,,,,,,,,,,,,,,,,4,,,,,,,,,,,,,,,,,,,
,,,,,,,,Pseudotsuga menziesii var. glauca,,,,Rocy Mountian Douglas Fir,,,,,,,,,,,,,,,,,,,,,,,4,,,,,,,,,,,,,,,,,,,
,,,,,,,,Pyrus,,,,Silver Ball Pear,,,,,,,,,,,,,,,,,,,,,,,4,,,,,,,,,,,,,,,,,,,
,,,,,,,,Pyrus calleryana,,,,Autumn Blaze Pear,,,,,,,,,,,,,,,,,,,,,,,4,,,,,,,,,,,,,,,,,,,
,,,,,,,,Pyrus fauriei,,,,"Korean SunTM, 'Westwood' Pear",,,,,,,,,,,,,,,,,,,,,,,4,,,,,,,,,,,,,,,,,,,
,,,,,,,,Quercus bicolor,,,,Swamp White Oak,,,,,,,,,,,,,,,,,,,,,,,4,,,,,,,,,,,,,,,,,,,
,,,,,,,,Quercus coccinea,,,,Scarlet Oak,,,,,,,,,,,,,,,,,,,,,,,4,,,,,,,,,,,,,,,,,,,
,,,,,,,,Quercus muehlenbergii,,,,Chinkapin Oak,,,,,,,,,,,,,,,,,,,,,,,4,,,,,,,,,,,,,,,,,,,
,,,,,,,,Quercus palustris,,,,Eastern Pin Oak,,,,,,,,,,,,,,,,,,,,,,,4,,,,,,,,,,,,,,,,,,,
,,,,,,,,Quercus palustris,,,,Green Pillar® aka 'Pringreen' Pin Oak,,,,,,,,,,,,,,,,,,,,,,,4,,,,,,,,,,,,,,,,,,,
,,,,,,,,Quercus robur x alba,,,,Skinny Genes' 'JFS-KW2QX',,,,,,,,,,,,,,,,,,,,,,,4,,,,,,,,,,,,,,,,,,,
,,,,,,,,Quercus robur x bicolor,,,,"Kindred Spirirt Oak, aka 'Nadler'",,,,,,,,,,,,,,,,,,,,,,,4,,,,,,,,,,,,,,,,,,,
,,,,,,,,Quercus x macdanielii,,,,Heritage® aka 'Clemons' Oak,,,,,,,,,,,,,,,,,,,,,,,4,,,,,,,,,,,,,,,,,,,
,,,,,,,,Quercus x warei,,,,Regal Prince® aka 'Long' Oak,,,,,,,,,,,,,,,,,,,,,,,4,,,,,,,,,,,,,,,,,,,
,,,,,,,,Rhododendron,,,,Lights Series Azaleas and PJM's are zone 4,,,,,,,,,,,,,,,,,,,,,,,4,,,,,,,,,,,,,,,,,,,
,,,,,,,,Rhododendron,,,,Electric Lights™ aka 'UMNAZ633',,,,,,,,,,,,,,,,,,,,,,,4,,,,,,,,,,,,,,,,,,,
,,,,,,,,Rhododendron,,,,"Azalea - 'Candy Lights™', 'Golden Lights', 'Haaga', 'Hellikki', 'Lemon Lights', 'Lilac Lights™', 'Mandarin Lights', 'Mikkeii', 'Northern Hi-Lights', 'Northern Lights', 'Orchid Lights', ' Rosy Lights', 'Tri-Lights', 'White Lights', 'Aglo', 'Millenium', 'P.J.M.', 'P.J.M. Elite', 'Pink and Sweet', 'Weston's Innocence', 'Weston's Lemon Drop', 'Weston's Parade', 'Weston's Popsicle'",,,,,,,,,,,,,,,,,,,,,,,4,,,,,,,,,,,,,,,,,,,
,,,,,,,,Rhododendron,,,,"Besse Howells', ‘Ken Janeck’",,,,,,,,,,,,,,,,,,,,,,,4,,,,,,,,,,,,,,,,,,,
,,,,,,,,Rhododendron catawbiense,,,,"Azalea - 'Album', 'English Roseum', 'Nova Zembla', 'Purple Elegens', 'Roseum Elegans'",,,,,,,,,,,,,,,,,,,,,,,4,,,,,,,,,,,,,,,,,,,
,,,,,,,,Rhododendron x,,,,"Bubblegum', 'Helsinki University', 'Mikkelli', ‘Olga Mezzitt’, ‘Cornell Pink’ , ‘Henry’s Red’, ‘April Rose’",,,,,,,,,,,,,,,,,,,,,,,4,,,,,,,,,,,,,,,,,,,
,,,,,,,,Rhododendron x,,,,"First Editions® Electric Lights™ Double Pink Azalea aka 'UMNAZ 493' PP26,600",,,,,,,,,,,,,,,,,,,,,,,4,,,,,,,,,,,,,,,,,,,
,,,,,,,,Rhododendron x,,,,Minnmetonka',,,,,,,,,,,,,,,,,,,,,,,4,,,,,,,,,,,,,,,,,,,
,,,,,,,,Rhododendron x,,,,Purple Gem Azalea,,,,,,,,,,,,,,,,,,,,,,,4,,,,,,,,,,,,,,,,,,,
,,,,,,,,Rhododendron x kosteranum,,,,Mollis Azalea,,,,,,,,,,,,,,,,,,,,,,,4,,,,,,,,,,,,,,,,,,,
,,,,,,,,Rhus trilobata,,,,Skunkbush Sumac,,,,,,,,,,,,,,,,,,,,,,,4,,,,,,,,,,,,,,,,,,,
,,,,,,,,Rhus typhina,,,,First Editions® Tiger Eyes® aka 'Bailtiger' PP16.185 Cutleaf Staghorn Sumac,,,,,,,,,,,,,,,,,,,,,,,4,,,,,,,,,,,,,,,,,,,
,,,,,,,,Salix,,,,Golden Curls Willow,,,,,,,,,,,,,,,,,,,,,,,4,,,,,,,,,,,,,,,,,,,
,,,,,,,,Salix alba,,,,Niobe aka 'Tristis' Weeping Willow,,,,,,,,,,,,,,,,,,,,,,,4,,,,,,,,,,,,,,,,,,,
,,,,,,,,Salix caprea,,,,Weeping aka 'Pendula' Pussy Willow,,,,,,,,,,,,,,,,,,,,,,,4,,,,,,,,,,,,,,,,,,,
,,,,,,,,Salix integra,,,,Nishiki Willow - 'Hakuro Nishiki',,,,,,,,,,,,,,,,,,,,,,,4,,,,,,,,,,,,,,,,,,,
,,,,,,,,Salix integra,,,,Hakura Nishiki' Tree Form Willow,,,,,,,,,,,,,,,,,,,,,,,4,,,,,,,,,,,,,,,,,,,
,,,,,,,,Salix integra,,,,Flamingo',,,,,,,,,,,,,,,,,,,,,,,4,,,,,,,,,,,,,,,,,,,
,,,,,,,,Salix matsudana,,,,Corkscrew aka 'Tortuosa' Willow,,,,,,,,,,,,,,,,,,,,,,,4,,,,,,,,,,,,,,,,,,,
,,,,,,,,Salix nakamurana,,,,Nakamuruana Willow,,,,,,,,,,,,,,,,,,,,,,,4,,,,,,,,,,,,,,,,,,,
,,,,,,,,Salix purpurea,,,,Dwarf Blue Leaf Arctic Willow aka 'Nana',,,,,,,,,,,,,,,,,,,,,,,4,,,,,,,,,,,,,,,,,,,
,,,,,,,,Sambucus nigra,,,,"Black Elderberry - Black Lace™ Elderberry aka 'Eva', Black Beauty® aka'Gerda'",,,,,,,,,,,,,,,,,,,,,,,4,,,,,,,,,,,,,,,,,,,
,,,,,,,,Sorbus alnifolia,,,,Korean Mountain Ash,,,,,,,,,,,,,,,,,,,,,,,4,,,,,,,,,,,,,,,,,,,
,,,,,,,,Sorbus hybrida,,,,Oak Leaf Mountain Ash,,,,,,,,,,,,,,,,,,,,,,,4,,,,,,,,,,,,,,,,,,,
,,,,,,,,Spiraea japonica,,,,"Spirea - 'Golden Elf', 'Neon Flash', 'Pink Parade'",,,,,,,,,,,,,,,,,,,,,,,4,,,,,,,,,,,,,,,,,,,
,,,,,,,,Spiraea japonica,,,,Empire Ice Dragon' aka IceconspirPPAF,,,,,,,,,,,,,,,,,,,,,,,4,,,,,,,,,,,,,,,,,,,
,,,,,,,,Spiraea japonica,,,,"Empire Northern Lights aka 'DAVCOP01' PP31,996",,,,,,,,,,,,,,,,,,,,,,,4,,,,,,,,,,,,,,,,,,,
,,,,,,,,Spiraea japonica,,,,"Yeti aka 'Conspiyet' PP28,999",,,,,,,,,,,,,,,,,,,,,,,4,,,,,,,,,,,,,,,,,,,
,,,,,,,,Spiraea japonica,,,,Double Play® Candy Corn™ 'NCSX1',,,,,,,,,,,,,,,,,,,,,,,4,,,,,,,,,,,,,,,,,,,
,,,,,,,,Spiraea japonica,,,,Double Play® Doozie™ 'NCSX2',,,,,,,,,,,,,,,,,,,,,,,4,,,,,,,,,,,,,,,,,,,
,,,,,,,,Spiraea nipponica,,,,Snowmound Spirea,,,,,,,,,,,,,,,,,,,,,,,4,,,,,,,,,,,,,,,,,,,
,,,,,,,,Spiraea prunifolia,,,,Bridalwreath Spirea,,,,,,,,,,,,,,,,,,,,,,,4,,,,,,,,,,,,,,,,,,,
,,,,,,,,Spiraea thunbergii,,,,Mellow Yellow Spirea aka 'Ogon',,,,,,,,,,,,,,,,,,,,,,,4,,,,,,,,,,,,,,,,,,,
,,,,,,,,Spiraea x arguta,,,,Dwarf Garland Spirea aka 'Compacta',,,,,,,,,,,,,,,,,,,,,,,4,,,,,,,,,,,,,,,,,,,
,,,,,,,,Spiraea x bumalda,,,,"Spirea - 'Anthony Waterer Spirea', 'Crispa', 'Dart's Red', ' Flowering Choice'",,,,,,,,,,,,,,,,,,,,,,,4,,,,,,,,,,,,,,,,,,,
,,,,,,,,Spiraea x cineria,,,,Grefsheim Spirea,,,,,,,,,,,,,,,,,,,,,,,4,,,,,,,,,,,,,,,,,,,
,,,,,,,,Spiraea x vanhoullei,,,,Firegold® aka 'Levgold' Spirea,,,,,,,,,,,,,,,,,,,,,,,4,,,,,,,,,,,,,,,,,,,
,,,,,,,,Stephanandra incise,,,,Crispa Cutleaf Stephanandra,,,,,,,,,,,,,,,,,,,,,,,4,,,,,,,,,,,,,,,,,,,
,,,,,,,,Symphoricarpos orbiculatus,,,,Red Snowberry,,,,,,,,,,,,,,,,,,,,,,,4,,,,,,,,,,,,,,,,,,,
,,,,,,,,Symphoricarpos x doorenbosii,,,,Candy™ Coralberry aka 'Kolmean',,,,,,,,,,,,,,,,,,,,,,,4,,,,,,,,,,,,,,,,,,,
,,,,,,,,Symphoricarpos x doorenbosii,,,,Galaxy™ Snowberry aka 'Kolmgala',,,,,,,,,,,,,,,,,,,,,,,4,,,,,,,,,,,,,,,,,,,
,,,,,,,,Symphoricarpos x doorenbosii,,,,Sweet™ Coralberry aka 'Kolmagics',,,,,,,,,,,,,,,,,,,,,,,4,,,,,,,,,,,,,,,,,,,
,,,,,,,,Syringa,,,,Lilac - 'Declaration',,,,,,,,,,,,,,,,,,,,,,,4,,,,,,,,,,,,,,,,,,,
,,,,,,,,Syringa pekinensis,,,,Beijing Gold® aka 'Zhang Zhiming' Pekin Tree Lilac,,,,,,,,,,,,,,,,,,,,,,,4,,,,,,,,,,,,,,,,,,,
,,,,,,,,Syringa reticulata,,,,Golden Eclipse Lilac,,,,,,,,,,,,,,,,,,,,,,,4,,,,,,,,,,,,,,,,,,,
,,,,,,,,Syringa vulgaris,,,,"New Age Lavender, aka 'G13099' PPAF",,,,,,,,,,,,,,,,,,,,,,,4,,,,,,,,,,,,,,,,,,,
,,,,,,,,Syringa x,,,,Josee Lilac,,,,,,,,,,,,,,,,,,,,,,,4,,,,,,,,,,,,,,,,,,,
,,,,,,,,Syringa x,,,,Congo',,,,,,,,,,,,,,,,,,,,,,,4,,,,,,,,,,,,,,,,,,,
,,,,,,,,Syringa x chinensis,,,,Lilac Sunday,,,,,,,,,,,,,,,,,,,,,,,4,,,,,,,,,,,,,,,,,,,
,,,,,,,,Taxus cuspidata,,,,Emerald Spreader 'Monloo',,,,,,,,,,,,,,,,,,,,,,,4,,,,,,,,,,,,,,,,,,,
,,,,,,,,Taxus cuspidata,,,,Upright aka 'Capitata' Yew,,,,,,,,,,,,,,,,,,,,,,,4,,,,,,,,,,,,,,,,,,,
,,,,,,,,Taxus media,,,,Meyeri',,,,,,,,,,,,,,,,,,,,,,,4,,,,,,,,,,,,,,,,,,,
,,,,,,,,Taxus media,,,,Pyramidalis',,,,,,,,,,,,,,,,,,,,,,,4,,,,,,,,,,,,,,,,,,,
,,,,,,,,Taxus x media,,,,"Citation', 'Dark Green', 'Taunton'",,,,,,,,,,,,,,,,,,,,,,,4,,,,,,,,,,,,,,,,,,,
,,,,,,,,Thuja occidentalis,,,,Mr. Bowling Ball® aka 'Bobaram' Arborvitae,,,,,,,,,,,,,,,,,,,,,,,4,,,,,,,,,,,,,,,,,,,
,,,,,,,,Thuja occidentalis,,,,PancakeTM - aka ‘Concesarini’,,,,,,,,,,,,,,,,,,,,,,,4,,,,,,,,,,,,,,,,,,,
,,,,,,,,Thuja occidentalis,,,,Sunkist Arborvitae,,,,,,,,,,,,,,,,,,,,,,,4,,,,,,,,,,,,,,,,,,,
,,,,,,,,Tilia cordata,,,,"Littleleaf Linden - 'Corzam', 'Corinthinian', 'Baileyi' Shamrock®, 'Greenspire'",,,,,,,,,,,,,,,,,,,,,,,4,,,,,,,,,,,,,,,,,,,
,,,,,,,,Tilia x flavescens,,,,Glenleven Linden,,,,,,,,,,,,,,,,,,,,,,,4,,,,,,,,,,,,,,,,,,,
,,,,,,,,Ulmus,,,,"Pioneer', 'Morton Plainsman' aka Vanguard Elm, 'Cathedral', 'Homestead', Accolade® aka 'Morton', Triumph™ aka 'Morton Glossy', 'Patriot', 'Prospector' 'Homestead', 'Morton Stalwart', Commendation™, 'New Horizon'",,,,,,,,,,,,,,,,,,,,,,,4,,,,,,,,,,,,,,,,,,,
,,,,,,,,Ulmus carpinifolia,,,,‘New Horizon',,,,,,,,,,,,,,,,,,,,,,,4,,,,,,,,,,,,,,,,,,,
,,,,,,,,Viburnum,,,,Emerald Triumph Viburnum,,,,,,,,,,,,,,,,,,,,,,,4,,,,,,,,,,,,,,,,,,,
,,,,,,,,Viburnum opulus,,,,Dwarf European aka 'Nanum' Cranberrybush,,,,,,,,,,,,,,,,,,,,,,,4,,,,,,,,,,,,,,,,,,,
,,,,,,,,Viburnum rhytidophylloides x burejaeticum,,,,Emerald Triumph Viburnum Tree Form,,,,,,,,,,,,,,,,,,,,,,,4,,,,,,,,,,,,,,,,,,,
,,,,,,,,Viburnum sargentii,,,,Onondaga Viburnum,,,,,,,,,,,,,,,,,,,,,,,4,,,,,,,,,,,,,,,,,,,
,,,,,,,,Viburnum x juddi,,,,Judd Viburnum,,,,,,,,,,,,,,,,,,,,,,,4,,,,,,,,,,,,,,,,,,,
,,,,,,,,Xanthoceras sorbifolium,,,,Yellowhorn,,,,,,,,,,,,,,,,,,,,,,,4,,,,,,,,,,,,,,,,,,,
,,,Betulaceae,carpinus,,caroliniana,,carpinus caroliniana,,,,"hornbeam, american",Least concern,,,,,,,,,,,,,,,,,,,,,,5,,,,,,,,,,,,,70,,,,,,25
,,,Sapindaceae,acer,,japonicum,,acer japonicum,var.,dissectum,,"maple, fullmoon",Least concern,,,,,,30,20,,,,,,,,,,,,,6,7.5,5,,,,,,,,,,,,,80,,,,,,2
,,,Sapindaceae,acer,,palmatum,,acer palmatum,,,,"maple, japanese",Least concern,,round tree,,,,25,15,,,,part shade/full sun,,,,,spring,,,,6,7.5,5,,,,,,,,,,,,,70,,,,,,43
,,,,,,,,Actinidia arguta (also listed under vines),,,,Issai' - Hardy Kiwi,,,,,,,,,,,,,,,,,,,,,,,5,,,,,,,,,,,,,,,,,,,
,,,,,,,,Aesculus x carnea,,,,"Ruby Horsechestnut - 'Briotii', 'Fort McNair",,,,,,,,,,,,,,,,,,,,,,,5,,,,,,,,,,,,,,,,,,,
,,,,,,,,Aronia arbutifolia,,,,Brilliantissima',,,,,,,,,,,,,,,,,,,,,,,5,,,,,,,,,,,,,,,,,,,
,,,,,,,,Betula utilis var. jacquemontii,,,,Himalayan birch,,,,,,,,,,,,,,,,,,,,,,,5,,,,,,,,,,,,,,,,,,,
,,,,,,,,Buddleia davidii,,,,"African Queen', 'Black Knight', 'Honeycomb', 'Moonshadow', 'Nanho Blue', 'Pink Delight', 'Potter's Purple', 'Summer Rose', 'Windy Hill'",,,,,,,,,,,,,,,,,,,,,,,5,,,,,,,,,,,,,,,,,,,
,,,,,,,,Buddleia davidii,,,,Pugster Pinker™ aka 'SMNHPPH,,,,,,,,,,,,,,,,,,,,,,,5,,,,,,,,,,,,,,,,,,,
,,,,,,,,Buddleia davidii,,,,"Butterfly Bush -
Pugster Blue® aka 'SMNBDBT'
Pugster Periwinkle® aka 'SMNBDO'
Pugster Pink® aka 'SMNBDPT' 
Pugster Amethyst® aka 'SMNBDL'",,,,,,,,,,,,,,,,,,,,,,,5,,,,,,,,,,,,,,,,,,,
,,,,,,,,Buddleia davidii,,,,"Funky Fuchsia™ 'PIIBD-II' PP26,278, Groovy Grape™ 'PIIBD-I' PP26,305, Psychedelic Sky™ 'PIIBD-III' PP26,306, 'Purple Haze' PP24,514,",,,,,,,,,,,,,,,,,,,,,,,5,,,,,,,,,,,,,,,,,,,
,,,,,,,,Buxus microphylla,,,,Winter Gem',,,,,,,,,,,,,,,,,,,,,,,5,,,,,,,,,,,,,,,,,,,
,,,,,,,,Buxus microphylla x sempervirens,,,,"Winter Gem', 'Green Mountain'",,,,,,,,,,,,,,,,,,,,,,,5,,,,,,,,,,,,,,,,,,,
,,,,,,,,Buxus sempervirens,,,,Common Boxwood - 'Suffruticosa',,,,,,,,,,,,,,,,,,,,,,,5,,,,,,,,,,,,,,,,,,,
,,,,,,,,Buxus sempervirens,,,,Arctic Emerald',,,,,,,,,,,,,,,,,,,,,,,5,,,,,,,,,,,,,,,,,,,
,,,,,,,,Buxus sempervirens,,,,Graham Blandy',,,,,,,,,,,,,,,,,,,,,,,5,,,,,,,,,,,,,,,,,,,
,,,,,,,,Callicarpa dichotoma,,,,Profusion',,,,,,,,,,,,,,,,,,,,,,,5,,,,,,,,,,,,,,,,,,,
,,,,,,,,Callicarpa dichotoma,,,,"Dark Star', 'Early Amethyst', 'Issai'",,,,,,,,,,,,,,,,,,,,,,,5,,,,,,,,,,,,,,,,,,,
,,,,,,,,Calycanthus floridus,,,,"Athens', 'Michael Lindsey'",,,,,,,,,,,,,,,,,,,,,,,5,,,,,,,,,,,,,,,,,,,
,,,,,,,,Carpinus betulus,,,,"Hornbeam - 'Columnaris', 'Frans Fontaine', 'Fastigiata', 'Globosa', 'Pendula', 'Purpurea'",,,,,,,,,,,,,,,,,,,,,,,5,,,,,,,,,,,,,,,,,,,
,,,,,,,,Carya illinoensis,,,,"Pecan - 'Cape Fear', 'Cheyenne', 'Choctaw', 'Desirable', 'Elliott', 'Kiowa', 'Mahan', 'Maramec', 'Mohawk', 'Navajo', 'Pawnee', 'Silverback', 'Stuart', 'Western', 'Wichita'",,,,,,,,,,,,,,,,,,,,,,,5,,,,,,,,,,,,,,,,,,,
,,,,,,,,Caryopteris x clandonensis,,,,"Blue Mist', 'Dark Knight', 'Minbleu', 'Blayer Splatz'",,,,,,,,,,,,,,,,,,,,,,,5,,,,,,,,,,,,,,,,,,,
,,,,,,,,Catalpa bignoniodes,,,,Southern Catalpa,,,,,,,,,,,,,,,,,,,,,,,5,,,,,,,,,,,,,,,,,,,
,,,,,,,,Catalpa bignoniodes,,,,Southern Catalpa - 'Aurea',,,,,,,,,,,,,,,,,,,,,,,5,,,,,,,,,,,,,,,,,,,
,,,,,,,,Chaenomeles japonica,,,,Quince - 'Minerva',,,,,,,,,,,,,,,,,,,,,,,5,,,,,,,,,,,,,,,,,,,
,,,,,,,,Chaenomeles japonica,,,,Quince - 'Rubra',,,,,,,,,,,,,,,,,,,,,,,5,,,,,,,,,,,,,,,,,,,
,,,,,,,,Chaenomeles japonica,,,,Quince - 'Sargentii',,,,,,,,,,,,,,,,,,,,,,,5,,,,,,,,,,,,,,,,,,,
,,,,,,,,Chaenomeles speciosa,,,,"Quince -'Alba', 'Apple Blossom', 'Contorta' , 'Crimson Beauty', 'Nivalis', 'Rubra', 'Spitfire'",,,,,,,,,,,,,,,,,,,,,,,5,,,,,,,,,,,,,,,,,,,
,,,,,,,,Chaenomeles speciosa,,,,Quince - 'Toyo Nishiki',,,,,,,,,,,,,,,,,,,,,,,5,,,,,,,,,,,,,,,,,,,
,,,,,,,,Chaenomeles speciosa,,,,Quince Double Take Peach™,,,,,,,,,,,,,,,,,,,,,,,5,,,,,,,,,,,,,,,,,,,
,,,,,,,,Chaenomeles superba,,,,"Quince - 'Crimson and Gold', 'Hollandia'",,,,,,,,,,,,,,,,,,,,,,,5,,,,,,,,,,,,,,,,,,,
,,,,,,,,Chaenomeles superba,,,,Quince - 'Jet Trail',,,,,,,,,,,,,,,,,,,,,,,5,,,,,,,,,,,,,,,,,,,
,,,,,,,,Chaenomeles superba,,,,Quince -'Texas Scarlet',,,,,,,,,,,,,,,,,,,,,,,5,,,,,,,,,,,,,,,,,,,
,,,,,,,,Chamaecyparis nootkatensis,,,,Pendula' Weeping Nootka Cypress,,,,,,,,,,,,,,,,,,,,,,,5,,,,,,,,,,,,,,,,,,,
,,,,,,,,Chamaecyparis obtusa,,,,"Falsecypress - 'Hinoki', 'Nana Gracilis'",,,,,,,,,,,,,,,,,,,,,,,5,,,,,,,,,,,,,,,,,,,
,,,,,,,,Cladrastis kentuckea,,,,Yellowwood - 'Perkins Pink',,,,,,,,,,,,,,,,,,,,,,,5,,,,,,,,,,,,,,,,,,,
,,,,,,,,Cornus kousa,,,,Kousa Dogwood,,,,,,,,,,,,,,,,,,,,,,,5,,,,,,,,,,,,,,,,,,,
,,,,,,,,Cornus kousa chinensis,,,,Chinese or Kousa Dogwood,,,,,,,,,,,,,,,,,,,,,,,5,,,,,,,,,,,,,,,,,,,
,,,,,,,,Cornus kousa var. chinensis,,,,Galilean® aka 'Galzam',,,,,,,,,,,,,,,,,,,,,,,5,,,,,,,,,,,,,,,,,,,
,,,,,,,,Cornus sanguinea,,,,"Dogwood - 'Compressa', 'Midwinter Fire', 'Winter Beauty'",,,,,,,,,,,,,,,,,,,,,,,5,,,,,,,,,,,,,,,,,,,
,,,,,,,,Cornus x,,,,Stellar Pink® aka ‘Rutgan’,,,,,,,,,,,,,,,,,,,,,,,5,,,,,,,,,,,,,,,,,,,
,,,,,,,,Corylus avellana,,,,Contorted Hazel - 'Contorta',,,,,,,,,,,,,,,,,,,,,,,5,,,,,,,,,,,,,,,,,,,
,,,,,,,,Cotinus coggygria,,,,Smokebush - 'Royal Purple',,,,,,,,,,,,,,,,,,,,,,,5,,,,,,,,,,,,,,,,,,,
,,,,,,,,Cotinus coggygria,,,,"Smokebush - 'Atropurpureus', 'Daydream', 'Purple Supreme'",,,,,,,,,,,,,,,,,,,,,,,5,,,,,,,,,,,,,,,,,,,
,,,,,,,,Cotinus coggygria,,,,Smokebush - 'Pink Champagne',,,,,,,,,,,,,,,,,,,,,,,5,,,,,,,,,,,,,,,,,,,
,,,,,,,,Cotinus coggygria,,,,Smokebush - 'Purpureus',,,,,,,,,,,,,,,,,,,,,,,5,,,,,,,,,,,,,,,,,,,
,,,,,,,,Cotoneaster,,,,"First Editions® Autumn Inferno® Cotoneaster, 'Bonfire'",,,,,,,,,,,,,,,,,,,,,,,5,,,,,,,,,,,,,,,,,,,
,,,,,,,,Cotoneaster dammeri,,,,Nordic Carpet',,,,,,,,,,,,,,,,,,,,,,,5,,,,,,,,,,,,,,,,,,,
,,,,,,,,Cytisus purgans,,,,Broom - 'Spanish Gold',,,,,,,,,,,,,,,,,,,,,,,5,,,,,,,,,,,,,,,,,,,
,,,,,,,,Daphne mezereum,,,,February Daphne,,,,,,,,,,,,,,,,,,,,,,,5,,,,,,,,,,,,,,,,,,,
,,,,,,,,Deutzia,,,,Yuki Cherry Blossom™,,,,,,,,,,,,,,,,,,,,,,,5,,,,,,,,,,,,,,,,,,,
,,,,,,,,Deutzia gracilis,,,,"Nana', 'Nikko', 'Slender Deutzia'",,,,,,,,,,,,,,,,,,,,,,,5,,,,,,,,,,,,,,,,,,,
,,,,,,,,Euonymus alatus,,,,"Rudy Haag'
Specially Regulated Plant in Minnesota (3-year phase-out period) and will become a Restricted Noxious Weed in 2023.",,,,,,,,,,,,,,,,,,,,,,,5,,,,,,,,,,,,,,,,,,,
,,,,,,,,Euonymus fortunei,,,,"Emerald Gaiety', 'Emerald and Gold', 'Harliquin'",,,,,,,,,,,,,,,,,,,,,,,5,,,,,,,,,,,,,,,,,,,
,,,,Fagus,,orientalis,,Fagus  orientalis,,,,,,,,,,,,,,tolerant of most conditions,,,,,,,,,,,,,5,,,,,,,,,,,Resistance to verticillium wilt,,,,,,,,
,,,,,,,,Fagus sylvatica,,,,"Beech - 'Purple Fountain', 'Rohan Obelisk'",,,,,,,,,,,,,,,,,,,,,,,5,,,,,,,,,,,,,,,,,,,
,,,,,,,,Fagus sylvatica,,,,"Beech - 'Dawyck', 'Purpurea Pendula', 'Purple Fountian', 'Red Obelisk'",,,,,,,,,,,,,,,,,,,,,,,5,,,,,,,,,,,,,,,,,,,
,,,,,,,,Forsythia,,,,Arnold Dwarf',,,,,,,,,,,,,,,,,,,,,,,5,,,,,,,,,,,,,,,,,,,
,,,,,,,,Forsythia viridissima,,,,Dwarf Forsythia - 'Bronxensis',,,,,,,,,,,,,,,,,,,,,,,5,,,,,,,,,,,,,,,,,,,
,,,,,,,,Gymnocladus dioicus,,,,Prairie Titan™,,,,,,,,,,,,,,,,,,,,,,,5,,,,,,,,,,,,,,,,,,,
,,,,,,,,Halesia carolina,,,,Carolina Silverbell,,,,,,,,,,,,,,,,,,,,,,,5,,,,,,,,,,,,,,,,,,,
,,,,,,,,Hamamelis vernalis,,,,Vernal Witch Hazel,,,,,,,,,,,,,,,,,,,,,,,5,,,,,,,,,,,,,,,,,,,
,,,,,,,,Hamamelis x intermedia,,,,Witch Hazel - 'Arnold Promise',,,,,,,,,,,,,,,,,,,,,,,5,,,,,,,,,,,,,,,,,,,
,,,,,,,,Hamamelis x intermedia,,,,"Witch Hazel - 'Diane', 'Jelena'",,,,,,,,,,,,,,,,,,,,,,,5,,,,,,,,,,,,,,,,,,,
,,,,,,,,Heptacodium miconioides,,,,First Editions® Tianshan™ Seven-son flower aka 'Minhep',,,,,,,,,,,,,,,,,,,,,,,5,,,,,,,,,,,,,,,,,,,
,,,,,,,,Heptacodium miconioides,,,,Seven-son Flower,,,,,,,,,,,,,,,,,,,,,,,5,,,,,,,,,,,,,,,,,,,
,,,,,,,,Hibiscus syriacus,,,,"Aphrodite', 'Ardens', 'Greba', 'Notwoodthree', 'Bluishing Bride', 'Collie Mullens', 'Notwoodone'",,,,,,,,,,,,,,,,,,,,,,,5,,,,,,,,,,,,,,,,,,,
,,,,,,,,Hibiscus syriacus,,,,"Diana', 'Minfren', 'Minspot', 'Minigrand', 'Mineu'",,,,,,,,,,,,,,,,,,,,,,,5,,,,,,,,,,,,,,,,,,,
,,,,,,,,Hibiscus syriacus,,,,French Cabaret™ aka 'MindauV5',,,,,,,,,,,,,,,,,,,,,,,5,,,,,,,,,,,,,,,,,,,
,,,,,,,,Hydrangea anomala (also listed with VINES),,,,Climbing Hydrangea,,,,,,,,,,,,,,,,,,,,,,,5,,,,,,,,,,,,,,,,,,,
,,,,,,,,Hydrangea macrophylla,,,,"All Summer Beauty', 'Glowing Embers' First Editions® 'Light o Day' aka 'Bailday', 'Nikko Blue', 'Pia', 'Pink Beauty'",,,,,,,,,,,,,,,,,,,,,,,5,,,,,,,,,,,,,,,,,,,
,,,,,,,,Hydrangea macrophylla,,,,Bigleaf Hydrangea,,,,,,,,,,,,,,,,,,,,,,,5,,,,,,,,,,,,,,,,,,,
,,,,,,,,Hydrangea macrophylla,,,,Endless Summer® 'Blushing Bride,,,,,,,,,,,,,,,,,,,,,,,5,,,,,,,,,,,,,,,,,,,
,,,,,,,,Hydrangea quercifolia,,,,Oakleaf Hydrangea,,,,,,,,,,,,,,,,,,,,,,,5,,,,,,,,,,,,,,,,,,,
,,,,,,,,Hydrangea quercifolia,,,,"Oakleaf Hydrangea 'Alice', 'Snow Queen','Munchkin', 'Ruby Slippers'",,,,,,,,,,,,,,,,,,,,,,,5,,,,,,,,,,,,,,,,,,,
,,,,,,,,Hypericum x,,,,Hidcote' Gold Cup St. Johnswort,,,,,,,,,,,,,,,,,,,,,,,5,,,,,,,,,,,,,,,,,,,
,,,,,,,,Ilex glabra,,,,Nordic' Holly - 'Chamzin',,,,,,,,,,,,,,,,,,,,,,,5,,,,,,,,,,,,,,,,,,,
,,,,,,,,Ilex meserveae,,,,Blue Girl',,,,,,,,,,,,,,,,,,,,,,,5,,,,,,,,,,,,,,,,,,,
,,,,,,,,Ilex meserveae,,,,"Blue Princess', 'Blue Prince', 'Castle Wall'",,,,,,,,,,,,,,,,,,,,,,,5,,,,,,,,,,,,,,,,,,,
,,,,,,,,Ilex meserveae,,,,"‘Castle Spire’, ‘China Boy’, ‘China Girl’, ‘Honeymooners’",,,,,,,,,,,,,,,,,,,,,,,5,,,,,,,,,,,,,,,,,,,
,,,,,,,,Ilex meserveae,,,,"Castle Spire', 'China Boy', 'China Girl', 'Honeymooners'",,,,,,,,,,,,,,,,,,,,,,,5,,,,,,,,,,,,,,,,,,,
,,,,,,,,Itea virginica -,,,,"Virginia Sweetspire 'Henrys Garnet', 'Sprich'",,,,,,,,,,,,,,,,,,,,,,,5,,,,,,,,,,,,,,,,,,,
,,,,,,,,Juglans regia,,,,Carpathian' walnut,,,,,,,,,,,,,,,,,,,,,,,5,,,,,,,,,,,,,,,,,,,
,,,,,,,,Juniperus communis,,,,Gold Cone',,,,,,,,,,,,,,,,,,,,,,,5,,,,,,,,,,,,,,,,,,,
,,,,,,,,Kalmia latifolia,,,,Mountian Laurel,,,,,,,,,,,,,,,,,,,,,,,5,,,,,,,,,,,,,,,,,,,
,,,,,,,,Kerria japonica,,,,"Superba Japanese Kerria, Golden Guinea Kerria",,,,,,,,,,,,,,,,,,,,,,,5,,,,,,,,,,,,,,,,,,,
,,,,,,,,Koelreuteria paniculata,,,,Goldenrain Tree,,,,,,,,,,,,,,,,,,,,,,,5,,,,,,,,,,,,,,,,,,,
,,,,,,,,Kolkwitzia amabillis,,,,Pink Cloud',,,,,,,,,,,,,,,,,,,,,,,5,,,,,,,,,,,,,,,,,,,
,,,,,,,,Kolkwitzia amabillis,,,,Beautybush,,,,,,,,,,,,,,,,,,,,,,,5,,,,,,,,,,,,,,,,,,,
,,,,,,,,Ligustrum ovalifolium,,,,California Privit,,,,,,,,,,,,,,,,,,,,,,,5,,,,,,,,,,,,,,,,,,,
,,,,,,,,Ligustrum x vicaryi,,,,"Golden Vicary', 'Hillside'",,,,,,,,,,,,,,,,,,,,,,,5,,,,,,,,,,,,,,,,,,,
,,,,,,,,Lindera benzoin,,,,Spicebush,,,,,,,,,,,,,,,,,,,,,,,5,,,,,,,,,,,,,,,,,,,
,,,,,,,,Liquidambar styraciflua,,,,"Sweetgum - 'Lane Roberts', 'Silver King', 'Slender Silhouette'",,,,,,,,,,,,,,,,,,,,,,,5,,,,,,,,,,,,,,,,,,,
,,,,,,,,Liquidambar styraciflua,,,,"Worplesdon', 'Morraine'",,,,,,,,,,,,,,,,,,,,,,,5,,,,,,,,,,,,,,,,,,,
,,,,,,,,Liquidambar styraciflua,,,,Happidaze™ Sweetgum,,,,,,,,,,,,,,,,,,,,,,,5,,,,,,,,,,,,,,,,,,,
,,,,,,,,Liriodendron tulipifera,,,,Tuliptree,,,,,,,,,,,,,,,,,,,,,,,5,,,,,,,,,,,,,,,,,,,
,,,,,,,,Liriodendron tulipifera,,,,"Little Volunteer' PP19,581",,,,,,,,,,,,,,,,,,,,,,,5,,,,,,,,,,,,,,,,,,,
,,,,,,,,Magnolia kobus var. loebneri,,,,Magnolia - 'Jim Wilson',,,,,,,,,,,,,,,,,,,,,,,5,,,,,,,,,,,,,,,,,,,
,,,,,,,,Magnolia kobus var. loebneri ('Merrill' is zone 4),,,,Butterflies',,,,,,,,,,,,,,,,,,,,,,,5,,,,,,,,,,,,,,,,,,,
,,,,,,,,Magnolia x brooklynensis,,,,Yellow Bird',,,,,,,,,,,,,,,,,,,,,,,5,,,,,,,,,,,,,,,,,,,
,,,,,,,,Magnolia x soulangeana,,,,Saucer Magnolia,,,,,,,,,,,,,,,,,,,,,,,5,,,,,,,,,,,,,,,,,,,
,,,,,,,,Mahonia repens,,,,Creeping Mahonia,,,,,,,,,,,,,,,,,,,,,,,5,,,,,,,,,,,,,,,,,,,
,,,,,,,,Metasequoia glyptostroboides,,,,Dawn Redwood,,,,,,,,,,,,,,,,,,,,,,,5,,,,,,,,,,,,,,,,,,,
,,,,,,,,Metasequoia glyptostroboides,,,,"Dawn Redwood - 'Gold Rush', 'Miss Grace', 'Waasland'",,,,,,,,,,,,,,,,,,,,,,,5,,,,,,,,,,,,,,,,,,,
,,,,,,,,Nyssa sylvatica,,,,Black Tupelo or Black Gum Tree,,,,,,,,,,,,,,,,,,,,,,,5,,,,,,,,,,,,,,,,,,,
,,,,,,,,Oxydendrum arboreum,,,,Sorrel Tree,,,,,,,,,,,,,,,,,,,,,,,5,,,,,,,,,,,,,,,,,,,
,,,,,,,,Parrotia persica,,,,Persian Parrotia,,,,,,,,,,,,,,,,,,,,,,,5,,,,,,,,,,,,,,,,,,,
,,,,,,,,Philadelphus,,,,Natches' Mockorange,,,,,,,,,,,,,,,,,,,,,,,5,,,,,,,,,,,,,,,,,,,
,,,,,,,,Pieris japonica,,,,"Cavatine', 'Katsura', 'Valley Rose'",,,,,,,,,,,,,,,,,,,,,,,5,,,,,,,,,,,,,,,,,,,
,,,,,,,,Pieris japonica,,,,My Fire',,,,,,,,,,,,,,,,,,,,,,,5,,,,,,,,,,,,,,,,,,,
,,,,,,,,Prunus blireana,,,,Snofozam',,,,,,,,,,,,,,,,,,,,,,,5,,,,,,,,,,,,,,,,,,,
,,,,,,,,Prunus blireana,,,,Flowering Plum,,,,,,,,,,,,,,,,,,,,,,,5,,,,,,,,,,,,,,,,,,,
,,,,,,,,Prunus campanulata x Prunus incisa,,,,Okame',,,,,,,,,,,,,,,,,,,,,,,5,,,,,,,,,,,,,,,,,,,
,,,,,,,,Prunus cerasifera,,,,Myrobalan Plum,,,,,,,,,,,,,,,,,,,,,,,5,,,,,,,,,,,,,,,,,,,
,,,,,,,,Prunus cerasifera,,,,Thundercloud',,,,,,,,,,,,,,,,,,,,,,,5,,,,,,,,,,,,,,,,,,,
*,,,,,,,,Prunus incisa,,,,Little Twist® - aka 'CarltonLT',,,,,,,,,,,,,,,,,,,,,,,5,,,,,,,,,,,,,,,,,,,
,,,,,,,,Prunus persica,,,,Bonfire',,,,,,,,,,,,,,,,,,,,,,,5,,,,,,,,,,,,,,,,,,,
,,,,,,,,Prunus persica,,,,‘Crimson Cascade’,,,,,,,,,,,,,,,,,,,,,,,5,,,,,,,,,,,,,,,,,,,
,,,,,,,,Prunus persica,,,,"Flowering Peach - ‘Corinthian White’, ‘Corinthian Rose’",,,,,,,,,,,,,,,,,,,,,,,5,,,,,,,,,,,,,,,,,,,
,,,,,,,,Prunus serrulata,,,,"Kwanzan', 'Mt. Fuji', 'Pendula', 'Royal Burgundy', 'Shirofugen', 'Shirotae'",,,,,,,,,,,,,,,,,,,,,,,5,,,,,,,,,,,,,,,,,,,
,,,,,,,,Prunus subhirtella,,,,"Pendula Plena Rosea', 'Pisnshzam', 'Rosea'",,,,,,,,,,,,,,,,,,,,,,,5,,,,,,,,,,,,,,,,,,,
,,,,,,,,Prunus subhirtella,,,,Pink Snow Showers',,,,,,,,,,,,,,,,,,,,,,,5,,,,,,,,,,,,,,,,,,,
,,,,,,,,Prunus x,,,,Weeping Extraordinaire™ aka ‘Extrazam’,,,,,,,,,,,,,,,,,,,,,,,5,,,,,,,,,,,,,,,,,,,
,,,,,,,,Prunus x yedoensis,,,,Shidare Yosino',,,,,,,,,,,,,,,,,,,,,,,5,,,,,,,,,,,,,,,,,,,
,,,,,,,,Prunus x yedoensis,,,,"Afterglow', 'Akebono'",,,,,,,,,,,,,,,,,,,,,,,5,,,,,,,,,,,,,,,,,,,
,,,,,,,,Pseudotsuga menziesii,,,,Douglas Fir,,,,,,,,,,,,,,,,,,,,,,,5,,,,,,,,,,,,,,,,,,,
,,,,,,,,Pyrus calleryana,,,,"Aristocrat', 'Chanticleer', 'Red spire', 'Trinity'",,,,,,,,,,,,,,,,,,,,,,,5,,,,,,,,,,,,,,,,,,,
,,,,,,,,Quercus acutissima,,,,Sawtooth oak,,,,,,,,,,,,,,,,,,,,,,,5,,,,,,,,,,,,,,,,,,,
,,,,,,,,Quercus dentata,,,,Japanese Emperor Oak,,,,,,,,,,,,,,,,,,,,,,,5,,,,,,,,,,,,,,,,,,,
,,,,,,,,Quercus gambelii,,,,Gambel Oak,,,,,,,,,,,,,,,,,,,,,,,5,,,,,,,,,,,,,,,,,,,
,,,,,,,,Quercus imbricaria,,,,Shingle oak,,,,,,,,,,,,,,,,,,,,,,,5,,,,,,,,,,,,,,,,,,,
,,,,,,,,Quercus robur var. fastigiata,,,,Columnar English Oak,,,,,,,,,,,,,,,,,,,,,,,5,,,,,,,,,,,,,,,,,,,
,,,,,,,,Quercus shumardii,,,,Shumard Oak - 'Panache',,,,,,,,,,,,,,,,,,,,,,,5,,,,,,,,,,,,,,,,,,,
,,,,,,,,Rhododendron,,,,"‘Northern Starburst’, ‘Firestorm’",,,,,,,,,,,,,,,,,,,,,,,5,,,,,,,,,,,,,,,,,,,
,,,,,,,,Rhododendron,,,,Ramapo rhododendron - 'Ramapo',,,,,,,,,,,,,,,,,,,,,,,5,,,,,,,,,,,,,,,,,,,
,,,,,,,,Rhododendron,,,,Hellikki',,,,,,,,,,,,,,,,,,,,,,,5,,,,,,,,,,,,,,,,,,,
,,,,,,,,Rhododendron x,,,,Azalea - 'Cascade',,,,,,,,,,,,,,,,,,,,,,,5,,,,,,,,,,,,,,,,,,,
,,,,,,,,Rhododendron x,,,,Azalea - 'Stewartstonian',,,,,,,,,,,,,,,,,,,,,,,5,,,,,,,,,,,,,,,,,,,
,,,,,,,,Rhododendron x,,,,Azalea - 'Pleasant White',,,,,,,,,,,,,,,,,,,,,,,5,,,,,,,,,,,,,,,,,,,
,,,,,,,,Rhododendron yedoense,,,,"Korean Azalea - 'Compacta', 'Kelly Marie', 'Kimberlys Doub', 'Sweet 16' 1/22/13 SH None named ok at MLA and St. Paul.",,,,,,,,,,,,,,,,,,,,,,,5,,,,,,,,,,,,,,,,,,,
,,,,,,,,Rhus copallina var. latifolia,,,,Prairie Flame Shining Sumac - 'Morton',,,,,,,,,,,,,,,,,,,,,,,5,,,,,,,,,,,,,,,,,,,
,,,,,,,,Robinia hispida,,,,Macrophylla',,,,,,,,,,,,,,,,,,,,,,,5,,,,,,,,,,,,,,,,,,,
,,,,,,,,Salix matsudana,,,,Navajo',,,,,,,,,,,,,,,,,,,,,,,5,,,,,,,,,,,,,,,,,,,
,,,,,,,,Salix melanostachys,,,,Black Pussy willow,,,,,,,,,,,,,,,,,,,,,,,5,,,,,,,,,,,,,,,,,,,
,,,,,,,,Sassafras albidum,,,,Common Sassafras,,,,,,,,,,,,,,,,,,,,,,,5,,,,,,,,,,,,,,,,,,,
,,,,,,,,Syringa pekinensis,,,,Morton' - China Snow® Peking Lilac,,,,,,,,,,,,,,,,,,,,,,,5,,,,,,,,,,,,,,,,,,,
,,,,,,,,Taxodium distichum,,,,Baldcypress,,,,,,,,,,,,,,,,,,,,,,,5,,,,,,,,,,,,,,,,,,,
,,,,,,,,Taxodium distichum,,,,"Lindsey's Skyward™ aka 'Skyward' PP22,812, Shawnee Brave® aka 'Mickelson'",,,,,,,,,,,,,,,,,,,,,,,5,,,,,,,,,,,,,,,,,,,
,,,,,,,,Taxus media,,,,"Beanploe', 'Bonnie Green Mound', 'Densiformis Imp', 'Flushing', 'Legislator', 'Legzam', 'New Hicks', 'Pilaris', 'Representative', 'Repzam', 'Senator', 'Sentinalis', 'Senzam', 'Sunburst', 'Thomsen', 'Vermeulen'",,,,,,,,,,,,,,,,,,,,,,,5,,,,,,,,,,,,,,,,,,,
,,,,,,,,Taxus x media,,,,Densiformis' Dense Spreading Yew,,,,,,,,,,,,,,,,,,,,,,,5,,,,,,,,,,,,,,,,,,,
,,,,,,,,Taxus x media,,,,Brownii' Yew - 'Brownii',,,,,,,,,,,,,,,,,,,,,,,5,,,,,,,,,,,,,,,,,,,
,,,,,,,,Thuja koraiensis,,,,Spring Grove',,,,,,,,,,,,,,,,,,,,,,,5,,,,,,,,,,,,,,,,,,,
,,,,,,,,Thuja occidentalis,,,,Smaragd' aka 'Emerald Green',,,,,,,,,,,,,,,,,,,,,,,5,,,,,,,,,,,,,,,,,,,
,,,,,,,,Thuja occidentalis,,,,Janed Gold’,,,,,,,,,,,,,,,,,,,,,,,5,,,,,,,,,,,,,,,,,,,
,,,,,,,,Thuja plicata,,,,"Canadian Gold', 'Virescens', 'Whipcord', 'Zebrina Extra Gold', 'Golden Spire'",,,,,,,,,,,,,,,,,,,,,,,5,,,,,,,,,,,,,,,,,,,
,,,,,,,,Thuja plicata,,,,Grovepli' Spring Grove Arborvitae,,,,,,,,,,,,,,,,,,,,,,,5,,,,,,,,,,,,,,,,,,,
,,,,,,,,Tilia tomentosa,,,,Sterling Silver',,,,,,,,,,,,,,,,,,,,,,,5,,,,,,,,,,,,,,,,,,,
,,,,,,,,Tilia tomentosa,,,,Silver Lining™,,,,,,,,,,,,,,,,,,,,,,,5,,,,,,,,,,,,,,,,,,,
,,,,,,,,Ulmus carpinifolia x Ulmus parvifolia,,,,Frontier',,,,,,,,,,,,,,,,,,,,,,,5,,,,,,,,,,,,,,,,,,,
,,,,,,,,Ulmus glabra,,,,"Camptown', 'Horizontalis', 'Pendula'",,,,,,,,,,,,,,,,,,,,,,,5,,,,,,,,,,,,,,,,,,,
,,,,,,,,Ulmus glabra,,,,Camperdownii',,,,,,,,,,,,,,,,,,,,,,,5,,,,,,,,,,,,,,,,,,,
,,,,,,,,Ulmus parvifolia,,,,"Allee', 'Aross/Central Park', 'Bosque', 'Burgundy', 'Central Park Splendor', 'Golden Rey', 'Hokkaido', 'King's Choice', 'Prince Richard', 'Seiju', 'Yatsubusa'",,,,,,,,,,,,,,,,,,,,,,,5,,,,,,,,,,,,,,,,,,,
,,,,,,,,Viburnum,,,,"Chippewa', 'Huron', 'Sarcoxie'",,,,,,,,,,,,,,,,,,,,,,,5,,,,,,,,,,,,,,,,,,,
,,,,,,,,Viburnum carlcephalum,,,,,,,,,,,,,,,,,,,,,,,,,,,5,,,,,,,,,,,,,,,,,,,
,,,,,,,,Viburnum carlesii,,,,"Korean Spice Bush, 'Aurora', 'Compactum', 'Diana'",,,,,,,,,,,,,,,,,,,,,,,5,,,,,,,,,,,,,,,,,,,
,,,,,,,,Viburnum dilatatum,,,,"Asian Beauty', 'Cardinal Candy', 'Catskill', 'Erie', 'Henneke', 'Michael Dodge', 'Mt. Airy', 'Oneida', 'Vernon Morris'",,,,,,,,,,,,,,,,,,,,,,,5,,,,,,,,,,,,,,,,,,,
,,,,,,,,Viburnum nudum,,,,"Earth Shade', 'Winterthur'",,,,,,,,,,,,,,,,,,,,,,,5,,,,,,,,,,,,,,,,,,,
,,,,,,,,Viburnum x rhytidophylloides,,,,Alleghany',,,,,,,,,,,,,,,,,,,,,,,5,,,,,,,,,,,,,,,,,,,
,,,,Paxistima ,,myrisinites,,,,,,,,mountains from British Columbia to California,,,,,,,,Understory,,Sun to part shade,,,,,,,,,,,5,,,,,,,,,,,,,,,,,,,
,,,Sapindaceae,acer,,circinatum,,acer circinatum,,,,"maple, vine",Least concern,,rounded tree,1,,,30,20,,along stream banks (Dirr),"FAC (Alaska), FAC (Arid West), FAC (Northcentral & Northeast), FAC (Western Mountains, Valleys, and Coast)",,,,,,spring,,,,6,7.5,6,,,,,,,,,,,,,80,,,,,,
,,,,,,,,Buxus microphylla var. japonica,,,,"Baby Gem', 'Green Beauty', 'Sunnyside'",,,,,,,,,,,,,,,,,,,,,,,6,,,,,,,,,,,,,,,,,,,
,,,,,,,,Buxus microphylla x sempervirens,,,,Peergold',,,,,,,,,,,,,,,,,,,,,,,6,,,,,,,,,,,,,,,,,,,
,,,,,,,,Buxus sempervirens,,,,Pendula',,,,,,,,,,,,,,,,,,,,,,,6,,,,,,,,,,,,,,,,,,,
,,,,,,,,Chamaecyparis lawsoniana,,,,"Falsecypress - 'Minlem', 'Amaize n'",,,,,,,,,,,,,,,,,,,,,,,6,,,,,,,,,,,,,,,,,,,
,,,,,,,,Cryptomeria japonica (Also listed under SHRUBS),,,,PIICJ-I' Chapel View Japanese Cedar,,,,,,,,,,,,,,,,,,,,,,,6,,,,,,,,,,,,,,,,,,,
,,,,,,,,Cryptomeria japonica (Also listed under TREES,,,,PIICJ-I' Chapel View Japanese Cedar,,,,,,,,,,,,,,,,,,,,,,,6,,,,,,,,,,,,,,,,,,,
,,,,,,,,Ficus carica 'Chicago Hardy',,,,Chicago Hardy' Fig,,,,,,,,,,,,,,,,,,,,,,,6,,,,,,,,,,,,,,,,,,,
,,,,,,,,Hypericum inodorum,,,,"Pumpkin' ka 'Kolmapuki' PP24,576, 'Red Star' aka 'Kolmarest' PP21,313",,,,,,,,,,,,,,,,,,,,,,,6,,,,,,,,,,,,,,,,,,,
,,,,,,,,Ilex crenata,,,,Japanese Holly,,,,,,,,,,,,,,,,,,,,,,,6,,,,,,,,,,,,,,,,,,,
,,,,,,,,Illicium floridanum,,,,"Florida Anise-tree, 'Pink Frost'",,,,,,,,,,,,,,,,,,,,,,,6,,,,,,,,,,,,,,,,,,,
,,,,,,,,Laburnum x watereri,,,,Goldenchain Tree -'Vossii',,,,,,,,,,,,,,,,,,,,,,,6,,,,,,,,,,,,,,,,,,,
,,,,,,,,Lonicera nitida,,,,"Edme Gold', 'Briloni'",,,,,,,,,,,,,,,,,,,,,,,6,,,,,,,,,,,,,,,,,,,
,,,,,,,,Magnolia grandiflora,,,,Southern Magnolia,,,,,,,,,,,,,,,,,,,,,,,6,,,,,,,,,,,,,,,,,,,
,,,,,,,,Pyracantha coccinea,,,,Firethorn 'Mohave',,,,,,,,,,,,,,,,,,,,,,,6,,,,,,,,,,,,,,,,,,,
,,,,,,,,Quercus garryana,,,,Oregon Oak,,,,,,,,,,,,,,,,,,,,,,,6,,,,,,,,,,,,,,,,,,,
,,,,,,,,Rhododendron,,,,"1000 Butterflies', 'Ambrosia', 'Hansel', 'Supernova'",,,,,,,,,,,,,,,,,,,,,,,6,,,,,,,,,,,,,,,,,,,
,,,,,,,,Ribes sanguineum,,,,Currant - 'King Edward VII',,,,,,,,,,,,,,,,,,,,,,,6,,,,,,,,,,,,,,,,,,,
,,,,,,,,Zelkova serrata,,,,Zelkova - 'Green Vase',,,,,,,,,,,,,,,,,,,,,,,6,,,,,,,,,,,,,,,,,,,
,,,,Prunus,,laurocerasus,,Prunus  laurocerasus,,,,,,,,,,,,,,"low woods, maritime forests, fields",,,,,,,,,,,,,7,,,,,,,,,,,,,,,,,,,
,,,Ulmaceae,ulmus,,parvifolia,,ulmus parvifolia,,,,"elm, lacebark",Least concern,"China, Korea, Japan",tree,1,,,40 - 50,25 - 40,,,,full sun,,,,,,,,,,,9-Apr,,,,,,,,,,,,,60,,,,,,13
,,,,,,,,Pinus nigra,,,,,,,T,,R,L,50,,,,None,sun,,,,,,,,,5.5-7.5,,L,L,M,,,,,,lSp,,,,,,,,,,,
,,,Adoxaceae,sambucus,,canadensis,,sambucus canadensis,,,,"elderberry, common",Least concern,,,,,,,,,,,,,,,,,,,,,,,,,,,,,,,,,,,65,,,,,,6
,,,Adoxaceae,viburnum,,acerifolium,,viburnum acerifolium,,,,viburnum. maple-leaved,Least concern,,,,,,,,,,,,,,,,,,,,4,5,,,,,,,,,,,,,,60,,,,,,60
,,,Adoxaceae,viburnum,,carlesii,,viburnum carlesii,,,,"viburnum, koreanspice",Least concern,,,,,,,,,,,,,,,,,,,,,,,,,,,,,,,,,,,70,,,,,,4
,,,Adoxaceae,viburnum,,dilatatum,,viburnum dilatatum,,,,"viburnum, linden",Least concern,,,,,,,,,,,,,,,,,,,,,,,,,,,,,,,,,,,70,,,,,,1
,,,Adoxaceae,viburnum,,lentago,,viburnum lentago,,,,nannyberry viburnum,Least concern,,,,,,,,,,,,,,,,,,,,,,,,,,,,,,,,,,,70,,,,,,1
,,,Adoxaceae,viburnum,,nudum,,viburnum nudum,,,,possumhaw,Least concern,,,,,,,,,,,,,,,,,,,,,,,,,,,,,,,,,,,70,,,,,,2
,,,Adoxaceae,viburnum,,odoratissimum,,viburnum odoratissimum,,,,"viburnum, sweet",Least concern,,,,,,,,,,,,,,,,,,,,,,,,,,,,,,,,,,,70,,,,,,6
*,,,Adoxaceae,viburnum,,opulus,,viburnum opulus,,,,"viburnum, cramp bark",Least concern,,,,,,,,,,,,,,,,,,,,,,,,,,,,,,,,,,,70,,,,,,12
,,,Adoxaceae,viburnum,,plicatum,,viburnum plicatum,var.,tomentosum,,"viburnum, japanese snowball",Least concern,,,,,,,,,,,,,,,,,,,,,,,,,,,,,,,,,,,70,,,,,,10
,,,Adoxaceae,viburnum,,sieboldii,,viburnum sieboldii,,,,siebold viburnum,Least concern,,,,,,,,,,,,,,,,,,,,,,,,,,,,,,,,,,,70,,,,,,11
,,,Adoxaceae,viburnum,,trilobum,,viburnum trilobum,,,,"viburnum, cranberrybush",Least concern,,,,,,,,,,,,,,,,,,,,,,,,,,,,,,,,,,,70,,,,,,24
*,,,Altingiaceae,liquidambar,,styraciflua,,liquidambar acalycina,,,,"sweetgum, american",Least concern,,,,,,,,,,,,,,,,,,,,,,,,,,,,,,,,,,,80,,,,,,35
,,,Altingiaceae,liquidambar,,styraciflua,,liquidambar styraciflua,,,moraine,"sweetgum, american",Least concern,,,,,,,,,,,,,,,,,,,,,,,,,,,,,,,,,,,80,,,,,,35
,,,Amaranthaceae,chenopodium,,bonus-henricus,,chenopodium bonus-henricus,,,,good king henry,Least concern,,,,,,,,,,,,,,,,,,,,,,,,,,,,,,,,,,,50,,,,,,1
,,,Amaryllidaceae,allium,,fistulosum,,allium fistulosum,,,,welsh onion,Least concern,,,,,,,,,,,,,,,,,,,,,,,,,,,,,,,,,,,50,,,,,,1
,,,Amaryllidaceae,allium,,schoenoprasum,,allium schoenoprasum,,,,chives,Least concern,,,,,,,,,,,,,,,,,,,,,,,,,,,,,,,,,,,50,,,,,,
,,,Amaryllidaceae,allium,,tuberosum,,allium tuberosum,,,,garlic chive,Least concern,,,,,,,,,,,,,,,,,,,,,,,,,,,,,,,,,,,50,,,,,,
,,,Amaryllidaceae,clivia,,miniata,,clivia miniata,,,,"lily, natal",Least concern,,,,,,,,,,,,,,,,,,,,,,,,,,,,,,,,,,,50,,,,,,1
,,,Amaryllidaceae,hymenocallis,,littoralis,,hymenocallis littoralis,,,,"lily, beach spider",Least concern,,,,,,,,,,,,,,,,,,,,,,,,,,,,,,,,,,,50,,,,,,1
,,,Anacardiaceae,cotinus,,coggygria,,cotinus coggygria,,,,smoketree,Least concern,,,,,,,,,,,,,,,,,,,,,,,,,,,,,,,,,,,60,,,,,,10
,,,Anacardiaceae,cotinus,,obovatus,,cotinus obovatus,,,,"smoketree, american",Least concern,,,,,,,,,,,,,,,,,,,,,,,,,,,,,,,,,,,60,,,,,,2
,,,Anacardiaceae,rhus,,aromatica,,rhus aromatica,,,gro-low,"sumac, fragrant",Least concern,,,,,,,,,,,,,,,,,,,,5,6,,,,,,,,,,,,,,60,,,,,,31
,,,Anacardiaceae,rhus,,aromatica,,rhus aromatica,,,,"sumac, fragrant",Least concern,,,,,,,,,,,,,,,,,,,,5,6,,,,,,,,,,,,,,60,,,,,,31
,,,Anacardiaceae,rhus,,typhina,,rhus typhina,,,,"sumac, staghorn",Least concern,,,,,,,,,,,,,,,,,,,,5,6,,,,,,,,,,,,,,60,,,,,,228
,,,Anacardiaceae,toxicodendron,,radicans,,toxicodendron radicans,,,,poison ivy,Least concern,,,,,,,,,,,,,,,,,,,,,,,,,,,,,,,,,,,0,,,,,,4
,,,Apiaceae,sium,,sisarum,,sium sisarum,,,,skirrel,Least concern,,,,,,,,,,,,,,,,,,,,,,,,,,,,,,,,,,,50,,,,,,1
,,,Apocynaceae,vinca,,minor,,vinca minor,,,,periwinkle,Least concern,,,,,,,,,,,,,,,,,,,,,,,,,,,,,,,,,,,50,,,,,,5
,,,Aquifoliaceae,ilex,,glabra,,ilex glabra,,,shamrock,inkberry,Least concern,,,,,,,,evergreen,,,,,,,,,,,,4.5,5.5,,,,,,,,,,,,,,65,,,,,,356
,,,Aquifoliaceae,ilex,,laevigata,,ilex laevigata,,,,smooth winterberry,Least concern,,,,,,,,,,,,,,,,,,,,4.5,5.5,,,,,,,,,,,,,,55,,,,,,5
,,,Aquifoliaceae,ilex,,opaca,,ilex opaca,,,,american holly,Least concern,,,,,,,,,,,,,,,,,,,,4.5,5.5,,,,,,,,,,,,,,80,,,,,,40
,,,Aquifoliaceae,ilex,,pedunculosa,,ilex pedunculosa,,,,"holly, long-stem",Least concern,,,,,,,,,,,,,,,,,,,,4.5,5.5,,,,,,,,,,,,,,65,,,,,,2
,,,Aquifoliaceae,ilex,,species,,ilex species,,,,holly,Least concern,,,,,,,,,,,,,,,,,,,,4.5,5.5,,,,,,,,,,,,,,80,,,,,,39
,,,Aquifoliaceae,ilex,,verticillata,,ilex verticillata,,,redsprite,winterberry,Least concern,,,,,,,,,,,,,,,,,,,,4.5,5.5,,,,,,,,,,,,,,60,,,,,,93
,,,Aquifoliaceae,ilex,,verticillata,,ilex verticillata,,,winterred,winterberry,Least concern,,,,,,,,,,,,,,,,,,,,4.5,5.5,,,,,,,,,,,,,,60,,,,,,93
,,,Aquifoliaceae,ilex,,verticillata,,ilex verticillata,,,,winterberry,Least concern,,,,,,,,,,,,,,,,,,,,4.5,5.5,,,,,,,,,,,,,,60,,,,,,93
,,,Araceae,monstera,,deliciosa,,monstera deliciosa,,,,tarovine,Least concern,,,,,,,,,,,,,,,,,,,,,,,,,,,,,,,,,,,40,,,,,,
,,,Araceae,philodendron,,bipinnatifidum,,philodendron bipinnatifidum,,,,philodendron tree,Least concern,,,,,,,,,,,,,,,,,,,,,,,,,,,,,,,,,,,50,,,,,,1
,,,Araliaceae,hedera,,helix,,hedera helix,,,,"ivy, english",Least concern,,,,,,,,,,,,,,,,,,,,,,,,,,,,,,,,,,,55,,,,,,3
,,,Arecaceae,chamaedorea,,erumpens,,chamaedorea erumpens,,,,"palm, bamboo",Least concern,,,,,,,,,,,,,,,,,,,,,,,,,,,,,,,,,,,50,,,,,,1
,,,Arecaceae,livistona,,chinensis,,livistona chinensis,,,,"palm, chinese fan",Least concern,,,,,,,,,,,,,,,,,,,,,,,,,,,,,,,,,,,50,,,,,,1
,,,Arecaceae,rhapis,,humilis,,rhapis humilis,,,,"palm, slender lady",Least concern,,,,,,,,,,,,,,,,,,,,,,,,,,,,,,,,,,,50,,,,,,1
,,,Asclepiadaceae,asclepias,,tuberosa,,asclepias tuberosa,,,,butterfly weed,Least concern,,,,,,,,,,,,,,,,,,,,,,,,,,,,,,,,,,,50,,,,,,2
,,,Asparagaceae,asparagus,,officinalis,,asparagus officinalis,,,,asparagus,Least concern,,,,,,,,,,,,,,,,,,,,,,,,,,,,,,,,,,,50,,,,,,
,,,Asparagaceae,beaucarnea,,recurvata,,beaucarnea recurvata,,,,"palm, ponytail",Least concern,,,,,,,,,,,,,,,,,,,,,,,,,,,,,,,,,,,50,,,,,,
,,,Asparagaceae,cordyline,,fruticosa,,cordyline fruticosa,,,,cabbage tree,Least concern,,,,,,,,,,,,,,,,,,,,,,,,,,,,,,,,,,,50,,,,,,1
,,,Asparagaceae,dracaena,,fragrans,,dracaena fragrans,,,,"dracaena, fragrant",Least concern,,,,,,,,,,,,,,,,,,,,,,,,,,,,,,,,,,,50,,,,,,1
,,,Asparagaceae,dracaena,,marginata,,dracaena marginata,,,,dragontree,Least concern,,,,,,,,,,,,,,,,,,,,,,,,,,,,,,,,,,,50,,,,,,1
,,,Asparagaceae,polygonatum,,odoratum,,polygonatum odoratum,,,,solomon's seal,Least concern,,,,,,,,,,,,,,,,,,,,,,,,,,,,,,,,,,,50,,,,,,2
,,,Asphodelaceae,hemerocallis,,fulva,,hemerocallis fulva,,,,daylily,Least concern,,,,,,,,,,,,,,,,,,,,,,,,,,,,,,,,,,,50,,,,,,1
,,,Asphodelaceae,kniphofia,,uvaria,,kniphofia uvaria,,,,"lily, torch",Least concern,,,,,,,,,,,,,,,,,,,,,,,,,,,,,,,,,,,50,,,,,,1
,,,Aspleniaceae,asplenium,,nidus,,asplenium nidus,,,,bird's nest fern,Least concern,,,,,,,,,,,,,,,,,,,,,,,,,,,,,,,,,,,50,,,,,,
,,,Asteraceae,achillea,,millefolium,,achillea millefolium,,,,yarrow,Least concern,,,,,,,,,,"UPL (Hawaii), FACU (Alaska), FACU (Arid West), FACU (Atlantic and Gulf Coastal Plain), FACU (Eastern Mountains and Piedmont), FACU (Great Plains), FACU (Midwest), FACU (Northcentral & Northeast), FACU (Western Mountains, Valleys, and Coast)",,,,,,,,,,,,,,,,,,,,,,,,,50,,,,,,4
,,,Asteraceae,artemisia,,dracunculus,,artemisia dracunculus,,,,french tarragon,Least concern,,,,,,,,,,,,,,,,,,,,,,,,,,,,,,,,,,,50,,,,,,
,,,Asteraceae,chrysopsis,,camporum,,chrysopsis camporum,,,,"aster, prarie golden",Least concern,,,,,,,,,,,,,,,,,,,,,,,,,,,,,,,,,,,50,,,,,,1
,,,Asteraceae,eutrochium,,purpureum,,eutrochium purpureum,,,,joe pye weed,Least concern,,,,,,,,,,,,,,,,,,,,,,,,,,,,,,,,,,,50,,,,,,2
,,,Asteraceae,rudbeckia,,hirta,,rudbeckia hirta,,,,black-eyed susan,Least concern,,,,,,,,,,,,,,,,,,,,,,,,,,,,,,,,,,,50,,,,,,4
,,,Asteraceae,tanacetum,,parthenium,,tanacetum parthenium,,,,feverfew,Least concern,,,,,,,,,,,,,,,,,,,,,,,,,,,,,,,,,,,50,,,,,,1
,,,Berberidaceae,epimedium,,spp.,,epimedium spp.,,,,horny goat weed,Least concern,,,,,,,,,,,,,,,,,,,,,,,,,,,,,,,,,,,50,,,,,,2
,,,Betulaceae,alnus,,rugosa,,alnus rugosa,,,,"alder, speckled",Least concern,,,,,,,,,,,,,,,,,,,,,,,,,,,,,,,,,,,70,,,,,,2
,,,Betulaceae,betula,,pendula,,betula pendula,,,,"birch, european white",Least concern,,,,,,,,,,,,,,,,,,susceptible to bronze birch borer,,5,6,,,,,,,,,,,white,Resistance to verticillium wilt,,60,,,,,,28
,,,Betulaceae,betula,,populifolia,,betula populifolia,,,whitespire,"birch, gray",Least concern,,,,,,,,,,,,,,,,,,,,5,6,,,,,,,,,,,,Resistance to verticillium wilt,,60,,,,,,42
,,,Betulaceae,betula,,populifolia,,betula populifolia,,,,"birch, gray",Least concern,,,,,,,,,,,,,,,,,,,,5,6,,,,,,,,,,,,Resistance to verticillium wilt,,60,,,,,,42
,,,Betulaceae,carpinus,,betulus,,carpinus betulus,,,fastigata,"hornbeam, european",Least concern,,,,,,,,,,,,,,,,,,,,,,,,,,,,,,,,,,,85,,,,,,44
,,,Betulaceae,carpinus,,betulus,,carpinus betulus,,,pendula,"hornbeam, european",Least concern,,,,,,,,,,,,,,,,,,,,,,,,,,,,,,,,,,,85,,,,,,44
,,,Betulaceae,carpinus,,betulus,,carpinus betulus,,,,"hornbeam, european",Least concern,,,,,,,,,,,,,,,,,,,,,,,,,,,,,,,,,,,85,,,,,,44
,,,Betulaceae,corylus,,americana,,corylus americana,,,,"hazelnut, american",Least concern,,,,,,,,,,,,,,,,,,,,,,,,,,,,,,,,,,,80,,,,,,2
,,,Betulaceae,corylus,,colurna,,corylus colurna,,,,"hazelnut, turkish",Least concern,,,,,,,,,,,,,,,,,,,,,,,,,,,,,,,,,,,80,,,,,,
*,,,Betulaceae,ostrya,,virginiana,,ostrya virginiana,,,,hophornbeam,Least concern,,,,,,,,,,,,,,,,,,,,,,,,,,,,,,,,,,,65,,,,,,6
,,,Bignoniaceae,catalpa,,speciosa,,catalpa speciosa,,,,"catalpa, northern",Least concern,,,,,,,,,,,,,,,,,,,,,,,,,,,,,,,,,,,45,,,,,,7
,,,Brassicaceae,bunias,,orientalis,,bunias orientalis,,,,turkish rocket,Least concern,,,,,,,,,,,,,,,,,,,,,,,,,,,,,,,,,,,50,,,,,,1
,,,Brassicaceae,crambe,,maritima,,crambe maritima,,,,sea kale,Least concern,,,,,,,,,,,,,,,,,,,,,,,,,,,,,,,,,,,50,,,,,,1
,,,Brassicaceae,diplotaxis,,muralis,,diplotaxis muralis,,,,sylvetta arugula,Least concern,,,,,,,,,,,,,,,,,,,,,,,,,,,,,,,,,,,50,,,,,,1
,,,Buxaceae,buxus,,microphylla,,buxus microphylla,,,,"boxwood, littleleaf",Least concern,,,,,,,,,,,,,,,,,,,,,,,,,,,,,,,,,,,70,,,,,,40
,,,Buxaceae,pachysandra,,terminalis,,pachysandra terminalis,,,,pachysandra,Least concern,,,,,,,,,,,,,,,,,,,,,,,,,,,,,,,,,,,50,,,,,,1
,,,Cannabaceae,celtis,,laevigata,,celtis laevigata,,,,"hackberry, sugar",Least concern,,,,,,,,,,,,,,,,,,,,,,,,,,,,,,,,,,,30,,,,,,
,,,Cannabaceae,celtis,,occidentalis,,celtis occidentalis,,,chicagoland,"hackberry, common",Least concern,,,,,,,,,,,,,,,,,,,,,,,,,,,,,,,,,,,65,,,,,,12
,,,Caprifoliaceae,heptacodium,,miconioides,,heptacodium miconioides,,,,sevon sons,Vulnerable,,,,,,,,,,,,,,,,,,,,,,,,,,,,,,,,,,,65,,,,,,1
,,,Caprifoliaceae,lonicera,,kamtschatica,,lonicera kamtschatica,,,," honeysuckle, kamtschatica",Least concern,,,,,,,,,,,,,,,,,,,,,,,,,,,,,,,,,,,50,,,,,,
,,,Caprifoliaceae,lonicera,,oblongifolia,,lonicera oblongifolia,,,,"honeysuckle, swamp",Least concern,,,,,,,,,,,,,,,,,,,,,,,,,,,,,,,,,,,50,,,,,,5
,,,Caryophyllaceae,dianthus,,plumarius,,dianthus plumarius,,,,pink,Least concern,,,,,,,,,,,,,,,,,,,,,,,,,,,,,,,,,,,50,,,,,,
,,,Celastraceae,celastrus,,orbiculatus,,celastrus orbiculatus,,,,"bittersweet, oriental",Least concern,,,,,,,,,,,,,,,,,,,,,,,,,,,,,,,,,,,0,,,,,,4
,,,Celastraceae,euonymus,,alatus,,euonymus alatus,,,,"euonymus, winged",Least concern,,,,,,,,,,,,,,,,,,,,,,,,,,,,,,,,,,,50,,,,,,15
,,,Celastraceae,euonymus,,atropurpureus,,euonymus atropurpureus,,,,eastern wahoo,Least concern,,,,,,,,,,,,,,,,,,,,,,,,,,,,,,,,,,,60,,,,,,2
,,,Celastraceae,euonymus,,europaeus,,euonymus europaeus,,,,"spindeltree, european",Least concern,,,,,,,,,,,,,,,,,,,,,,,,,,,,,,,,,,,65,,,,,,2
,,,Celastraceae,euonymus,,fortunei,,euonymus fortunei,,,,"euonymus, wintercreeper",Least concern,,,,,,,,,,,,,,,,,,,,,,,,,,,,,,,,,,,55,,,,,,1
,,,Clethraceae,clethra,,alnifolia,,clethra alnifolia,,,16candles,summersweet,Least concern,,,,,,,,,,,,,,,,,,,,,,,,,,,,,,,,,,,55,,,,,,87
,,,Clethraceae,clethra,,alnifolia,,clethra alnifolia,,,hummingbird,summersweet,Least concern,,,,,,,,,,,,,,,,,,,,,,,,,,,,,,,,,,,55,,,,,,87
,,,Clethraceae,clethra,,alnifolia,,clethra alnifolia,,,rubyspice,summersweet,Least concern,,,,,,,,,,,,,,,,,,,,,,,,,,,,,,,,,,,55,,,,,,87
,,,Clethraceae,clethra,,alnifolia,,clethra alnifolia,,,,summersweet,Least concern,,,,,,,,,,,,,,,,,,,,,,,,,,,,,,,,,,,55,,,,,,87
,,,Cornaceae,cornus,,alba,,cornus alba,,,budsyellow,"dogwood, tatarian",Least concern,,,,,,,,,,,,,,,,,,,,,,,,,,,,,,,,,,,80,,,,,,5
,,,Cornaceae,cornus,,alba,,cornus alba,,,sibirica,"dogwood, tatarian",Least concern,,,,,,,,,,,,,,,,,,,,,,,,,,,,,,,,,,,80,,,,,,5
,,,Cornaceae,cornus,,alba,,cornus alba,,,,"dogwood, tatarian",Least concern,,,,,,,,,,,,,,,,,,,,,,,,,,,,,,,,,,,80,,,,,,5
,,,Cornaceae,cornus,,alternifolia,,cornus alternifolia,,,,"dogwood, pagoda",Least concern,,,,,,,,,,,,,,,,,,,,,,,,,,,,,,,,,,,80,,,,,,7
,,,Cornaceae,cornus,,florida,,cornus florida,,,cherokeechief,"dogwood, flowering",Least concern,,,,,,,,,,,,,,,,,,,,,,,,,,,,,,,,,,,65,,,,,,84
,,,Cornaceae,cornus,,kousa,,cornus kousa,,,national,"dogwood, japanese flowering",Least concern,,,,,,,,,,,,,,,,,,,,,,,,,,,,,,,,,,,65,,,,,,46
,,,Cornaceae,cornus,,kousa,,cornus kousa,,,stellarpink,"dogwood, japanese flowering",Least concern,,,,,,,,,,,,,,,,,,,,,,,,,,,,,,,,,,,65,,,,,,46
,,,Cornaceae,cornus,,kousa,,cornus kousa,,,summergold,"dogwood, japanese flowering",Least concern,,,,,,,,,,,,,,,,,,,,,,,,,,,,,,,,,,,65,,,,,,46
,,,Cornaceae,cornus,,kousa,,cornus kousa,,,,"dogwood, japanese flowering",Least concern,,,,,,,,,,,,,,,,,,,,,,,,,,,,,,,,,,,65,,,,,,46
,,,Cornaceae,cornus,,mas,,cornus mas,,,vareigata,"dogwood, corneliancherry",Least concern,,,,,,,,,,,,,,,,,,,,,,,,,,,,,,,,,,,65,,,,,,64
,,,Cornaceae,cornus,,mas,,cornus mas,,,,"dogwood, corneliancherry",Least concern,,,,,,,,,,,,,,,,,,,,,,,,,,,,,,,,,,,65,,,,,,64
,,,Cornaceae,cornus,,sericea,,cornus sericea,,,arcticfire,"dogwood, redtwig",Least concern,,,,,,,,,,,,,,,,,,,,6,7,,,,,,,,,,,,,,65,,,,,,48
,,,Cornaceae,cornus,,sericea,,cornus sericea,,,flaviramea,"dogwood, redtwig",Least concern,,,,,,,,,,,,,,,,,,,,6,7,,,,,,,,,,,,,,65,,,,,,48
,,,Cornaceae,cornus,,sericea,,cornus sericea,,,,"dogwood, redtwig",Least concern,,,,,,,,,,,,,,,,,,,,6,7,,,,,,,,,,,,,,65,,,,,,48
,,,Cornaceae,nyssa,,sylvatica,,nyssa sylvatica,,,wildfire,"tupelo, black",Least concern,,,,,,,,,,,,,,,,,,,,,,,,,,,,,,,,,,,95,,,,,,117
,,,Cornaceae,nyssa,,sylvatica,,nyssa sylvatica,,,,"tupelo, black",Least concern,,,,,,,,,,,,,,,,,,,,,,,,,,,,,,,,,,,95,,,,,,117
,,,Crassulaceae,hylotelephium,,spectabile,,hylotelephium spectabile,,,,stonecrop,Least concern,,,,,,,,,,,,,,,,,,,,,,,,,,,,,,,,,,,50,,,,,,5
,,,Cupressaceae,juniperus,,chinensis,,juniperus chinensis,,,,"juniper, chinese",Least concern,,,,,,,,evergreen,,,,,,,,,,,,5,6,,,,,,,,,,,,,,60,,,,,,3
,,,Cupressaceae,juniperus,,communis,,juniperus communis,,,,"juniper, common",Least concern,,,,,,,,evergreen,,,,,,,,,,,,5,6,,,,,,,,,,,,,,60,,,,,,33
,,,Cupressaceae,juniperus,,horizontalis,,juniperus horizontalis,,,bluerug,"juniper, creeping",Least concern,,,,,,,,evergreen,,,,,,,,,,,,5,6,,,,,,,,,,,,,,60,,,,,,12
,,,Cupressaceae,juniperus,,horizontalis,,juniperus horizontalis,,,,"juniper, creeping",Least concern,,,,,,,,evergreen,,,,,,,,,,,,5,6,,,,,,,,,,,,,,60,,,,,,12
,,,Cupressaceae,juniperus,,rigida,,juniperus rigida,,,,"juniper, temple",Least concern,,,,,,,,evergreen,,,,,,,,,,,,5,6,,,,,,,,,,,,,,70,,,,,,1
,,,Cupressaceae,juniperus,,scopulorum,,juniperus scopulorum,,,,"juniper, rocky mountain",Least concern,,,,,,,,evergreen,,,,,,,,,,,,5,6,,,,,,,,,,,,,,60,,,,,,
,,,Cupressaceae,juniperus,,virginiana,,juniperus virginiana,,,,"redcedar, eastern",Least concern,,,,,,,,evergreen,,,,,,,,,,,,5,6,,,,,,,,,,,,,,65,,,,,,100
,,,Cupressaceae,chamaecyparis,,lawsoniana,,chamaecyparis lawsoniana,,,,"cypress, lawson",Near-threatened,,,,,,,,,,,,,,,,,,,,,,,,,,,,,,,,,,,65,,,,,,7
,,,Cupressaceae,chamaecyparis,,nootkatensis,,chamaecyparis nootkatensis,,,pendula,"cedar, alaskan",Least concern,,,,,,,,,,,,,,,,,,,,,,,,,,,,,,,,,,,75,,,,,,4
,,,Cupressaceae,chamaecyparis,,nootkatensis,,chamaecyparis nootkatensis,,,,"cedar, alaskan",Least concern,,,,,,,,,,,,,,,,,,,,,,,,,,,,,,,,,,,75,,,,,,4
,,,Cupressaceae,chamaecyparis,,obtusa,,chamaecyparis obtusa,,,,hinoki cypress,Near-threatened,,,,,,,,,,,,,,,,,,,,,,,,,,,,,,,,,,,65,,,,,,11
,,,Cupressaceae,chamaecyparis,,pisifera,,chamaecyparis pisifera,,,boulevard,sawara false-cypress,Least concern,,,,,,,,,,,,,,,,,,,,,,,,,,,,,,,,,,,65,,,,,,30
,,,Cupressaceae,chamaecyparis,,pisifera,,chamaecyparis pisifera,,,filifera,sawara false-cypress,Least concern,,,,,,,,,,,,,,,,,,,,,,,,,,,,,,,,,,,65,,,,,,30
,,,Cupressaceae,chamaecyparis,,pisifera,,chamaecyparis pisifera,,,,sawara false-cypress,Least concern,,,,,,,,,,,,,,,,,,,,,,,,,,,,,,,,,,,65,,,,,,30
,,,Cupressaceae,chamaecyparis,,spp.,,chamaecyparis spp.,,,,falsecypress,Least concern,,,,,,,,,,,,,,,,,,,,,,,,,,,,,,,,,,,80,,,,,,41
,,,Cupressaceae,chamaecyparis,,thyoides,,chamaecyparis thyoides,,,,"cedar, atlantic white",Least concern,,,,,,,,,,,,,,,,,,,,,,,,,,,,,,,,,,,65,,,,,,8
,,,Cupressaceae,cryptomeria,,japonica,,cryptomeria japonica,,,yoshino,"cedar, japanese",Near-threatened,,,,,,,,,,,,,,,,,,,,,,,,,,,,,,,,,,,70,,,,,,2
,,,Cupressaceae,cryptomeria,,japonica,,cryptomeria japonica,,,,"cedar, japanese",Near-threatened,,,,,,,,,,,,,,,,,,,,,,,,,,,,,,,,,,,70,,,,,,2
*,,,Cupressaceae,metasequoia,,glyptostroboides,,metasequoia glyptostroboides,,,national,dawn redwood,Endangered,,,,,,,,,,,,,,,,,,,,,,,,,,,,,,,,,,,80,,,,,,17
,,,Cupressaceae,metasequoia,,glyptostroboides,,metasequoia glyptostroboides,,,,dawn redwood,Endangered,,,,,,,,,,,,,,,,,,,,,,,,,,,,,,,,,,,80,,,,,,17
,,,Cupressaceae,taxodium,,distichum,,taxodium distichum,,,shawneebrave,"baldcypress, common",Least concern,,,,,,,,,,,,,,,,,,,,,,,,,,,,,,,,,,,75,,,,,,17
,,,Cupressaceae,taxodium,,distichum,,taxodium distichum,,,,"baldcypress, common",Least concern,,,,,,,,,,,,,,,,,,,,,,,,,,,,,,,,,,,75,,,,,,17
,,,Cupressaceae,thuja,,occidentalis,,thuja occidentalis,,,,"arborvitae, eastern",Least concern,,,,,,,,,,,,,,,,,,,,,,,,,,,,,,,,,,,75,,,,,,464
,,,Cupressaceae,thuja,,plicata,,thuja plicata,,,,"cedar, western red",Least concern,,,,,,,,,,,,,,,,,,,,,,,,,,,,,,,,,,,75,,,,,,42
,,,Dennstaedtiaceae,dennstaedtia,,punctilobula,,dennstaedtia punctilobula,,,,"fern, hay-scented",Least concern,,,,,,,,,,,,,,,,,,,,,,,,,,,,,,,,,,,50,,,,,,2
,,,Dioscoreaceae,dioscorea,,polystachya,,dioscorea polystachya,,,,chinese yam,Least concern,,,,,,,,,,,,,,,,,,,,,,,,,,,,,,,,,,,50,,,,,,1
,,,Ebenaceae,diospyros,,virginiana,,diospyros virginiana,,,MagicFountain,"persimmon, common",Least concern,,,,,,,,,,,,,,,,,,,,,,,,,,,,,,,,,,,55,,,,,,3
,*,,Ebenaceae,diospyros,,virginiana,,diospyros virginiana,,,,"persimmon, common",Least concern,,,,,,,,,,,,,,,,,,,,,,,,,,,,,,,,,,,55,,,,,,3
,,,Ebenaceae,diospyros,,virginiana x kaki,,diospyros virginiana x kaki,,,,"persimmon, nikita's gift",Least concern,,,,,,,,,,,,,,,,,,,,,,,,,,,,,,,,,,,70,,,,,,1
,,,Elaeagnaceae,elaeagnus,,angustifolia,,elaeagnus angustifolia,,,,"olive, russian",Least concern,,,,,,,,,,,,,,,,,,,,,,,,,,,,,,,,,yes,,50,,,,,,3
,,,Elaeagnaceae,elaeagnus,,umbellata,,elaeagnus umbellata,,,,"olive, autumn",Least concern,,,,,,,,,,,,,,,,,,,,,,,,,,,,,,,,,yes,,50,,,,,,3
,,,Elaeagnaceae,hippophae,,rhamnoides,,hippophae rhamnoides,,,,sea berry,Least concern,,,,,,,,,,,,,,,,,,,,,,,,,,,,,,,,,,,50,,,,,,7
,,,Ericaceae,kalmia,,angustifolia,,kalmia angustifolia,,,,"laurel, sheep",Least concern,,,,,,,,evergreen,,,,,,,,,,,,5.5,7,,,,,,,,,,,,,,50,,,,,,4
,,,Ericaceae,Kalmia,,latifolia,,Kalmia latifolia,,,Polypetala',mountain laurel,Least concern,,,,,,,,evergreen,rocky slopes,,,,,,,,,,,5.5,7,,,,,,,,,,,,,,50,,,,,,54
,,,Ericaceae,kalmia,,latifolia,,kalmia latifolia,,,,mountain laurel,Least concern,,,,,,,,evergreen,,,,,,,,,,,,5.5,7,,,,,,,,,,,,,,50,,,,,,54
,,,Ericaceae,leucothoe,,fontanesiana,,leucothoe fontanesiana,,,,"leucothoe, drooping",Least concern,,,,,,,,evergreen,,,,,,,,,,,,,,,,,,,,,,,,,,,65,,,,,,48
,,,Ericaceae,pieris,,floribunda,,pieris floribunda,,,,"andromeda, mountain",Least concern,,,,,,,,evergreen,,,,,,,,,,,,,,,,,,,,,,,,,,,65,,,,,,3
,,,Ericaceae,pieris,,japonica,,pieris japonica,,,dorothywycoff,"andromeda, japanese",Least concern,,,,,,,,evergreen,,,,,,,,,,,,,,,,,,,,,,,,,,,65,,,,,,20
,,,Ericaceae,pieris,,japonica,,pieris japonica,,,,"andromeda, japanese",Least concern,,,,,,,,evergreen,,,,,,,,,,,,,,,,,,,,,,,,,,,65,,,,,,20
,,,Ericaceae,rhododendron,,maximum,,rhododendron maximum,,,roseum,"rhody, rosebay",Least concern,,,,,,,,evergreen,,,,,,,,,,,,4.5,7,,,,,,,,,,,,,,65,,,,,,3
,,,Ericaceae,arctostaphylos,,uva-ursi,,arctostaphylos uva-ursi,,,,bearberry,Least concern,,,,,,,,,,,,,,,,,,,,,,,,,,,,,,,,,,,40,,,,,,7
,,,Ericaceae,enkianthus,,campanulatus,,enkianthus campanulatus,,,,"enkianthus, redvein",Least concern,,,,,,,,,,,,,,,,,,,,,,,,,,,,,,,,,,,50,,,,,,69
,,,Ericaceae,gaylussacia,,baccata,,gaylussacia baccata,,,,"huckleberry, black",Least concern,,,,,,,,,,,,,,,,,,,,,,,,,,,,,,,,,,,90,,,,,,15
,,,Ericaceae,oxydendrum,,arboreum,,oxydendrum arboreum,,,,sourwood,Least concern,,,,,,,,,,,,,,,,,,,,,,,,,,,,,,,,,,,50,,,,,,10
,,,Ericaceae,rhododendron,,minus,,rhododendron minus,,,,"rhododendron, carolina",Least concern,,,,,,,,,,,,,,,,,,,,4.5,7,,,,,,,,,,,,,,65,,,,,,16
,,,Ericaceae,rhododendron,,obtusum,,rhododendron obtusum,,,,"azalea, hiryu",Least concern,,,,,,,,,,,,,,,,,,,,4.5,7,,,,,,,,,,,,,,65,,,,,,
,,,Ericaceae,rhododendron,,schlippenbachii,,rhododendron schlippenbachii,,,,"azalea, royal",Least concern,,,,,,,,,,,,,,,,,,,,4.5,7,,,,,,,,,,,,,,65,,,,,,11
,,,Ericaceae,vaccinium,,angustifolium,,vaccinium angustifolium,,,,"blueberry, lowbush",Least concern,,,,,,,,,,,,,,,,,,,,4.5,5.5,,,,,,,,,,,,,,50,,,,,,5
,,,Ericaceae,vaccinium,,corymbosum,,vaccinium corymbosum,,,,"blueberrry, highbush",Least concern,,,,,,,,,,,,,,,,,,,,4.5,5.5,,,,,,,,,,,,,,75,,,,,,31
,,,Ericaceae,vaccinium,,macrocarpon,,vaccinium macrocarpon,,,,"cranberry, large",Least concern,,,,,,,,,,,,,,,,,,,,4.5,5.5,,,,,,,,,,,,,,70,,,,,,6
,,,Ericaceae,vaccinium,,oxycoccos,,vaccinium oxycoccos,,,,"cranberry, small",Least concern,,,,,,,,,,,,,,,,,,,,4.5,5.5,,,,,,,,,,,,,,70,,,,,,1
,,,Ericaceae,vaccinium,,vitis-idaea,,vaccinium vitis-idaea,,,,lingonberry,Least concern,,,,,,,,,,,,,,,,,,,,4.5,5.5,,,,,,,,,,,,,,70,,,,,,4
,,,Eucommiaceae,eucommia,,ulmoides,,eucommia ulmoides,,,,"rubbertree, hardy",Near-threatened,,,,,,,,,,,,,,,,,,,,,,,,,,,,,,,,,,,65,,,,,,4
,,,Fabaceae,albizia,,julibrissin,,albizia julibrissin,,,,silk tree,Least concern,,,,,,,,,,,,,,,,,,,,,,,,,,,,,,,,,,,55,,,,,,3
,,,Fabaceae,amphicarpaea,,bracteata,,amphicarpaea bracteata,,,,ground bean,Least concern,,,,,,,,,,,,,,,,,,,,,,,,,,,,,,,,,,,50,,,,,,
,,,Fabaceae,baptisia,,australis,,baptisia australis,,,,blue false indigo,Least concern,,,,,,,,,,,,,,,,,,,,,,,,,,,,,,,,,,,50,,,,,,4
,,,fabaceae,calliandra,,haematocephala,,calliandra haematocephala,,,,powder puff tree,Least concern,,,,,,,,,,,,,,,,,,,,,,,,,,,,,,,,,,,50,,,,,,1
,,,Fabaceae,caragana,,arborescens,,caragana arborescens,,,,"pea tree, siberian",Least concern,,,,,,,,,,,,,,,,,,,,,,,,,,,,,,,,,,,55,,,,,,8
,,,Fabaceae,cercis,,canadensis,,cercis canadensis,,,alba,"redbud, eastern",Least concern,,,,,,,,,,,,,,,,,,,,,,,,,,,,,,,,,,,70,,,,,,47
,,,Fabaceae,cercis,,canadensis,,cercis canadensis,,,floutingclouds,"redbud, eastern",Least concern,,,,,,,,,,,,,,,,,,,,,,,,,,,,,,,,,,,70,,,,,,47
,,,Fabaceae,cercis,,canadensis,,cercis canadensis,,,,"redbud, eastern",Least concern,,,,,,,,,,,,,,,,,,,,,,,,,,,,,,,,,,,70,,,,,,47
,,,Fabaceae,cladrastis,,kentukea,,cladrastis kentukea,,,,"yellowwood, kentucky",Least concern,,,,,,,,,,,,,,,,,,,,,,,,,,,,,,,,,,,70,,,,,,34
,,,Fabaceae,gleditsia,,triacanthos,,gleditsia triacanthos,,,halka,honeylocust,Least concern,,,,,,,,,,,,,,,,,,,,6,8,,,,,,,,,,,,,,45,,,,,,118
,,,Fabaceae,gleditsia,,triacanthos,,gleditsia triacanthos,,,imperial,honeylocust,Least concern,,,,,,,,,,,,,,,,,,,,6,8,,,,,,,,,,,,,,45,,,,,,118
,,,Fabaceae,gleditsia,,triacanthos,,gleditsia triacanthos,,,inermis,honeylocust,Least concern,,,,,,,,,,,,,,,,,,,,6,8,,,,,,,,,,,,,,45,,,,,,118
,,,Fabaceae,gleditsia,,triacanthos,,gleditsia triacanthos,,,moraine,honeylocust,Least concern,,,,,,,,,,,,,,,,,,,,6,8,,,,,,,,,,,,,,45,,,,,,118
,,,Fabaceae,gleditsia,,triacanthos,,gleditsia triacanthos,,,shademaster,honeylocust,Least concern,,,,,,,,,,,,,,,,,,,,6,8,,,,,,,,,,,,,,45,,,,,,118
,,,Fabaceae,gleditsia,,triacanthos,,gleditsia triacanthos,,,skyline,honeylocust,Least concern,,,,,,,,,,,,,,,,,,,,6,8,,,,,,,,,,,,,,45,,,,,,118
,,,Fabaceae,gleditsia,,triacanthos,,gleditsia triacanthos,,,sunburst,honeylocust,Least concern,,,,,,,,,,,,,,,,,,,,6,8,,,,,,,,,,,,,,45,,,,,,118
,,,Fabaceae,gleditsia,,triacanthos,,gleditsia triacanthos,,,,honeylocust,Least concern,,,,,,,,,,,,,,,,,,,,6,8,,,,,,,,,,,,,,45,,,,,,118
*,,,Fabaceae,gymnocladus,,dioicus,,gymnocladus dioicus,,,,"coffeetree, kntcky",Least concern,,,,,,,,,,,,,,,,,,,,,,,,,,,,,,,,,,,55,,,,,,3
*,,,Fabaceae,maackia,,amurensis,,maackia amurensis,,,,"maackia, amur",Least concern,,,,,,,,,,,,,,,,,,,,,,,,,,,,,,,,,,,75,,,,,,4
,,,Fabaceae,robinia,,pseudoacacia,,robinia pseudoacacia,,,,"locust, black",Least concern,,,,,,,,,,,,,,,,,,,,,,,,,,,,,,,,,,,60,,,,,,2
,,,Fabaceae,styphnolobium,,japonicum,,styphnolobium japonicum,,,regent,"pagodatree, japanese",Least concern,,,,,,,,,,,,,,,,,,,,,,,,,,,,,,,,,,,80,,,,,,19
,,,Fabaceae,styphnolobium,,japonicum,,styphnolobium japonicum,,,,"pagodatree, japanese",Least concern,,,,,,,,,,,,,,,,,,,,,,,,,,,,,,,,,,,80,,,,,,19
,,,Fabaceae,wisteria,,floribunda,,wisteria floribunda,,,,"wisteria, japanese",Least concern,,,,,,,,,,,,,,,,,,,,,,,,,,,,,,,,,,,55,,,,,,7
,,,Fagaceae,castanea,,dentata,,castanea dentata,,,,"chestnut, american",Critically endangerd,,,,,,,,,,,,,,,,,,,,,,,,,,,,,,,,,,,80,,,,,,1
,,,Fagaceae,castanea,,mollissima,,castanea mollissima,,,,"chestnut, chinese",Least concern,,,,,,,,,,,,,,,,,,,,,,,,,,,,,,,,,,,80,,,,,,2
,,,Fagaceae,fagus,,grandifolia,,fagus grandifolia,,,,"beech, american",Least concern,,,,,,,,,,,,,,,,,,,,,,,,,,,,,,,,,Resistance to verticillium wilt,,80,,,,,,33
,,,Fagaceae,fagus,,sylvatica,,fagus sylvatica,,,asplenifolia,"beech, european",Least concern,,,,,,,,,,,,,,,,,,,,,,,,,,,,,,,,,Resistance to verticillium wilt,,95,,,,,,15
,,,Fagaceae,fagus,,sylvatica,,fagus sylvatica,,,fastigiata,"beech, european",Least concern,,,,,,,,,,,,,,,,,,,,,,,,,,,,,,,,,Resistance to verticillium wilt,,95,,,,,,15
,,,Fagaceae,fagus,,sylvatica,,fagus sylvatica,,,pendula,"beech, european",Least concern,,,,,,,,,,,,,,,,,,,,,,,,,,,,,,,,,Resistance to verticillium wilt,,95,,,,,,15
,,,Fagaceae,fagus,,sylvatica,,fagus sylvatica,,,pupurea,"beech, european",Least concern,,,,,,,,,,,,,,,,,,,,,,,,,,,,,,,,,Resistance to verticillium wilt,,95,,,,,,15
,,,Fagaceae,fagus,,sylvatica,,fagus sylvatica,,,riversii,"beech, european",Least concern,,,,,,,,,,,,,,,,,,,,,,,,,,,,,,,,,Resistance to verticillium wilt,,95,,,,,,15
,,,Fagaceae,fagus,,sylvatica,,fagus sylvatica,,,roseomarginata,"beech, european",Least concern,,,,,,,,,,,,,,,,,,,,5,6.5,,,,,,,,,,,,Resistance to verticillium wilt,,95,,,,,,15
,,,Fagaceae,fagus,,sylvatica,,fagus sylvatica,,,,"beech, european",Least concern,,,,,,,,,,,,,,,,,,,,,,,,,,,,,,,,,Resistance to verticillium wilt,,95,,,,,,15
,,,Fagaceae,quercus,,acutissima,,quercus acutissima,,,,"oak, sawtooth",Least concern,,,,,,,,,,,,,,,,,,,,,,,,,,,,,,,,,,,80,,,,,,7
,,,Fagaceae,quercus,,agrifolia,,quercus agrifolia,,,,coast live oak,Least concern,,,,,,,,,,,,,,,,,,,,,,,,,,,,,,,,,,,80,,,,,,
,,,Fagaceae,quercus,,alba,,quercus alba,,,,"oak, white",Least concern,,,,,,,,,,,,,,,,,,,,5,6.5,,,,,,,,,,,,,,70,,,,,,18
,,,Fagaceae,quercus,,bicolor,,quercus bicolor,,,,"oak, swamp white",Least concern,,,,,,,,,,,,,,,,,,,,,,,,,,,,,,,,,,,85,,,,,,38
*,,,Fagaceae,quercus,,coccinea,,quercus coccinea,,,,"oak, scarlet",Least concern,,,,,,,,,,,,,,,,,,,,4.5,5.5,,,,,,,,,,,,,,70,,,,,,93
,,,Fagaceae,quercus,,ellipsoidalis,,quercus ellipsoidalis,,,,"oak, northern pin",Least concern,,,,,,,,,,,,,,,,,,,,,,,,,,,,,,,,,,,70,,,,,,1
,,,Fagaceae,quercus,,glandulifera,,quercus glandulifera,,,,"oak, konara",Least concern,,,,,,,,,,,,,,,,,,,,,,,,,,,,,,,,,,,85,,,,,,2
,,,Fagaceae,quercus,,imbricaria,,quercus imbricaria,,,,"oak, shingle",Least concern,,,,,,,,,,,,,,,,,,,,,,,,,,,,,,,,,,,70,,,,,,3
,,,Fagaceae,quercus,,lyrata,,quercus lyrata,,,,"oak, overcup",Least concern,,,,,,,,,,,,,,,,,,,,,,,,,,,,,,,,,,,75,,,,,,1
,,,Fagaceae,quercus,,macrocarpa,,quercus macrocarpa,,,,"oak, bur",Least concern,,,,,,,,,,,,,,,,,,,,,,,,,,,,,,,,,,,80,,,,,,26
,,,Fagaceae,quercus,,michauxii,,quercus michauxii,,,,"oak, swamp chestnut",Least concern,,,,,,,,,,,,,,,,,,,,,,,,,,,,,,,,,,,80,,,,,,23
,,,Fagaceae,quercus,,mongolica,,quercus mongolica,,,,"oak, mongolian",Least concern,,,,,,,,,,,,,,,,,,,,,,,,,,,,,,,,,,,70,,,,,,1
,,,Fagaceae,quercus,,muehlenbergii,,quercus muehlenbergii,,,,"oak, chinquapin",Least concern,,,,,,,,,,,,,,,,,,,,,,,,,,,,,,,,,,,80,,,,,,1
,,,Fagaceae,quercus,,palustris,,quercus palustris,,,greenpillar,"oak, pin",Least concern,,,,,,,,,,,,,,,,,,,,4.5,5.5,,,,,,,,,,,,,,85,,,,,,237
,,,Fagaceae,quercus,,palustris,,quercus palustris,,,,"oak, pin",Least concern,,,,,,,,,,,,,,,,,,,,4.5,5.5,,,,,,,,,,,,,,85,,,,,,237
,,,Fagaceae,quercus,,phellos,,quercus phellos,,,,"oak, willow",Least concern,,,,,,,,,,,,,,,,,,,,,,,,,,,,,,,,,,,85,,,,,,1
,,,Fagaceae,quercus,,prinus,,quercus prinus,,,,"oak, chestnut",Least concern,,,,,,,,,,,,,,,,,,,,,,,,,,,,,,,,,,,70,,,,,,1
,,,Fagaceae,quercus,,robur,,quercus robur,,,columnar,"oak, english",Least concern,,,,,,,,,,,,,,,,,,,,6,8,,,,,,,,,,,,,,80,,,,,,7
,,,Fagaceae,quercus,,robur,,quercus robur,,,regalprince,"oak, english",Least concern,,,,,,,,,,,,,,,,,,,,6,8,,,,,,,,,,,,,,80,,,,,,7
,,,Fagaceae,quercus,,robur,,quercus robur,,,rosehill,"oak, english",Least concern,,,,,,,,,,,,,,,,,,,,6,8,,,,,,,,,,,,,,80,,,,,,7
,,,Fagaceae,quercus,,robur,,quercus robur,,,,"oak, english",Least concern,,,,,,,,,,,,,,,,,,,,6,8,,,,,,,,,,,,,,80,,,,,,7
,,,Fagaceae,quercus,,rubra,,quercus rubra,,,,"oak, red",Least concern,,,,,,,,,,,,,,,,,,,,4.5,5.5,,,,,,,,,,,,,,95,,,,,,236
*,,,Fagaceae,quercus,,shumardii,,quercus shumardii,,,,"oak, schumard",Least concern,,,,,,,,,,,,,,,,,,,,,,,,,,,,,,,,,,,90,,,,,,1
,,,Fagaceae,quercus,,velutina,,quercus velutina,,,,"oak, black",Least concern,,,,,,,,,,,,,,,,,,,,6,7,,,,,,,,,,,,,,85,,,,,,80
,,,Ginkgoaceae,ginkgo,,biloba,,ginkgo biloba,,,lakeview,ginkgo,Endangered,,,,,,,,,,,,,,,,,,,,6,7,,,,,,,,,,,,,,95,,,,,,43
,,,Ginkgoaceae,ginkgo,,biloba,,ginkgo biloba,,,princetonsentry,ginkgo,Endangered,,,,,,,,,,,,,,,,,,,,6,7,,,,,,,,,,,,,,95,,,,,,43
,,,Grossulariaceae,ribes,,alpinum,,ribes alpinum,,,,"currant, alpine",Least concern,,,,,,,,,,,,,,,,,,,,,,,,,,,,,,,,,,,80,,,,,,
,,,Grossulariaceae,ribes,,silvestre,,ribes silvestre,,,,red currant,Least concern,,,,,,,,,,,,,,,,,,,,,,,,,,,,,,,,,,,50,,,,,,2
,,,Grossulariaceae,ribes,,uva-crispa,,ribes uva-crispa,,,,gooseberry,Least concern,,,,,,,,,,,,,,,,,,,,,,,,,,,,,,,,,,,50,,,,,,2
,,,Hamamelidaceae,fothergilla,,gardenii,,fothergilla gardenii,,,,"fothergilla, dwarf",Least concern,,,,,,,,,,,,,,,,,,,,,,,,,,,,,,,,,,,50,,,,,,2
*,,,Hamamelidaceae,hamamelis,,virginiana,,hamamelis virginiana,,,,"witchhazel, common",Least concern,,,,,,,,,,,,,,,,,,,,,,,,,,,,,,,,,,,80,,,,,,62
*,,,Hamamelidaceae,parrotia,,persica,,parrotia persica,,,,"ironwood, persian",Least concern,,,,,,,,,,,,,,,,,,,,,,,,,,,,,,,,,,,80,,,,,,14
,,,Hydrangeaceae,hydrangea,,arborescens,,hydrangea arborescens,,,,"hydrangea, smooth",Least concern,,,,,,,,,,,,,,,,,,,,,,,,,,,,,,,,,,,85,,,,,,30
,,,Hydrangeaceae,hydrangea,,macrophylla,,hydrangea macrophylla,,,,french hydrangea,Least concern,,,,,,,,,,,,,,,,,,,,,,,,,,,,,,,,,,,80,,,,,,6
,,,Hydrangeaceae,hydrangea,,paniculata,,hydrangea paniculata,,,grandiflora,"hydrangea, panicled",Least concern,,,,,,,,,,,,,,,,,,,,,,,,,,,,,,,,,,,85,,,,,,9
,,,Hydrangeaceae,hydrangea,,paniculata,,hydrangea paniculata,,,,"hydrangea, panicled",Least concern,,,,,,,,,,,,,,,,,,,,,,,,,,,,,,,,,,,85,,,,,,9
,,,Hydrangeaceae,hydrangea,,quercifolia,,hydrangea quercifolia,,,snowqueen,"hydrangea, oakleaf",Least concern,,,,,,,,,,,,,,,,,,,,,,,,,,,,,,,,,,,85,,,,,,3
,,,Hydrangeaceae,hydrangea,,quercifolia,,hydrangea quercifolia,,,,"hydrangea, oakleaf",Least concern,,,,,,,,,,,,,,,,,,,,,,,,,,,,,,,,,,,85,,,,,,3
,,,Hydrangeaceae,philadelphus,,coronarius,,philadelphus coronarius,,,,mockorange,Least concern,,,,,,,,,,,,,,,,,,,,,,,,,,,,,,,,,,,50,,,,,,7
,,,Hypericaceae,hypericum,,perforatum,,hypericum perforatum,,,,st. john's wort,Least concern,,,,,,,,,,,,,,,,,,,,,,,,,,,,,,,,,,,50,,,,,,
,,,Iteaceae,itea,,virginica,,itea virginica,,,littlehenry,sweetspire,Least concern,,,,,,,,,,,,,,,,,,,,,,,,,,,,,,,,,,,50,,,,,,17
,,,Iteaceae,itea,,virginica,,itea virginica,,,,sweetspire,Least concern,,,,,,,,,,,,,,,,,,,,,,,,,,,,,,,,,,,50,,,,,,17
,,,Juglandaceae,carya,,cordiformis,,carya cordiformis,,,,"hickory, bitternut",Least concern,,,,,,,,,,,,,,,,,,,,,,,,,,,,,,,,,,,60,,,,,,1
,,,Juglandaceae,carya,,glabra,,carya glabra,,,,"hickory, pignut",Least concern,,,,,,,,,,,,,,,,,,,,,,,,,,,,,,,,,,,60,,,,,,4
,,,Juglandaceae,carya,,illinoiensis,,carya illinoiensis,,,,pecan,Least concern,,,,,,,,,,,,,,,,,,,,,,,,,,,,,,,,,,,60,,,,,,1
,,,Juglandaceae,carya,,laciniosa,,carya laciniosa,,,,"hickory, shellbark",Least concern,,,,,,,,,,,,,,,,,,,,,,,,,,,,,,,,,,,60,,,,,,
,,,Juglandaceae,carya,,ovata,,carya ovata,,,,"hickory, shagbark",Least concern,,,,,,,,,"uplands, drier flooplain woodlands",,,,,,,fall,,,,,,,,,,,,,,,,,,,60,,,,,,36
,,,Juglandaceae,carya,,species,,carya species,,,,hickory,Least concern,,,,,,,,,,,,,,,,,,,,,,,,,,,,,,,,,,,60,,,,,,4
,,,Juglandaceae,carya,,tomentosa,,carya tomentosa,,,,"hickory, tomentosa",Least concern,,,,,,,,,,,,,,,,,,,,,,,,,,,,,,,,,,,60,,,,,,
,,,Juglandaceae,juglans,,cinerea,,juglans cinerea,,,,butternut,Least concern,,,,,,,,,,,,,,,,,,,,,,,,,,,,,,,,,,,55,,,,,,2
,,,Juglandaceae,juglans,,nigra,,juglans nigra,,,,"walnut, black",Least concern,,,,,,,,,,,,,,,,,,,,,,,,,,,,,,,,,,,65,,,,,,33
,,,Juglandaceae,juglans,,regia,,juglans regia,,,,"walnut, english",Least concern,,,,,,,,,,,,,,,,,,,,,,,,,,,,,,,,,,,55,,,,,,
,,,Lamiaceae,agastache,,foeniculum,,agastache foeniculum,,,,anise-hyssop,Least concern,,,,,,,,,,,,,,,,,,,,,,,,,,,,,,,,,,,50,,,,,,4
,,,Lamiaceae,agastache,,rugosa,,agastache rugosa,,,,"hyssop, purple",Least concern,,,,,,,,,,,,,,,,,,,,,,,,,,,,,,,,,,,50,,,,,,1
,,,Lamiaceae,callicarpa,,japonica,,callicarpa japonica,,,,japanese beautyberry,Least concern,,,,,,,,,,,,,,,,,,,,,,,,,,,,,,,,,,,65,,,,,,1
,,,Lamiaceae,lavandula,,angustifolia,,lavandula angustifolia,,,,english lavender,Least concern,,,,,,,,,,,,,,,,,,,,,,,,,,,,,,,,,,,50,,,,,,
,,,Lamiaceae,melissa,,officinalis,,melissa officinalis,,,,lemon balm,Least concern,,,,,,,,,,,,,,,,,,,,,,,,,,,,,,,,,,,50,,,,,,
,,,Lamiaceae,mentha,,spicata,,mentha spicata,,,,spearmint,Least concern,,,,,,,,,,,,,,,,,,,,,,,,,,,,,,,,,,,50,,,,,,
,,,Lamiaceae,monarda,,didyma,,monarda didyma,,,,beebalm,Least concern,,,,,,,,,,,,,,,,,,,,,,,,,,,,,,,,,,,50,,,,,,2
,,,Lamiaceae,nepeta,,cataria,,nepeta cataria,,,,catmint,Least concern,,,,,,,,,,,,,,,,,,,,,,,,,,,,,,,,,,,50,,,,,,
,,,Lamiaceae,perovskia,,atriplicifolia,,perovskia atriplicifolia,,,,"sage, russian",Least concern,,,,,,,,,,,,,,,,,,,,,,,,,,,,,,,,,,,50,,,,,,2
,,,Lamiaceae,physostegia,,virginiana,,physostegia virginiana,,,,obedient plant,Least concern,,,,,,,,,,,,,,,,,,,,,,,,,,,,,,,,,,,50,,,,,,1
,,,Lamiaceae,pycnanthemum,,hyssopifolium,,pycnanthemum hyssopifolium,,,,"mint, hyssopleaf mountain",Least concern,,,,,,,,,,,,,,,,,,,,,,,,,,,,,,,,,,,65,,,,,,2
,,,Lamiaceae,pycnanthemum,,muticum,,pycnanthemum muticum,,,,short-tooth mountain mint,Least concern,,,,,,,,,,,,,,,,,,,,,,,,,,,,,,,,,,,50,,,,,,1
,,,Lamiaceae,rosmarinus,,officinalis,,rosmarinus officinalis,,,,rosemary,Least concern,,,,,,,,,,,,,,,,,,,,,,,,,,,,,,,,,,,50,,,,,,
,,,Lamiaceae,salvia,,officinalis,,salvia officinalis,,,,common sage,Least concern,,,,,,,,,,,,,,,,,,,,,,,,,,,,,,,,,,,50,,,,,,
,,,Lamiaceae,thymus,,vulgaris,,thymus vulgaris,,,,english thyme,Least concern,,,,,,,,,,,,,,,,,,,,,,,,,,,,,,,,,,,50,,,,,,
,,,Lauraceae,laurus,,nobilis,,laurus nobilis,,,,"laurel, bay",Least concern,,,,,,,,,,,,,,,,,,,,,,,,,,,,,,,,,,,50,,,,,,
,,,Lauraceae,lindera,,benzoin,,lindera benzoin,,,,"spicebush, common",Least concern,,,,,,,,,,,,,,,,,,,,,,,,,,,,,,,,,,,65,,,,,,6
,,,Lauraceae,sassafras,,albidum,,sassafras albidum,,,,sassafras,Least concern,,,,,,,,,,,,,,,,,,,,,,,,,,,,,,,,,,,65,,,,,,19
,,,Magnoliaceae,liriodendron,,tulipifera,,liriodendron tulipifera,,,fastigiatum,tuliptree,Least concern,,,,,,,,,,,,,,,,,,,,,,,,,,,,,,,,,,,80,,,,,,50
,,,Magnoliaceae,liriodendron,,tulipifera,,liriodendron tulipifera,,,,tuliptree,Least concern,,,,,,,,,,,,,,,,,,,,,,,,,,,,,,,,,,,80,,,,,,50
,,,Magnoliaceae,magnolia,,acuminata,,magnolia acuminata,,,,"magnolia, cucumbertree",Least concern,,,,,,,,,,,,,,,,,,,,5,6,,,,,,,,,,,,,,70,,,,,,1
,,,Magnoliaceae,magnolia,,denudata,,magnolia denudata,,,,"magnolia, yulan",Least concern,,,,,,,,,,,,,,,,,,,,5,6,,,,,,,,,,,,,,70,,,,,,4
,,,Magnoliaceae,magnolia,,macrophylla,,magnolia macrophylla,,,,"magnolia, bigleaf",Least concern,,,,,,,,,,,,,,,,,,,,5,6,,,,,,,,,,,,,,75,,,,,,2
,,,Magnoliaceae,magnolia,,stellata,,magnolia stellata,,,,"magnolia, star",Endangered,,,,,,,,,,,,,,,,,,,,5,6,,,,,,,,,,,,,,70,,,,,,27
,,,Magnoliaceae,magnolia,,tripetala,,magnolia tripetala,,,,"magnolia, umbrella",Least concern,,,,,,,,,,,,,,,,,,,,5,6,,,,,,,,,,,,,,80,,,,,,1
,,,Magnoliaceae,magnolia,,virginiana,,magnolia virginiana,,,,"magnolia, sweet bay",Least concern,,,,,,,,,,,,,,,,,,,,5,6,,,,,,,,,,,,,,70,,,,,,
,,,Malvaceae,hibiscus,,moscheutos,,hibiscus moscheutos,,,,rosemallow,Least concern,,,,,,,,,,,,,,,,,,,,,,,,,,,,,,,,,,,50,,,,,,7
,,,Malvaceae,hibiscus,,syriacus,,hibiscus syriacus,,,,rose of sharon,Least concern,,,,,,,,,,,,,,,,,,,,,,,,,,,,,,,,,,,80,,,,,,23
,,,Malvaceae,tilia,,americana,,tilia americana,,,fastigata,"linden, american",Least concern,,,,,,,,,,,,,,,,,,,,,,,,,,,,,,,,,,,40,,,,,,6
,,,Malvaceae,tilia,,americana,,tilia americana,,,lincoln,"linden, american",Least concern,,,,,,,,,,,,,,,,,,,,,,,,,,,,,,,,,,,40,,,,,,6
,,,Malvaceae,tilia,,americana,,tilia americana,,,redmond,"linden, american",Least concern,,,,,,,,,,,,,,,,,,,,,,,,,,,,,,,,,,,40,,,,,,6
,,,Malvaceae,tilia,,americana,,tilia americana,,,,"linden, american",Least concern,,,,,,,,,,,,,,,,,,,,,,,,,,,,,,,,,,,40,,,,,,6
,,,Malvaceae,tilia,,cordata,,tilia cordata,,,,"linden, littleleaf",Least concern,,,,,,,,,,,,,,,,,,,,,,,,,,,,,,,,,,,80,,,,,,103
,,,Marantaceae,calathea,,makoyana,,calathea makoyana,,,,peakcock plant,Least concern,,,,,,,,,,,,,,,,,,,,,,,,,,,,,,,,,,,50,,,,,,1
,,,Marattiaceae,ptisana,,salicina,,ptisana salicina,,,,"fern, king",Least concern,,,,,,,,,,,,,,,,,,,,,,,,,,,,,,,,,,,50,,,,,,1
,,,Moraceae,ficus,,benjamina,,ficus benjamina,,,,"fig, weeping",Least concern,,,,,,,,,,,,,,,,,,,,,,,,,,,,,,,,,,,50,,,,,,1
,,,Moraceae,ficus,,elastica,,ficus elastica,,,variegata,indian rubberplant,Least concern,,,,,,,,,,,,,,,,,,,,,,,,,,,,,,,,,,,50,,,,,,1
,,,Moraceae,ficus,,elastica,,ficus elastica,,,,indian rubberplant,Least concern,,,,,,,,,,,,,,,,,,,,,,,,,,,,,,,,,,,50,,,,,,1
,,,Moraceae,ficus,,microcarpa,,ficus microcarpa,,,,"fig, indian laurel",Least concern,,,,,,,,,,,,,,,,,,,,,,,,,,,,,,,,,,,50,,,,,,1
,,,Moraceae,maclura,,pomifera,,maclura pomifera,,,,osage orange,Least concern,,,,,,,,,,"UPL (Eastern Mountains and Piedmont), UPL (Western Mountains, Valleys, and Coast), UPL (Arid West), FACU (Great Plains), FACU (Midwest), FACU (Northcentral & Northeast), FACU (Atlantic and Gulf Coastal Plain)",,,,,,,,,,,,,,,,,,,,,,,yes,,40,,,,,,
,,,Moraceae,morus,,alba,,morus alba,,,,"mulberry, white",Least concern,,,,,,,,,,,,,,,,,,,,,,,,,,,,,,,,,,,60,,,,,,3
,,,Moraceae,morus,,rubra,,morus rubra,,,,"mulberry, red",Least concern,,,,,,,,,,,,,,,,,,,,,,,,,,,,,,,,,,,60,,,,,,4
,,,Myricaceae,comptonia,,peregrina,,comptonia peregrina,,,,"fern, sweet",Least concern,,,,,,,,,,,,,,,,,,,,,,,,,,,,,,,,,,,60,,,,,,4
,,,Myricaceae,myrica,,pensylvanica,,myrica pensylvanica,,,morton,"bayberry, northern",Least concern,,,,,,,,,,,,,,,,,,,,,,,,,,,,,,,,,,,50,,,,,,38
,,,Myricaceae,myrica,,pensylvanica,,myrica pensylvanica,,,,"bayberry, northern",Least concern,,,,,,,,,,,,,,,,,,,,,,,,,,,,,,,,,,,50,,,,,,38
,,,Nelumbonaceae,lotus,,corniculatus,,lotus corniculatus,,,,bird's-foot trefoil,Least concern,,,,,,,,,,,,,,,,,,,,,,,,,,,,,,,,,,,50,,,,,,1
,,,Nephrolepidaceae,nephrolepis,,exaltata,,nephrolepis exaltata,,,,"fern, boston",Least concern,,,,,,,,,,,,,,,,,,,,,,,,,,,,,,,,,,,50,,,,,,1
,,,Oleaceae,abeliophyllum,,distichum,,abeliophyllum distichum,,,,"forsythia, white",Endangered,,,,,,,,,,,,,,,,,,,,,,,,,,,,,,,,,,,55,,,,,,1
,,,Oleaceae,chionanthus,,virginicus,,chionanthus virginicus,,,,fringe tree,Least concern,,,,,,,,,,,,,,,,,,,,5,6,,,,,,,,,,,,,,80,,,,,,15
,,,Oleaceae,fraxinus,,americana,,fraxinus americana,,,autmnpurple,"ash, white",Critically endangerd,,,,,,,,,,,,,,,,,,,,,,,,,,,,,,,,,,,60,,,,,,59
,,,Oleaceae,fraxinus,,americana,,fraxinus americana,,,autumnapplause,"ash, white",Critically endangerd,,,,,,,,,,,,,,,,,,,,,,,,,,,,,,,,,,,60,,,,,,59
,,,Oleaceae,fraxinus,,americana,,fraxinus americana,,,autumnblaze,"ash, white",Critically endangerd,,,,,,,,,,,,,,,,,,,,,,,,,,,,,,,,,,,60,,,,,,59
,,,Oleaceae,fraxinus,,americana,,fraxinus americana,,,chicagoregal,"ash, white",Critically endangerd,,,,,,,,,,,,,,,,,,,,,,,,,,,,,,,,,,,60,,,,,,59
,,,Oleaceae,fraxinus,,americana,,fraxinus americana,,,elkgrove,"ash, white",Critically endangerd,,,,,,,,,,,,,,,,,,,,,,,,,,,,,,,,,,,60,,,,,,59
,,,Oleaceae,fraxinus,,americana,,fraxinus americana,,,fallfestival,"ash, white",Critically endangerd,,,,,,,,,,,,,,,,,,,,,,,,,,,,,,,,,,,60,,,,,,59
,,,Oleaceae,fraxinus,,americana,,fraxinus americana,,,rosehill,"ash, white",Critically endangerd,,,,,,,,,,,,,,,,,,,,,,,,,,,,,,,,,,,60,,,,,,59
,,,Oleaceae,fraxinus,,americana,,fraxinus americana,,,royalpurple,"ash, white",Critically endangerd,,,,,,,,,,,,,,,,,,,,,,,,,,,,,,,,,,,60,,,,,,59
,,,Oleaceae,fraxinus,,americana,,fraxinus americana,,,skyline,"ash, white",Critically endangerd,,,,,,,,,,,,,,,,,,,,,,,,,,,,,,,,,,,60,,,,,,59
,,,Oleaceae,fraxinus,,americana,,fraxinus americana,,,,"ash, white",Critically endangerd,,,,,,,,,,,,,,,,,,,,,,,,,,,,,,,,,,,60,,,,,,59
,,,Oleaceae,fraxinus,,excelsior,,fraxinus excelsior,,,,"ash, european",Near-threatened,,,,,,,,,,,,,,,,,,,,,,,,,,,,,,,,,,,50,,,,,,
,,,Oleaceae,fraxinus,,mandshurica,,fraxinus mandshurica,,,,"ash, manchurian",Least concern,,,,,,,,,,,,,,,,,,,,,,,,,,,,,,,,,,,75,,,,,,
,,,Oleaceae,fraxinus,,nigra,,fraxinus nigra,,,fallgold,"ash, black",Critically endangerd,,,,,,,,,,,,,,,,,,,,,,,,,,,,,,,,,,,60,,,,,,1
,,,Oleaceae,fraxinus,,nigra,,fraxinus nigra,,,,"ash, black",Critically endangerd,,,,,,,,,,,,,,,,,,,,,,,,,,,,,,,,,,,60,,,,,,1
,,,Oleaceae,fraxinus,,ornus,,fraxinus ornus,,,,"ash, flowering",Least concern,,,,,,,,,,,,,,,,,,,,,,,,,,,,,,,,,,,75,,,,,,
,,,Oleaceae,fraxinus,,oxycarpa,,fraxinus oxycarpa,,,,"ash, raywood",Least concern,,,,,,,,,,,,,,,,,,,,,,,,,,,,,,,,,,,65,,,,,,
,,,Oleaceae,fraxinus,,pennsylvanica,,fraxinus pennsylvanica,,,,"ash, green",Critically endangerd,,,,,,,,,,,,,,,,,,,,,,,,,,,,,,,,,,,65,,,,,,121
,,,Oleaceae,fraxinus,,quadrangulata,,fraxinus quadrangulata,,,,"ash, blue",Critically endangerd,,,,,,,,,,,,,,,,,,,,,,,,,,,,,,,,,,,60,,,,,,2
,,,Oleaceae,ligustrum,,vulgare,,ligustrum vulgare,,,,"privet, european",Least concern,,,,,,,,,,,,,,,,,,,,,,,,,,,,,,,,,,,50,,,,,,18
,,,Oleaceae,syringa,,reticulata,,syringa reticulata,,,ivorysilk,"lilac, japanese tree",Least concern,,,,,,,,,,,,,,,,,,,,6,7.5,,,,,,,,,,,,,,70,,,,,,27
,,,Oleaceae,syringa,,reticulata,,syringa reticulata,,,,"lilac, japanese tree",Least concern,,,,,,,,,,,,,,,,,,,,6,7.5,,,,,,,,,,,,,,70,,,,,,27
,,,Oleaceae,syringa,,vulgaris,,syringa vulgaris,,,,lilac,Least concern,,,,,,,,,,,,,,,,,,,,6,7.5,,,,,,,,,,,,,,70,,,,,,38
,,,Onocleaceae,matteuccia,,struthiopteris,,matteuccia struthiopteris,,,,ostrich fern,Least concern,,,,,,,,,,,,,,,,,,,,,,,,,,,,,,,,,,,50,,,,,,1
,,,Paulowniaceae,paulownia,,tomentosa,,paulownia tomentosa,,,,empress tree,Least concern,,,,,,,,,,,,,,,,,,,,,,,,,,,,,,,,,,,45,,,,,,1
,,,Pinaceae,abies,,grandis,,abies grandis,,,,"fir, grand",Least concern,,tree,,,,,,evergreen,,,,,,,,spring ,,,,,,,,,,,,,,,,,,,75,,,,,,
,,,Pinaceae,abies,,procera,,abies procera,,,,"fir, noble",Least concern,,tree,,,,,,evergreen,,,,,,,,,,,,,,,,,,,,,,,,,,,75,,,,,,
,,,Pinaceae,picea,,abies,,picea abies,,,pendula,"spruce, norway",Least concern,,,,,,,,evergreen,,,,,,,,,,,,5,6,,,,,,,,,,,,,,65,,,,,,95
,,,Pinaceae,picea,,abies,,picea abies,,,,"spruce, norway",Least concern,,,,,,,,evergreen,,,,,,,,,,,,5,6,,,,,,,,,,,,,,65,,,,,,95
,,,Pinaceae,picea,,engelmannii,,picea engelmannii,,,,"spruce, engelmann",Least concern,,,,,,,,evergreen,,,,,,,,,,,,,,,,,,,,,,,,,,,40,,,,,,
,,,Pinaceae,picea,,glauca,,picea glauca,,,conica,"spruce, white",Least concern,,,,,,,,evergreen,,,,,,,,,,,,,,,,,,,,,,,,,,,45,,,,,,21
,,,Pinaceae,picea,,glauca,,picea glauca,,,,"spruce, white",Least concern,,,,,,,,evergreen,,,,,,,,,,,,,,,,,,,,,,,,,,,45,,,,,,21
,,,Pinaceae,picea,,mariana,,picea mariana,,,,"spruce, black",Least concern,,,,,,,,evergreen,,,,,,,,,,,,,,,,,,,,,,,,,,,60,,,,,,10
,,,Pinaceae,picea,,omorika,,picea omorika,,,,"spruce, serbian",Endangered,,,,,,,,evergreen,,,,,,,,,,,,,,,,,,,,,,,,,,,75,,,,,,2
,,,Pinaceae,picea,,orientalis,,picea orientalis,,,,"spruce, oriental-caucasian",Least concern,,,,,,,,evergreen,,,,,,,,,,,,,,,,,,,,,,,,,,,75,,,,,,
,,,Pinaceae,picea,,pungens,,picea pungens,,,,"spruce, colorado",Least concern,,,,,,,,evergreen,,,,,,,,,,,,6,7,,,,,,,,,,,,,,60,,,,,,22
,,,Pinaceae,picea,,rubens,,picea rubens,,,,"spruce, red",Least concern,,,,,,,,evergreen,,,,,,,,,,,,,,,,,,,,,,,,,,,65,,,,,,
,,,Pinaceae,picea,,sitchensis,,picea sitchensis,,,,"spruce, sitka",Least concern,,,,,,,,evergreen,,,,,,,,,,,,,,,,,,,,,,,,,,,60,,,,,,
,,,Pinaceae,pinus,,banksiana,,pinus banksiana,,,,"pine, jack",Least concern,,,,,,,,evergreen,,,,,,,,,,,,5,6,,,,,,,,,,,,,,20,,,,,,
,,,Pinaceae,pinus,,bungeana,,pinus bungeana,,,,"pine, lacebark",Least concern,,,,,,,,evergreen,,,,,,,,,,,,5,6,,,,,,,,,,,,,,85,,,,,,1
,,,Pinaceae,pinus,,cembra,,pinus cembra,,,,"pine, swiss stone",Least concern,,,,,,,,evergreen,,,,,,,,,,,,5,6,,,,,,,,,,,,,,85,,,,,,13
,,,Pinaceae,pinus,,cembroides,,pinus cembroides,,,,"pine, pinyon",Least concern,,,,,,,,evergreen,,,,,,,,,,,,5,6,,,,,,,,,,,,,,85,,,,,,5
,,,Pinaceae,pinus,,contorta,,pinus contorta,,,,"pine, lodgepole",Least concern,,,,,,,,evergreen,,,,,,,,,,,,5,6,,,,,,,,,,,,,,55,,,,,,
,,,Pinaceae,pinus,,densiflora,,pinus densiflora,,,oculusraco,"pine, japanese red",Least concern,,,,,,,,evergreen,,,,,,,,,,,,5,6,,,,,,,,,,,,,,65,,,,,,5
,,,Pinaceae,pinus,,densiflora,,pinus densiflora,,,,"pine, japanese red",Least concern,,,,,,,,evergreen,,,,,,,,,,,,5,6,,,,,,,,,,,,,,65,,,,,,5
,,,Pinaceae,pinus,,flexilis,,pinus flexilis,,,,"pine, limber",Least concern,,,,,,,,evergreen,,,,,,,,,,,,5,6,,,,,,,,,,,,,,55,,,,,,50
,,,Pinaceae,pinus,,koraiensis,,pinus koraiensis,,,,korean pine,Least concern,,,,,,,,evergreen,,,,,,,,,,,,5,6,,,,,,,,,,,,,,75,,,,,,9
,,,Pinaceae,pinus,,monticola,,pinus monticola,,,,"pine, western white",Near-threatened,,,,,,,,evergreen,,,,,,,,,,,,5,6,,,,,,,,,,,,,,45,,,,,,
,,,Pinaceae,pinus,,mugo,,pinus mugo,,,,"pine, mugo",Least concern,,,,,,,,evergreen,,,,,,,,,,,,5,6,,,,,,,,,,,,,,60,,,,,,10
,,,Pinaceae,pinus,,nigra,,pinus nigra,,,,"pine, austrian",Least concern,,,,,,,,evergreen,,,,,,,,,,,,5,6,,,,,,,,,,,,,,75,,,,,,24
*,,,Pinaceae,pinus,,parviflora,,pinus parviflora,,,,"pine, japanese white",Least concern,,,,,,,,evergreen,,,,,,,,,,,,5,6,,,,,,,,,,,,,,85,,,,,,5
,,,Pinaceae,pinus,,ponderosa,,pinus ponderosa,,,,"pine, ponderosa",Least concern,,,,,,,,evergreen,,,,,,,,,,,,5,6,,,,,,,,,,,,,,75,,,,,,8
,,,Pinaceae,pinus,,resinosa,,pinus resinosa,,,,"pine, red",Least concern,,,,,,,,evergreen,,,,,,,,,,,,5,6,,,,,,,,,,,,,,75,,,,,,130
,,,Pinaceae,pinus,,rigida,,pinus rigida,,,,"pine, pitch",Least concern,,,,,,,,evergreen,,,,,,,,,,,,5,6,,,,,,,,,,,,,,65,,,,,,14
,,,Pinaceae,pinus,,strobiformis,,pinus strobiformis,,,,"pine, golden",Least concern,,,,,,,,evergreen,,,,,,,,,,,,5,6,,,,,,,,,,,,,,70,,,,,,
,,,Pinaceae,pinus,,strobus,,pinus strobus,,,fastigiata,"pine, white",Least concern,,,,,,,,evergreen,temperate broadleaf and mixed forests biome. Well-drained or sandy soils,,,,,,,,,,Blister rust,4.5,6,,,,,,,,,,,,,,85,,,,,,608
,,,Pinaceae,pinus,,strobus,,pinus strobus,,,pendula,"pine, white",Least concern,,,,,,,,evergreen,,,,,,,,,,,,4.5,6,,,,,,,,,,,,,,85,,,,,,608
,,,Pinaceae,pinus,,strobus,,pinus strobus,,,,"pine, white",Least concern,,,,,,,,evergreen,,,,,,,,,,,,4.5,6,,,,,,,,,,,,,,85,,,,,,608
,,,Pinaceae,pinus,,sylvestris,,pinus sylvestris,,,,"pine, scots",Least concern,,,,,,,,evergreen,,,,,,,,,,,,5,6,,,,,,,,,,,,,,80,,,,,,64
,,,Pinaceae,pinus,,thunbergii,,pinus thunbergii,,,,"pine, japanese black",Least concern,,,,,,,,evergreen,,,,,,,,,,,,,,,,,,,,,,,,,,,65,,,,,,31
,,,Pinaceae,cedrus,,atlantica,,cedrus atlantica,,,,"cedar, atlas",Endangered,,,,,,,,,,,,,,,,,,,,,,,,,,,,,,,,,,,95,,,,,,8
*,,,Pinaceae,cedrus,,deodara,,cedrus deodara,,,,"cedar, deodar",Least concern,,,,,,,,,,,,,,,,,,,,,,,,,,,,,,,,,,,95,,,,,,
,,,Pinaceae,cedrus,,libani,,cedrus libani,,,,cedar of lebanon,Vulnerable,,,,,,,,,,,,,,,,,,,,,,,,,,,,,,,,,,,75,,,,,,1
,,,Pinaceae,larix,,decidua,,larix decidua,,,,"larch, european",Least concern,,,,,,,,,,,,,,,,,,,,,,,,,,,,,,,,,,,75,,,,,,13
*,,,Pinaceae,larix,,kaempferi,,larix kaempferi,,,,"larch, japanese",Least concern,,,,,,,,,,,,,,,,,,,,,,,,,,,,,,,,,,,75,,,,,,1
,,,Pinaceae,larix,,laricina,,larix laricina,,,,tamarack,Least concern,,,,,,,,,,,,,,,,,,,,,,,,,,,,,,,,,,,75,,,,,,18
,,,Pinaceae,larix,,occidentalis,,larix occidentalis,,,,"larch, western",Least concern,,,,,,,,,,,,,,,,,,,,,,,,,,,,,,,,,,,70,,,,,,1
,,,Pinaceae,pseudolarix,,amabilis,,pseudolarix amabilis,,,,"larch, golden",Vulnerable,,,,,,,,,,,,,,,,,,,,,,,,,,,,,,,,,,,70,,,,,,1
,,,Pinaceae,pseudotsuga,,menziesii,,pseudotsuga menziesii,,,,douglasfir,Least concern,,,,,,,,,,,,,,,,,,,,,,,,,,,,,,,,,,,75,,,,,,2
,,,Pinaceae,tsuga,,canadensis,,tsuga canadensis,,,,"hemlock, eastern",Near-threatened,,,,,,,,,,,,,,,,,,,,5,6,,,,,,,,,,,,,,65,,,,,,132
,,,Pinaceae,tsuga,,caroliniana,,tsuga caroliniana,,,,"hemlock, carolina",Near-threatened,,,,,,,,,,,,,,,,,,,,5,6,,,,,,,,,,,,,,75,,,,,,21
,,,Pinaceae,tsuga,,mertensiana,,tsuga mertensiana,,,,"hemlock, mountain",Least concern,,,,,,,,,,,,,,,,,,,,5,6,,,,,,,,,,,,,,75,,,,,,
,,,Piperaceae,peperomia,,obtusifolia,,peperomia obtusifolia,,,,baby rubber plant,Least concern,,,,,,,,,,,,,,,,,,,,,,,,,,,,,,,,,,,50,,,,,,1
,,,Platanaceae,platanus,,acerifolia,,platanus acerifolia,,,bloodgood,"planetree, london",Least concern,,,,,,,,,,,,,,,,,,,,,,,,,,,,,,,,,,,70,,,,,,138
,,,Platanaceae,platanus,,acerifolia,,platanus acerifolia,,,,"planetree, london",Least concern,,,,,,,,,,,,,,,,,,,,,,,,,,,,,,,,,,,70,,,,,,138
,,,Platanaceae,platanus,,occidentalis,,platanus occidentalis,,,,sycamore,Least concern,,,,,,,,,,,,,,,,,,,,,,,,,,,,,,,,,,,75,,,,,,3
,,,Poaceae,bambusa,,vulgaris,,bambusa vulgaris,,,,"bamboo, common",Least concern,,,,,,,,,,,,,,,,,,,,,,,,,,,,,,,,,,,50,,,,,,
,,,Poaceae,phyllostachys,,bissetii,,phyllostachys bissetii,,,,"bamboo, american",Least concern,,,,,,,,,,,,,,,,,,,,,,,,,,,,,,,,,,,50,,,,,,18
,,,Polygonaceae,coriandrum,,sativum,,coriandrum sativum,,,,cilantro,Least concern,,,,,,,,,,,,,,,,,,,,,,,,,,,,,,,,,,,50,,,,,,
,,,Polygonaceae,rumex,,acetosa,,rumex acetosa,,,,perpetual sorrel,Least concern,,,,,,,,,,,,,,,,,,,,,,,,,,,,,,,,,,,50,,,,,,1
,,,Punicaceae,punica,,granatum,,punica granatum,,,,pomegranate,Least concern,,,,,,,,,,,,,,,,,,,,,,,,,,,,,,,,,,,80,,,,,,
,,,Ranunculaceae,clematis,,terniflora,,clematis terniflora,,,,"clematis, sweet autumn",Least concern,,,,,,,,,,,,,,,,,,,,,,,,,,,,,,,,,,,50,,,,,,5
,,,Rhamnaceae,Ceanothus,,americanus,,Ceanothus americanus,,,,new jersey tea,Least concern,,,,,,,,,,,,,,,,,,,,,,,,,,,,,,,,,,,50,,,,,,2
,,,Rhamnaceae,frangula,,alnus,,frangula alnus,,,,"buckthorn, glossy",Least concern,,,,,,,,,,,,,,,,,,,,,,,,,,,,,,,,,,,20,,,,,,2
,,,Rhamnaceae,rhamnus,,cathartica,,rhamnus cathartica,,,,"buckthorn, common",Least concern,,,,,,,,,,,,,,,,,,,,,,,,,,,,,,,,,,,20,,,,,,1
,,,Rosaceae,amelanchier,,alnifolia,,amelanchier alnifolia,,,,"juneberry, regent",Least concern,,,,,,,,,,,,,,,,,,,,5,6,,,,,,,,,,,,,,70,,,,,,1
,,,Rosaceae,amelanchier,,canadensis,,amelanchier canadensis,,,,"serviceberry, canadian",Least concern,,,,,,,,,,,,,,,,,,,,5,6,,,,,,,,,,,,,,65,,,,,,136
,,,Rosaceae,amelanchier,x,grandiflora,,amelanchier grandiflora,,,,"serviceberry, apple",Least concern,,,,,,,,,,,,,,,,,,,,5,6,,,,,,,,,,,,,,70,,,,,,2
,,,Rosaceae,aronia,,arbutifolia,,aronia arbutifolia,,,briliantis,"chokeberry, red",Least concern,,,,,,,,,,,,,,,,,,,,,,,,,,,,,,,,,,,55,,,,,,3
,,,Rosaceae,aronia,,arbutifolia,,aronia arbutifolia,,,,"chokeberry, red",Least concern,,,,,,,,,,,,,,,,,,,,,,,,,,,,,,,,,,,55,,,,,,3
,,,Rosaceae,cotoneaster,,divaricatus,,cotoneaster divaricatus,,,,"cotoneaster, spreading",Least concern,,,,,,,,,,,,,,,,,,,,6.5,7.5,,,,,,,,,,,,,,65,,,,,,27
,,,Rosaceae,cotoneaster,,horizontalis,,cotoneaster horizontalis,,,,"cotoneaster, rockspray",Least concern,,,,,,,,,,,,,,,,,,,,6.5,7.5,,,,,,,,,,,,,,65,,,,,,
,,,Rosaceae,crataegus,,crus-galli,,crataegus crus-galli,,,,"hawthorn, cockspur",Least concern,,,,,,,,,,,,,,,,,,,,,,,,,,,,,,,,,yes,,60,,,,,,11
,,,Rosaceae,crataegus,,laevigata,,crataegus laevigata,,,crimsoncloud,"hawthorn, english",Least concern,,,,,,,,,,,,,,,,,,,,,,,,,,,,,,,,,yes,,45,,,,,,2
,,,Rosaceae,crataegus,,laevigata,,crataegus laevigata,,,,"hawthorn, english",Least concern,,,,,,,,,,,,,,,,,,,,,,,,,,,,,,,,,yes,,45,,,,,,2
,,,Rosaceae,crataegus,,mollis,,crataegus mollis,,,,"hawthorn, downy",Least concern,,,,,,,,,,,,,,,,,,,,,,,,,,,,,,,,,yes,,45,,,,,,10
,,,Rosaceae,crataegus,,oxyacantha,,crataegus oxyacantha,,,,"hawthorn, northern european",Least concern,,,,,,,,,,,,,,,,,,,,,,,,,,,,,,,,,yes,,65,,,,,,3
,,,Rosaceae,crataegus,,phaenopyrum,,crataegus phaenopyrum,,,,"hawthorn, washington",Least concern,,,,,,,,,,,,,,,,,,,,,,,,,,,,,,,,,yes,,70,,,,,,6
,,,Rosaceae,crataegus,,punctata,,crataegus punctata,,,,"hawthorn, spotted",Least concern,,,,,,,,,,,,,,,,,,,,,,,,,,,,,,,,,yes,,50,,,,,,
,,,Rosaceae,crataegus,,viridis,,crataegus viridis,,,WinterKing,"hawthorn, green",Least concern,,,,,,,,,,,,,,,,,,,,,,,,,,,,,,,,,yes,,70,,,,,,
,,,Rosaceae,crataegus,,viridis,,crataegus viridis,,,,"hawthorn, green",Least concern,,,,,,,,,,,,,,,,,,,,,,,,,,,,,,,,,yes,,70,,,,,,
,,,Rosaceae,fragaria,,ananassa,,fragaria ananassa,,,,everbearing strawberry,Least concern,,,,,,,,,,,,,,,,,,,,,,,,,,,,,,,,,,,50,,,,,,1
,,,Rosaceae,malus,,arnoldiana,,malus arnoldiana,,,,"crabapple, arnold pink",Least concern,,,,,,,,,,,,,,,,,,,,5,6,,,,,,,,,,,,Resistance to verticillium wilt,,60,,,,,,7
,,,Rosaceae,malus,,baccata,,malus baccata,,,jackii,"crabapple, siberian white",Least concern,,,,,,,,,,,,,,,,,,,,5,6,,,,,,,,,,,,Resistance to verticillium wilt,,60,,,,,,5
,,,Rosaceae,malus,,baccata,,malus baccata,,,,"crabapple, siberian white",Least concern,,,,,,,,,,,,,,,,,,,,5,6,,,,,,,,,,,,Resistance to verticillium wilt,,60,,,,,,5
,,,Rosaceae,malus,,coronaria,,malus coronaria,var.,Â dasycalyx,charlottae,"crabapple, wild sweet",Least concern,,,,,,,,,,,,,,,,,,,,5,6,,,,,,,,,,,,Resistance to verticillium wilt,,50,,,,,,2
,,,Rosaceae,malus,,coronaria,,malus coronaria,,,,"crabapple, wild sweet",Least concern,,,,,,,,,,,,,,,,,,,,5,6,,,,,,,,,,,,Resistance to verticillium wilt,,50,,,,,,2
,,,Rosaceae,malus,,domestica,,malus domestica,,,liberty,"apple, macintosh",Least concern,,,,,,,,,,,,,,,,,,,,5,6,,,,,,,,,,,,Resistance to verticillium wilt,,60,,,,,,1
,,,Rosaceae,malus,,domestica,,malus domestica,,,,"apple, macintosh",Least concern,,,,,,,,,,,,,,,,,,,,5,6,,,,,,,,,,,,Resistance to verticillium wilt,,60,,,,,,1
,,,Rosaceae,malus,,eleyi,,malus eleyi,,,,"crabapple, rosy",Least concern,,,,,,,,,,,,,,,,,,,,5,6,,,,,,,,,,,,Resistance to verticillium wilt,,60,,,,,,4
,,,Rosaceae,malus,,floribunda,,malus floribunda,,,,crabapple floribunda,Least concern,,,,,,,,,,,,,,,,,,,,5,6,,,,,,,,,,,,Resistance to verticillium wilt,,60,,,,,,10
,,,Rosaceae,malus,,hupehensis,,malus hupehensis,,,,"crabapple, tea",Least concern,,,,,,,,,,,,,,,,,,,,5,6,,,,,,,,,,,,Resistance to verticillium wilt,,50,,,,,,9
,,,Rosaceae,malus,,pumila,,malus pumila,,,,"crabapple, common",Least concern,,,,,,,,,,,,,,,,,,,,5,6,,,,,,,,,,,,Resistance to verticillium wilt,,50,,,,,,1
,,,Rosaceae,malus,,purpurea,,malus purpurea,,,,"crabapple, purple",Least concern,,,,,,,,,,,,,,,,,,,,5,6,,,,,,,,,,,,Resistance to verticillium wilt,,60,,,,,,9
,,,Rosaceae,malus,,sargentii,,malus sargentii,,,,"crabapple, sargent",Least concern,,,,,,,,,,,,,,,,,,,,5,6,,,,,,,,,,,,Resistance to verticillium wilt,,60,,,,,,8
,,,Rosaceae,malus,,scheideckeri,,malus scheideckeri,,,,"crabapple, scheidecker",Least concern,,,,,,,,,,,,,,,,,,,,5,6,,,,,,,,,,,,Resistance to verticillium wilt,,60,,,,,,5
,,,Rosaceae,malus,,soulardii,,malus soulardii,,,,"crabapple, soulard",Least concern,,,,,,,,,,,,,,,,,,,,5,6,,,,,,,,,,,,Resistance to verticillium wilt,,50,,,,,,4
,,,Rosaceae,malus,,toringoides,,malus toringoides,,,,"crabapple, cutleaf",Least concern,,,,,,,,,,,,,,,,,,,,5,6,,,,,,,,,,,,Resistance to verticillium wilt,,50,,,,,,2
,,,Rosaceae,mespilus,,germanica,,mespilus germanica,,,,"medlar, breda giant",Least concern,,,,,,,,,,,,,,,,,,,,,,,,,,,,,,,,,,,65,,,,,,1
,,,Rosaceae,physocarpus,,opulifolius,,physocarpus opulifolius,,,,"ninebark, common",Least concern,,,,,,,,,,,,,,,,,,,,,,,,,,,,,,,,,,,65,,,,,,17
,,,Rosaceae,prunus,,armeniaca,,prunus armeniaca,,,,apricot,Least concern,,,,,,,,,,,,,,,,,,,,,,,,,,,,,,,,,,,65,,,,,,1
,,,Rosaceae,prunus,,caroliniana,,prunus caroliniana,,,,"cherry, laurel",Least concern,,,,,,,,,,,,,,,,,,,,,,,,,,,,,,,,,,,65,,,,,,1
,,,Rosaceae,prunus,,cerasifera,,prunus cerasifera,,,Thundercloud,"plum, cherry or purple leaf",Least concern,,,,,,,,,,,,,,,,,,,,,,,,,,,,,,,,,,,65,,,,,,7
,,,Rosaceae,prunus,,cerasifera,,prunus cerasifera,,,,"plum, cherry or purple leaf",Least concern,,,,,,,,,,,,,,,,,,,,,,,,,,,,,,,,,,,65,,,,,,7
,,,Rosaceae,prunus,,cerasus,,prunus cerasus,,,,cherry,Least concern,,,,,,,,,,,,,,,,,,,,,,,,,,,,,,,,,,,65,,,,,,21
,,,Rosaceae,prunus,,dulcis,,prunus dulcis,,,,"almond, sweet",Least concern,,,,,,,,,,,,,,,,,,,,,,,,,,,,,,,,,,,70,,,,,,
,,,Rosaceae,prunus,,maackii,,prunus maackii,,,,"chokecherry, amur",Least concern,,,,,,,,,,,,,,,,,,,,,,,,,,,,,,,,,,,60,,,,,,1
,,,Rosaceae,prunus,,maritima,,prunus maritima,,,,beach plum,Least concern,,,,,,,,,,,,,,,,,,,,,,,,,,,,,,,,,,,60,,,,,,8
,,,Rosaceae,prunus,,pensylvanica,,prunus pensylvanica,,,,"cherry, pin",Least concern,,,,,,,,,,,,,,,,,,,,,,,,,,,,,,,,,,,50,,,,,,
,,,Rosaceae,prunus,,persica,,prunus persica,,,,peach,Least concern,,,,,,,,,,,,,,,,,,,,,,,,,,,,,,,,,,,20,,,,,,1
,,,Rosaceae,prunus,,pumila,,prunus pumila,,,,"cherry, sand",Least concern,,,,,,,,,,,,,,,,,,,,,,,,,,,,,,,,,,,60,,,,,,5
,,,Rosaceae,prunus,,sargentii,,prunus sargentii,,,columnaris,"cherry, sargent",Least concern,,,,,,,,,,,,,,,,,,,,,,,,,,,,,,,,,,,75,,,,,,11
,,,Rosaceae,prunus,,sargentii,,prunus sargentii,,,,"cherry, sargent",Least concern,,,,,,,,,,,,,,,,,,,,,,,,,,,,,,,,,,,75,,,,,,11
,,,Rosaceae,prunus,,serotina,,prunus serotina,,,,"cherry, black",Least concern,,,,,,,,,,,,,,,,,,,,,,,,,,,,,,,,,,,50,,,,,,17
,,,Rosaceae,prunus,,serrulata,,prunus serrulata,,,kwanzan,"cherry, japanese flowering",Least concern,,,,,,,,,,,,,,,,,,,,,,,,,,,,,,,,,,,65,,,,,,6
,,,Rosaceae,prunus,,serrulata,,prunus serrulata,,,,"cherry, japanese flowering",Least concern,,,,,,,,,,,,,,,,,,,,,,,,,,,,,,,,,,,65,,,,,,6
,,,Rosaceae,prunus,,subhirtella,,prunus subhirtella,,,autumnalis,"cherry, higan",Least concern,,,,,,,,,,,,,,,,,,,,,,,,,,,,,,,,,,,75,,,,,,6
,,,Rosaceae,prunus,,subhirtella,,prunus subhirtella,,,pendula,"cherry, higan",Least concern,,,,,,,,,,,,,,,,,,,,,,,,,,,,,,,,,,,75,,,,,,6
,,,Rosaceae,prunus,,subhirtella,,prunus subhirtella,,,,"cherry, higan",Least concern,,,,,,,,,,,,,,,,,,,,,,,,,,,,,,,,,,,75,,,,,,6
,,,Rosaceae,prunus,,yedoensis,,prunus yedoensis,,,,"cherry, yoshino",Least concern,,,,,,,,,,,,,,,,,,,,,,,,,,,,,,,,,,,75,,,,,,15
,,,Rosaceae,pseudocydonia,,sinensis,,pseudocydonia sinensis,,,,quince species,Least concern,,,,,,,,,,,,,,,,,,,,,,,,,,,,,,,,,,,50,,,,,,2
,,,Rosaceae,pyracantha,,coccinea,,pyracantha coccinea,,,,"firethorn, scarlet",Least concern,,,,,,,,,,,,,,,,,,,,,,,,,,,,,,,,,,,55,,,,,,1
,,,Rosaceae,pyrus,,calleryana,,pyrus calleryana,,,aristocrat,"pear, flowering",Least concern,,,,,,,,,,,,,,,,,,,,,,,,,,,,,,,,,,,65,,,,,,10
,,,Rosaceae,pyrus,,calleryana,,pyrus calleryana,,,autumnblaze,"pear, flowering",Least concern,,,,,,,,,,,,,,,,,,,,,,,,,,,,,,,,,,,65,,,,,,10
,,,Rosaceae,pyrus,,calleryana,,pyrus calleryana,,,bradford,"pear, flowering",Least concern,,,,,,,,,,,,,,,,,,,,,,,,,,,,,,,,,,,65,,,,,,10
,,,Rosaceae,pyrus,,calleryana,,pyrus calleryana,,,capitol,"pear, flowering",Least concern,,,,,,,,,,,,,,,,,,,,,,,,,,,,,,,,,,,65,,,,,,10
,,,Rosaceae,pyrus,,calleryana,,pyrus calleryana,,,chanticlear,"pear, flowering",Least concern,,,,,,,,,,,,,,,,,,,,,,,,,,,,,,,,,,,65,,,,,,10
,,,Rosaceae,pyrus,,calleryana,,pyrus calleryana,,,dwarfanjou,"pear, flowering",Least concern,,,,,,,,,,,,,,,,,,,,,,,,,,,,,,,,,,,65,,,,,,10
,,,Rosaceae,pyrus,,calleryana,,pyrus calleryana,,,fauriei,"pear, flowering",Least concern,,,,,,,,,,,,,,,,,,,,,,,,,,,,,,,,,,,65,,,,,,10
,,,Rosaceae,pyrus,,calleryana,,pyrus calleryana,,,redspire,"pear, flowering",Least concern,,,,,,,,,,,,,,,,,,,,,,,,,,,,,,,,,,,65,,,,,,10
,,,Rosaceae,pyrus,,calleryana,,pyrus calleryana,,,,"pear, flowering",Least concern,,,,,,,,,,,,,,,,,,,,,,,,,,,,,,,,,,,65,,,,,,10
,,,Rosaceae,pyrus,,communis,,pyrus communis,,,,"pear, common",Least concern,,,,,,,,,,,,,,,,,,,,,,,,,,,,,,,,,,,55,,,,,,2
,,,Rosaceae,pyrus,,pyrifolia,,pyrus pyrifolia,,,,"pear, dwarf asian",Least concern,,,,,,,,,,,,,,,,,,,,,,,,,,,,,,,,,,,55,,,,,,4
,,,Rosaceae,pyrus,,ussuriensis,,pyrus ussuriensis,,,,"pear, ussurian",Least concern,,,,,,,,,,,,,,,,,,,,,,,,,,,,,,,,,,,75,,,,,,
,,,Rosaceae,rosa,,floribunda,,rosa floribunda,,,,english rose,Least concern,,,,,,,,,,,,,,,,,,,,5.5,7,,,,,,,,,,,,,,50,,,,,,1
,,,Rosaceae,rosa,,hugonis,,rosa hugonis,,,,father hugo rose,Least concern,,,,,,,,,,,,,,,,,,,,5.5,7,,,,,,,,,,,,,,50,,,,,,1
,,,Rosaceae,rosa,,multiflora,,rosa multiflora,,,,"rose, multiflora",Least concern,,,,,,,,,,,,,,,,,,,,5.5,7,,,,,,,,,,,,,,50,,,,,,1
,,,Rosaceae,rosa,,rugosa,,rosa rugosa,,,,rugosa rose,Least concern,,,,,,,,,,,,,,,,,,,,5.5,7,,,,,,,,,,,,,,40,,,,,,9
,,,Rosaceae,rubus,,idaeus,,rubus idaeus,,,anneyellow,ecore red raspberry,Least concern,,,,,,,,,,,,,,,,,,,,5.5,7,,,,,,,,,,,,,,50,,,,,,5
,,,Rosaceae,rubus,,idaeus,,rubus idaeus,,,encorered,ecore red raspberry,Least concern,,,,,,,,,,,,,,,,,,,,5.5,7,,,,,,,,,,,,,,50,,,,,,5
,,,Rosaceae,rubus,,idaeus,,rubus idaeus,,,fallgold,ecore red raspberry,Least concern,,,,,,,,,,,,,,,,,,,,5.5,7,,,,,,,,,,,,,,50,,,,,,5
,,,Rosaceae,rubus,,idaeus,,rubus idaeus,,,,ecore red raspberry,Least concern,,,,,,,,,,,,,,,,,,,,5.5,7,,,,,,,,,,,,,,50,,,,,,5
,,,Rosaceae,rubus,,occidentalis,,rubus occidentalis,,,,"raspberry, black",Least concern,,,,,,,,,,,,,,,,,,,,5.5,7,,,,,,,,,,,,,,70,,,,,,1
,,,Rosaceae,sorbus,,americana,,sorbus americana,,,,"mountain ash, american",Least concern,,,,,,,,,,,,,,,,,,,,6,7,,,,,,,,,,,,,,50,,,,,,
,,,Rosaceae,sorbus,,aucuparia,,sorbus aucuparia,,,blackhawk,"mountain ash, european",Least concern,,,,,,,,,,,,,,,,,,,,6,7,,,,,,,,,,,,,,45,,,,,,1
,,,Rosaceae,sorbus,,aucuparia,,sorbus aucuparia,,,cardinalroy,"mountain ash, european",Least concern,,,,,,,,,,,,,,,,,,,,6,7,,,,,,,,,,,,,,45,,,,,,1
,,,Rosaceae,sorbus,,aucuparia,,sorbus aucuparia,,,,"mountain ash, european",Least concern,,,,,,,,,,,,,,,,,,,,6,7,,,,,,,,,,,,,,45,,,,,,1
,,,Rosaceae,sorbus,,decora,,sorbus decora,,,,"mountainash, showy",Least concern,,,,,,,,,,,,,,,,,,,,6,7,,,,,,,,,,,,,,45,,,,,,
,,,Rosaceae,sorbus,,quercifolia,,sorbus quercifolia,,,,"mountain ash, oak leaf",Least concern,,,,,,,,,,,,,,,,,,,,6,7,,,,,,,,,,,,,,45,,,,,,
,,,Rosaceae,spiraea,,species,,spiraea species,,,,spirea,Least concern,,,,,,,,,,,,,,,,,,,,,,,,,,,,,,,,,,,80,,,,,,57
,,,Rubiaceae,coffea,,arabica,,coffea arabica,,,,coffee plant,Least concern,,,,,,,,,,,,,,,,,,,,,,,,,,,,,,,,,,,50,,,,,,
,,,Rubiaceae,galium,,odoratum,,galium odoratum,,,,sweet woodruff,Least concern,,,,,,,,,,,,,,,,,,,,,,,,,,,,,,,,,,,50,,,,,,1
,,,Rutaceae,citrus,,mitis,,citrus mitis,,,,calamondin orange,Least concern,,,,,,,,,,,,,,,,,,,,,,,,,,,,,,,,,,,50,,,,,,1
,,,Rutaceae,phellodendron,,amurense,,phellodendron amurense,,,macho,"corktree, amur",Least concern,,,,,,,,,,,,,,,,,,,,,,,,,,,,,,,,,,,60,,,,,,34
,,,Rutaceae,phellodendron,,amurense,,phellodendron amurense,,,,"corktree, amur",Least concern,,,,,,,,,,,,,,,,,,,,,,,,,,,,,,,,,,,60,,,,,,34
,,,Rutaceae,phellodendron,,sachalinense,,phellodendron sachalinense,,,,sachalinense corktree,Least concern,,,,,,,,,,,,,,,,,,,,,,,,,,,,,,,,,,,60,,,,,,2
,,,Rutaceae,ptelea,,trifoliata,,ptelea trifoliata,,,,hoptree,Least concern,,,,,,,,,,,,,,,,,,,,,,,,,,,,,,,,,,,75,,,,,,2
,,,Rutaceae,zanthoxylum,,fagara,,zanthoxylum fagara,,,,lime prickly ash,Least concern,,,,,,,,,,,,,,,,,,,,,,,,,,,,,,,,,,,50,,,,,,
,,,Salicaceae,populus,,alba,,populus alba,,,,"poplar, white",Least concern,,,,,,,,,,,,,,,,,,,,,,,,,,,,,,,,,,,25,,,,,,
,,,Salicaceae,populus,,balsamifera,,populus balsamifera,,,,"poplar, balsam",Least concern,,,,,,,,,,,,,,,,,,,,,,,,,,,,,,,,,,,30,,,,,,
,,,Salicaceae,populus,,candicans,,populus candicans,,,,balm-of-gilead,Least concern,,,,,,,,,,,,,,,,,,,,,,,,,,,,,,,,,,,30,,,,,,
,,,Salicaceae,populus,,deltoides,,populus deltoides,,,,"cottonwood, eastern",Least concern,,,,,,,,,,,,,,,,,,,,,,,,,,,,,,,,,,,30,,,,,,8
,,,Salicaceae,populus,,grandidentata,,populus grandidentata,,,,"aspen, bigtooth",Least concern,,,,,,,,,,,,,,,,,,,,,,,,,,,,,,,,,,,30,,,,,,13
,,,Salicaceae,populus,,nigra,,populus nigra,,,,"poplar, lombardy",Least concern,,,,,,,,,,,,,,,,,,,,,,,,,,,,,,,,,,,20,,,,,,
,,,Salicaceae,populus,,sargentii,,populus sargentii,,,,"poplar, sargent",Least concern,,,,,,,,,,,,,,,,,,,,,,,,,,,,,,,,,,,30,,,,,,
,,,Salicaceae,populus,,tremuloides,,populus tremuloides,,,erecta,"aspen, quaking",Least concern,,,,,,,,,,,,,,,,,,,,,,,,,,,,,,,,,,,40,,,,,,48
,,,Salicaceae,populus,,tremuloides,,populus tremuloides,,,,"aspen, quaking",Least concern,,,,,,,,,,,,,,,,,,,,,,,,,,,,,,,,,,,40,,,,,,48
,,,Salicaceae,populus,,trichocarpa,,populus trichocarpa,,,,"cottonwood, black",Least concern,,,,,,,,,,,,,,,,,,,,,,,,,,,,,,,,,,,30,,,,,,
,,,Salicaceae,salix,,alba,,salix alba,,,tristis,"willow, white",Least concern,,,,,,,,,,,,,,,,,,,,5,6,,,,,,,,,,,,,,40,,,,,,7
,,,Salicaceae,salix,,alba,,salix alba,,,,"willow, white",Least concern,,,,,,,,,,,,,,,,,,,,5,6,,,,,,,,,,,,,,40,,,,,,7
,,,Salicaceae,salix,,babylonica,,salix babylonica,,,,"willow, weeping",Least concern,,,,,,,,,,,,,,,,,,,,5,6,,,,,,,,,,,,,,40,,,,,,1
,,,Salicaceae,salix,,caprea,,salix caprea,,,,"willow, goat",Least concern,,,,,,,,,,,,,,,,,,,,5,6,,,,,,,,,,,,,,50,,,,,,
,,,Salicaceae,salix,,gracilistyla,,salix gracilistyla,,,,pussy willow,Least concern,,,,,,,,,,,,,,,,,,,,5,6,,,,,,,,,,,,,,50,,,,,,
,,,Salicaceae,salix,,integra,,salix integra,,,,"willow, dappled",Least concern,,,,,,,,,,,,,,,,,,,,5,6,,,,,,,,,,,,,,40,,,,,,1
,,,Salicaceae,salix,,matsudana,,salix matsudana,,,,"willow, corkscrew",Least concern,,,,,,,,,,,,,,,,,,,,5,6,,,,,,,,,,,,,,40,,,,,,1
,,,Salicaceae,salix,,nigra,,salix nigra,,,,"willow, black",Least concern,,,,,,,,,,,,,,,,,,,,5,6,,,,,,,,,,,,,,40,,,,,,2
,,,Salicaceae,salix,,species,,salix species,,,,willow,Least concern,,,,,,,,,,,,,,,,,,,,5,6,,,,,,,,,,,,,,40,,,,,,2
,,,Sapindaceae,acer,,saccharinum,,acer saccharinum,,,silverqueen,"maple, silver",Least concern,,,,,,70,45,deciduous,,"FAC (Arid West), FAC (Atlantic and Gulf Coastal Plain), FAC (Western Mountains, Valleys, and Coast), FAC (Great Plains), FACW (Eastern Mountains and Piedmont), FACW (Midwest), FACW (Northcentral & Northeast)",,,,,,,,,,6,7.5,,,,,,,,,,,,,,50,,,,,,25
,,,Sapindaceae,acer,,buergerianum,,acer buergerianum,,,,"maple, trident",Least concern,,,,,,,,,,,,,,,,,,,,6,7.5,,,,,,,,,,,,,,65,,,,,,2
,,,Sapindaceae,acer,,ginnala,,acer ginnala,,,,"maple, amur",Least concern,,,,,,,,,,,,,,,,,,,,6,7.5,,,,,,,,,,,,,,75,,,,,,2
,,,Sapindaceae,acer,,miyabei,,acer miyabei,,,,"maple, miyabei state street",Least concern,,,,,,,,,,,,,,,,,,,,6,7.5,,,,,,green,yellow,greenish yellow,midSpring,,,,,80,,,,,,6
,,,Sapindaceae,acer,,negundo,,acer negundo,,,,"maple, boxelder",Least concern,,,,,,,,,,,,,,,,,,,,6,7.5,,,,,,,,,,,,,,30,,,,,,6
,,,Sapindaceae,acer,,nigrum,,acer nigrum,,,,"maple, black",Least concern,,,,,,,,,,,,,,,,,,,,6,7.5,,,,,,,,,,,,,,70,,,,,,2
,,,Sapindaceae,acer,,pseudoplatanus,,acer pseudoplatanus,,,,"maple, sycamore",Least concern,,,,,,,,,,,,,,,,,,,,6,7.5,,,,,,,,,,,,,,55,,,,,,
,,,Sapindaceae,acer,,species,,acer species,,,,maple species,Least concern,,,,,,,,,,,,,,,,,,,,6,7.5,,,,,,,,,,,,,,75,,,,,,1
,,,Sapindaceae,acer,,triflorum,,acer triflorum,,,,"maple, three flower",Least concern,,,,,,,,,,,,,,,,,,,,6,7.5,,,,,,,,,,,,,,75,,,,,,12
,,,Sapindaceae,aesculus,x,carnea,,aesculus carnea,,,Briotii,"horsechestnut, red",Least concern,,,,,,,,,,,,,,,,,,,,,,,,,,,,,,,,,,,80,,,,,,6
,,,Sapindaceae,aesculus,,carnea,,aesculus carnea,,,,"horsechestnut, red",Least concern,,,,,,,,,,,,,,,,,,,,,,,,,,,,,,,,,,,80,,,,,,6
,,,Sapindaceae,aesculus,,octandra,,aesculus octandra,,,,"buckeye, yellow",Least concern,,,,,,,,,,,,,,,,,,,,,,,,,,,,,,,,,,,80,,,,,,
,,,Sapindaceae,aesculus,,parviflora,,aesculus parviflora,,,,"buckeye, bottlebrush",Least concern,,,,,,,,,,,,,,,,,,,,,,,,,,,,,,,,,,,80,,,,,,57
,,,Sapindaceae,aesculus,,pavia,,aesculus pavia,,,,"buckeye, red",Least concern,,,,,,,,,,,,,,,,,,,,,,,,,,,,,,,,,,,80,,,,,,
,,,Sapindaceae,koelreuteria,,paniculata,,koelreuteria paniculata,,,,golden raintree,Least concern,,,,,,,,,,,,,,,,,,,,,,,,,,,,,,,,,,,45,,,,,,3
,,,Sapotaceae,manilkara,,zapota,,manilkara zapota,,,,sapodilla,Least concern,,,,,,,,,,,,,,,,,,,,,,,,,,,,,,,,,,,50,,,,,,1
*,,,Sciadopityaceae,sciadopitys,,verticillata,,sciadopitys verticillata,,,,"pine, japanese umbrella",Near-threatened,,,,,,,,,,,,,,,,,,,,,,,,,,,,,,,,,,,95,,,,,,5
,,,Scrophulariaceae,buddleia,,davidii,,buddleia davidii,,,,butterfly bush,Least concern,,,,,,,,,,,,,,,,,,,,,,,,,,,,,,,,,,,50,,,,,,8
,,,Simaroubaceae,ailanthus,,altissima,,ailanthus altissima,,,,tree of heaven,Least concern,,,,,,,,,,,,,,,,,,,,,,,,,,,,,,,,,,,45,,,,,,3
,,,Strelitziaceae,strelitzia,,nicolai,,strelitzia nicolai,,,,white bird-of-paradise,Least concern,,,,,,,,,,,,,,,,,,,,,,,,,,,,,,,,,,,50,,,,,,1
,,,Strelitziaceae,strelitzia,,reginae,,strelitzia reginae,,,,bird of paradise,Least concern,,,,,,,,,,,,,,,,,,,,,,,,,,,,,,,,,,,50,,,,,,1
*,,,Styracaceae,halesia,,tetraptera,,halesia tetraptera,,,,"silverbell, carolina",Least concern,,,,,,,,,,,,,,,,,,,,,,,,,,,,,,,,,,,65,,,,,,10
,,,Styracaceae,styrax,,japonicus,,styrax japonicus,,,obassia,"snowbell, japanese",Least concern,,,,,,,,,,,,,,,,,,,,,,,,,,,,,,,,,,,85,,,,,,4
,,,Styracaceae,styrax,,japonicus,,styrax japonicus,,,,"snowbell, japanese",Least concern,,,,,,,,,,,,,,,,,,,,,,,,,,,,,,,,,,,85,,,,,,4
,,,Taxaceae,taxus,,cuspidata,,taxus cuspidata,,,,"yew, upright",Least concern,,,,,,,,evergreen,,,,,,,,,,,,6,7,,,,,,,,,,,,,,70,,,,,,158
,,,Theaceae,camellia,,japonica,,camellia japonica,,,albaplena,japanese camellia,Least concern,,,,,,,,evergreen,,,,,,,,,,,,,,,,,,,,,,,,,,,50,,,,,,
,,,Theaceae,camellia,,japonica,,camellia japonica,,,jarvisred,japanese camellia,Least concern,,,,,,,,evergreen,,,,,,,,,,,,,,,,,,,,,,,,,,,50,,,,,,
,,,Theaceae,camellia,,japonica,,camellia japonica,,,monjisu,japanese camellia,Least concern,,,,,,,,evergreen,,,,,,,,,,,,,,,,,,,,,,,,,,,50,,,,,,
,,,Theaceae,camellia,,japonica,,camellia japonica,,,napoleon,japanese camellia,Least concern,,,,,,,,evergreen,,,,,,,,,,,,,,,,,,,,,,,,,,,50,,,,,,
,,,Theaceae,camellia,,japonica,,camellia japonica,,,,japanese camellia,Least concern,,,,,,,,evergreen,,,,,,,,,,,,,,,,,,,,,,,,,,,50,,,,,,
*,,,Theaceae,franklinia,,alatamaha,,franklinia alatamaha,,,,franklintree,Extinct in the wild,,,,,,,,,,,,,,,,,,,,,,,,,,,,,,,,,,,75,,,,,,4
,,,Theaceae,stewartia,,pseudocamellia,,stewartia pseudocamellia,,,,"stewartia, japanese",Least concern,,,,,,,,,,,,,,,,,,,,,,,,,,,,,,,,,,,85,,,,,,29
,,,Ulmaceae,ulmus,,alata,,ulmus alata,,,,winged elm,Least concern,,,1,fast,,30 - 40,,deciduous,wetland,,part shade,,seed,,,,,Dutch elm disease,,,,,,yes,,,green,yellow,,spring,,,corky twigs,samara,85,,"birds, small mammals, insects",,,,1
,,,Ulmaceae,ulmus,,carpinifolia,,ulmus carpinifolia,,,christine buisman,"elm, smoothleaf",Least concern,,,,,,,,,,,,,,,,,,,,,,,,,,,,,,,,,,,60,,,,,,4
,,,Ulmaceae,ulmus,,carpinifolia,,ulmus carpinifolia,,,pioneer,"elm, smoothleaf",Least concern,,,,,,,,,,,,,,,,,,,,,,,,,,,,,,,,,,,60,,,,,,4
,,,Ulmaceae,ulmus,,carpinifolia,,ulmus carpinifolia,,,regal,"elm, smoothleaf",Least concern,,,,,,,,,,,,,,,,,,,,,,,,,,,,,,,,,,,60,,,,,,4
,,,Ulmaceae,ulmus,,carpinifolia,,ulmus carpinifolia,,,,"elm, smoothleaf",Least concern,,,,,,,,,,,,,,,,,,,,,,,,,,,,,,,,,,,60,,,,,,4
,,,Ulmaceae,ulmus,,glabra,,ulmus glabra,,,camperdownii,"elm, scotch",Least concern,,,,,,,,,,,,,,,,,,,,,,,,,,,,,,,,,,,80,,,,,,
,,,Ulmaceae,ulmus,,glabra,,ulmus glabra,,,,"elm, scotch",Least concern,,,,,,,,,,,,,,,,,,,,,,,,,,,,,,,,,,,80,,,,,,
,,,Ulmaceae,ulmus,,japonica,,ulmus japonica,,,,"elm, japanese",Least concern,,,,,,,,,,,,,,,,,,,,,,,,,,,,,,,,,,,65,,,,,,27
,,,Ulmaceae,ulmus,,minor,,ulmus minor,,,,"elm, field",Least concern,,,,,,,,,,,,,,,,,,,,,,,,,,,,,,,,,,,80,,,,,,6
,,,Ulmaceae,ulmus,,parvifolia,,ulmus parvifolia,,,allee,"elm, lacebark",Least concern,,,,,,,,,,,,,,,,,,,,,,,,,,,,,,,,,,,60,,,,,,13
,,,Ulmaceae,ulmus,,parvifolia,,ulmus parvifolia,,,athena,"elm, lacebark",Least concern,,,,,,,,,,,,,,,,,,,,,,,,,,,,,,,,,,,60,,,,,,13
,,,Ulmaceae,ulmus,,procera,,ulmus procera,,,,"elm, english",Least concern,,,,,,,,,,,,,,,,,,,,,,,,,,,,,,,,,,,80,,,,,,
,,,Ulmaceae,ulmus,,pumila,,ulmus pumila,,,,"elm, siberian",Least concern,,,,,,,,,,,,,,,,,,,,,,,,,,,,,,,,,,,20,,,,,,7
,,,Ulmaceae,ulmus,,rubra,,ulmus rubra,,,,"elm, red",Least concern,,,,,,,,,,,,,,,,,,,,,,,,,,,,,,,,,,,20,,,,,,
,,,Ulmaceae,zelkova,,serrata,,zelkova serrata,,,greenvase,"zelkova, japanese",Least concern,,,,,,,,,,,,,,,,,,,,,,,,,,,,,,,,,,,75,,,,,,21
,,,Ulmaceae,zelkova,,serrata,,zelkova serrata,,,villagegreen,"zelkova, japanese",Least concern,,,,,,,,,,,,,,,,,,,,,,,,,,,,,,,,,,,75,,,,,,21
,,,Ulmaceae,zelkova,,serrata,,zelkova serrata,,,,"zelkova, japanese",Least concern,,,,,,,,,,,,,,,,,,,,,,,,,,,,,,,,,,,75,,,,,,21
,,,unknown,unknown,,,,unknown,,,,unknown,Least concern,,,,,,,,,,,,,,,,,,,,,,,,,,,,,,,,,,,0,,,,,,484
,,,Violaceae,viola,,labradorica,,viola labradorica,,,,labrador violet,Least concern,,,,,,,,,,,,,,,,,,,,,,,,,,,,,,,,,,,50,,,,,,2
,,,Vitaceae,parthenocissus,,quinquefolia,,parthenocissus quinquefolia,,,,virginia creeper,Least concern,,,,,,,,,,,,,,,,,,,,,,,,,,,,,,,,,,,55,,,,,,5
,,,Vitaceae,parthenocissus,,tricuspidata,,parthenocissus tricuspidata,,,,"ivy, boston",Least concern,,,,,,,,,,,,,,,,,,,,,,,,,,,,,,,,,,,55,,,,,,4
,,,Vitaceae,vitis,,labrusca,,vitis labrusca,,,,"grape, concord",Least concern,,,,,,,,,,,,,,,,,,,,,,,,,,,,,,,,,,,70,,,,,,
,,,Vitaceae,vitis,,vinifera,,vitis vinifera,,,,"grape, marquis",Least concern,,,,,,,,,,,,,,,,,,,,,,,,,,,,,,,,,,,50,,,,,,
,,,Zamiaceae,encephalartos,,altensteinii,,encephalartos altensteinii,,,,prickly cycad,Vulnerable,,,,,,,,,,,,,,,,,,,,,,,,,,,,,,,,,,,83,,,,,,1
,,,,,,,,Pyrus ussuriensis var. hondoensis,,,,,,,,,,,,,1,,,,,,,,fall,,,,,,,,,,,,,,,,,,,,,,,,,
,,,,,,,,Cedrus libani,,,,,,,,,,,,,3,,,,,,,,fall,,,,,,,,,,,,,,,,,,,,,,,,,
,,,,,,,,Amelanchier canadensis,,,,,,,"S,T",,,,,,D,,,,,,,,,,,,,,,,,,,,,,,,,,,,,HIGH,"WB,WM","Fruit eaten by grouse, woodpecker, mimics, evening/rb grosbeak, oriole, robin, thrush, cedar waxwing, tanager, cardinal, towhee, red fox, coyote, bear, Bark, buds and wood eaten by beaver, Browsed by deer and moose.",,
,,,,,,,,Amelanchier canadensis,,,,,,,"S,T",,,,,,D,,,,,,,,,,,,,,,,,,,,,,,,,,,,,HIGH,"WB,WM","Fruit eaten by grouse, woodpecker, mimics, evening/rb grosbeak, oriole, robin, thrush, cedar waxwing, tanager, cardinal, towhee, red fox, coyote, bear, Bark, buds and wood eaten by beaver, Browsed by deer and moose.",,
,,,,,,,,Arctostaphylos uva-ursi - Bearberry,,,,,,,T,,,,,,D,droughty soil,,sun,,,,,,,,,,,,,high,,,,,,,,,,,,,MOD,"WB,WM","Seeds eaten by turkey (valuable in poor mast years), wood duck, purple finch, cardinal and grosbeak. Bark eaten by beaver, porcupine, Browsed by deer and moose. Poor nesting due to open branching pattern.",,
,,,,,,,,Carpinus caroliniana,,,,,,,T,,,,,,D,,,,,,,,,,,,,,,,,,,,,,,,,,,,,MOD,"WB,WM","Seeds eatern by wood duck, cardinal, evening grosbeak, goldfinch, turkey and gray squirrel. Seeds, catkins and buds eaten by grouse. Bark eaten by beaver. Browsed by deer (poor).",,
,,,,,,,,Carpinus caroliniana,,,,,,,T,,,,,,D,,,,,,,,,,,,,,,,,,,,,,,,,,,,,MOD,"WB,WM","Seeds eatern by wood duck, cardinal, evening grosbeak, goldfinch, turkey and gray squirrel. Seeds, catkins and buds eaten by grouse. Bark eaten by beaver. Browsed by deer (poor).",,
,,,,,,,,Carya cordiformis,,,,,,,T,,,,,,D,,,,,,,,,,,,,,,,,,,,,,,,,,,,,MOD,WM,"Nuts (bitter) eaten by squirrels, chipmunks, rodents. Once opened, Nuts eaten by titmouse, wb nuthatch, cardinal, towhee, grosbeak, pine and yellow rumped warbler. Browsed by deer.",,
,,,,,,,,Carya cordiformis,,,,,,,T,,,,,,D,,,,,,,,,,,,,,,,,,,,,,,,,,,,,MOD,WM,"Nuts (bitter) eaten by squirrels, chipmunks, rodents. Once opened, Nuts eaten by titmouse, wb nuthatch, cardinal, towhee, grosbeak, pine and yellow rumped warbler. Browsed by deer.",,
,,,,,,,,Carya glabra,,,,,,,T,,,,,,D,,,,,,,,,,,,,,,,,,,,,,,,,,,,,MOD,WM,"Nuts eaten by squirrels, chipmunks, rodents. Once opened, Nuts eaten by titmouse, wb nuthatch, cardinal, towhee, grosbeak, pine and yellow rumped warbler. Browsed by deer.",,
,,,,,,,,Carya glabra,,,,,,,T,,,,,,D,,,,,,,,,,,,,,,,,,,,,,,,,,,,,MOD,WM,"Nuts eaten by squirrels, chipmunks, rodents. Once opened, Nuts eaten by titmouse, wb nuthatch, cardinal, towhee, grosbeak, pine and yellow rumped warbler. Browsed by deer.",,
,,,,,,,,Carya ovata,,,,,,,T,,,,,,D,,,,,,,,,,,,,,,,,,,,,,,,,,,,,HIGH,"WC,WM","Nuts eaten by squirrels, chipmunks, rodents. Once opened, Nuts eaten by titmouse, wb nuthatch, cardinal, towhee, grosbeak, pine and yellow rumped warbler. Browsed by deer. *Roost Tree of Indiana Bat",,
,,,,,,,,Carya ovata,,,,,,,T,,,,,,D,,,,,,,,,,,,,,,,,,,,,,,,,,,,,HIGH,"WC,WM","Nuts eaten by squirrels, chipmunks, rodents. Once opened, Nuts eaten by titmouse, wb nuthatch, cardinal, towhee, grosbeak, pine and yellow rumped warbler. Browsed by deer. *Roost Tree of Indiana Bat",,
,,,,,,,,castanea dentata,,,,,,,T,,,,,,D,,,,,,,,,,,,,,,,,,,,,,,,,,,,,VHIGH,WM,Very High Value Historically - practically nonexistant; similar to oak and beech,,
,,,,,,,,castanea dentata,,,,,,,T,,,,,,D,,,,,,,,,,,,,,,,,,,,,,,,,,,,,VHIGH,WM,Very High Value Historically - practically nonexistant; similar to oak and beech,,
,,,,,,,,Comptonia peregrina,,,,,,,S,,,,,,D,,,,,,,,,,,,,,,,,,,,,,,,,,,,,LOW,WB,"minimal use of buds, catkins and foliage by grouse, Browsed by deer (poor)",,
,,,,,,,,Comptonia peregrina,,,,,,,S,,,,,,D,,,,,,,,,,,,,,,,,,,,,,,,,,,,,LOW,WB,"minimal use of buds, catkins and foliage by grouse, Browsed by deer (poor)",,
,,,,,,,,Cornus alternifolia,,,,,,,S,,,,,,D,,,,,,,,,,,,,,,,,,,,,,,,,,,,,HIGH,"DB,WB,WC,WM","Fruit eaten by grouse, turkey, flicker, woodpecker, bluebird, robin, mimics, finch, grosbeak, kingbird, sapsucker, thrush, vireo, waxwing, cardinal, black bear, squirrel, chipmunk, Good nesting cover, Browsed by deer (preferred), moose and rabbit.",,
,,,,,,,,Cornus alternifolia,,,,,,,S,,,,,,D,,,,,,,,,,,,,,,,,,,,,,,,,,,,,HIGH,"DB,WB,WC,WM","Fruit eaten by grouse, turkey, flicker, woodpecker, bluebird, robin, mimics, finch, grosbeak, kingbird, sapsucker, thrush, vireo, waxwing, cardinal, black bear, squirrel, chipmunk, Good nesting cover, Browsed by deer (preferred), moose and rabbit.",,
,,,,,,,,Cornus amomum,,,,,,,S,,,,,,D,,,,,,,,,,,,,,,,,,,,,,,,,,,,,HIGH,"WB,WC,WM","Fruit eaten by grouse, turkey, flicker, woodpecker, bluebird, robin, mimics, finch, grosbeak, kingbird, sapsucker, thrush, vireo, waxwing, cardinal, black bear, squirrel, chipmunk, Good nesting cover, Browsed by deer and rabbit.",,
,,,,,,,,Cornus amomum,,,,,,,S,,,,,,D,,,,,,,,,,,,,,,,,,,,,,,,,,,,,HIGH,"WB,WC,WM","Fruit eaten by grouse, turkey, flicker, woodpecker, bluebird, robin, mimics, finch, grosbeak, kingbird, sapsucker, thrush, vireo, waxwing, cardinal, black bear, squirrel, chipmunk, Good nesting cover, Browsed by deer and rabbit.",,
,,,,,,,,Cornus racemosa,,,,,,,S,,,,,,D,,,,,,,,,,,,,,,,,,,,,,,,,,,,,HIGH,"WB,WC,WM","Fruit eaten by grouse, turkey, flicker, woodpecker, bluebird, robin, mimics, finch, grosbeak, kingbird, sapsucker, thrush, vireo, waxwing, cardinal, black bear, squirrel, chipmunk, Excellent, thick/nesting cover (rabbit, birds), Browsed by deer (poor) and rabbit.",,
,,,,,,,,Cornus racemosa,,,,,,,S,,,,,,D,,,,,,,,,,,,,,,,,,,,,,,,,,,,,HIGH,"WB,WC,WM","Fruit eaten by grouse, turkey, flicker, woodpecker, bluebird, robin, mimics, finch, grosbeak, kingbird, sapsucker, thrush, vireo, waxwing, cardinal, black bear, squirrel, chipmunk, Excellent, thick/nesting cover (rabbit, birds), Browsed by deer (poor) and rabbit.",,
,,,,,,,,Cornus sericea,,,,,,,S,,,,,,D,,,,,,,,,,,,,,,,,,,,,,,,,,,,,HIGH,"WB,WC,WM","Fruit eaten by grouse, turkey, flicker, woodpecker, bluebird, robin, mimics, finch, grosbeak, kingbird, sapsucker, thrush, vireo, waxwing, cardinal, black bear, squirrel, chipmunk, Excellent, thick/nesting cover, Browsed by deer and rabbit.",,
,,,,,,,,Cornus sericea,,,,,,,S,,,,,,D,,,,,,,,,,,,,,,,,,,,,,,,,,,,,HIGH,"WB,WC,WM","Fruit eaten by grouse, turkey, flicker, woodpecker, bluebird, robin, mimics, finch, grosbeak, kingbird, sapsucker, thrush, vireo, waxwing, cardinal, black bear, squirrel, chipmunk, Excellent, thick/nesting cover, Browsed by deer and rabbit.",,
,,,,,,,,Corylus americana,,,,,,,S,,,,,,D,,,,,,,,,,,,,,,,,,,,,,,,,,,,,HIGH,"WC,WM","Catkins, buds and nuts eaten by grouse, turkey, Nuts eaten by hairy woodpecker, blue jay, squirrel and fox. Browsed by deer, moose and hare. Good nesting/cover.",,
,,,,,,,,Corylus americana,,,,,,,S,,,,,,D,,,,,,,,,,,,,,,,,,,,,,,,,,,,,HIGH,"WC,WM","Catkins, buds and nuts eaten by grouse, turkey, Nuts eaten by hairy woodpecker, blue jay, squirrel and fox. Browsed by deer, moose and hare. Good nesting/cover.",,
,,,,,,,,Corylus cornuta,,,,,,,S,,,,,,D,,,,,,,,,,,,,,,,,,,,,,,,,,,,,HIGH,"WC,WM","Catkins, buds and nuts eaten by grouse, turkey, Nuts eaten by hairy woodpecker, blue jay, squirrel and fox. Browsed by deer, moose and hare. Good nesting/cover.",,
,,,,,,,,Corylus cornuta,,,,,,,S,,,,,,D,,,,,,,,,,,,,,,,,,,,,,,,,,,,,HIGH,"WC,WM","Catkins, buds and nuts eaten by grouse, turkey, Nuts eaten by hairy woodpecker, blue jay, squirrel and fox. Browsed by deer, moose and hare. Good nesting/cover.",,
,,,,,,,,crataegus Oxyacantha,,,,,,,"S,T",,,,,,D,,,,,,,,,,,,,,,,,,,,,,,,,,,,,HIGH,"WC,WM","Fruit eaten by grouse, turkey, cedar waxwing, bear, Good nectar source. Excellent nesting cover preferred site by mimics",,
,,,,,,,,crataegus Oxyacantha,,,,,,,"S,T",,,,,,D,,,,,,,,,,,,,,,,,,,,,,,,,,,,,HIGH,"WC,WM","Fruit eaten by grouse, turkey, cedar waxwing, bear, Good nectar source. Excellent nesting cover preferred site by mimics",,
,,,,,,,,Fagus grandifolia,,,,,,,T,,,,,,D,,,,,,,,,,,,,,,,,,,,,,,,,,,,,VHIGH,WM,"Nuts eaten by wood duck, grouse, turkey, grosbeak, blue jay, titmouse, woodpeckers, wb nuthatch, black bear (*important), deer, gray squirrel, chipmunk, wf mouse, Browsed by deer (poor). Bark eaten by porcupine",,
,,,,,,,,Fagus grandifolia,,,,,,,T,,,,,,D,,,,,,,,,,,,,,,,,,,,,,,,,,,,,VHIGH,WM,"Nuts eaten by wood duck, grouse, turkey, grosbeak, blue jay, titmouse, woodpeckers, wb nuthatch, black bear (*important), deer, gray squirrel, chipmunk, wf mouse, Browsed by deer (poor). Bark eaten by porcupine",,
,,,,,,,,Fraxinus americana,,,,,,,T,,,,,,D,,,,,,,,,,,,,,,,,,,,,,,,,,,,,MOD,"WB,WM","Seeds eaten by turkey (valuable in poor mast years), wood duck, purple finch, cardinal and grosbeak. Bark eaten by beaver, porcupine, Browsed by deer and moose. Poor nesting due to open branching pattern.",,
,,,,,,,,Fraxinus americana,,,,,,,T,,,,,,D,,,,,,,,,,,,,,,,,,,,,,,,,,,,,MOD,"WB,WM","Seeds eaten by turkey (valuable in poor mast years), wood duck, purple finch, cardinal and grosbeak. Bark eaten by beaver, porcupine, Browsed by deer and moose. Poor nesting due to open branching pattern.",,
,,,,,,,,Fraxinus nigra,,,,,,,T,,,,,,D,,,,,,,,,,,,,,,,,,,,,,,,,,,,,MOD,"WB,WM","Seeds eaten by wood duck, purple finch, cardinal and grosbeak. Bark eaten by beaver, porcupine, Browsed by deer and moose. Poor nesting due to open branching pattern.",,
,,,,,,,,Fraxinus nigra,,,,,,,T,,,,,,D,,,,,,,,,,,,,,,,,,,,,,,,,,,,,MOD,"WB,WM","Seeds eaten by wood duck, purple finch, cardinal and grosbeak. Bark eaten by beaver, porcupine, Browsed by deer and moose. Poor nesting due to open branching pattern.",,
,,,,,,,,Hamamelis virginiana,,,,,,,S,,,,,,D,,,,,,,,,,,,,,,,,,,,,,,,,,,,,LOW,"WB,WM","Seeds eaten by grouse (and buds), some use by turkey, and cardinal. Browsed by deer.",,
,,,,,,,,Hamamelis virginiana,,,,,,,S,,,,,,D,,,,,,,,,,,,,,,,,,,,,,,,,,,,,LOW,"WB,WM","Seeds eaten by grouse (and buds), some use by turkey, and cardinal. Browsed by deer.",,
,,,,,,,,ilex verticillata,,,,,,,S,,,,,,D,,,,,,,,,,,,,,,,,,,,,,,,,,,,,MOD,"WB,WM","Fruit used extensively by thrushes including robin and bluebird, mimics, cedar waxwing, yb sapsucker (and sap), pileated woodpecker, Browsed by deer, moose and hare but not preferred.",,
,,,,,,,,ilex verticillata,,,,,,,S,,,,,,D,,,,,,,,,,,,,,,,,,,,,,,,,,,,,MOD,"WB,WM","Fruit used extensively by thrushes including robin and bluebird, mimics, cedar waxwing, yb sapsucker (and sap), pileated woodpecker, Browsed by deer, moose and hare but not preferred.",,
,,,,,,,,Juglans cinerea,,,,,,,T,,,,,,D,,,,,,,,,,,,,,,,,,,,,,,,,,,,,MOD,WM,"Nuts eaten by squirrels, chipmunks, rodents. Once opened, Nuts eaten by chickadee, titmouse, nuthatch, purple finch, pine and yellow rumped warbler.",,
,,,,,,,,Juglans cinerea,,,,,,,T,,,,,,D,,,,,,,,,,,,,,,,,,,,,,,,,,,,,MOD,WM,"Nuts eaten by squirrels, chipmunks, rodents. Once opened, Nuts eaten by chickadee, titmouse, nuthatch, purple finch, pine and yellow rumped warbler.",,
,,,,,,,,juglans nigra,,,,,,,T,,,,,,D,,,,,,,,,,,,,,,,,,,,,,,,,,,,,HIGH,"WB,WM","Nuts eaten by gray squirrels.Once opened, Nuts eaten by woodpeckers, blue jay, crow, titmice, nuthatch, catbird, rc kinglet, yellow-rumped warbler, pine warbler, cardinal, sparrow. Browsed by deer.",,
,,,,,,,,juglans nigra,,,,,,,T,,,,,,D,,,,,,,,,,,,,,,,,,,,,,,,,,,,,HIGH,"WB,WM","Nuts eaten by gray squirrels.Once opened, Nuts eaten by woodpeckers, blue jay, crow, titmice, nuthatch, catbird, rc kinglet, yellow-rumped warbler, pine warbler, cardinal, sparrow. Browsed by deer.",,
,,,,,,,,Larix laricina,,,,,,,T,,,,,,D,,,,,,,,,,,,,,,,,,,,,,,,,,,,,MOD,"WB,WC,WM","Moderate Value - few species - Needles eaten by spruce grouse, Seeds eaten by crossbills, purple finch and pine siskins. Bark eaten by porcupine, snowshoe hare, Good nesting cover",,
,,,,,,,,Larix laricina,,,,,,,T,,,,,,D,,,,,,,,,,,,,,,,,,,,,,,,,,,,,MOD,"WB,WC,WM","Moderate Value - few species - Needles eaten by spruce grouse, Seeds eaten by crossbills, purple finch and pine siskins. Bark eaten by porcupine, snowshoe hare, Good nesting cover",,
,,,,,,,,Lindera benzoin,,,,,,,S,,,,,,D,,,,,,,,a,,,,,,,,,,,,,,,,,,,,,LOW,"WB,WM",Fruit eaten by veery and wood thrush and minimally by others. Browsed by deer.,,
,,,,,,,,Lindera benzoin,,,,,,,S,,,,,,D,,,,,,,,,,,,,,,,,,,,,,,,,,,,,LOW,"WB,WM",Fruit eaten by veery and wood thrush and minimally by others. Browsed by deer.,,
,,,,,,,,Nyssa sylvatica,,,,,,,T,,,,,,D,,,,,,,,,,,,,,,,,,,,,,,,,,,,,HIGH,WM,"Fruit eaten by wood duck, turkey, flicker, woodpecker, kingbird, mimics, thrush, robin, bluebird, waxwing, grosbeak, small mammals, Browsed by deer, Flowers produce good nectar source (bees)",,
,,,,,,,,Nyssa sylvatica,,,,,,,T,,,,,,D,,,,,,,,,,,,,,,,,,,,,,,,,,,,,HIGH,WM,"Fruit eaten by wood duck, turkey, flicker, woodpecker, kingbird, mimics, thrush, robin, bluebird, waxwing, grosbeak, small mammals, Browsed by deer, Flowers produce good nectar source (bees)",,
,,,,,,,,Ostrya virginiana,,,,,,,T,,,,,,D,,,,,,,,,,,,,,,,,,,,,,,,,,,,,MOD,"WB,WM","Seeds eaten by turkey, purple finch, grosbeak and woodpecker. Seeds, catkins and buds eaten by grouse. Browsed by deer (poor).",,
,,,,,,,,Ostrya virginiana,,,,,,,T,,,,,,D,,,,,,,,,,,,,,,,,,,,,,,,,,,,,MOD,"WB,WM","Seeds eaten by turkey, purple finch, grosbeak and woodpecker. Seeds, catkins and buds eaten by grouse. Browsed by deer (poor).",,
,,,,,,,,Photinia melanocarpa,,,,,,,S,,,,,,D,,,,,,,,,,,,,,,,,,,,,,,,,,,,,LOW,"WB,WM","Fruit eaten by waxwing, grouse, and chickadee. Browsed by deer.",,
,,,,,,,,Photinia melanocarpa,,,,,,,S,,,,,,D,,,,,,,,,,,,,,,,,,,,,,,,,,,,,LOW,"WB,WM","Fruit eaten by waxwing, grouse, and chickadee. Browsed by deer.",,
,,,,,,,,Photinia pyrifolia,,,,,,,S,,,,,,D,,,,,,,,,,,,,,,,,,,,,,,,,,,,,LOW,"WB,WM","Fruit eaten by waxwing, grouse, and chickadee. Browsed by deer.",,
,,,,,,,,Photinia pyrifolia,,,,,,,S,,,,,,D,,,,,,,,,,,,,,,,,,,,,,,,,,,,,LOW,"WB,WM","Fruit eaten by waxwing, grouse, and chickadee. Browsed by deer.",,
,,,,,,,,Platanus occidentalis,,,,,,,T,,,,,,D,,,,,,,,,,,,,,,,,,,,,,,,,,,,,LOW,WM,"Seeds eaten by purple finch, goldfinch.",,
,,,,,,,,Platanus occidentalis,,,,,,,T,,,,,,D,,,,,,,,,,,,,,,,,,,,,,,,,,,,,LOW,WM,"Seeds eaten by purple finch, goldfinch.",,
,,,,,,,,Populus balsamifera,,,,,,,T,,,,,,D,,,,,,,,,,,,,,,,,,,,,,,,,,,,,MOD,"WB,WM","Buds (male), Catkins eaten by ruffed grouse, Bark, leaves, twigs, and branches eaten by beaver, porcupine, Browsed by deer, moose and snowshoe hare.",,
,,,,,,,,Populus balsamifera,,,,,,,T,,,,,,D,,,,,,,,,,,,,,,,,,,,,,,,,,,,,MOD,"WB,WM","Buds (male), Catkins eaten by ruffed grouse, Bark, leaves, twigs, and branches eaten by beaver, porcupine, Browsed by deer, moose and snowshoe hare.",,
,,,,,,,,populus deltoides,,,,,,,T,,,,,,D,,,,,,,,,,,,,,,,,,,,,,,,,,,,,MOD,"WB,WC,WM","Buds and catkins eaten by grouse, Buds eaten by evening grosbeak and purple finch, Sap eaten by sapsucker, Bark, leaves, twigs, and branches eaten by beaver, Good cavity tree, Browsed by deer when young",,
,,,,,,,,populus deltoides,,,,,,,T,,,,,,D,,,,,,,,,,,,,,,,,,,,,,,,,,,,,MOD,"WB,WC,WM","Buds and catkins eaten by grouse, Buds eaten by evening grosbeak and purple finch, Sap eaten by sapsucker, Bark, leaves, twigs, and branches eaten by beaver, Good cavity tree, Browsed by deer when young",,
,,,,,,,,Populus grandidentata,,,,,,,T,,,,,,D,,,,,,,,,,,,,,,,,,,,,,,,,,,,,HIGH,"DB,WB,WC,WM","Buds (male), Catkins eaten by ruffed grouse, Bark, leaves, twigs, and branches eaten by beaver, porcupine, Browsed by deer, moose and snowshoe hare. Excellent cavity tree and young stand",,
,,,,,,,,Populus grandidentata,,,,,,,T,,,,,,D,,,,,,,,,,,,,,,,,,,,,,,,,,,,,HIGH,"DB,WB,WC,WM","Buds (male), Catkins eaten by ruffed grouse, Bark, leaves, twigs, and branches eaten by beaver, porcupine, Browsed by deer, moose and snowshoe hare. Excellent cavity tree and young stand",,
,,,,,,,,Populus tremuloides,,,,,,,T,,,,,,D,,,,,,,,,,,,,,,,,,,,,,,,,,,,,HIGH,"DB,WB,WC,WM","Buds (male), Catkins eaten by ruffed grouse, Bark, leaves, twigs, and branches eaten by beaver, porcupine, Browsed by deer, moose and snowshoe hare. Excellent cavity tree and young stand",,
,,,,,,,,Populus tremuloides,,,,,,,T,,,,,,D,,,,,,,,,,,,,,,,,,,,,,,,,,,,,HIGH,"DB,WB,WC,WM","Buds (male), Catkins eaten by ruffed grouse, Bark, leaves, twigs, and branches eaten by beaver, porcupine, Browsed by deer, moose and snowshoe hare. Excellent cavity tree and young stand",,
,,,,,,,,Prunus pensylvanica,,,,,,,T,,,,,,D,,,,,,,,,,,,,,,,,,,,,,,,,,,,,VHIGH,WM,"Fruit eaten by grouse, mimics, grosbeak, flicker, jay, robin, bluebird, vireo, oriole, cadinal, sapsucker, thrush, waxwing, woodpecker, black bear, coyote, gray and red fox, squirrels, mice. Browsed by deer (poor) and moose.",,
,,,,,,,,Prunus pensylvanica,,,,,,,T,,,,,,D,,,,,,,,,,,,,,,,,,,,,,,,,,,,,VHIGH,WM,"Fruit eaten by grouse, mimics, grosbeak, flicker, jay, robin, bluebird, vireo, oriole, cadinal, sapsucker, thrush, waxwing, woodpecker, black bear, coyote, gray and red fox, squirrels, mice. Browsed by deer (poor) and moose.",,
,,,,,,,,Prunus serotina,,,,,,,T,,,,,,D,,,,,,,,,,,,,,,,,,,,,,,,,,,,,VHIGH,"WB,WM","Fruit eaten by grouse, mimics, grosbeak, flicker, jay, robin, bluebird, vireo, oriole, cadinal, sapsucker, thrush, waxwing, woodpecker, black bear, coyote, gray and red fox, squirrels, mice, Browsed by deer and moose.",,
,,,,,,,,Prunus serotina,,,,,,,T,,,,,,D,,,,,,,,,,,,,,,,,,,,,,,,,,,,,VHIGH,"WB,WM","Fruit eaten by grouse, mimics, grosbeak, flicker, jay, robin, bluebird, vireo, oriole, cadinal, sapsucker, thrush, waxwing, woodpecker, black bear, coyote, gray and red fox, squirrels, mice, Browsed by deer and moose.",,
,,,,,,,,prunus virginiana,,,,,,,T,,,,,,D,,,,,,,,,,,,,,,,,,,,,,,,,,,,,VHIGH,"WB,WM","Fruit eaten by grouse, mimics, grosbeak, flicker, jay, robin, bluebird, vireo, oriole, cadinal, sapsucker, thrush, waxwing, woodpecker, black bear, coyote, gray and red fox, squirrels, mice. Browsed by deer and moose.",,
,,,,,,,,prunus virginiana,,,,,,,T,,,,,,D,,,,,,,,,,,,,,,,,,,,,,,,,,,,,VHIGH,"WB,WM","Fruit eaten by grouse, mimics, grosbeak, flicker, jay, robin, bluebird, vireo, oriole, cadinal, sapsucker, thrush, waxwing, woodpecker, black bear, coyote, gray and red fox, squirrels, mice. Browsed by deer and moose.",,
,,,,,,,,Quercus alba,,,,,,,T,,,,,,D,,,,,,,,,,,,,,,,,,,,,,,,,,,,,VHIGH,"WB,WM","White Oak Group preferred - Nuts eaten by mallard, wood duck, grouse, turkey, flicker, blue jay, wb nuthatch, thrasher, titmouse, towhee, bear, racoon, squirrel, chipmunk, mice, deer. Browsed by deer,",,
,,,,,,,,Quercus alba,,,,,,,T,,,,,,D,,,,,,,,,,,,,,,,,,,,,,,,,,,,,VHIGH,"WB,WM","White Oak Group preferred - Nuts eaten by mallard, wood duck, grouse, turkey, flicker, blue jay, wb nuthatch, thrasher, titmouse, towhee, bear, racoon, squirrel, chipmunk, mice, deer. Browsed by deer,",,
,,,,,,,,Quercus bicolor,,,,,,,T,,,,,,D,,,,,,,,,,,,,,,,,,,,,,,,,,,,,VHIGH,"WB,WM","White Oak Group preferred - Nuts eaten by mallard, wood duck, grouse, turkey, flicker, blue jay, wb nuthatch, thrasher, titmouse, towhee, bear, racoon, squirrel, chipmunk, mice, deer. Browsed by deer,",,
,,,,,,,,Quercus bicolor,,,,,,,T,,,,,,D,,,,,,,,,,,,,,,,,,,,,,,,,,,,,VHIGH,"WB,WM","White Oak Group preferred - Nuts eaten by mallard, wood duck, grouse, turkey, flicker, blue jay, wb nuthatch, thrasher, titmouse, towhee, bear, racoon, squirrel, chipmunk, mice, deer. Browsed by deer,",,
,,,,,,,,Quercus coccinea,,,,,,,T,,,,,,D,,,,,,,,,,,,,,,,,,,,,,,,,,,,,VHIGH,"WB,WM","Nuts eaten by mallard, wood duck, grouse, turkey, flicker, blue jay, wb nuthatch, thrasher, titmouse, towhee, bear, racoon, squirrel, chipmunk, mice, deer. Browsed by deer,",,
,,,,,,,,Quercus coccinea,,,,,,,T,,,,,,D,,,,,,,,,,,,,,,,,,,,,,,,,,,,,VHIGH,"WB,WM","Nuts eaten by mallard, wood duck, grouse, turkey, flicker, blue jay, wb nuthatch, thrasher, titmouse, towhee, bear, racoon, squirrel, chipmunk, mice, deer. Browsed by deer,",,
,,,,,,,,quercus macrocarpa,,,,,,,T,,,,,,D,,,,,,,,,,,,,,,,,,,,,,,,,,,,,VHIGH,"WB,WM","White Oak Group preferred - Nuts eaten by mallard, wood duck, grouse, turkey, flicker, blue jay, wb nuthatch, thrasher, titmouse, towhee, bear, racoon, squirrel, chipmunk, mice, deer. Browsed by deer,",,
,,,,,,,,quercus macrocarpa,,,,,,,T,,,,,,D,,,,,,,,,,,,,,,,,,,,,,,,,,,,,VHIGH,"WB,WM","White Oak Group preferred - Nuts eaten by mallard, wood duck, grouse, turkey, flicker, blue jay, wb nuthatch, thrasher, titmouse, towhee, bear, racoon, squirrel, chipmunk, mice, deer. Browsed by deer,",,
,,,,,,,,Quercus prinus,,,,,,,T,,,,,,D,,,,,,,,,,,,,,,,,,,,,,,,,,,,,VHIGH,"WB,WM","White Oak Group preferred - Nuts eaten by mallard, wood duck, grouse, turkey, flicker, blue jay, wb nuthatch, thrasher, titmouse, towhee, bear, racoon, squirrel, chipmunk, mice, deer. Browsed by deer,",,
,,,,,,,,Quercus prinus,,,,,,,T,,,,,,D,,,,,,,,,,,,,,,,,,,,,,,,,,,,,VHIGH,"WB,WM","White Oak Group preferred - Nuts eaten by mallard, wood duck, grouse, turkey, flicker, blue jay, wb nuthatch, thrasher, titmouse, towhee, bear, racoon, squirrel, chipmunk, mice, deer. Browsed by deer,",,
,,,,,,,,Quercus rubra,,,,,,,T,,,,,,D,,,,,,,,,,,,,,,,,,,,,,,,,,,,,VHIGH,"WB,WM","Nuts eaten by mallard, wood duck, grouse, turkey, flicker, blue jay, wb nuthatch, thrasher, titmouse, towhee, bear, racoon, squirrel, chipmunk, mice, deer. Browsed by deer,",,
,,,,,,,,Quercus rubra,,,,,,,T,,,,,,D,,,,,,,,,,,,,,,,,,,,,,,,,,,,,VHIGH,"WB,WM","Nuts eaten by mallard, wood duck, grouse, turkey, flicker, blue jay, wb nuthatch, thrasher, titmouse, towhee, bear, racoon, squirrel, chipmunk, mice, deer. Browsed by deer,",,
,,,,,,,,quercus velutina,,,,,,,T,,,,,,D,,,,,,,,,,,,,,,,,,,,,,,,,,,,,VHIGH,"WB,WM","Red Oak Group - Nuts eaten by mallard, wood duck, grouse, turkey, flicker, blue jay, wb nuthatch, thrasher, titmouse, towhee, bear, racoon, squirrel, chipmunk, mice, deer. Browsed by deer,",,
,,,,,,,,quercus velutina,,,,,,,T,,,,,,D,,,,,,,,,,,,,,,,,,,,,,,,,,,,,VHIGH,"WB,WM","Red Oak Group - Nuts eaten by mallard, wood duck, grouse, turkey, flicker, blue jay, wb nuthatch, thrasher, titmouse, towhee, bear, racoon, squirrel, chipmunk, mice, deer. Browsed by deer,",,
,,,,,,,,Rhus aromatica,,,,,,,S,,,,,,D,,,,,,,,,,,,,,,,,,,,,,,,,,,,,MOD,WM,"Fruit eaten by grouse, turkey, bluebird, cardinal, mimics, crow, robin, hermit thrush,",,
,,,,,,,,Rhus aromatica,,,,,,,S,,,,,,D,,,,,,,,,,,,,,,,,,,,,,,,,,,,,MOD,WM,"Fruit eaten by grouse, turkey, bluebird, cardinal, mimics, crow, robin, hermit thrush,",,
,,,,,,,,Rhus hirta,,,,,,,S,,,,,,D,,,,,,,,,,,,,,,,,,,,,,,,,,,,,MOD,"WB,WM","Generally considered emergency winter food - Fruit eaten by grouse, turkey, bluebird, cardinal, mimics, crow, robin, hermit thrush, Poor nesting, Browsed by deer",,
,,,,,,,,Rhus hirta,,,,,,,S,,,,,,D,,,,,,,,,,,,,,,,,,,,,,,,,,,,,MOD,"WB,WM","Generally considered emergency winter food - Fruit eaten by grouse, turkey, bluebird, cardinal, mimics, crow, robin, hermit thrush, Poor nesting, Browsed by deer",,
,,,,,,,,Salix discolor,,,,,,,S,,,,,,D,,,,,,,,,,,,,,,,,,,,,,,,,,,,,MOD,"WB,WC","Buds eaten by grouse (and twigs), pine grosbeak, Bark, Buds and Wood eaten by beaver, snowshoe hare, Browsed by deer and moose. Good cover/nesting (common nest site of goldfinch)",,
,,,,,,,,Salix discolor,,,,,,,S,,,,,,D,,,,,,,,,,,,,,,,,,,,,,,,,,,,,MOD,"WB,WC","Buds eaten by grouse (and twigs), pine grosbeak, Bark, Buds and Wood eaten by beaver, snowshoe hare, Browsed by deer and moose. Good cover/nesting (common nest site of goldfinch)",,
,,,,,,,,Salix exigua,,,,,,,S,,,,,,D,,,,,,,,,,,,,,,,,,,,,,,,,,,,,MOD,"WB,WC","Buds eaten by grouse (and twigs), pine grosbeak, Bark, Buds and Wood eaten by beaver, snowshoe hare, Browsed by deer and moose. Good cover/nesting",,
,,,,,,,,Salix exigua,,,,,,,S,,,,,,D,,,,,,,,,,,,,,,,,,,,,,,,,,,,,MOD,"WB,WC","Buds eaten by grouse (and twigs), pine grosbeak, Bark, Buds and Wood eaten by beaver, snowshoe hare, Browsed by deer and moose. Good cover/nesting",,
,,,,,,,,Salix nigra,,,,,,,T,,,,,,D,,,,,,,,,,,,,,,,,,,,,,,,,,,,,MOD,"WB,WC,WM","Buds eaten by grouse, pine grosbeak, Bark, Buds and Wood eaten by beaver, snowshoe hare, Browsed by deer and moose. Waterfowl nest cavities along rivers, floodplains.",,
,,,,,,,,Salix nigra,,,,,,,T,,,,,,D,,,,,,,,,,,,,,,,,,,,,,,,,,,,,MOD,"WB,WC,WM","Buds eaten by grouse, pine grosbeak, Bark, Buds and Wood eaten by beaver, snowshoe hare, Browsed by deer and moose. Waterfowl nest cavities along rivers, floodplains.",,
,,,,,,,,salix purpurea,,,,,,,S,,,,,,D,,,,,,,,,,,,,,,,,,,,,,,,,,,,,MOD,"WB,WC","Buds eaten by grouse (and twigs), pine grosbeak, Bark, Buds and Wood eaten by beaver, snowshoe hare, Browsed by deer and moose. Good cover/nesting",,
,,,,,,,,salix purpurea,,,,,,,S,,,,,,D,,,,,,,,,,,,,,,,,,,,,,,,,,,,,MOD,"WB,WC","Buds eaten by grouse (and twigs), pine grosbeak, Bark, Buds and Wood eaten by beaver, snowshoe hare, Browsed by deer and moose. Good cover/nesting",,
,,,,,,,,Salix X cottetii,,,,,,,S,,,,,,D,,,,,,,,,,,,,,,,,,,,,,,,,,,,,MOD,"WB,WC","Buds eaten by grouse (and twigs), pine grosbeak, Bark, Buds and Wood eaten by beaver, snowshoe hare, Browsed by deer and moose. Good cover/nesting",,
,,,,,,,,Salix X cottetii,,,,,,,S,,,,,,D,,,,,,,,,,,,,,,,,,,,,,,,,,,,,MOD,"WB,WC","Buds eaten by grouse (and twigs), pine grosbeak, Bark, Buds and Wood eaten by beaver, snowshoe hare, Browsed by deer and moose. Good cover/nesting",,
,,,,,,,,Sambucus canadensis,,,,,,,S,,,,,,D,,,,,,,,,,,,,,,,,,,,,,,,,,,,,HIGH,"WB,WM","Fruit eaten by grouse, bluebird, catbird, kingbird, rose-breasted grosbeak, brown thrasher, veery, red fox, Browsed by deer, moose and rabbits.",,
,,,,,,,,Sambucus canadensis,,,,,,,S,,,,,,D,,,,,,,,,,,,,,,,,,,,,,,,,,,,,HIGH,"WB,WM","Fruit eaten by grouse, bluebird, catbird, kingbird, rose-breasted grosbeak, brown thrasher, veery, red fox, Browsed by deer, moose and rabbits.",,
,,,,,,,,Sassafras albidum,,,,,,,T,,,,,,D,,,,,,,,,,,,,,,,,,,,,,,,,,,,,MOD,"DB,WB,WM","Fruit eaten by turkey, robin, thrush, bluebird, catbird, kingbird, great crested flycatcher, brown thrasher, pileated woodpecker, red-eyed vireo. Browsed by deer (preferred).",,
,,,,,,,,Sassafras albidum,,,,,,,T,,,,,,D,,,,,,,,,,,,,,,,,,,,,,,,,,,,,MOD,"DB,WB,WM","Fruit eaten by turkey, robin, thrush, bluebird, catbird, kingbird, great crested flycatcher, brown thrasher, pileated woodpecker, red-eyed vireo. Browsed by deer (preferred).",,
,,,,,,,,sorbus americana,,,,,,,T,,,,,,D,,,,,,,,,,,,,,,,,,,,,,,,,,,,,HIGH,"DB,WB,WM","Fruit eaten by grouse, grosbeak, thrush, waxwings, black bear*; also mimics, bluebird and oriole when planted. Browsed by deer (preferred), moose (preferred and often ""bark stripped"") and hare.",,
,,,,,,,,sorbus americana,,,,,,,T,,,,,,D,,,,,,,,,,,,,,,,,,,,,,,,,,,,,HIGH,"DB,WB,WM","Fruit eaten by grouse, grosbeak, thrush, waxwings, black bear*; also mimics, bluebird and oriole when planted. Browsed by deer (preferred), moose (preferred and often ""bark stripped"") and hare.",,
,,,,,,,,Sorbus decora,,,,,,,T,,,,,,D,,,,,,,,,,,,,,,,,,,,,,,,,,,,,MOD,"WB,WM","Fruit eaten by grouse, grosbeak, thrush, waxwings, black bear*; also mimics, bluebird and oriole when planted.",,
,,,,,,,,Sorbus decora,,,,,,,T,,,,,,D,,,,,,,,,,,,,,,,,,,,,,,,,,,,,MOD,"WB,WM","Fruit eaten by grouse, grosbeak, thrush, waxwings, black bear*; also mimics, bluebird and oriole when planted.",,
,,,,,,,,Syringa vulgaris,,,,,,,S,,,,,,D,,,,,,,,,,,,,,,,,,,,,,,,,,,,,LOW,WC,Good Cover. Good source of nectar and pollen for pollinators.,,
,,,,,,,,Syringa vulgaris,,,,,,,S,,,,,,D,,,,,,,,,,,,,,,,,,,,,,,,,,,,,LOW,WC,Good Cover. Good source of nectar and pollen for pollinators.,,
,,,,,,,,Tilia americana,,,,,,,T,,,,,,D,,,,,,,,,,,,,,,,,,,,,,,,,,,,,MOD,"WB,WC,WM","Seeds eaten by chipmunks, Bark eaten by porcupine, Browsed by deer. Good cavity tree in older specimens. Flowers produce good nectar source (bees)",,
,,,,,,,,Tilia americana,,,,,,,T,,,,,,D,,,,,,,,,,,,,,,,,,,,,,,,,,,,,MOD,"WB,WC,WM","Seeds eaten by chipmunks, Bark eaten by porcupine, Browsed by deer. Good cavity tree in older specimens. Flowers produce good nectar source (bees)",,
,,,,,,,,Ulmus rubra,,,,,,,T,,,,,,D,,,,,,,,,,,,,,,,,,,,,,,,,,,,,LOW,WB,"Low Value - due to DED - Seeds eaten by wood duck, turkey, grouse, red fox, Seeds and Buds eaten by purple finch, grosbeak, goldfinch, Browsed by deer and rabbits. Good Cavity tree/loose bark.",,
,,,,,,,,Ulmus rubra,,,,,,,T,,,,,,D,,,,,,,,,,,,,,,,,,,,,,,,,,,,,LOW,WB,"Low Value - due to DED - Seeds eaten by wood duck, turkey, grouse, red fox, Seeds and Buds eaten by purple finch, grosbeak, goldfinch, Browsed by deer and rabbits. Good Cavity tree/loose bark.",,
,,,,,,,,Vaccinium angustifolium,,,,,,,S,,,,,,D,,,,,,,,,,,,,,,,,,,,,,,,,,,,,HIGH,"WB,WM","Fruit eaten by ruffed and spruce grouse, catbird, brown thrasher, robin, scarlet tanager, veery, titmouse, towhee, woodpecker, thrush, waxwing, kingbird, blue jay, black bear, skunk, chipmunk, mice. Browsed by deer and moose.",,
,,,,,,,,Vaccinium angustifolium,,,,,,,S,,,,,,D,,,,,,,,,,,,,,,,,,,,,,,,,,,,,HIGH,"WB,WM","Fruit eaten by ruffed and spruce grouse, catbird, brown thrasher, robin, scarlet tanager, veery, titmouse, towhee, woodpecker, thrush, waxwing, kingbird, blue jay, black bear, skunk, chipmunk, mice. Browsed by deer and moose.",,
,,,,,,,,Vaccinium corymbosum,,,,,,,S,,,,,,D,,,,,,,,,,,,,,,,,,,,,,,,,,,,,HIGH,"WB,WM","Fruit eaten by ruffed grouse, catbird, brown thrasher, robin, scarlet tanager, veery, titmouse, towhee, woodpecker, thrush, waxwing, kingbird, blue jay, black bear, skunk, chipmunk, mice. Browsed by deer and moose.",,
,,,,,,,,Vaccinium corymbosum,,,,,,,S,,,,,,D,,,,,,,,,,,,,,,,,,,,,,,,,,,,,HIGH,"WB,WM","Fruit eaten by ruffed grouse, catbird, brown thrasher, robin, scarlet tanager, veery, titmouse, towhee, woodpecker, thrush, waxwing, kingbird, blue jay, black bear, skunk, chipmunk, mice. Browsed by deer and moose.",,
,,,,,,,,Viburnum acerifolium,,,,,,,S,,,,,,D,,,,,,,,,,,,,,,,,,,,,,,,,,,,,MOD,"WB,WM","Fruit eaten by grouse, catbird, flicker, robin, waxwing, thrush, chipmunk, squirrel, Good cover/nesting, clumps, thickets particularly for catbird. Browsed by deer.",,
,,,,,,,,Viburnum acerifolium,,,,,,,S,,,,,,D,,,,,,,,,,,,,,,,,,,,,,,,,,,,,MOD,"WB,WM","Fruit eaten by grouse, catbird, flicker, robin, waxwing, thrush, chipmunk, squirrel, Good cover/nesting, clumps, thickets particularly for catbird. Browsed by deer.",,
,,,,,,,,Viburnum lantanoides,,,,,,,S,,,,,,D,,,,,,,,,,,,,,,,,,,,,,,,,,,,,MOD,"WC,WM","Fruit eaten by grouse, flicker, robin, waxwing, chipmunk, squirrel, Browsed by deer and moose. Good cover/nesting (preferred by black-throated blue warblers)",,
,,,,,,,,Viburnum lantanoides,,,,,,,S,,,,,,D,,,,,,,,,,,,,,,,,,,,,,,,,,,,,MOD,"WC,WM","Fruit eaten by grouse, flicker, robin, waxwing, chipmunk, squirrel, Browsed by deer and moose. Good cover/nesting (preferred by black-throated blue warblers)",,
,,,,,,,,Viburnum lentago,,,,,,,S,,,,,,D,,,,,,,,,,,,,,,,,,,,,,,,,,,,,MOD,"WB,WC,WM","Fruit eaten by grouse, brown thrasher, catbird, flicker, robin, waxwing, chipmunk, squirrel, Good cover/nesting, clumps, thickets particularly for catbird. Browsed by deer.",,
,,,,,,,,Viburnum lentago,,,,,,,S,,,,,,D,,,,,,,,,,,,,,,,,,,,,,,,,,,,,MOD,"WB,WC,WM","Fruit eaten by grouse, brown thrasher, catbird, flicker, robin, waxwing, chipmunk, squirrel, Good cover/nesting, clumps, thickets particularly for catbird. Browsed by deer.",,
,,,,,,,,Viburnum nudum ,,,,,,,S,,,,,,D,,,,,,,,,,,,,,,,,,,,,,,,,,,,,MOD,"WB,WC,WM","Fruit eaten by grouse, brown thrasher, catbird, flicker, robin, waxwing, chipmunk, squirrel, Browsed by deer. Good cover/nesting",,
,,,,,,,,Viburnum nudum ,,,,,,,S,,,,,,D,,,,,,,,,,,,,,,,,,,,,,,,,,,,,MOD,"WB,WC,WM","Fruit eaten by grouse, brown thrasher, catbird, flicker, robin, waxwing, chipmunk, squirrel, Browsed by deer. Good cover/nesting",,
,,,,,,,,Viburnum recognitum,,,,,,,S,,,,,,D,,,,,,,,,,,,,,,,,,,,,,,,,,,,,MOD,"WB,WC,WM","Fruit eaten by grouse, brown thrasher, catbird, flicker, robin, waxwing, chipmunk, squirrel, Browsed by deer. Good cover/nesting, clumps, thickets particularly for catbird.",,
,,,,,,,,Viburnum recognitum,,,,,,,S,,,,,,D,,,,,,,,,,,,,,,,,,,,,,,,,,,,,MOD,"WB,WC,WM","Fruit eaten by grouse, brown thrasher, catbird, flicker, robin, waxwing, chipmunk, squirrel, Browsed by deer. Good cover/nesting, clumps, thickets particularly for catbird.",,
,,,,,,,,Viburnum trilobum,,,,,,,S,,,,,,D,,,,,,,,,,,,,,,,,,,,,,,,,,,,,MOD,"WB,WM","Fruit, persistent in winter, eaten by grouse, turkey, brown thrasher, catbird, flicker, robin, waxwing, chipmunk, squirrel, Browsed by deer.",,
,,,,,,,,Viburnum trilobum,,,,,,,S,,,,,,D,,,,,,,,,,,,,,,,,,,,,,,,,,,,,MOD,"WB,WM","Fruit, persistent in winter, eaten by grouse, turkey, brown thrasher, catbird, flicker, robin, waxwing, chipmunk, squirrel, Browsed by deer.",,
,,,,,,,,,,,,,,,T,,,,,,D,,,,,,,,,,,,,,,,,,,,,,,,,,,,,MOD,"WB,WM","Seeds eaten by turkey (valuable in poor mast years), wood duck, purple finch, cardinal and grosbeak. Bark eaten by beaver, porcupine, Browsed by deer and moose. Poor nesting due to open branching pattern.",,
,,,,,,,,Weigela florida,,,,,,,shrub,,,,,,deciduous,,,,,,,,,,,,,,,,,,,,,,,,,,,,,,,,,
,,,,,,,,Juniperus communis,,,,,,,S,,,,,,E,,,,,,,,,,,,,,,,,,,,,,,,,,,,,MOD,"WC,WM","Fruit eaten by purple finch, pine/evening grosbeak, robin, bluebird, tree swallow, cedar waxwing, Sap eaten by yb sapsucker, Browsed by deer (poor). Good winter/nesting cover (particularly sparrows, cottontail)",,
,,,,,,,,Juniperus communis,,,,,,,S,,,,,,E,,,,,,,,,,,,,,,,,,,,,,,,,,,,,MOD,"WC,WM","Fruit eaten by purple finch, pine/evening grosbeak, robin, bluebird, tree swallow, cedar waxwing, Sap eaten by yb sapsucker, Browsed by deer (poor). Good winter/nesting cover (particularly sparrows, cottontail)",,
,,,,,,,,Juniperus virginiana,,,,,,,T,,,,,,E,,,,,,,,,,,,,,,,,,,,,,,,,,,,,HIGH,"WC,WM","Fruit used extensively by waxwings, also finches, grosbeaks, robins, sapsuckers, bluebirds, Good nesting/winter cover (particularly sparrows, cottontail)",,
,,,,,,,,Juniperus virginiana,,,,,,,T,,,,,,E,,,,,,,,,,,,,,,,,,,,,,,,,,,,,HIGH,"WC,WM","Fruit used extensively by waxwings, also finches, grosbeaks, robins, sapsuckers, bluebirds, Good nesting/winter cover (particularly sparrows, cottontail)",,
,,,,,,,,Kalmia latifolia,,,,,,,S,,,,,,E,,,,,,,,,,,,,,,,,,,,,,,,,,,,,LOW,"WB,WC,WM","Fruit, buds and leaves eaten by grouse. Browsed by deer (poor)",,
,,,,,,,,Kalmia latifolia,,,,,,,S,,,,,,E,,,,,,,,,,,,,,,,,,,,,,,,,,,,,LOW,"WB,WC,WM","Fruit, buds and leaves eaten by grouse. Browsed by deer (poor)",,
,,,,,,,,Picea abies,,,,,,,T,,,,,,E,,,,,,,,,,,,,,,,,,,,,,,,,,,,,MOD,"WC,WM","Seeds eaten by crossbill, grosbeaks, sparrows, nuthatch, purple finch, Good nesting cover esp. for robin, chipping sparrow and purple finch, Good winter cover.",,
,,,,,,,,Picea abies,,,,,,,T,,,,,,E,,,,,,,,,,,,,,,,,,,,,,,,,,,,,MOD,"WC,WM","Seeds eaten by crossbill, grosbeaks, sparrows, nuthatch, purple finch, Good nesting cover esp. for robin, chipping sparrow and purple finch, Good winter cover.",,
,,,,,,,,Picea glauca,,,,,,,T,,,,,,E,,,,,,,,,,,,,,,,,,,,,,,,,,,,,MOD,"WB,WC,WM","Moderate Value - few species - Needles eaten by spruce grouse, Seeds eaten by grosbeak, pine siskin, crossbills, nuthatch, red squirrels, Bark eaten by porcupine, snowshoe hare, Good nesting/winter cover",,
,,,,,,,,Picea glauca,,,,,,,T,,,,,,E,,,,,,,,,,,,,,,,,,,,,,,,,,,,,MOD,"WB,WC,WM","Moderate Value - few species - Needles eaten by spruce grouse, Seeds eaten by grosbeak, pine siskin, crossbills, nuthatch, red squirrels, Bark eaten by porcupine, snowshoe hare, Good nesting/winter cover",,
,,,,,,,,Picea mariana,,,,,,,T,,,,,,E,,,,,,,,,,,,,,,,,,,,,,,,,,,,,MOD,"WB,WC,WM","Seeds eaten by grosbeak, pine siskin, crossbills, nuthatch, red squirrels, Bark eaten by porcupine, snowshoe hare, Good nesting/winter cover. Needles eaten by spruce grouse (very limited range).",,
,,,,,,,,Picea mariana,,,,,,,T,,,,,,E,,,,,,,,,,,,,,,,,,,,,,,,,,,,,MOD,"WB,WC,WM","Seeds eaten by grosbeak, pine siskin, crossbills, nuthatch, red squirrels, Bark eaten by porcupine, snowshoe hare, Good nesting/winter cover. Needles eaten by spruce grouse (very limited range).",,
,,,,,,,,Picea pungens,,,,,,,T,,,,,,E,,,,,,,,,,,,,,,,,,,,,,,,,,,,,MOD,"WC,WM","Seeds eaten by crossbill, grosbeaks, sparrows, nuthatch, purple finch, Good nesting cover esp. for robin, chipping sparrow and purple finch, Good winter cover.",,
,,,,,,,,Picea pungens,,,,,,,T,,,,,,E,,,,,,,,,,,,,,,,,,,,,,,,,,,,,MOD,"WC,WM","Seeds eaten by crossbill, grosbeaks, sparrows, nuthatch, purple finch, Good nesting cover esp. for robin, chipping sparrow and purple finch, Good winter cover.",,
,,,,,,,,Picea rubens,,,,,,,T,,,,,,E,,,,,,,,,,,,,,,,,,,,,,,,,,,,,HIGH,"WB,WC,WM","High Value - few species - Needles eaten by spruce grouse, Seeds eaten by grosbeak, pine siskin, crossbills, nuthatch, red squirrels, Bark eaten by porcupine, snowshoe hare, Good nesting/winter cover",,
,,,,,,,,Picea rubens,,,,,,,T,,,,,,E,,,,,,,,,,,,,,,,,,,,,,,,,,,,,HIGH,"WB,WC,WM","High Value - few species - Needles eaten by spruce grouse, Seeds eaten by grosbeak, pine siskin, crossbills, nuthatch, red squirrels, Bark eaten by porcupine, snowshoe hare, Good nesting/winter cover",,
,,,,,,,,pinus nigra,,,,,,,T,,,,,,E,,,,,,,,,,,,,,,,,,,,,,,,,,,,,LOW,"WC,WM","Seeds eaten by birds (finches?), Good winter/nesting cover",,
,,,,,,,,pinus nigra,,,,,,,T,,,,,,E,,,,,,,,,,,,,,,,,,,,,,,,,,,,,LOW,"WC,WM","Seeds eaten by birds (finches?), Good winter/nesting cover",,
,,,,,,,,Pinus resinosa,,,,,,,T,,,,,,E,,,,,,,,,,,,,,,,,,,,,,,,,,,,,MOD,"WC,WM","Seeds eaten by crossbill, chickadee, grosbeaks, nuthatch, finches, pine warbler, squirrels, Good nesting/winter cover, Cavity tree",,
,,,,,,,,Pinus resinosa,,,,,,,T,,,,,,E,,,,,,,,,,,,,,,,,,,,,,,,,,,,,MOD,"WC,WM","Seeds eaten by crossbill, chickadee, grosbeaks, nuthatch, finches, pine warbler, squirrels, Good nesting/winter cover, Cavity tree",,
,,,,,,,,Pinus rigida,,,,,,,T,,,,,,E,,,,,,,,,,,,,,,,,,,,,,,,,,,,,MOD,"WC,WM","Seeds eaten by crossbill, chickadee, grosbeaks, nuthatch, finches, pine warbler, squirrels, Good nesting/winter cover, Cavity tree",,
,,,,,,,,Pinus rigida,,,,,,,T,,,,,,E,,,,,,,,,,,,,,,,,,,,,,,,,,,,,MOD,"WC,WM","Seeds eaten by crossbill, chickadee, grosbeaks, nuthatch, finches, pine warbler, squirrels, Good nesting/winter cover, Cavity tree",,
,,,,,,,,Pinus strobus,,,,,,,T,,,,,,E,,,,,,,,,,,,,,,,,,,,,,,,,,,,,HIGH,"WC,WM","Seeds eaten by crossbill, chickadee, grosbeaks, nuthatch, finches, pine warbler, squirrels, Bark eaten by porcupine, Good nesting/winter cover, Turkey Roost",,
,,,,,,,,Pinus strobus,,,,,,,T,,,,,,E,,,,,,,,,,,,,,,,,,,,,,,,,,,,,HIGH,"WC,WM","Seeds eaten by crossbill, chickadee, grosbeaks, nuthatch, finches, pine warbler, squirrels, Bark eaten by porcupine, Good nesting/winter cover, Turkey Roost",,
,,,,,,,,Rhododendron canadense,,,,,,,S,,,,,,E,,,,,,,,,,,,,,,,,,,,,,,,,,,,,LOW,WB,"minimal use of buds by grouse, minimal browse by deer (poor)",,
,,,,,,,,Rhododendron canadense,,,,,,,S,,,,,,E,,,,,,,,,,,,,,,,,,,,,,,,,,,,,LOW,WB,"minimal use of buds by grouse, minimal browse by deer (poor)",,
,,,,,,,,Thuja occidentalis,,,,,,,T,,,,,,E,,,,,,,,,,,,,,,,,,,,,,,,,,,,,MOD,"DB,WC,WM","Seeds eaten by Pine Siskin, Browsed by deer (preferred). Good winter/nesting cover.",,
,,,,,,,,Thuja occidentalis,,,,,,,T,,,,,,E,,,,,,,,,,,,,,,,,,,,,,,,,,,,,MOD,"DB,WC,WM","Seeds eaten by Pine Siskin, Browsed by deer (preferred). Good winter/nesting cover.",,
,,,,,,,,Tsuga canadensis,,,,,,,T,,,,,,E,,,,,,,,,,,,,,,,,,,,,,,,,,,,,HIGH,"DB,WB,WC,WM","High Value - few species - Browsed by deer, Bark eaten by porcupine, Excellent nesting/winter cover (Deer Wintering Areas), Seeds eaten by chickadee, crossbills, and red squirrel",,
,,,,,,,,Tsuga canadensis,,,,,,,T,,,,,,E,,,,,,,,,,,,,,,,,,,,,,,,,,,,,HIGH,"DB,WB,WC,WM","High Value - few species - Browsed by deer, Bark eaten by porcupine, Excellent nesting/winter cover (Deer Wintering Areas), Seeds eaten by chickadee, crossbills, and red squirrel",,
,,,,abelia,x,grandiflora,,abelia grandiflora,,,,abeliaa,,,shrub,many,,,15,15,evergreen,,,,,,,,,,,,,,,,,,,,,,,,,,,,,,,,,
,,,,buxus,,,,buxus,,,,,,,,,,,,,evergreen,,,,,,,,,,,,,,,,,,,,,,,,,,,,,,,,,
,,,,Calluna,,,,Calluna,,,,,,,,,,,,,evergreen,,,,,,,,,,,,4.5,6,,,,,,,,,,,,,,,,,,,,
,,,,ephedra,,viridis,,ephedra viridis,,,,,,,,,,,,,evergreen,arid,,,,,,,spring,,,,,,,,high,,,,,,,,,,,,,,,,,
,,,,gaultheria,,procumbens,,Gaultheria procumbens L.,,,,wintergreen,,,groundcover,,,,,,evergreen,,"FACU (Midwest), FACU (Northcentral & Northeast), FACU (Atlantic and Gulf Coastal Plain), FACU (Eastern Mountains and Piedmont), FACU (Great Plains)",,,,,,,,,,,,,,,,,,,,,,,,,,,,,,,
,,,,ilex,,crenata,,ilex crenata,,,convexa,,,,shrub,,,,,,evergreen,,,,,,,,,,,,4.5,5.5,,,,,,,,,,,,,,,,,,,,
,,,,juniperus,,,,juniperus,,,,,,,,,,,,,evergreen,,,,,,,,,,,,,,,,,,,,,,,,,,,,,,,,,
,,,,,,,,Juniperus polycarpos,,,,,,,,,,,,,evergreen,,,,,,,,,,,,,,,,,,,,,,,,,,,,,,,,,
,,,,,,,,Juniperus virginiana L.,,,,,,,,,,,,,evergreen,,"UPL (Great Plains), FACU (Arid West), FACU (Atlantic and Gulf Coastal Plain), FACU (Eastern Mountains and Piedmont), FACU (Midwest), FACU (Northcentral & Northeast), FACU (Western Mountains, Valleys, and Coast)",,,,,,,,,,,,,,,,,,,,,,,,,,,,,,,
,,,,,,,,Kalmia angustifolia L.,,,,,,,,,,,,,evergreen,,"FAC (Atlantic and Gulf Coastal Plain), FAC (Eastern Mountains and Piedmont), FAC (Northcentral & Northeast)",,,,,,,,,,,,,,,,,,,,,,,,,,,,,,,
,,,,,,,,Kalmia latifolia 'Polypetala',,,,,,,,,,,,,evergreen,rocky slopes,,,,,,air,,,,,,,,,,,,,,,,,,,,,,,,,,
,,,,,,grandiflora,,Magnolia grandiflora,,,,,,,tree,,,,,,evergreen,,,,,,,,,,,,,,,,,,,,,,,,,,,,,,,,,
,,,,mahonia,,aquifolium,,Mahonia aquifolium (Pursh) Nutt.,,,,,,,,,,,,,evergreen,,"UPL (Arid West), UPL (Atlantic and Gulf Coastal Plain), UPL (Eastern Mountains and Piedmont), UPL (Great Plains), UPL (Midwest), UPL (Northcentral & Northeast), FACU (Western Mountains, Valleys, and Coast)",,,,,,,,,,,,,,,,,,,,,,,,,,,,,,,
,,,,mahonia,,repens,,Mahonia repens,,,,,,,,,,,,,evergreen,,,,,,,,,,,,,,,,,,,,,,,,,,,,,,,,,
,,,,mitcvhella,,repens,,mitchella repens,,,,,,,groundcover,,,,,,evergreen,,,,,,,,,,,,,,,,,,,,,,,,,,,,,,,,,
,,,,notholithocarpus,,densiflorus,,notholithocarpus densiflorus,,,,,,,,,,,,,evergreen,,,,,,,,,,,,,,,,,,,,,,,,,,,,,,,,,
,,,,osmanthus,,fragrans,,osmanthus fragrans,,,,,,,,,,,,,evergreen,,,,,,,,,,,,,,,,,,,,,,,,,,,,,,,,,
,,,,,,,,Picea asperata,,,,,,,,,,,,,evergreen,,,,,,,,,,,,,,,,,,,,,,,,,,,,,,,,,
,,,,,,,,Picea asperata,,,,,,,,,,,,,evergreen,,,,,,,,spring ,,,,,,,,,,,,,,,,,,,,,,,,,
,,,,,,,,Picea asperata var. notabilis,,,,,,,,,,,,,evergreen,,,,,,,,,,,,,,,,,,,,,,,,,,,,,,,,,
,,,,,,,,Picea asperata var. notabilis,,,,,,,,,,,,,evergreen,,,,,,,,spring,,,,,,,,,,,,,,,,,,,,,,,,,
,,,,,,,,Picea glauca (Moench) Voss,,,,,,,,,,,,,evergreen,,"FACU (Eastern Mountains and Piedmont), FACU (Great Plains), FACU (Midwest), FACU (Northcentral & Northeast), FACU (Alaska), FAC (Western Mountains, Valleys, and Coast), FAC (Arid West)",,,,,,,,,,,,,,,,,,,,,,,,,,,,,,,
,,,,,,,,Picea glauca var. albertiana forma conica,,,,,,,,,,,,,evergreen,,,,,,,,fall,,,,,,,,,,,,,,,,,,,,,,,,,
,,,,,,,,Picea glauca var. albertiana forma conica,,,,,,,,,,,,,evergreen,,,,,,,,,,,,,,,,,,,,,,,,,,,,,,,,,
,,,,,,,,Picea pungens Engelm.,,,,,,,,,,,,,evergreen,,"FACU (Northcentral & Northeast), FAC (Arid West), FAC (Atlantic and Gulf Coastal Plain), FAC (Eastern Mountains and Piedmont), FAC (Great Plains), FAC (Western Mountains, Valleys, and Coast)",,,,,,,,,,,,,,,,,,,,,,,,,,,,,,,
,,,,,,,,Pinus albicaulis,,,,,,,,,,,,,evergreen,,,,,,,,,,,,,,,,,,,,,,,,,,,,,,,,,
,,,,,,,,Pinus banksiana,,,,,,,,,,,,,evergreen,,,,,,,,fall,,,,,,,,,,,,,,,,,,,,,,,,,
,,,,,,,,Pinus banksiana Lamb.,,,,,,,,,,,,,evergreen,,"FACU (Eastern Mountains and Piedmont), FACU (Great Plains), FACU (Midwest), FACU (Northcentral & Northeast)",,,,,,,,,,,,,,,,,,,,,,,,,,,,,,,
,,,,pinus,,leucodermis,,pinus leucodermis,,,minttruffle,,,,,,,,,,evergreen,,,,,,,,,,,,5,6,,,,,,,,,,,,,,,,,,,,
,,,,,,,,Pinus monticola,,,,,,,,,,,,,evergreen,,,,,,,,,,,,,,,,,,,,,,,,,,,,,,,,,
,,,,,,,,Pinus monticola,,,,,,,,,,,,,evergreen,,,,,,,,fall,,,,,,,,,,,,,,,,,,,,,,,,,
,,,,,,,,Pinus ponderosa Lawson & C. Lawson,,,,,,,,,,,,,evergreen,,"UPL (Great Plains), UPL (Northcentral & Northeast), FACU (Arid West), FACU (Western Mountains, Valleys, and Coast)",,,,,,,,,,,,,,,,,,,,,,,,,,,,,,,
,,,,,,,,Pinus resinosa,,,,,,,,,,,,,evergreen,,,,,,,,fall,,,,,,,,,,,,,,,,,,,,,,,,,
,,,,,,,,Pinus resinosa Aiton,,,,,,,,,,,,,evergreen,,"FACU (Atlantic and Gulf Coastal Plain), FACU (Eastern Mountains and Piedmont), FACU (Great Plains), FACU (Midwest), FACU (Northcentral & Northeast)",,,,,,,,,,,,,,,,,,,,,,,,,,,,,,,
,,,,,,,,Pinus rigida Mill.,,,,,,,,,,,,,evergreen,,"FACU (Eastern Mountains and Piedmont), FACU (Midwest), FACU (Northcentral & Northeast), FACU (Atlantic and Gulf Coastal Plain)",,,,,,,,,,,,,,,,,,,,,,,,,,,,,,,
,,,,,,,,Pinus sibirica,,,,,,,,,,,,,evergreen,,,,,,,,,,,,,,,,,,,,,,,,,,,,,,,,,
,,,,,,,,Pinus strobiformis,,,,,,,,,,,,,evergreen,,,,,,,,fall,,,,,,,,,,,,,,,,,,,,,,,,,
,,,,,,,,Pinus strobus,,,,,,,,,,,,,evergreen,,,,,,,,,,,,,,,,,,,,,,,,,,,,,,,,,
,,,,,,,,Pinus strobus L.,,,,,,,,,,,,,evergreen,,"FACU (Atlantic and Gulf Coastal Plain), FACU (Eastern Mountains and Piedmont), FACU (Great Plains), FACU (Midwest), FACU (Northcentral & Northeast)",,,,,,,,,,,,,,,,,,,,,,,,,,,,,,,
,,,,,,,,Prunus laurocerasus,,,,,,,,,,,,,evergreen,"low woods, maritime forests, fields",,,,,,mix,,,,,,,,,,,,,,,,,,,,,,,,,,
,,,,rhododendron,x,,,rhododendron,,,RLH1-4P19,,,,,,,,,,evergreen,,,,,,,,,,,,4.5,7,,,,,,,,,,,,,,,,,,,,
,,,,rhododendron,,catawbiense,,rhododendron catawbiense,,,cunninghamswhite,,,,,,,,,,evergreen,,,,,,,,,,,,4.5,7,,,,,,,,,,,,,,,,,,,,
,,,,taxus,,baccata,,taxus baccata,,,repandens,,,,,,,,,,evergreen,,,,,,,,,,,,6,7,,,,,,,,,,,,,,,,,,,,
,,,,taxus,,brevifolia,,taxus brevifolia,,,,,,,,,,,,,evergreen,,,,,,,,,,,,,,,,,,,,,,,,,,,,,,,,,
,,,,,,,,Taxus canadensis Marshall,,,,,,,,,,,,,evergreen,,"FACU (Midwest), FACU (Northcentral & Northeast), FAC (Great Plains), FAC (Atlantic and Gulf Coastal Plain), FAC (Eastern Mountains and Piedmont)",,,,,,,,,,,,,,,,,,,,,,,,,,,,,,,
,,,,viburnum,,rhytidophyllum,,Viburnum rhytidophyllum,,,,,,,,,,,,,evergreen,,"FAC (Midwest), FAC (Northcentral & Northeast), FAC (Atlantic and Gulf Coastal Plain), FAC (Eastern Mountains and Piedmont), FAC (Great Plains)",,,,,,,,,,,,,,,,,,,,,,,,,,,,,,,
,,,,,,,,Acer 'Morton UW',,,,,,,,,,,,,,,,,,,,,spring,,,,,,,,,,,,,,,,,,,,,,,,,
,,,,,,,,Acer davidii ssp. grosseri,,,,,,,,,,,,,,,,,,,,,,,,,,,,,,,,,,,,,,,,,,,,,,
,,,,acer,x,freemanii,,acer freemanii,,,armstrong,,,,,,,,,,,,,,,,,,,,,,6,7.5,,,,,,,,,,,,,,,,,,,,
,,,,,,,,Acer heldreichii ssp. trautvetteri,,,,,,,,,,,,,,,,,,,,,,,,,,,,,,,,,,,,,,,,,,,,,,
,,,,,,,,Acer longipes,,,,,,,,,,,,,,,,part shade/full sun,,,,airpot,,,,,,,,,,,,,,,,,,,,,,,,,,
,,,,,,,,,,,,,,,,,,,,,,,,,,,,,,,,,,,,,,,,,,,,,,,,,,,,,,
,,,,,,,,,,,,,,,,,,,,,,,,,,,,,,,,,,,,,,,,,,,,,,,,,,,,,,
,,,,,,,,Acer mono,,,,,,,,,,,,,,,,,,,,,,,,,,,,,,,,,,,,,,,,,,,,,,
,,,,,,,,Acer monspessulanum ssp. monspessulanum,,,,,,,,,,,,,,,,,,,,,,,,,,,,,,,,,,,,,,,,,,,,,,
,,,,,,,,,,,,,,,,,,,,,,,,,,,,,,,,,,,,,,,,,,,,,,,,,,,,,,
,,,,,,,,Acer nigrum Michx. f.,,,,,,,,,,,,,,,"UPL (Atlantic and Gulf Coastal Plain), FACU (Eastern Mountains and Piedmont), FACU (Midwest), FACU (Northcentral & Northeast)",,,,,,,,,,,,,,,,,,,,,,,,,,,,,,,
,,,,,,,,Acer oliverianum,,,,,,,,,,,,,,,,part shade/full sun,,,,airpot/solid,,,,,,,,,,,,,,,,,,,,,,,,,,
,,,,,,,,Acer pensylvanicum L.,,,,,,,,,,,,,,,"FACU (Atlantic and Gulf Coastal Plain), FACU (Eastern Mountains and Piedmont), FACU (Midwest), FACU (Northcentral & Northeast)",,,,,,,,,,,,,,,,,,,,,,,,,,,,,,,
,,,,,,,,Acer pycnanthum,,,,,,,,,,,,,,,,,,,,,spring,,,,,,,,,,,,,,,,,,,,,,,,,
,,,,,,,,Aesculus flava,,,,,,,,,,,,,,,,,,,,,fall,,,,,,,,,,,,,,,,,,,,,,,,,
,,,,,,,,Aesculus glabra var. glabra,,,,,,,,,,,,,,,,,,,,,fall,,,,,,,,,,,,,,,,,,,,,,,,,
,,,,,,,,Aesculus parviflora - Bottlebrush buckeye,,,,,,,,,,,,,,,,shade,,,,,,,,,,,,,,,,,,,,,,,,,,,,,,
,,,,,,,,Alnus maritima ssp. oklahomensis,,,,,,,,,,,,,,,,full sun,,,,Solid,,,,,,,,,,,,,,,,,,,,,,,,,,
,,,,,,,,Alnus maritima ssp. oklahomensis,,,,,,,,,,,,,,,,,,,,,spring,,,,,,,,,,,,,,,,,,,,,,,,,
,,,,alnus,,viridis,,alnus viridis,,,,,,,,,,,,,,,,,,,,,,,,,,,,,,,,,,,,,,,,,,,,,,
,,,,,,,,Alnus viridis,,,,,,,,,,,,,,,,full sun,,,,solid,,,,,,,,,,,,,,,,,,,,,,,,,,
,,,,Amelanchier,,nantucketensis,,Amelanchier  nantucketensis,,,,,,,,,,,,,,"dry, sandy, grasslands",,,,,,,,,,,,,,,,,,,,,,,,,,,,,,,,
,,,,,,,,Amelanchier canadensis (L.) Medik.,,,,,,,,,,,,,,,"FAC (Atlantic and Gulf Coastal Plain), FAC (Eastern Mountains and Piedmont), FAC (Northcentral & Northeast)",,,,,,,,,,,,,,,,,,,,,,,,,,,,,,,
,,,,,,,,Amelanchier nantucketensis,,,,,,,,,,,,,,,,full sun,,,,airpot,,,,,,,,,,,,,,,,,,,,,,,,attractive to birds,,
,,,,,,,,Amelanchier nantucketensis,,,,,,,,,,,,,,"dry, sandy, grasslands","FACU (Atlantic and Gulf Coastal Plain), FACU (Eastern Mountains and Piedmont), FACU (Northcentral & Northeast)",,,,,air,,,,,,,,,,,,,,,,,,,,,,,,,,
,,,,,,,,Aralia racemosa L.,,,,,,,,,,,,,,,"FAC (Arid West), FAC (Western Mountains, Valleys, and Coast), FACU (Atlantic and Gulf Coastal Plain), FACU (Eastern Mountains and Piedmont), FACU (Great Plains), FACU (Midwest), FACU (Northcentral & Northeast)",,,,,,,,,,,,,,,,,,,,,,,yes,,,,,,,,
,,,,,,,,Aralia spinosa L.,,,,,,,,,,,,,,,"FAC (Atlantic and Gulf Coastal Plain), FAC (Eastern Mountains and Piedmont), FAC (Northcentral & Northeast), FACU (Atlantic and Gulf Coastal Plain / Western Gulf Coast), FACU (Great Plains), FACW (Midwest)",,,,,,,,,,,,,,,,,,,,,,,yes,,,,,,,,
,,,,,,,,Arctostaphylos uva-ursi - Bearberry,,,,,,,,,,,,,,,,,,,,,,,,,,,,,,,,,,,,,,,,,,,,attractive to birds,,
,,,,,,,,Arctostaphylos uva-ursi -Bearberry,,,,,,,,,,,,,,well-drained soil,,sun,,,,,,,,,,,,,,,,,,,,,,,,,,,,,,
,,,,,,,,Aronia arbutifolia (L.) Pers.,,,,,,,,,,,,,,,"FACW (Atlantic and Gulf Coastal Plain), FACW (Eastern Mountains and Piedmont), FACW (Great Plains), FACW (Midwest), FACW (Northcentral & Northeast)",,,,,,,,,,,,,,,,,,,,,,,,,,,,,,,
,,,,,,,,Aronia spp. - Chokeberry,,,,,,,,,,,,,,,,shade,,,,,,,,,,,,,,,,,,,,,,,,,,,,,,
,,,,,,,,Aronia spp. - Chokeberry,,common in moist soils,,,,,,,,,,,,common in moist soils,,,,,,,,,,,,,,,,,,,,,,,,,,,,,,,,
,,,,,,,,Aronia spp. - Chokeberry,,,,,,,,,,,,,,,,,,,,,,,,,,,,,,,,,,,,,,,,,,,,attractive to birds,,
,,,,,,,,Asclepias incarnata L.,,,,,,,,,,,,,,,"FACW (Great Plains), OBL (Midwest), OBL (Northcentral & Northeast), OBL (Western Mountains, Valleys, and Coast), OBL (Arid West), OBL (Atlantic and Gulf Coastal Plain), OBL (Eastern Mountains and Piedmont)",,,,,,,,,,,,,,,,,,,,,,,,,,,,,,,
,,,,,,,,Asclepias longifolia Michx.,,,,,,,,,,,,,,,"FAC (Atlantic and Gulf Coastal Plain), FAC (Eastern Mountains and Piedmont), FAC (Great Plains), UPL (Midwest), UPL (Northcentral & Northeast)",,,,,,,,,,,,,,,,,,,,,,,,,,,,,,,
,,,,,,,,Asclepias speciosa Torr.,,,,,,,,,,,,,,,"FAC (Arid West), FAC (Atlantic and Gulf Coastal Plain), FAC (Eastern Mountains and Piedmont), FAC (Great Plains), FAC (Midwest), FAC (Northcentral & Northeast), FAC (Western Mountains, Valleys, and Coast)",,,,,,,,,,,,,,,,,,,,,,,,,,,,,,,
*,,,,asimina,,triloba,,asimina triloba,,,,,,,,,,,,,,,,,,,,,,,,,,,,,,,,,,,,,,,,,,,,,,
,,,,,,,,Asimina triloba,,,,,,,,,,,,,,,,full sun,,,,solid,,,,,,,,,,,,,,,,,,,,,,,,,,
,,,,,,,,Asimina triloba (L.) Dunal,,,,,,,,,,,,,,,"FAC (Atlantic and Gulf Coastal Plain), FAC (Eastern Mountains and Piedmont), FAC (Midwest), FAC (Northcentral & Northeast), FACU (Atlantic and Gulf Coastal Plain / Western Gulf Coast), FACU (Great Plains)",,,,,,,,,,,,,,,,,,,,,,,,,,,,,,,
*,,,,,,,,Betula papyrifera var. cordifolia,,,,,,,,,,,,,,,,,,,,,spring,,,,,,,,,,,,,,,,,,,,,,,,,
,,,,betula,,uber,,,,,,,,,,,,,,,,,,,,,,,,,,,,,,,,,,,,,,,,,,,,,,,,
,,,,,,,,Betula raddeana,,,,,,,,,,,,,,,,,,,,,spring,,,,,,,,,,,,,,,,,,,,,,,,,
,,,,,,,,Betula schmidtii,,,,,,,,,,,,,,,,,,,,,,,,,,,,,,,,,,,,,,,,,,,,,,
,,,,betula,,utilis,,betula utilis,var.,jacquemontii,,,,,,,,,,,,,,,,,,,,,,,5,6,,,,,,,,,,,,Resistance to verticillium wilt,,,,,,,,
,,,,bougainvillea,,spectabilis,,bougainvillea spectabilis,,,,,,,,,,,,,,,,,,,,,,,,,,,,,,,,,,,,,,,,,,,,,,
,,,,Callicarpa,,americana,,Callicarpa  americana,,,,,,,,,,,,,,,,,,,,,,,,,,,,,,,,,,,,,,,,,,,,,,
,,,,,,,,Callicarpa americana,,,,,,,,,,,,,,,,,,,,mix,,,,,,,,,,,,,,,,,,,,,,,,,,
,,,,callicarpa,,dichotoma,,callicarpa dichotoma,,,earlyamethyst,,,,,,,,,,,,,,,,,,,,,,,,,,,,,,,,,,,,,,,,,,,
,,,,,,,,Calocedrus decurrens,,,,,,,,,,,,,,,,full sun,,,,air pot,,,,,,,,,,,,,,,,,,,,,,,,,,
,,,,,,,,Calocedrus decurrens,,,,,,,,,,,,,,,,shade,,,,solid,,,,,,,,,,,,,,,,,,,,,,,,,,
,,,,,,,,Calycanthus floridus - Carolina allspice,,common in moist soils,,,,,,,,,,,,common in moist soils,,,,,,,,,,,,,,,,,,,,,,,,,,,,,,,,
,,,,,,,,CANS Species,,,,,,,,,,,,,,Habitat,,,,,,Container type,,,,,,,,,,,,,,,,,,,,,,,,,,
,,,,,,,,Carpinus betulus,,,,,,,,,,,,,,,,,,,,,spring,,,,,,,,,,,,,,,,,,,,,,,,,
,,,,,,,,Carpinus caroliniana,,,,,,,,,,,,,,,,shade,,,,airpot,,,,,,,,,,,,,,,,,,,,,,,,,,
,,,,,,,,Carpinus caroliniana - American hornbeam,,,,,,,,,,,,,,well-drained soil,,sun,,,,,,,,,,,,,,,,,,,,,,,,,,,,,,
,,,,,,,,Carpinus caroliniana - American hornbeam,,,,,,,,,,,,,,,,shade,,,,,,,,,,,,,,,,,,,,,,,,,,,,,,
,,,,,,,,Carpinus caroliniana - American hornbeam,,common in moist soils,,,,,,,,,,,,common in moist soils,,,,,,,,,,,,,,,,,,,,,,,,,,,,,,,,
,,,,,,,,Carpinus caroliniana Walter,,,,,,,,,,,,,,,"FAC (Atlantic and Gulf Coastal Plain), FAC (Eastern Mountains and Piedmont), FAC (Great Plains), FAC (Midwest), FAC (Northcentral & Northeast)",,,,,,,,,,,,,,,,,,,,,,,,,,,,,,,
,,,,,,,,Carpinus orientalis,,,,,,,,,,,,,,,,,,,,,spring,,,,,,,,,,,,,,,,,,,,,,,,,
,,,,,,,,Carpinus orientalis,,,,,,,,,,,,,,,,,,,,,,,,,,,,,,,,,,,,,,,,,,,,,,
,,,,,,,,Carpinus tschonoskii,,,,,,,,,,,,,,,,shade,,,,airpot,,,,,,,,,,,,,,,,,,,,,,,,,,
,,,,,,,,Carpinus viminea,,,,,,,,,,,,,,,,sun,,,,solid/airpot,,,,,,,,,,,,,,,,,,,,,,,,,,
,,,,Carya,,cordiformis,,Carya  cordiformis,,,,,,,,,,,,,,reambanks and swamps,,,,,,,,,,,,,,,,,,,,,,,,,,,,,,,,
,,,,Carya,,myristiciformis,,Carya  myristiciformis,,,,,,,,,,,,,,bottomlands,,,,,,,,,,,,,,,,,,,,,,,,,,,,,,,,
,,,,Carya,,ovata,,Carya  ovata,,,,,,,,,,,,,,"uplands, drier flooplain woodlands",,,,,,,,,,,,,,,,,,,,,,,,,,,,,,,,
,,,,Carya,,pallida,,Carya  pallida,,,,,,,,,,,,,,dry sandy soil,,,,,,,,,,,,,,,,,,,,,,,,,,,,,,,,
,,,,Carya,,tomentosa,,Carya  tomentosa,,,,,,,,,,,,,,moist soils,,,,,,,,,,,,,,,,,,,,,,,,,,,,,,,,
,,,,,,,,Carya aquatica,,,,,,,,,,,,,,,,,,,,,spring,,,,,,,,,,,,,,,,,,,,,,,,,
,,,,,,,,Carya cordiformis,,,,,,,,,,,,,,reambanks and swamps,,,,,,solid,,,,,,,,,,,,,,,,,,,,,,,,,,
,,,,,,,,Carya cordiformis,,,,,,,,,,,,,,,,,,,,,fall,,,,,,,,,,,,,,,,,,,,,,,,,
,,,,,,,,Carya glabra (Mill.) Sweet,,,,,,,,,,,,,,,"FACU (Atlantic and Gulf Coastal Plain), FACU (Eastern Mountains and Piedmont), FACU (Great Plains), FACU (Midwest), FACU (Northcentral & Northeast), FACU (Western Mountains, Valleys, and Coast)",,,,,,,,,,,,,,,,,,,,,,,,,,,,,,,
,,,,,,,,Carya illinoinensis,,,,,,,,,,,,,,,,,,,,,fall,,,,,,,,,,,,,,,,,,,,,,,,,
,,,,,,,,Carya illinoinensis (Wangenh.) K. Koch,,,,,,,,,,,,,,,"FAC (Arid West), FAC (Great Plains), FAC (Western Mountains, Valleys, and Coast), FACU (Atlantic and Gulf Coastal Plain), FACU (Eastern Mountains and Piedmont), FACW (Midwest), FACW (Northcentral & Northeast)",,,,,,,,,,,,,,,,,,,,,,,,,,,,,,,
,,,,,,,,Carya laciniosa,,,,,,,,,,,,,,,,,,,,,,,,,,,,,,,,,,,,,,,,,,,,,,
,,,,,,,,Carya laciniosa (Michx. f.) G. Don,,,,,,,,,,,,,,,"FAC (Eastern Mountains and Piedmont), FAC (Great Plains), FAC (Atlantic and Gulf Coastal Plain / Western Gulf Coast), FACW (Midwest), FACW (Northcentral & Northeast), FACW (Atlantic and Gulf Coastal Plain)",,,,,,,,,,,,,,,,,,,,,,,,,,,,,,,
,,,,,,,,Carya myristiciformis,,,,,,,,,,,,,,bottomlands,,,,,,solid,,,,,,,,,,,,,,,,,,,,,,,,,,
,,,,,,,,Carya ovalis (Wangenh.) Sarg.,,,,,,,,,,,,,,,"FACU (Atlantic and Gulf Coastal Plain), FACU (Eastern Mountains and Piedmont), FACU (Great Plains), FACU (Midwest), FACU (Northcentral & Northeast)",,,,,,,,,,,,,,,,,,,,,,,,,,,,,,,
,,,,,,,,Carya ovata,,,,,,,,,,,,,,,,,,,,air,,,,,,,,,,,,,,,,,,,,,,,,,,
,,,,,,,,Carya ovata (Mill.) K. Koch,,,,,,,,,,,,,,,"FACU (Atlantic and Gulf Coastal Plain), FACU (Eastern Mountains and Piedmont), FACU (Great Plains), FACU (Midwest), FACU (Northcentral & Northeast)",,,,,,,,,,,,,,,,,,,,,,,,,,,,,,,
,,,,,,,,Carya pallida,,,,,,,,,,,,,,dry sandy soil,,,,,,air,,,,,,,,,,,,,,,,,,,,,,,,,,
,,,,,,,,Carya tomentosa,,,,,,,,,,,,,,moist soils,,,,,,solid,,,,,,,,,,,,,,,,,,,,,,,,,,
,,,,,,,,Ceanothus americanus - New Jersey tea,,,,,,,,,,,,,,well-drained soil,,sun,,,,,,,,,,,,,,,,,,,,,,,,,,,,,,
,,,,,,,,Cedrus libani,,,,,,,,,,,,,,,,,,,,,,,,,,,,,,,,,,,,,,,,,,,,,,
,,,,,,,,Cercidiphyllum magnificum,,,,,,,,,,,,,,,,,,,,,,,,,,,,,,,,,,,,,,,,,,,,,,
,,,,,,,,Cercis canadensis - E astern redbud,,common in moist soils,,,,,,,,,,,,common in moist soils,,,,,,,,,,,,,,,,,,,,,,,,,,,,,,,,
,,,,,,,,Cercis canadensis - Eastern redbud,,,,,,,,,,,,,,well-drained soil,,sun,,,,,,,,,,,,,,,,,,,,,,,,,,,,,,
,,,,,,,,Cercis canadensis - Redbud,,,,,,,,,,,,,,,,shade,,,,,,,,,,,,,,,,,,,,,,,,,,,,,,
,,,,,,,,"Cercis canadensis ""sport""",,,,,,,,,,,,,,,,,,,,,spring,,,,,,,,,,,,,,,,,,,,,,,,,
,,,,,,,,Cercis canadensis L.,,,,,,,,,,,,,,,"UPL (Western Mountains, Valleys, and Coast), UPL (Great Plains), UPL (Arid West), UPL (Atlantic and Gulf Coastal Plain), FACU (Midwest), FACU (Northcentral & Northeast), FACU (Eastern Mountains and Piedmont)",,,,,,,,,,,,,,,,,,,,,,,,,,,,,,,
,,,,,,,,Chamaecyparis lawsoniana,,,,,,,,,,,,,,,,,,,,,,,,,,,,,,,,,,,,,,,,,,,,,,
,,,,,,,,Chamaecyparis thyoides - Atlantic white cedar,,common in moist soils,,,,,,,,,,,,common in moist soils,,,,,,,,,,,,,,,,,,,,,,,,,,,,,,,,
,,,,,,,,Chamaedaphne calyculata - Leatherleaf,,common in wetlands,,,,,,,,,,,,common in wetlands,,,,,,,,,,,,,,,,,,,,,,,,,,,,,,,,
,,,,,,,,Chionanthus virginicus - Fringetree,,,,,,,,,,,,,,well-drained soil,,sun,,,,,,,,,,,,,,,,,,,,,,,,,,,,,,
,,,,,,,,Chionanthus virginicus - Fringetree,,,,,,,,,,,,,,,,shade,,,,,,,,,,,,,,,,,,,,,,,,,,,,,,
,,,,,,,,Chionanthus virginicus - Fringetree,,common in moist soils,,,,,,,,,,,,common in moist soils,,,,,,,,,,,,,,,,,,,,,,,,,,,,,,,,
,,,,chrysogonum,,virginianum,,chrysogonum virginianum,var.,australe,,,,,,,,,,,,,,,,,,,,,,,,,,,,,,,,,,,,,,,,,,,,
,,,,,,,,Cladrastis kentuckea - Yellowwood,,,,,,,,,,,,,,well-drained soil,,sun,,,,,,,,,,,,,,,,,,,,,,,,,,,,,,
,,,,,,,,Cladrastis kentuckea - Yellowwood,,common in moist soils,,,,,,,,,,,,common in moist soils,,,,,,,,,,,,,,,,,,,,,,,,,,,,,,,,
,,,,Clethra,,tomentosa,,Clethra  tomentosa,,,,,,,,,,,,,,,,,,,,,,,,,,,,,,,,,,,,,,,,,,,,,,
,,,,,,,,Clethra alnifolia - Sweet pepperbush,,,,,,,,,,,,,,well-drained soil,,sun,,,,,,,,,,,,,,,,,,,,,,,,,,,,,,
,,,,,,,,Clethra alnifolia - Sweet pepperbush,,,,,,,,,,,,,,,,shade,,,,,,,,,,,,,,,,,,,,,,,,,,,,,,
,,,,,,,,Clethra alnifolia - Sweet Pepperbush,,common in wetlands,,,,,,,,,,,,common in wetlands,,,,,,,,,,,,,,,,,,,,,,,,,,,,,,,,
,,,,,,,,Clethra alnifolia - Sweet pepperbush,,common in moist soils,,,,,,,,,,,,common in moist soils,,,,,,,,,,,,,,,,,,,,,,,,,,,,,,,,
,,,,,,,,Clethra barbinervis,,,,,,,,,,,,,,,,sun,,,,solid/airpot,,,,,,,,,,,,,,,,,,,,,,,,,,
,,,,,,,,Clethra tomentosa,,,,,,,,,,,,,,,,,,,,solid,,,,,,,,,,,,,,,,,,,,,,,,,,
,,,,,,,,Comptonia peregrina - Sweet fern,,,,,,,,,,,,,,droughty soil,,sun,,,,,,,,,,,,,high,,,,,,,,,,,,,,,,,
,,,,,,,,Comptonia peregrina - Sweet fern,,,,,,,,,,,,,,well-drained soil,,sun,,,,,,,,,,,,,,,,,,,,,,,,,,,,,,
,,,,,,,,Cornus alba L. p.p.,,,,,,,,,,,,,,,"FAC (Alaska), FACW (Arid West), FACW (Atlantic and Gulf Coastal Plain), FACW (Eastern Mountains and Piedmont), FACW (Great Plains), FACW (Midwest), FACW (Northcentral & Northeast), FACW (Western Mountains, Valleys, and Coast)",,,,,,,,,,,,,,,,,,,,,,,,,,,,,,,
,,,,,,,,Cornus alternifolia - Alternate leaf dogwood,,,,,,,,,,,,,,,,shade,,,,,,,,,,,,,,,,,,,,,,,,,,,,,,
,,,,,,,,Cornus alternifolia - Alternate leaf dogwood,,common in moist soils,,,,,,,,,,,,common in moist soils,,,,,,,,,,,,,,,,,,,,,,,,,,,,,,,,
,,,,,,,,Cornus alternifolia - Alternate leaf dogwood,,,,,,,,,,,,,,,,,,,,,,,,,,,,,,,,,,,,,,,,,,,,attractive to birds,,
,,,,,,,,Cornus alternifolia L. f.,,,,,,,,,,,,,,,"FAC (Midwest), FAC (Atlantic and Gulf Coastal Plain), FAC (Eastern Mountains and Piedmont), FACU (Great Plains), FACU (Northcentral & Northeast)",,,,,,,,,,,,,,,,,,,,,,,,,,,,,,,
,,,,,,,,Cornus amomum - Silky dogwood,,,,,,,,,,,,,,,,shade,,,,,,,,,,,,,,,,,,,,,,,,,,,,,,
,,,,,,,,Cornus amomum - Silky dogwood,,common in moist soils,,,,,,,,,,,,common in moist soils,,,,,,,,,,,,,,,,,,,,,,,,,,,,,,,,
,,,,,,,,Cornus amomum - Silky dogwood,,,,,,,,,,,,,,,,,,,,,,,,,,,,,,,,,,,,,,,,,,,,attractive to birds,,
,,,,,,,,Cornus australis,,,,,,,,,,,,,,,,sun,,,,solid/airpot,,,,,,,,,,,,,,,,,,,,,,,,,,
,,,,,,,,Cornus bretschneideri,,,,,,,,,,,,,,,,sun,,,,solid/airpot,,,,,,,,,,,,,,,,,,,,,,,,,,
,,,,cornus,,canadensis,,cornus canadensis,,,,,,,,,,,,,,,,,,,,,,,,,,,,,,,,,,,,,,,,,,,,,,
,,,,,,,,Cornus canadensis L.,,,,,,,,,,,,,,,"FAC (Arid West), FAC (Midwest), FAC (Northcentral & Northeast), FAC (Western Mountains, Valleys, and Coast), FAC (Eastern Mountains and Piedmont), FACU (Great Plains), FACU (Atlantic and Gulf Coastal Plain), FACU (Alaska)",,,,,,,,,,,,,,,,,,,,,,,,,,,,,,,
,,,,cornus,,controversa,,cornus controversa,,,junesnow,,,,,,,,,,,,,,,,,,,,,,,,,,,,,,,,,,,,,,,,,,,
,,,,,,,,Cornus controversa,,,,,,,,,,,,,,,,sun,,,,airpot,,,,,,,,,,,,,,,,,,,,,,,,,,
,,,,,,,,Cornus florida L.,,,,,,,,,,,,,,,"UPL (Atlantic and Gulf Coastal Plain / Western Gulf Coast), FACU (Atlantic and Gulf Coastal Plain), FACU (Eastern Mountains and Piedmont), FACU (Great Plains), FACU (Midwest), FACU (Northcentral & Northeast)",,,,,,,,,,,,,,,,,,,,,,,,,,,,,,,
,,,,,,,,Cornus foemina,,,,,,,,,,,,,,,,sun,,,,airpot,,,,,,,,,,,,,,,,,,,,,,,,,,
,,,,,,,,Cornus quinquenervis,,,,,,,,,,,,,,,,sun,,,,solid/airpot,,,,,,,,,,,,,,,,,,,,,,,,,,
,,,,,,,,Cornus racemosa - Grey dogwood,,,,,,,,,,,,,,well-drained soil,,sun,,,,,,,,,,,,,,,,,,,,,,,,,,,,,,
,,,,,,,,Cornus racemosa - Grey dogwood,,,,,,,,,,,,,,,,shade,,,,,,,,,,,,,,,,,,,,,,,,,,,,,,
,,,,,,,,Cornus racemosa - Grey dogwood,,common in wetlands,,,,,,,,,,,,common in wetlands,,,,,,,,,,,,,,,,,,,,,,,,,,,,,,,,
,,,,,,,,Cornus racemosa - Grey dogwood,,common in moist soils,,,,,,,,,,,,common in moist soils,,,,,,,,,,,,,,,,,,,,,,,,,,,,,,,,
,,,,,,,,Cornus racemosa - Grey dogwood,,,,,,,,,,,,,,,,,,,,,,,,,,,,,,,,,,,,,,,,,,,,attractive to birds,,
,,,,cornus,x,rutgersensis,,cornus rutgersensis,,,celestial,,,,,,,,,,,,,,,,,,,,,,,,,,,,,,,,,,,,,,,,,,,
,,,,cornus,x,rutgersensis,,cornus rutgersensis,,,celestialshadow,,,,,,,,,,,,,,,,,,,,,,,,,,,,,,,,,,,,,,,,,,,
,,,,cornus,,sanguinea,,cornus sanguinea,,,midwinterfire,,,,,,,,,,,,,,,,,,,,,,,,,,,,,,,,,,,,,,,,,,,
,,,,,,,,Cornus sericea L. ssp. sericea,,,,,,,,,,,,,,,,,,,,,,,,,,,,,,,,,,,,,,,,,,,,,,
,,,,,,,,Corylopsis willmottiae,,,,,,,,,,,,,,,,sun,,,,solid,,,,,,,,,,,,,,,,,,,,,,,,,,
,,,,,,,,Corylus americana,,,,,,,,,,,,,,,,,,,,,,,,,,,,,,,,,,,,,,,,,,,,,,
,,,,,,,,Corylus americana Walter,,,,,,,,,,,,,,,"UPL (Great Plains), FACU (Atlantic and Gulf Coastal Plain), FACU (Eastern Mountains and Piedmont), FACU (Midwest), FACU (Northcentral & Northeast)",,,,,,,,,,,,,,,,,,,,,,,,,,,,,,,
,,,,,,,,Corylus avellana,,,,,,,,,,,,,,,,,,,,,spring,,,,,,,,,,,,,,,,,,,,,,,,,
,,,,,,,,Corylus avellana,,,,,,,,,,,,,,,,,,,,,,,,,,,,,,,,,,,,,,,,,,,,,,
,,,,,,,,Corylus heterophylla var. sutchuenensis,,,,,,,,,,,,,,,,,,,,,,,,,,,,,,,,,,,,,,,,,,,,,,
,,,,,,,,Corylus x vilmorinii,,,,,,,,,,,,,,,,,,,,,spring,,,,,,,,,,,,,,,,,,,,,,,,,
,,,,Craataegus,,,,Craataegus,,,,,,,,,,,,,,,,,,,,,,,,,6,7,,,,,,,,,,,,,,,,,,,,
,,,,crataegus,x,lavallei,,crataegus lavallei,,,,,,,,,,,,,,,,,,,,,,,,,,,,,,,,,,,,,,yes,,,,,,,,
,,,,crataegus,x,mordenensis,,crataegus mordenensis,,,,,,,,,,,,,,,,,,,,,,,,,,,,,,,,,,,,,,yes,,,,,,,,
,,,,,,,,Crataegus pentagyna,,,,,,,,,,,,,,,,,,,,,,,,,,,,,,,,,,,,,,yes,,,,,,,,
,,,,,,,,Crataegus phaenopyrum - Washington hawthorn,,,,,,,,,,,,,,,,,,,,,,,,,,,,,,,,,,,,,,,,,,,,attractive to birds,,
,,,,,,,,Crataegus viridis - Green hawthorn,,,,,,,,,,,,,,well-drained soil,,sun,,,,,,,,,,,,,,,,,,,,,,,,,,,,,,
,,,,,,,,Crataegus wilsonii,,,,,,,,,,,,,,,,sun,,,,solid/airpot,,,,,,,,,,,,,,,,,,yes,,,,,,,,
,,,,cupressus,,macrocarpa,,cupressus macrocarpa,,,goldcrest,,,,,,,,,,,,,,,,,,,,,,,,,,,,,,,,,,,,,,,,,,,
,,,,daphne,x,burkwoodii,,daphne burkwoodii,,,,,,,,,,,,,,,,,,,,,,,,,,,,,,,,,,,,,,,,,,,,,,
*,,,,Davidia,,,,Davidia involucrata,,,,,,,,,,,,,,,,,,,,,,,,,,,,,,,,,,,,,,,,,,,,,,
,,,,Deutzia,,longifolia,,Deutzia  longifolia,,,,,,,,,,,,,,medium moisture,,,,,,,,,,,,,,,,,,,,,,,,,,,,,,,,
,,,,,,,,Deutzia longifolia,,,,,,,,,,,,,,medium moisture,,,,,,mix,,,,,,,,,,,,,,,,,,,,,,,,,,
,,,,,,,,Diervilla rivularis,,,,,,,,,,,,,,,,sun,,,,solid,,,,,,,,,,,,,,,,,,,,,,,,,,
,,,,,,,,Diospyros virginiana L.,,,,,,,,,,,,,,,"FAC (Arid West), FAC (Atlantic and Gulf Coastal Plain), FAC (Eastern Mountains and Piedmont), FAC (Great Plains), FAC (Midwest), FAC (Northcentral & Northeast), FACU (Western Mountains, Valleys, and Coast)",,,,,,,,,,,,,,,,,,,,,,,,,,,,,,,
*,,,,dystillium ,,,,dystillium ,,,,,,,,,,,,,,,,,,,,,,,,,,,,,,,,,,,,,,,,,,,,,,
,,,,edulis,,species,,edulis species,,,,,,,,,,,,,,,,,,,,,,,,,,,,,,,,,,,,,,,,,,,,,,
,,,,,,,,Euonymus americanus L.,,,,,,,,,,,,,,,"FAC (Midwest), FAC (Northcentral & Northeast), FAC (Atlantic and Gulf Coastal Plain), FAC (Eastern Mountains and Piedmont), FACW (Great Plains)",,,,,,,,,,,,,,,,,,,,,,,,,,,,,,,
,,,,,,,,Euonymus atropurpureus Jacq.,,,,,,,,,,,,,,,"FAC (Western Mountains, Valleys, and Coast), FAC (Atlantic and Gulf Coastal Plain), FAC (Midwest), FACU (Northcentral & Northeast), FACU (Eastern Mountains and Piedmont), FACU (Great Plains)",,,,,,,,,,,,,,,,,,,,,,,,,,,,,,,
,,,,,,,,Euonymus latifolius,,,,,,,,,,,,,,,,sun/part shade,,,,airpot,,,,,,,,,,,,,,,,,,,,,,,,,,
,,,,Fagus,,sylvatica,,Fagus  sylvatica,,,,,,,,,,,,,,,,,,,,,,,,,,,,,,,,,,,,,,Resistance to verticillium wilt,,,,,,,,
,,,,,,,,Fagus grandifolia,,,,,,,,,,,,,,,,,,,,,spring ,,,,,,,,,,,,,,,,,,,,,,,,,
,,,,,,,,Fagus grandifolia - American beech,,common in moist soils,,,,,,,,,,,,common in moist soils,,,,,,,,,,,,,,,,,,,,,,,,,,,,,,,,
,,,,,,,,Fagus orientalis,,,,,,,,,,,,,,tolerant of most conditions,,,,,,air,,,,,,,,,,,,,,,,,,,,,,,,,,
,,,,,,,,Fagus sylvatica,,,,,,,,,,,,,,,,,,,,air,,,,,,,,,,,,,,,,,,,,,,,,,,
,,,,forsythia,x,intermedia,,forsythia intermedia,,,,,,,,,,,,,,,,,,,,,,,,,,,,,,,,,,,,,,,,,,,,,,
,,,,,,,,"Fothergilla gardenii, F. major - Fothergilla",,,,,,,,,,,,,,well-drained soil,,sun,,,,,,,,,,,,,,,,,,,,,,,,,,,,,,
,,,,fothergilla,x,intermedia,,fothergilla intermedia,,,blueshadow,,,,,,,,,,,,,,,,,,,,,,,,,,,,,,,,,,,,,,,,,,,
,,,,fothergilla,,major,,fothergilla major,,,MountAiry,,,,,,,,,,,,,,,,,,,,,,,,,,,,,,,,,,,,,,,,,,,
,,,,,,,,"Fothergilla major, F. gardenii - Fothergilla",,common in moist soils,,,,,,,,,,,,common in moist soils,,,,,,,,,,,,,,,,,,,,,,,,,,,,,,,,
,,,,fragaria,,vesca,,fragaria vesca,,,alpina,,,,,,,,,,,,,,,,,,,,,,,,,,,,,,,,,,,,,,,,,,,
,,,,,,,,Franklinia alatamaha - Franklinia,,,,,,,,,,,,,,,,shade,,,,,,,,,,,,,,,,,,,,,,,,,,,,,,
,,,,,,,,Franklinia alatamaha - Franklinia,,common in moist soils,,,,,,,,,,,,common in moist soils,,,,,,,,,,,,,,,,,,,,,,,,,,,,,,,,
,,,,fraxinus,,,,fraxinus,,,,,,,,,,,,,,,,,,,,,,,,,,,,,,,,,,,,,,,,,,,,,,
,,,,Fraxinus,,latifolia,,Fraxinus  latifolia,,,,,,,,,,,,,,poorly drained bottomland,,,,,,,,,,,,,,,,,,,,,,,,,,,,,,,,
,,,,,,,,Fraxinus americana,,,,,,,,,,,,,,,,,,,,,,,,,,,,,,,,,,,,,,,,,,,,,,
,,,,,,,,Fraxinus americana - White ash,,,,,,,,,,,,,,well-drained soil,,sun,,,,,,,,,,,,,,,,,,,,,,,,,,,,,,
,,,,,,,,Fraxinus americana - White ash,,,,,,,,,,,,,,,,,,,,,,,,,,,,,,,,,,,,,,,,,,,,attractive to birds,,
,,,,,,,,Fraxinus americana L.,,,,,,,,,,,,,,,"FACU (Northcentral & Northeast), FACU (Western Mountains, Valleys, and Coast), FACU (Hawaii), FACU (Arid West), FACU (Atlantic and Gulf Coastal Plain), FACU (Eastern Mountains and Piedmont), FACU (Great Plains), FACU (Midwest)",,,,,,,,,,,,,,,,,,,,,,,,,,,,,,,
,,,,,,,,Fraxinus latifolia,,,,,,,,,,,,,,poorly drained bottomland,,,,,,solid,,,,,,,,,,,,,,,,,,,,,,,,,,
,,,,,,,,Fraxinus nigra Marshall,,,,,,,,,,,,,,,"FACW (Northcentral & Northeast), FACW (Atlantic and Gulf Coastal Plain), FACW (Eastern Mountains and Piedmont), FACW (Great Plains), FACW (Midwest)",,,,,,,,,,,,,,,,,,,,,,,,,,,,,,,
,,,,,,,,Fraxinus paxiana,,,,,,,,,,,,,,,,,,,,,,,,,,,,,,,,,,,,,,,,,,,,,,
,,,,,,,,Fraxinus pennsylvanica,,,,,,,,,,,,,,,,,,,,,,,,,,,,,,,,,,,,,,,,,,,,,,
,,,,,,,,Fraxinus pennsylvanica - Green ash,,,,,,,,,,,,,,well-drained soil,,sun,,,,,,,,,,,,,,,,,,,,,,,,,,,,,,
,,,,,,,,Fraxinus pennsylvanica Marshall,,,,,,,,,,,,,,,"FAC (Great Plains), FAC (Western Mountains, Valleys, and Coast), FACW (Midwest), FACW (Northcentral & Northeast), FACW (Arid West), FACW (Atlantic and Gulf Coastal Plain), FACW (Eastern Mountains and Piedmont)",,,,,,,,,,,,,,,,,,,,,,,,,,,,,,,
,,,,,,,,Fraxinus quadrangulata,,,,,,,,,,,,,,,,,,,,,,,,,,,,,,,,,,,,,,,,,,,,,,
,,,,,,,,Gaylussacia baccata (Wangenh.) K. Koch,,,,,,,,,,,,,,,"FACU (Atlantic and Gulf Coastal Plain), FACU (Eastern Mountains and Piedmont), FACU (Midwest), FACU (Northcentral & Northeast)",,,,,,,,,,,,,,,,,,,,,,,,,,,,,,,
,,,,,,,,Gaylussacia spp. – Huckleberry,,,,,,,,,,,,,,,,,,,,,,,,,,,,,,,,,,,,,,,,,,,,attractive to birds,,
*,,,,gingko,,biloba,,gingko biloba,,,,,,,,,,,,,,,,,,,,,,,,,6,7,,,,,,,,,,,,,,,,,,,,
,,,,,,,,Ginkgo biloba,,,,,,,,,,,,,,,,,,,,,fall,,,,,,,,,,,,,,,,,,,,,,,,,
,,,,,,,,Ginkgo biloba,,,,,,,,,,,,,,,,,,,,,spring,,,,,,,,,,,,,,,,,,,,,,,,,
,,,,,,,,Ginkgo biloba,,,,,,,,,,,,,,,,,,,,,,,,,,,,,,,,,,,,,,,,,,,,,,
,,,,,,,,Gymnocladus dioicus,,,,,,,,,,,,,,,,,,,,,fall,,,,,,,,,,,,,,,,,,,,,,,,,
,,,,Halesia,,tetraptera,,Halesia  tetraptera,,,,,,,,,,,,,,"lowlands, stream banks",,,,,,,,,,,,,,,,,,,,,,,,,,,,,,,,
,,,,,,,,Halesia tetraptera,,,,,,,,,,,,,,"lowlands, stream banks",,,,,,solid,,,,,,,,,,,,,,,,,,,,,,,,,,
,,,,,,,,Halesia tetraptera,,,,,,,,,,,,,,,,,,,,,spring,,,,,,,,,,,,,,,,,,,,,,,,,
,,,,,,,,Halesia tetraptera,,,,,,,,,,,,,,,,,,,,,,,,,,,,,,,,,,,,,,,,,,,,,,
,,,,,,,,Halesia tetraptera - Carolina silverbell,,,,,,,,,,,,,,well-drained soil,,sun,,,,,,,,,,,,,,,,,,,,,,,,,,,,,,
,,,,,,,,Halesia tetraptera - Carolina silverbell,,,,,,,,,,,,,,,,shade,,,,,,,,,,,,,,,,,,,,,,,,,,,,,,
,,,,,,,,Halesia tetraptera - Carolina silverbells,,common in moist soils,,,,,,,,,,,,common in moist soils,,,,,,,,,,,,,,,,,,,,,,,,,,,,,,,,
,,,,Hamamelis,,mollis,,Hamamelis  mollis,,,,,,,,,,,,,,,,,,,,,,,,,,,,,,,,,,,,,,,,,,,,,,
,,,,hamamelis,x,intermedia,,hamamelis intermedia,,,arnoldpromise,,,,,,,,,,,,,,,,,,,,,,,,,,,,,,,,,,,,,,,,,,,
,,,,hamamelis,x,intermedia,,hamamelis intermedia,,,jelena,,,,,,,,,,,,,,,,,,,,,,,,,,,,,,,,,,,,,,,,,,,
,,,,Hamamelis,x,intermedia,,Hamamelis intermedia,,,,,,,,,,,,,,,,,,,,,,,,,,,,,,,,,,,,,,,,,,,,,,
,,,,,,,,Hamamelis japonica,,,,,,,,,,,,,,,,sun,,,,airpot,,,,,,,,,,,,,,,,,,,,,,,,,,
,,,,,,,,Hamamelis mollis,,,,,,,,,,,,,,,,,,,,air,,,,,,,,,,,,,,,,,,,,,,,,,,
,,,,hamamelis,,vernalis,,hamamelis vernalis,,,ozark,,,,,,,,,,,,,,,,,,,,,,,,,,,,,,,,,,,,,,,,,,,
,,,,,,,,Hamamelis vernalis - Vernal witch hazel,,,,,,,,,,,,,,,,shade,,,,,,,,,,,,,,,,,,,,,,,,,,,,,,
,,,,,,,,Hamamelis virginiana - Common witch hazel,,,,,,,,,,,,,,,,shade,,,,,,,,,,,,,,,,,,,,,,,,,,,,,,
,,,,,,,,Hamamelis virginiana - Common witch hazel,,common in moist soils,,,,,,,,,,,,common in moist soils,,,,,,,,,,,,,,,,,,,,,,,,,,,,,,,,
,,,,,,,,Hamamelis virginiana -Common witch hazel,,,,,,,,,,,,,,well-drained soil,,sun,,,,,,,,,,,,,,,,,,,,,,,,,,,,,,
,,,,,,,,Hamamelis virginiana L.,,,,,,,,,,,,,,,"FAC (Great Plains), FACU (Eastern Mountains and Piedmont), FACU (Midwest), FACU (Northcentral & Northeast), FACU (Western Mountains, Valleys, and Coast), FACU (Arid West), FACU (Atlantic and Gulf Coastal Plain)",,,,,,,,,,,,,,,,,,,,,,,,,,,,,,,
,,,,,,,,Hamamelis x intermedia,,,,,,,,,,,,,,,,,,,,air,,,,,,,,,,,,,,,,,,,,,,,,,,
,,,,,,,,Helianthus giganteus L.,,,,,,,,,,,,,,,"FAC (Great Plains), FACW (Atlantic and Gulf Coastal Plain), FACW (Eastern Mountains and Piedmont), FACW (Midwest), FACW (Northcentral & Northeast)",,,,,,,,,,,,,,,,,,,,,,,,,,,,,,,
*,,,,Hemiptelea,,,,Hemiptelea daviana,,,,,,,,,,,,,,,,,,,,,,,,,,,,,,,,,,,,,,,,,,,,,,
*,,,,hovenia,,dulcis,,hovenia dulcis,,,,,,,,,,,,,,,,,,,,,,,,,,,,,,,,,,,,,,,,,,,,,,
,,,,humulus,,lupulus,,humulus lupulus,,,aureus,,,,,,,,,,,,,,,,,,,,,,,,,,,,,,,,,,,,,,,,,,,
,,,,hydrangea,,anomala,,hydrangea anomala,,,petiolaris,,,,,,,,,,,,,,,,,,,,,,,,,,,,,,,,,,,,,,,,,,,
,,,,,,,,Hydrangea arborescens - Smooth hydrangea,,common in moist soils,,,,,,,,,,,,common in moist soils,,,,,,,,,,,,,,,,,,,,,,,,,,,,,,,,
,,,,,,,,Hydrangea arborescens L.,,,,,,,,,,,,,,,"UPL (Atlantic and Gulf Coastal Plain), FACU (Eastern Mountains and Piedmont), FACU (Great Plains), FACU (Midwest), FACU (Northcentral & Northeast)",,,,,,,,,,,,,,,,,,,,,,,,,,,,,,,
,,,,,,,,Hydrangea paniculata Siebold,,,,,,,,,,,,,,,"FAC (Atlantic and Gulf Coastal Plain), FAC (Eastern Mountains and Piedmont), FAC (Midwest), FAC (Northcentral & Northeast)",,,,,,,,,,,,,,,,,,,,,,,,,,,,,,,
,,,,,,,,Hydrangea quercifolia - Oakleaf hydrangea,,,,,,,,,,,,,,well-drained soil,,sun,,,,,,,,,,,,,,,,,,,,,,,,,,,,,,
,,,,,,,,Hydrangea quercifolia - Oakleaf hydrangea,,,,,,,,,,,,,,,,shade,,,,,,,,,,,,,,,,,,,,,,,,,,,,,,
,,,,,,,,Hydrangea quercifolia - Oakleaf hydrangea,,common in moist soils,,,,,,,,,,,,common in moist soils,,,,,,,,,,,,,,,,,,,,,,,,,,,,,,,,
,,,,Hypericum,,prolificum,,Hypericum  prolificum,,,,,,,,,,,,,,upland prairies,,,,,,,,,,,,,,,,,,,,,,,,,,,,,,,,
,,,,,,,,Hypericum beanii,,,,,,,,,,,,,,,,sun,,,,solid,,,,,,,,,,,,,,,,,,,,,,,,,,
,,,,,,,,Hypericum drummondii (Grev. & Hook.) Torr. & A. Gray,,,,,,,,,,,,,,,"UPL (Eastern Mountains and Piedmont), FACU (Great Plains), FACU (Midwest), FACU (Northcentral & Northeast), FACU (Atlantic and Gulf Coastal Plain)",,,,,,,,,,,,,,,,,,,,,,,,,,,,,,,
,,,,,,,,Hypericum prolificum,,,,,,,,,,,,,,upland prairies,,,,,,air,,,,,,,,,,,,,,,,,,,,,,,,,,
,,,,,,,,Hypericum prolificum - Shrubby St. Johnswort,,,,,,,,,,,,,,droughty soil,,sun,,,,,,,,,,,,,high,,,,,,,,,,,,,,,,,
,,,,,,,,Hypericum prolificum - Shrubby St. Johnswort,,,,,,,,,,,,,,well-drained soil,,sun,,,,,,,,,,,,,,,,,,,,,,,,,,,,,,
,,,,,,,,Hypericum prolificum L.,,,,,,,,,,,,,,,"FAC (Atlantic and Gulf Coastal Plain), FACU (Eastern Mountains and Piedmont), FACU (Great Plains), FACU (Midwest), FACU (Northcentral & Northeast)",,,,,,,,,,,,,,,,,,,,,,,,,,,,,,,
,,,,,,,,Ilex colchica,,,,,,,,,,,,,,,,sun,,,,solid/airpot,,,,,,,,,,,,,,,,,,,,,,,,,,
,,,,,,,,Ilex glabra - Inkberry,,,,,,,,,,,,,,well-drained soil,,sun,,,,,,,,,,,,,,,,,,,,,,,,,,,,,,
,,,,,,,,Ilex glabra - Inkberry,,,,,,,,,,,,,,,,shade,,,,,,,,,,,,,,,,,,,,,,,,,,,,,,
,,,,,,,,Ilex glabra - Inkberry,,common in wetlands,,,,,,,,,,,,common in wetlands,,,,,,,,,,,,,,,,,,,,,,,,,,,,,,,,
,,,,,,,,Ilex glabra - Inkberry,,common in moist soils,,,,,,,,,,,,common in moist soils,,,,,,,,,,,,,,,,,,,,,,,,,,,,,,,,
,,,,,,,,Ilex glabra - Inkberry,,,,,,,,,,,,,,,,,,,,,,,,,,,,,,,,,,,,,,,,,,,,attractive to birds,,
,,,,,,,,Ilex laevigata (Pursh) A. Gray,,,,,,,,,,,,,,,"FACW (Atlantic and Gulf Coastal Plain), OBL (Eastern Mountains and Piedmont), OBL (Northcentral & Northeast)",,,,,,,,,,,,,,,,,,,,,,,,,,,,,,,
,,,,ilex,x,meserveae,,ilex meserveae,,,,,,,,,,,,,,,,,,,,,,,,,,,,,,,,,,,,,,,,,,,,,,
,,,,,,,,Ilex montana Torr. & A. Gray ex A. Gray,,,,,,,,,,,,,,,"FAC (Atlantic and Gulf Coastal Plain), FACU (Eastern Mountains and Piedmont), FACU (Northcentral & Northeast)",,,,,,,,,,,,,,,,,,,,,,,,,,,,,,,
,,,,,,,,Ilex opaca - American holly,,,,,,,,,,,,,,well-drained soil,,sun,,,,,,,,,,,,,,,,,,,,,,,,,,,,,,
,,,,,,,,Ilex opaca - American holly,,,,,,,,,,,,,,,,shade,,,,,,,,,,,,,,,,,,,,,,,,,,,,,,
,,,,,,,,Ilex opaca - American holly,,,,,,,,,,,,,,,,,,,,,,,,,,,,,,,,,,,,,,,,,,,,attractive to birds,,
,,,,,,,,Ilex verticillata,,,,,,,,,,,,,,,,sun/part shade,,,,solid/airpot,,,,,,,,,,,,,,,,,,,,,,,,,,
,,,,,,,,Ilex verticillata - Winterberry,,common in wetlands,,,,,,,,,,,,common in wetlands,,,,,,,,,,,,,,,,,,,,,,,,,,,,,,,,
,,,,,,,,Ilex verticillata – Winterberry,,common in moist soils,,,,,,,,,,,,common in moist soils,,,,,,,,,,,,,,,,,,,,,,,,,,,,,,,,
,,,,,,,,Ilex verticillata (L.) A. Gray,,,,,,,,,,,,,,,"FACW (Northcentral & Northeast), FACW (Atlantic and Gulf Coastal Plain), FACW (Eastern Mountains and Piedmont), FACW (Midwest)",,,,,,,,,,,,,,,,,,,,,,,,,,,,,,,
,,,,Itea,,virginica,,Itea  virginica,,,,,,,,,,,,,,wet areas and upland sites,,,,,,,,,,,,,,,,,,,,,,,,,,,,,,,,
,,,,,,,,Itea virginica,,,,,,,,,,,,,,wet areas and upland sites,,,,,,solid,,,,,,,,,,,,,,,,,,,,,,,,,,
,,,,,,,,Itea virginica - Sweetspire,,,,,,,,,,,,,,well-drained soil,,sun,,,,,,,,,,,,,,,,,,,,,,,,,,,,,,
,,,,,,,,Itea virginica - Virginia sweetspire,,common in moist soils,,,,,,,,,,,,common in moist soils,,,,,,,,,,,,,,,,,,,,,,,,,,,,,,,,
,,,,juglans,,ailantifolia,,juglans ailantifolia,var.,cordiformis,,,,,,,,,,,,,,,,,,,,,,,,,,,,,,,,,,,,,,,,,,,,
,,,,,,,,Juglans cinerea L.,,,,,,,,,,,,,,,"FACU (Western Mountains, Valleys, and Coast), FACU (Arid West), FACU (Atlantic and Gulf Coastal Plain), FACU (Eastern Mountains and Piedmont), FACU (Midwest), FACU (Northcentral & Northeast)",,,,,,,,,,,,,,,,,,,,,,,,,,,,,,,
,,,,,,,,Juglans microcarpa,,,,,,,,,,,,,,,,,,,,,spring,,,,,,,,,,,,,,,,,,,,,,,,,
,,,,,,,,Juglans microcarpa,,,,,,,,,,,,,,,,,,,,,,,,,,,,,,,,,,,,,,,,,,,,,,
,,,,,,,,Juglans nigra L.,,,,,,,,,,,,,,,"UPL (Western Mountains, Valleys, and Coast), UPL (Arid West), UPL (Atlantic and Gulf Coastal Plain), FACU (Northcentral & Northeast), FACU (Eastern Mountains and Piedmont), FACU (Great Plains), FACU (Midwest)",,,,,,,,,,,,,,,,,,,,,,,,,,,,,,,
,,,,,,,,Juniperus communis - Pasture juniper,,,,,,,,,,,,,,droughty soil,,sun,,,,,,,,,,,,,high,,,,,,,,,,,,,,,,,
,,,,,,,,Juniperus communis - Pasture juniper,,,,,,,,,,,,,,well-drained soil,,sun,,,,,,,,,,,,,,,,,,,,,,,,,,,,,,
,,,,,,,,Juniperus horizontalis - Creeping juniper,,,,,,,,,,,,,,droughty soil,,sun,,,,,,,,,,,,,high,,,,,,,,,,,,,,,,,
,,,,,,,,Juniperus horizontalis - Creeping juniper,,,,,,,,,,,,,,well-drained soil,,sun,,,,,,,,,,,,,,,,,,,,,,,,,,,,,,
,,,,,,,,Juniperus virginiana - Eastern red cedar,,,,,,,,,,,,,,droughty soil,,sun,,,,,,,,,,,,,high,,,,,,,,,,,,,,,,,
,,,,,,,,Juniperus virginiana - Eastern red cedar,,,,,,,,,,,,,,well-drained soil,,sun,,,,,,,,,,,,,,,,,,,,,,,,,,,,,,
,,,,,,,,Juniperus virginiana - Eastern red cedar,,,,,,,,,,,,,,,,,,,,,,,,,,,,,,,,,,,,,,,,,,,,attractive to birds,,
,,,,,,,,Kalmia angustifolia - Sheep Laurel,,,,,,,,,,,,,,,,shade,,,,,,,,,,,,,,,,,,,,,,,,,,,,,,
,,,,,,,,Kalmia angustifolia - Sheep laurel,,common in wetlands,,,,,,,,,,,,common in wetlands,,,,,,,,,,,,,,,,,,,,,,,,,,,,,,,,
,,,,,,,,Kalmia angustifolia - Sheep laurel,,common in moist soils,,,,,,,,,,,,common in moist soils,,,,,,,,,,,,,,,,,,,,,,,,,,,,,,,,
,,,,,,,,Kalmia latifolia - Mt. Laurel,,,,,,,,,,,,,,well-drained soil,,sun,,,,,,,,,,,,,,,,,,,,,,,,,,,,,,
,,,,,,,,Kalmia latifolia - Mt. laurel,,,,,,,,,,,,,,,,shade,,,,,,,,,,,,,,,,,,,,,,,,,,,,,,
,,,,,,,,Kalmia latifolia - Mt. laurel,,common in moist soils,,,,,,,,,,,,common in moist soils,,,,,,,,,,,,,,,,,,,,,,,,,,,,,,,,
,,,,,,,,Kalmia latifolia L.,,,,,,,,,,,,,,,"FACU (Atlantic and Gulf Coastal Plain), FACU (Eastern Mountains and Piedmont), FACU (Midwest), FACU (Northcentral & Northeast)",,,,,,,,,,,,,,,,,,,,,,,,,,,,,,,
,,,,Kolkwitzia,,amabilis,,Kolkwitzia  amabilis,,,,,,,,,,,,,,,,,,,,,,,,,,,,,,,,,,,,,,,,,,,,,,
,,,,,,,,Kolkwitzia amabilis,,,,,,,,,,,,,,,,,,,,mix,,,,,,,,,,,,,,,,,,,,,,,,,,
,,,,laburnum,x,watereri,,laburnum watereri,,,,,,,,,,,,,,,,,,,,,,,,,,,,,,,,,,,,,,,,,,,,,,
,,,,lagerstroemia,,indica,,lagerstroemia indica,,,redrock,,,,,,,,,,,,,,,,,,,,,,,,,,,,,,,,,,,,,,,,,,,
,,,,,,,,Larix laricina,,,,,,,,,,,,,,,,,,,,,spring,,,,,,,,,,,,,,,,,,,,,,,,,
,,,,,,,,Larix laricina (Du Roi) K. Koch,,,,,,,,,,,,,,,"FACW (Eastern Mountains and Piedmont), FACW (Great Plains), FACW (Midwest), FACW (Northcentral & Northeast), FACW (Alaska)",,,,,,,,,,,,,,,,,,,,,,,,,,,,,,,
,,,,,,,,Larix occidentalis,,,,,,,,,,,,,,,,,,,,,spring,,,,,,,,,,,,,,,,,,,,,,,,,
,,,,,,,,Leucothoe axillaris - Coast leucothoe,,,,,,,,,,,,,,,,shade,,,,,,,,,,,,,,,,,,,,,,,,,,,,,,
,,,,,,,,Leucothoe fontanesiana - Drooping leucothoe,,,,,,,,,,,,,,,,shade,,,,,,,,,,,,,,,,,,,,,,,,,,,,,,
,,,,,,,,Leucothoe fontanesiana (Steud.) Sleumer,,,,,,,,,,,,,,,"FACW (Atlantic and Gulf Coastal Plain), FACW (Eastern Mountains and Piedmont), FACW (Midwest), FACW (Northcentral & Northeast)",,,,,,,,,,,,,,,,,,,,,,,,,,,,,,,
,,,,,,,,Liatris spicata (L.) Willd.,,,,,,,,,,,,,,,"FAC (Atlantic and Gulf Coastal Plain), FAC (Eastern Mountains and Piedmont), FAC (Midwest), FAC (Northcentral & Northeast)",,,,,,,,,,,,,,,,,,,,,,,,,,,,,,,
,,,,,,,,Ligustrum vulgare L.,,,,,,,,,,,,,,,"UPL (Arid West), UPL (Atlantic and Gulf Coastal Plain), FACU (Eastern Mountains and Piedmont), FACU (Great Plains), FACU (Midwest), FACU (Northcentral & Northeast), FACU (Western Mountains, Valleys, and Coast)",,,,,,,,,,,,,,,,,,,,,,,,,,,,,,,
,,,,,,,,Lindera benzoin - Spicebush,,common in wetlands,,,,,,,,,,,,common in wetlands,,,,,,,,,,,,,,,,,,,,,,,,,,,,,,,,
,,,,,,,,Lindera benzoin - Spicebush,,common in moist soils,,,,,,,,,,,,common in moist soils,,,,,,,,,,,,,,,,,,,,,,,,,,,,,,,,
,,,,,,,,Liquidambar styraciflua,,,,,,,,,,,,,,,,,,,,,spring,,,,,,,,,,,,,,,,,,,,,,,,,
,,,,,,,,Liquidambar styraciflua - Sweet gum,,common in moist soils,,,,,,,,,,,,common in moist soils,,,,,,,,,,,,,,,,,,,,,,,,,,,,,,,,
,,,,,,,,Liquidambar styraciflua - Sweetgum,,,,,,,,,,,,,,well-drained soil,,sun,,,,,,,,,,,,,,,,,,,,,,,,,,,,,,
,,,,,,,,Liquidambar styraciflua L.,,,,,,,,,,,,,,,"FAC (Arid West), FAC (Atlantic and Gulf Coastal Plain), FAC (Eastern Mountains and Piedmont), FAC (Great Plains), FAC (Northcentral & Northeast), FAC (Western Mountains, Valleys, and Coast), FACW (Midwest)",,,,,,,,,,,,,,,,,,,,,,,,,,,,,,,
,,,,,,,,Liriodendron tulipifera - Tulip tree,,common in moist soils,,,,,,,,,,,,common in moist soils,,,,,,,,,,,,,,,,,,,,,,,,,,,,,,,,
,,,,,,,,Liriodendron tulipifera - Tuliptree/tulip poplar,,,,,,,,,,,,,,well-drained soil,,sun,,,,,,,,,,,,,,,,,,,,,,,,,,,,,,
,,,,,,,,Liriodendron tulipifera L.,,,,,,,,,,,,,,,"FACU (Atlantic and Gulf Coastal Plain), FACU (Eastern Mountains and Piedmont), FACU (Great Plains), FACU (Midwest), FACU (Northcentral & Northeast)",,,,,,,,,,,,,,,,,,,,,,,,,,,,,,,
,,,,lonicera,,,,lonicera,,,,,,,,,,,,,,,,,,,,,,,,,,,,,,,,,,,,,,,,,,,,,,
,,,,lonicera,,caerulea,,lonicera caerulea,var.,kamtschatica,,,,,,,,,,,,,,,,,,,,,,,,,,,,,,,,,,,,,,,,,,,,
,,,,,,,,Lonicera canadensis W. Bartram ex Marshall,,,,,,,,,,,,,,,"FACU (Atlantic and Gulf Coastal Plain), FACU (Eastern Mountains and Piedmont), FACU (Great Plains), FACU (Midwest), FACU (Northcentral & Northeast)",,,,,,,,,,,,,,,,,,,,,,,,,,,,,,,
,,,,magnolia,x,liliiflora,,magnolia  liliiflora,,,jane,,,,,,,,,,,,,,,,,,,,,,5,6,,,,,,,,,,,,,,,,,,,,
,,,,,,,,Magnolia acuminata,,,,,,,,,,,,,,,,,,,,,,,,,,,,,,,,,,,,,,,,,,,,,,
,,,,,,,,Magnolia acuminata - Cucumber magnolia,,,,,,,,,,,,,,well-drained soil,,sun,,,,,,,,,,,,,,,,,,,,,,,,,,,,,,
,,,,,,,,Magnolia acuminata - Cucumber magnolia,,common in moist soils,,,,,,,,,,,,common in moist soils,,,,,,,,,,,,,,,,,,,,,,,,,,,,,,,,
,,,,,,,,Magnolia acuminata (L.) L.,,,,,,,,,,,,,,,"FACU (Northcentral & Northeast), FACU (Atlantic and Gulf Coastal Plain), FACU (Eastern Mountains and Piedmont), FACU (Great Plains), FACU (Midwest)",,,,,,,,,,,,,,,,,,,,,,,,,,,,,,,
,,,,,,,,Magnolia biondii,,,,,,,,,,,,,,,,,,,,,,,,,,,,,,,,,,,,,,,,,,,,,,
,,,,magnolia,x,brooklynensis,,magnolia brooklynensis,,,yellowbird,,,,,,,,,,,,,,,,,,,,,,5,6,,,,,,,,,,,,,,,,,,,,
,,,,,,,,Magnolia denudata,,,,,,,,,,,,,,,,,,,,,,,,,,,,,,,,,,,,,,,,,,,,,,
,,,,magnolia,,liliiflora,,magnolia liliiflora,,,,,,,,,,,,,,,,,,,,,,,,,5,6,,,,,,,,,,,,,,,,,,,,
,,,,magnolia,x,loebneri,,magnolia loebneri,,,merrill,,,,,,,,,,,,,,,,,,,,,,5,6,,,,,,,,,,,,,,,,,,,,
,,,,magnolia,x,loebneri,,magnolia loebneri,,,,,,,,,,,,,,,,,,,,,,,,,5,6,,,,,,,,,,,,,,,,,,,,
,,,,,,,,Magnolia macrophylla,,,,,,,,,,,,,,,,,,,,,spring,,,,,,,,,,,,,,,,,,,,,,,,,
,,,,,,,,Magnolia officinalis,,,,,,,,,,,,,,,,,,,,,spring,,,,,,,,,,,,,,,,,,,,,,,,,
,,,,magnolia,x,soulangeana,,magnolia soulangeana,,,,,,,,,,,,,,,,,,,,,,,,,5,6,,,,,,,,,,,,,,,,,,,,
,,,,,,,,Magnolia tripetala,,,,,,,,,,,,,,,,,,,,,spring,,,,,,,,,,,,,,,,,,,,,,,,,
,,,,,,,,Magnolia tripetala,,,,,,,,,,,,,,,,,,,,,,,,,,,,,,,,,,,,,,,,,,,,,,
,,,,,,,,Magnolia tripetala (L.) L.,,,,,,,,,,,,,,,"FAC (Great Plains), FACU (Midwest), FACU (Northcentral & Northeast), FACU (Atlantic and Gulf Coastal Plain), FACU (Eastern Mountains and Piedmont)",,,,,,,,,,,,,,,,,,,,,,,,,,,,,,,
,,,,,,,,Magnolia virginiana - Sweetbay magnolia,,,,,,,,,,,,,,well-drained soil,,sun,,,,,,,,,,,,,,,,,,,,,,,,,,,,,,
,,,,,,,,Magnolia virginiana - Sweetbay magnolia,,,,,,,,,,,,,,,,shade,,,,,,,,,,,,,,,,,,,,,,,,,,,,,,
,,,,,,,,Magnolia virginiana - Sweetbay magnolia,,common in moist soils,,,,,,,,,,,,common in moist soils,,,,,,,,,,,,,,,,,,,,,,,,,,,,,,,,
,,,,,,,,Magnolia virginiana L.,,,,,,,,,,,,,,,"FACW (Northcentral & Northeast), FACW (Atlantic and Gulf Coastal Plain), FACW (Eastern Mountains and Piedmont), OBL (Great Plains)",,,,,,,,,,,,,,,,,,,,,,,,,,,,,,,
,,,,,,,,Magnolia x soulangeana 'Candolleana',,,,,,,,,,,,,,,,,,,,,,,,,,,,,,,,,,,,,,,,,,,,,,
,,,,,,,,Magnolia x soulangeana 'Candolleana',,,,,,,,,,,,,,,,,,,,,spring,,,,,,,,,,,,,,,,,,,,,,,,,
,,,,malus,,,,malus,,,adams,,,,,,,,,,,,,,,,,,,,,,5,6,,,,,,,,,,,,Resistance to verticillium wilt,,,,,,,,
,,,,malus,,,,malus,,,dolgo,,,,,,,,,,,,,,,,,,,,,,5,6,,,,,,,,,,,,Resistance to verticillium wilt,,,,,,,,
,,,,malus,,,,malus,,,vaneseltine,,,,,,,,,,,,,,,,,,,,,,5,6,,,,,,,,,,,,Resistance to verticillium wilt,,,,,,,,
,,,,malus,,,,malus,,,,,,,,,,,,,,,,,,,,,,,,,5,6,,,,,,,,,,,,Resistance to verticillium wilt,,,,,,,,
,,,,,,,,Malus 'Blanche Ames',,,,,,,,,,,,,,,,,,,,,,,,,,,,,,,,,,,,,,,,,,,,,,
,,,,,,,,Malus 'Donald Wyman',,,,,,,,,,,,,,,,,,,,,spring,,,,,,,,,,,,,,,,,,,,,,,,,
,,,,,,,,Malus 'E. H. Wilson',,,,,,,,,,,,,,,,,,,,,,,,,,,,,,,,,,,,,,,,,,,,,,
,,,,,,,,Malus 'Prince Georges',,,,,,,,,,,,,,,,,,,,,spring,,,,,,,,,,,,,,,,,,,,,,,,,
,,,,,,,,Malus angustifolia,,,,,,,,,,,,,,,,,,,,,spring,,,,,,,,,,,,,,,,,,,,,,,,,
,,,,,,,,Malus angustifolia,,,,,,,,,,,,,,,,,,,,,,,,,,,,,,,,,,,,,,,,,,,,,,
,,,,,,,,Malus baccata 'Jackii',,,,,,,,,,,,,,,,,,,,,,,,,,,,,,,,,,,,,,,,,,,,,,
,,,,,,,,Malus coronaria,,,,,,,,,,,,,,,,,,,,,,,,,,,,,,,,,,,,,,,,,,,,,,
,,,,malus,,halliana,,malus halliana,,,parkmanii,,,,,,,,,,,,,,,,,,,,,,5,6,,,,,,,,,,,,Resistance to verticillium wilt,,,,,,,,
,,,,,,,,Malus hupehensis,,,,,,,,,,,,,,,,,,,,,spring,,,,,,,,,,,,,,,,,,,,,,,,,
,,,,malus,,hybr.,,malus hybr.,,,simcoe,,,,,,,,,,,,,,,,,,,,,,5,6,,,,,,,,,,,,Resistance to verticillium wilt,,,,,,,,
,,,,malus,,ioensis,,malus ioensis,,,bechtel,,,,,,,,,,,,,,,,,,,,,,5,6,,,,,,,,,,,,Resistance to verticillium wilt,,,,,,,,
,,,,,,,,Malus ioensis,,,,,,,,,,,,,,,,,,,,,,,,,,,,,,,,,,,,,,,,,,,,,,
,,,,malus,x,moerlandsii,,malus moerlandsii,,,profusion,,,,,,,,,,,,,,,,,,,,,,5,6,,,,,,,,,,,,Resistance to verticillium wilt,,,,,,,,
,,,,malus,,sieboldii,,malus sieboldii,var.,zumi,,,,,,,,,,,,,,,,,,,,,,,5,6,,,,,,,,,,,,Resistance to verticillium wilt,,,,,,,,
,,,,malus,,sp.,,malus sp.,,,bobwhite,,,,,,,,,,,,,,,,,,,,,,5,6,,,,,,,,,,,,Resistance to verticillium wilt,,,,,,,,
,,,,malus,,sp.,,malus sp.,,,donaldwyman,,,,,,,,,,,,,,,,,,,,,,5,6,,,,,,,,,,,,Resistance to verticillium wilt,,,,,,,,
,,,,malus,,sp.,,malus sp.,,,dorothea,,,,,,,,,,,,,,,,,,,,,,5,6,,,,,,,,,,,,Resistance to verticillium wilt,,,,,,,,
,,,,malus,,sp.,,malus sp.,,,flame,,,,,,,,,,,,,,,,,,,,,,5,6,,,,,,,,,,,,Resistance to verticillium wilt,,,,,,,,
,,,,malus,,sp.,,malus sp.,,,galliabeauty,,,,,,,,,,,,,,,,,,,,,,5,6,,,,,,,,,,,,Resistance to verticillium wilt,,,,,,,,
,,,,malus,,sp.,,malus sp.,,,hopa,,,,,,,,,,,,,,,,,,,,,,5,6,,,,,,,,,,,,Resistance to verticillium wilt,,,,,,,,
,,,,malus,,sp.,,malus sp.,,,jaydarling,,,,,,,,,,,,,,,,,,,,,,5,6,,,,,,,,,,,,Resistance to verticillium wilt,,,,,,,,
,,,,malus,,sp.,,malus sp.,,,lemoinei,,,,,,,,,,,,,,,,,,,,,,5,6,,,,,,,,,,,,Resistance to verticillium wilt,,,,,,,,
,,,,malus,,sp.,,malus sp.,,,redjade,,,,,,,,,,,,,,,,,,,,,,5,6,,,,,,,,,,,,Resistance to verticillium wilt,,,,,,,,
,,,,malus,,sp.,,malus sp.,,,redsilver,,,,,,,,,,,,,,,,,,,,,,5,6,,,,,,,,,,,,Resistance to verticillium wilt,,,,,,,,
,,,,malus,,spectabilis,,malus spectabilis,,,japonica,,,,,,,,,,,,,,,,,,,,,,5,6,,,,,,,,,,,,Resistance to verticillium wilt,,,,,,,,
,,,,,,,,Malus spectabilis,,,,,,,,,,,,,,,,,,,,,spring,,,,,,,,,,,,,,,,,,,,,,,,,
,,,,,,,,Malus sylvestris,,,,,,,,,,,,,,,,,,,,,spring,,,,,,,,,,,,,,,,,,,,,,,,,
,,,,,,,,Malus sylvestris,,,,,,,,,,,,,,,,,,,,,,,,,,,,,,,,,,,,,,,,,,,,,,
,,,,,,,,Malus toringoides,,,,,,,,,,,,,,,,,,,,,spring,,,,,,,,,,,,,,,,,,,,,,,,,
,,,,,,,,Malus toringoides,,,,,,,,,,,,,,,,,,,,,,,,,,,,,,,,,,,,,,,,,,,,,,
,,,,,,,,Malus x robusta 'Erecta',,,,,,,,,,,,,,,,,,,,,,,,,,,,,,,,,,,,,,,,,,,,,,
,,,,,,,,Malus x soulardii,,,,,,,,,,,,,,,,,,,,,,,,,,,,,,,,,,,,,,,,,,,,,,
,,,,,,,,Malus x soulardii,,,,,,,,,,,,,,,,,,,,,spring,,,,,,,,,,,,,,,,,,,,,,,,,
,,,,,,,,Malus yunnanensis var. veitchii,,,,,,,,,,,,,,,,,,,,,,,,,,,,,,,,,,,,,,,,,,,,,,
,,,,,,,,Malus yunnanensis var. veitchii,,,,,,,,,,,,,,,,,,,,,spring,,,,,,,,,,,,,,,,,,,,,,,,,
,,,,,,,,Mentha ×piperita L. (pro sp.) [aquatica × spicata],,,,,,,,,,,,,,,"OBL (Caribbean), FACW (Alaska), FACW (Arid West), FACW (Atlantic and Gulf Coastal Plain), FACW (Eastern Mountains and Piedmont), FACW (Great Plains), FACW (Western Mountains, Valleys, and Coast), OBL (Midwest), OBL (Northcentral & Northeast)",,,,,,,,,,,,,,,,,,,,,,,,,,,,,,,
,,,,,,,,Mentha ×villosa Huds. (pro sp.) [spicata × suaveolens],,,,,,,,,,,,,,,"FAC (Northcentral & Northeast), OBL (Western Mountains, Valleys, and Coast), OBL (Atlantic and Gulf Coastal Plain), OBL (Eastern Mountains and Piedmont), OBL (Midwest), OBL (Hawaii), OBL (Caribbean), FACW (Arid West)",,,,,,,,,,,,,,,,,,,,,,,,,,,,,,,
,,,,,,,,Menziesia pilosa,,,,,,,,,,,,,,,,sun,,,,solid/airpot,,,,,,,,,,,,,,,,,,,,,,,,,,
,,,,,,,,Mespilus germanica,,,,,,,,,,,,,,,,shade,,,,solid/airpot,,,,,,,,,,,,,,,,,,,,,,,,,,
,,,,,,,,Monarda punctata L.,,,,,,,,,,,,,,,"UPL (Eastern Mountains and Piedmont), UPL (Great Plains), UPL (Midwest), UPL (Northcentral & Northeast), UPL (Western Mountains, Valleys, and Coast), UPL (Arid West), FACU (Atlantic and Gulf Coastal Plain)",,,,,,,,,,,,,,,,,,,,,,,,,,,,,,,
,,,,,,,,Morella pensylvanica (Mirb.) Kartesz,,,,,,,,,,,,,,,"FAC (Northcentral & Northeast), FAC (Atlantic and Gulf Coastal Plain), FAC (Eastern Mountains and Piedmont), FAC (Midwest)",,,,,,,,,,,,,,,,,,,,,,,,,,,,,,,
,,,,,,,,Myrica gale L.,,,,,,,,,,,,,,,"OBL (Northcentral & Northeast), OBL (Western Mountains, Valleys, and Coast), OBL (Alaska), OBL (Atlantic and Gulf Coastal Plain), OBL (Eastern Mountains and Piedmont), OBL (Great Plains), OBL (Midwest)",,,,,,,,,,,,,,,,,,,,,,,,,,,,,,,
,,,,,,,,Myrica pensylvanica - Bayberry,,,,,,,,,,,,,,droughty soil,,sun,,,,,,,,,,,,,high,,,,,,,,,,,,,,,,,
,,,,,,,,Myrica pensylvanica - Bayberry,,,,,,,,,,,,,,well-drained soil,,sun,,,,,,,,,,,,,,,,,,,,,,,,,,,,,,
,,,,,,,,Myrica pensylvanica - Bayberry,,,,,,,,,,,,,,,,,,,,,,,,,,,,,,,,,,,,,,,,,,,,attractive to birds,,
,,,,,,,,Nyssa biflora Walter,,,,,,,,,,,,,,,"FACW (Eastern Mountains and Piedmont), OBL (Great Plains), OBL (Northcentral & Northeast), OBL (Atlantic and Gulf Coastal Plain)",,,,,,,,,,,,,,,,,,,,,,,,,,,,,,,
,,,,,,,,Nyssa sylvatica - Tupelo,,common in wetlands,,,,,,,,,,,,common in wetlands,,,,,,,,,,,,,,,,,,,,,,,,,,,,,,,,
,,,,,,,,Nyssa sylvatica - Tupelo,,common in moist soils,,,,,,,,,,,,common in moist soils,,,,,,,,,,,,,,,,,,,,,,,,,,,,,,,,
,,,,,,,,Nyssa sylvatica Marshall,,,,,,,,,,,,,,,"FAC (Atlantic and Gulf Coastal Plain), FAC (Eastern Mountains and Piedmont), FAC (Great Plains), FAC (Midwest), FAC (Northcentral & Northeast)",,,,,,,,,,,,,,,,,,,,,,,,,,,,,,,
,,,,origanum,,vulgare,,origanum vulgare,var.,hirtum,,,,,,,,,,,,,,,,,,,,,,,,,,,,,,,,,,,,,,,,,,,,
,,,,,,,,Osmunda cinnamomea L.,,,,,,,,,,,,,,,,,,,,,,,,,,,,,,,,,,,,,,,,,,,,,,
,,,,,,,,Ostrya carpinifolia,,,,,,,,,,,,,,,,,,,,,,,,,,,,,,,,,,,,,,,,,,,,,,
,,,,,,,,Ostrya virginiana,,,,,,,,,,,,,,,,,,,,,,,,,,,,,,,,,,,,,,,,,,,,,,
,,,,,,,,Ostrya virginiana - Ironwood,,,,,,,,,,,,,,droughty soil,,sun,,,,,,,,,,,,,high,,,,,,,,,,,,,,,,,
,,,,,,,,Ostrya virginiana - Ironwood,,,,,,,,,,,,,,well-drained soil,,sun,,,,,,,,,,,,,,,,,,,,,,,,,,,,,,
,,,,,,,,Ostrya virginiana (Mill.) K. Koch,,,,,,,,,,,,,,,"FACU (Atlantic and Gulf Coastal Plain), FACU (Eastern Mountains and Piedmont), FACU (Great Plains), FACU (Midwest), FACU (Northcentral & Northeast), FACU (Western Mountains, Valleys, and Coast)",,,,,,,,,,,,,,,,,,,,,,,,,,,,,,,
,,,,,,,,Oxydendrum arboreum,,,,,,,,,,,,,,,,sun,,,,airpot,,,,,,,,,,,,,,,,,,,,,,,,,,
,,,,,,,,Oxydendrum arboreum - Sourwood,,,,,,,,,,,,,,well-drained soil,,sun,,,,,,,,,,,,,,,,,,,,,,,,,,,,,,
,,,,,,,,Oxydendrum arboreum (L.) DC.,,,,,,,,,,,,,,,"UPL (Eastern Mountains and Piedmont), FACU (Atlantic and Gulf Coastal Plain), FACU (Midwest), FACU (Northcentral & Northeast)",,,,,,,,,,,,,,,,,,,,,,,,,,,,,,,
,,,,pandanus,,tectorius,,pandanus tectorius,,,veitchii,,,,,,,,,,,,,,,,,,,,,,,,,,,,,,,,,,,,,,,,,,,
,,,,,,,,Parrotia persica,,,,,,,,,,,,,,,,sun,,,,airpot,,,,,,,,,,,,,,,,,,,,,,,,,,
,,,,,,,,Parrotia persica,,,,,,,,,,,,,,,,sun,,,,solid,,,,,,,,,,,,,,,,,,,,,,,,,,
,,,,,,,,Parrotia persica,,,,,,,,,,,,,,,,,,,,,,,,,,,,,,,,,,,,,,,,,,,,,,
,,,,,,,,Parrotia subaequalis,,,,,,,,,,,,,,,,sun,,,,airpot,,,,,,,,,,,,,,,,,,,,,,,,,,
,,,,,,,,Parrotia subaequalis,,,,,,,,,,,,,,,,sun,,,,solid,,,,,,,,,,,,,,,,,,,,,,,,,,
,,,,,,,,Philadelphus lewisii,,,,,,,,,,,,,,,,sun,,,,solid/airpot,,,,,,,,,,,,,,,,,,,,,,,,,,
,,,,,,,,Philadelphus lewisii,,,,,,,,,,,,,,,,sun,,,,airpot,,,,,,,,,,,,,,,,,,,,,,,,,,
,,,,Physocarpus,,opulifolius,,Physocarpus  opulifolius,,,,,,,,,,,,,,"dry rocky woodlands, fens",,,,,,,,,,,,,,,,,,,,,,,,,,,,,,,,
,,,,,,,,Physocarpus opulifolius,,,,,,,,,,,,,,,,sun,,,,solid,,,,,,,,,,,,,,,,,,,,,,,,,,
,,,,,,,,Physocarpus opulifolius,,,,,,,,,,,,,,"dry rocky woodlands, fens",,,,,,mix,,,,,,,,,,,,,,,,,,,,,,,,,,
,,,,,,,,Physocarpus opulifolius - Eastern ninebark,,,,,,,,,,,,,,droughty soil,,sun,,,,,,,,,,,,,high,,,,,,,,,,,,,,,,,
,,,,,,,,Physocarpus opulifolius - Eastern ninebark,,,,,,,,,,,,,,well-drained soil,,sun,,,,,,,,,,,,,,,,,,,,,,,,,,,,,,
,,,,,,,,Picea glauca - White spruce,,,,,,,,,,,,,,well-drained soil,,sun,,,,,,,,,,,,,,,,,,,,,,,,,,,,,,
,,,,,,,,Pieris floribunda - Mt. pieris,,,,,,,,,,,,,,well-drained soil,,sun,,,,,,,,,,,,,,,,,,,,,,,,,,,,,,
,,,,,,,,Pieris floribunda - Mt. pieris,,,,,,,,,,,,,,,,shade,,,,,,,,,,,,,,,,,,,,,,,,,,,,,,
,,,,,,,,Pieris floribunda - Mt. pieris,,common in moist soils,,,,,,,,,,,,common in moist soils,,,,,,,,,,,,,,,,,,,,,,,,,,,,,,,,
,,,,,,,,Pinus banksiana - Jack pine,,,,,,,,,,,,,,droughty soil,,sun,,,,,,,,,,,,,high,,,,,,,,,,,,,,,,,
,,,,,,,,Pinus banksiana - Jack pine,,,,,,,,,,,,,,well-drained soil,,sun,,,,,,,,,,,,,,,,,,,,,,,,,,,,,,
,,,,,,,,Pinus resinosa - Red pine,,,,,,,,,,,,,,well-drained soil,,sun,,,,,,,,,,,,,,,,,,,,,,,,,,,,,,
,,,,,,,,Pinus rigida - Pitch pine,,,,,,,,,,,,,,droughty soil,,sun,,,,,,,,,,,,,high,,,,,,,,,,,,,,,,,
,,,,,,,,Pinus strobus - White pine,,,,,,,,,,,,,,well-drained soil,,sun,,,,,,,,,,,,,,,,,,,,,,,,,,,,,,
,,,,,,,,Platanus occidentalis,,,,,,,,,,,,,,,,,,,,,spring,,,,,,,,,,,,,,,,,,,,,,,,,
,,,,,,,,Platanus occidentalis L.,,,,,,,,,,,,,,,"FAC (Great Plains), FAC (Arid West), FACW (Atlantic and Gulf Coastal Plain), FACW (Eastern Mountains and Piedmont), FACW (Midwest), FACW (Northcentral & Northeast)",,,,,,,,,,,,,,,,,,,,,,,,,,,,,,,
,,,,,,,,Platanus orientalis,,,,,,,,,,,,,,,,,,,,,spring,,,,,,,,,,,,,,,,,,,,,,,,,
,,,,,,,,Platycarya strobilacea,,,,,,,,,,,,,,,,sun,,,,airpot,,,,,,,,,,,,,,,,,,,,,,,,,,
,,,,,,,,Platycarya strobilacea,,,,,,,,,,,,,,,,,,,,,,,,,,,,,,,,,,,,,,,,,,,,,,
,,,,polygonatum,,biflorum,,polygonatum biflorum,var.,commutatum,,,,,,,,,,,,,,,,,,,,,,,,,,,,,,,,,,,,,,,,,,,,
,,,,,,,,Populus deltoides W. Bartram ex Marshall,,,,,,,,,,,,,,,"FAC (Western Mountains, Valleys, and Coast), FAC (Arid West), FAC (Atlantic and Gulf Coastal Plain), FAC (Eastern Mountains and Piedmont), FAC (Great Plains), FAC (Midwest), FAC (Northcentral & Northeast)",,,,,,,,,,,,,,,,,,,,,,,,,,,,,,,
,,,,,,,,Populus grandidentata Michx.,,,,,,,,,,,,,,,"FACU (Atlantic and Gulf Coastal Plain), FACU (Eastern Mountains and Piedmont), FACU (Great Plains), FACU (Midwest), FACU (Northcentral & Northeast)",,,,,,,,,,,,,,,,,,,,,,,,,,,,,,,
,,,,,,,,Populus tremuloides Michx.,,,,,,,,,,,,,,,"FAC (Northcentral & Northeast / Northcentral Great Lakes), FAC (Atlantic and Gulf Coastal Plain), FAC (Eastern Mountains and Piedmont), FAC (Great Plains), FAC (Midwest), FACU (Northcentral & Northeast), FACU (Western Mountains, Valleys, and Coast), FACU (Alaska), FACU (Arid West)",,,,,,,,,,,,,,,,,,,,,,,,,,,,,,,
,,,,potentilla,,species,,potentilla species,,,,,,,,,,,,,,,,,,,,,,,,,,,,,,,,,,,,,,,,,,,,,,
,,,,Prunus,,maritima,,Prunus  maritima,,,,,,,,,,,,,,coastal dunes,,,,,,,,,,,,,,,,,,,,,,,,,,,,,,,,
,,,,,,,,Prunus alleghaniensis,,,,,,,,,,,,,,,,,,,,,,,,,,,,,,,,,,,,,,,,,,,,,,
,,,,,,,,Prunus americana,,,,,,,,,,,,,,,,,,,,,spring,,,,,,,,,,,,,,,,,,,,,,,,,
,,,,,,,,Prunus mahaleb,,,,,,,,,,,,,,,,,,,,,spring,,,,,,,,,,,,,,,,,,,,,,,,,
,,,,,,,,Prunus maritima,,,,,,,,,,,,,,coastal dunes,,,,,,air,,,,,,,,,,,,,,,,,,,,,,,,,,
,,,,,,,,Prunus maritima,,,,,,,,,,,,,,,,,,,,,,,,,,,,,,,,,,,,,,,,,,,,,,
,,,,,,,,Prunus maritima,,,,,,,,,,,,,,,,,,,,,spring,,,,,,,,,,,,,,,,,,,,,,,,,
,,,,,,,,Prunus maritima - Beach plum,,,,,,,,,,,,,,droughty soil,,sun,,,,,,,,,,,,,high,,,,,,,,,,,,,,,,,
,,,,,,,,Prunus maritima - Beach plum,,,,,,,,,,,,,,well-drained soil,,sun,,,,,,,,,,,,,,,,,,,,,,,,,,,,,,
,,,,,,,,Prunus maritima - Beach plum,,,,,,,,,,,,,,,,,,,,,,,,,,,,,,,,,,,,,,,,,,,,attractive to birds,,
,,,,,,,,Prunus serotina - Black cherry,,,,,,,,,,,,,,,,,,,,,,,,,,,,,,,,,,,,,,,,,,,,attractive to birds,,
,,,,,,,,Prunus serotina Ehrh.,,,,,,,,,,,,,,,"FACU (Western Mountains, Valleys, and Coast), FACU (Arid West), FACU (Atlantic and Gulf Coastal Plain), FACU (Eastern Mountains and Piedmont), FACU (Great Plains), FACU (Midwest), FACU (Northcentral & Northeast)",,,,,,,,,,,,,,,,,,,,,,,,,,,,,,,
,,,,,,,,Prunus serrulata 'Gyoiko',,,,,,,,,,,,,,,,,,,,,spring,,,,,,,,,,,,,,,,,,,,,,,,,
,,,,prunus,,virginiana,,prunus virginiana,,,canadared,,,,,,,,,,,,,,,,,,,,,,,,,,,,,,,,,,,,,,,,,,,
,,,,prunus,,virginiana,,prunus virginiana,,,schubert,,,,,,,,,,,,,,,,,,,,,,,,,,,,,,,,,,,,,,,,,,,
,,,,,,,,Prunus x juddii,,,,,,,,,,,,,,,,,,,,,spring,,,,,,,,,,,,,,,,,,,,,,,,,
,,,,,,,,Prunus x juddii,,,,,,,,,,,,,,,,,,,,,,,,,,,,,,,,,,,,,,,,,,,,,,
,,,,,,,,Pseudotsuga menziesii,,,,,,,,,,,,,,,,,,,,,,,,,,,,,,,,,,,,,,,,,,,,,,
,,,,,,,,Pseudotsuga menziesii (Mirb.) Franco,,,,,,,,,,,,,,,"FACU (Great Plains), FACU (Midwest), FACU (Northcentral & Northeast), FACU (Western Mountains, Valleys, and Coast), FACU (Arid West), FACU (Atlantic and Gulf Coastal Plain), FACU (Eastern Mountains and Piedmont)",,,,,,,,,,,,,,,,,,,,,,,,,,,,,,,
,,,,,,,,Ptelea trifoliata - Hoptree,,,,,,,,,,,,,,well-drained soil,,sun,,,,,,,,,,,,,,,,,,,,,,,,,,,,,,
,,,,,,,,Ptelea trifoliata - Hoptree,,,,,,,,,,,,,,,,shade,,,,,,,,,,,,,,,,,,,,,,,,,,,,,,
,,,,,,,,Ptelea trifoliata L.,,,,,,,,,,,,,,,"UPL (Western Mountains, Valleys, and Coast), UPL (Arid West), FAC (Eastern Mountains and Piedmont), FAC (Great Plains), FACU (Atlantic and Gulf Coastal Plain), FACU (Midwest), FACU (Northcentral & Northeast)",,,,,,,,,,,,,,,,,,,,,,,,,,,,,,,
,,,,,,,,Pterocarya hupehensis,,,,,,,,,,,,,,,,,,,,,,,,,,,,,,,,,,,,,,,,,,,,,,
,,,,,,,,Pterocarya macroptera,,,,,,,,,,,,,,,,,,,,,,,,,,,,,,,,,,,,,,,,,,,,,,
,,,,,,,,Pterocarya macroptera,,,,,,,,,,,,,,,,,,,,,spring,,,,,,,,,,,,,,,,,,,,,,,,,
,,,,,,,,Pterocarya macroptera,,,,,,,,,,,,,,,,,,,,,spring ,,,,,,,,,,,,,,,,,,,,,,,,,
,,,,,,,,Pyracantha coccinea,,,,,,,,,,,,,,,,shade,,,,airpot,,,,,,,,,,,,,,,,,,,,,,,,,,
,,,,,,,,Pyrus caucasica,,,,,,,,,,,,,,,,,,,,,,,,,,,,,,,,,,,,,,,,,,,,,,
,,,,,,,,Pyrus caucasica,,,,,,,,,,,,,,,,,,,,,spring,,,,,,,,,,,,,,,,,,,,,,,,,
,,,,,,,,Pyrus sp.,,,,,,,,,,,,,,,,,,,,,,,,,,,,,,,,,,,,,,,,,,,,,,
,,,,,,,,Pyrus sp.,,,,,,,,,,,,,,,,,,,,,spring,,,,,,,,,,,,,,,,,,,,,,,,,
,,,,,,,,Pyrus ussuriensis var. hondoensis,,,,,,,,,,,,,,,,,,,,,,,,,,,,,,,,,,,,,,,,,,,,,,
,,,,quercus,,,,quercus,,,,,,,,,,,,,,,,,,,,,,,,,,,,,,,,,,,,,,,,,,,,,,
,,,,Quercus,,falcata,,Quercus  falcata,,,,,,,,,,,,,,"dry, uplands",,,,,,,,,,,,,,,,,,,,,,,,,,,,,,,,
,,,,,,,,Quercus alba L.,,,,,,,,,,,,,,,"FACU (Eastern Mountains and Piedmont), FACU (Great Plains), FACU (Midwest), FACU (Northcentral & Northeast), FACU (Atlantic and Gulf Coastal Plain)",,,,,,,,,,,,,,,,,,,,,,,,,,,,,,,
,,,,,,,,Quercus bicolor - Swamp white oak,,common in wetlands,,,,,,,,,,,,common in wetlands,,,,,,,,,,,,,,,,,,,,,,,,,,,,,,,,
,,,,,,,,Quercus bicolor Willd.,,,,,,,,,,,,,,,"FACW (Midwest), FACW (Northcentral & Northeast), FACW (Atlantic and Gulf Coastal Plain), FACW (Eastern Mountains and Piedmont)",,,,,,,,,,,,,,,,,,,,,,,,,,,,,,,
,,,,quercus,,dentata,,quercus dentata,,,pinnatifida,,,,,,,,,,,,,,,,,,,,,,,,,,,,,,,,,,,,,,,,,,,
,,,,,,,,Quercus falcata,,,,,,,,,,,,,,"dry, uplands",,,,,,air,,,,,,,,,,,,,,,,,,,,,,,,,,
,,,,,,,,Quercus falcata Michx.,,,,,,,,,,,,,,,"FACU (Atlantic and Gulf Coastal Plain), FACU (Eastern Mountains and Piedmont), FACU (Great Plains), FACU (Midwest), FACU (Northcentral & Northeast)",,,,,,,,,,,,,,,,,,,,,,,,,,,,,,,
,,,,,,,,Quercus imbricaria,,,,,,,,,,,,,,,,,,,,,spring,,,,,,,,,,,,,,,,,,,,,,,,,
,,,,,,,,Quercus imbricaria Michx.,,,,,,,,,,,,,,,"FAC (Eastern Mountains and Piedmont), FAC (Great Plains), FAC (Atlantic and Gulf Coastal Plain), FACU (Midwest), FACU (Northcentral & Northeast)",,,,,,,,,,,,,,,,,,,,,,,,,,,,,,,
,,,,,,,,Quercus laurifolia Michx.,,,,,,,,,,,,,,,"FACW (Atlantic and Gulf Coastal Plain), FACW (Eastern Mountains and Piedmont), FACW (Great Plains), FACW (Northcentral & Northeast)",,,,,,,,,,,,,,,,,,,,,,,,,,,,,,,
,,,,,,,,Quercus macrocarpa Michx.,,,,,,,,,,,,,,,"FAC (Arid West), FAC (Eastern Mountains and Piedmont), FAC (Midwest), FACU (Northcentral & Northeast), FACU (Western Mountains, Valleys, and Coast), FACU (Great Plains), FACU (Atlantic and Gulf Coastal Plain)",,,,,,,,,,,,,,,,,,,,,,,,,,,,,,,
,,,,,,,,Quercus michauxii Nutt.,,,,,,,,,,,,,,,"FAC (Atlantic and Gulf Coastal Plain / Western Gulf Coast), FACW (Northcentral & Northeast), FACW (Atlantic and Gulf Coastal Plain), FACW (Eastern Mountains and Piedmont), FACW (Great Plains), FACW (Midwest)",,,,,,,,,,,,,,,,,,,,,,,,,,,,,,,
,,,,,,,,Quercus montana Willd.,,,,,,,,,,,,,,,"UPL (Northcentral & Northeast), UPL (Atlantic and Gulf Coastal Plain), UPL (Eastern Mountains and Piedmont), FACU (Midwest)",,,,,,,,,,,,,,,,,,,,,,,,,,,,,,,
,,,,,,,,Quercus muehlenbergii Engelm.,,,,,,,,,,,,,,,"FAC (Great Plains), FAC (Arid West), UPL (Atlantic and Gulf Coastal Plain), UPL (Eastern Mountains and Piedmont), FACU (Midwest), FACU (Northcentral & Northeast), FACU (Western Mountains, Valleys, and Coast)",,,,,,,,,,,,,,,,,,,,,,,,,,,,,,,
,,,,,,,,Quercus pagoda Raf.,,,,,,,,,,,,,,,"FAC (Great Plains), FACW (Midwest), FACW (Northcentral & Northeast), FACW (Atlantic and Gulf Coastal Plain), FACW (Eastern Mountains and Piedmont)",,,,,,,,,,,,,,,,,,,,,,,,,,,,,,,
,,,,,,,,Quercus palustris Münchh.,,,,,,,,,,,,,,,"FAC (Great Plains), FACW (Midwest), FACW (Northcentral & Northeast), FACW (Atlantic and Gulf Coastal Plain), FACW (Eastern Mountains and Piedmont)",,,,,,,,,,,,,,,,,,,,,,,,,,,,,,,
,,,,,,,,Quercus petraea ssp. iberica,,,,,,,,,,,,,,uplands,,,,,,air,,,,,,,,,,,,,,,,,,,,,,,,,,
,,,,Quercus petraea ssp. iberica,,petraea,,Quercus petraea ssp. iberica petraea,,,,,,,,,,,,,,uplands,,,,,,,,,,,,,,,,,,,,,,,,,,,,,,,,
,,,,,,,,Quercus phellos L.,,,,,,,,,,,,,,,"FAC (Eastern Mountains and Piedmont), FACW (Great Plains), FACW (Midwest), FACW (Northcentral & Northeast), FACW (Atlantic and Gulf Coastal Plain)",,,,,,,,,,,,,,,,,,,,,,,,,,,,,,,
,,,,,,,,Quercus prinoides Willd.,,,,,,,,,,,,,,,"UPL (Atlantic and Gulf Coastal Plain), UPL (Eastern Mountains and Piedmont), UPL (Great Plains), FACU (Midwest), FACU (Northcentral & Northeast)",,,,,,,,,,,,,,,,,,,,,,,,,,,,,,,
,,,,,,,,Quercus robur ssp. imeretina,,,,,,,,,,,,,,,,,,,,,spring,,,,,,,,,,,,,,,,,,,,,,,,,
,,,,,,,,Quercus rubra L.,,,,,,,,,,,,,,,"FACU (Arid West), FACU (Atlantic and Gulf Coastal Plain), FACU (Eastern Mountains and Piedmont), FACU (Great Plains), FACU (Midwest), FACU (Northcentral & Northeast), FACU (Western Mountains, Valleys, and Coast)",,,,,,,,,,,,,,,,,,,,,,,,,,,,,,,
,,,,,,,,Quercus shumardii Buckley,,,,,,,,,,,,,,,"FAC (Atlantic and Gulf Coastal Plain), FAC (Eastern Mountains and Piedmont), FAC (Great Plains), FACW (Midwest), FACW (Northcentral & Northeast)",,,,,,,,,,,,,,,,,,,,,,,,,,,,,,,
,,,,,,,,"Quercus spp.- Oak, various species",,,,,,,,,,,,,,well-drained soil,,sun,,,,,,,,,,,,,,,,,,,,,,,,,,,,,,
,,,,,,,,Quercus stellata Wangenh.,,,,,,,,,,,,,,,"UPL (Atlantic and Gulf Coastal Plain), UPL (Eastern Mountains and Piedmont), FACU (Great Plains), FACU (Midwest), FACU (Northcentral & Northeast)",,,,,,,,,,,,,,,,,,,,,,,,,,,,,,,
,,,,quercus,x,warei,,quercus warei,,,kindredspirit,,,,,,,,,,,,,,,,,,,,,,,,,,,,,,,,,,,,,,,,,,,
,,,,Rhododendron,,prinophyllum,,Rhododendron  prinophyllum,,,,,,,,,,,,,,damp thickets,,,,,,,,,,,4.5,5.5,,,,,,,,,,,,,,,,,,,,
,,,,Rhododendron,,prunifolium,,Rhododendron  prunifolium,,,,,,,,,,,,,,stream banks,,,,,,,,,,,4.5,5.5,,,,,,,,,,,,,,,,,,,,
,,,,Rhododendron,,vaseyi,,Rhododendron  vaseyi,,,,,,,,,,,,,,,,,,,,,,,,,4.5,5.5,,,,,,,,,,,,,,,,,,,,
,,,,Rhododendron aff. viscosum,,,,Rhododendron aff. viscosum,,,,,,,,,,,,,,"swamps, bogs, stream margins",,,,,,,,,,,4.5,5.5,,,,,,,,,,,,,,,,,,,,
,,,,,,,,Rhododendron aff. viscosum,,,,,,,,,,,,,,"swamps, bogs, stream margins",,,,,,solid,,,,,,,,,,,,,,,,,,,,,,,,,,
,,,,,,,,Rhododendron arborescens - Sweet azalea,,,,,,,,,,,,,,,,shade,,,,,,,,,,,,,,,,,,,,,,,,,,,,,,
,,,,,,,,Rhododendron arborescens (Pursh) Torr.,,,,,,,,,,,,,,,"FAC (Eastern Mountains and Piedmont), FAC (Northcentral & Northeast), FACW (Atlantic and Gulf Coastal Plain)",,,,,,,,,,,,,,,,,,,,,,,,,,,,,,,
,,,,,,,,Rhododendron calendulaceum,,,,,,,,,,,,,,,,shade,,,,solid,,,,,,,,,,,,,,,,,,,,,,,,,,
,,,,,,,,Rhododendron calendulaceum - Flame azalea,,,,,,,,,,,,,,well-drained soil,,sun,,,,,,,,,,,,,,,,,,,,,,,,,,,,,,
,,,,,,,,Rhododendron calendulaceum - Flame azalea,,common in moist soils,,,,,,,,,,,,common in moist soils,,,,,,,,,,,,,,,,,,,,,,,,,,,,,,,,
,,,,,,,,Rhododendron canadense (L.) Torr.,,,,,,,,,,,,,,,"FACW (Atlantic and Gulf Coastal Plain), FACW (Eastern Mountains and Piedmont), FACW (Northcentral & Northeast)",,,,,,,,,,,,,,,,,,,,,,,,,,,,,,,
,,,,,,,,Rhododendron canescens,,,,,,,,,,,,,,,,shade,,,,solid,,,,,,,,,,,,,,,,,,,,,,,,,,
,,,,,,,,Rhododendron canescens (Michx.) Sweet,,,,,,,,,,,,,,,"FACW (Great Plains), FACW (Midwest), FACW (Northcentral & Northeast), FACW (Atlantic and Gulf Coastal Plain), FACW (Eastern Mountains and Piedmont)",,,,,,,,,,,,,,,,,,,,,,,,,,,,,,,
,,,,rhododendron,,catawbiense,,rhododendron catawbiense,,,roseumelegans,,,,,,,,,,,,,,,,,,,,,,4.5,7,,,,,,,,,,,,,,,,,,,,
,,,,,,,,Rhododendron catawbiense Michx.,,,,,,,,,,,,,,,"FACU (Atlantic and Gulf Coastal Plain), FACU (Eastern Mountains and Piedmont), FACU (Northcentral & Northeast)",,,,,,,,,,,,,,,,,,,,,,,,,,,,,,,
,,,,rhododendron,,dauricum,,rhododendron dauricum,var.,sempervirens,,,,,,,,,,,,,,,,,,,,,,,4.5,7,,,,,,,,,,,,,,,,,,,,
,,,,rhododendron,x,laetevirens,,rhododendron laetevirens,,,,,,,,,,,,,,,,,,,,,,,,,4.5,7,,,,,,,,,,,,,,,,,,,,
,,,,,,,,Rhododendron lapponicum (L.) Wahlenb.,,,,,,,,,,,,,,,"FAC (Alaska), FACW (Northcentral & Northeast), FACW (Midwest)",,,,,,,,,,,,,,,,,,,,,,,,,,,,,,,
,,,,,,,,Rhododendron luteum,,,,,,,,,,,,,,,,shade,,,,solid,,,,,,,,,,,,,,,,,,,,,,,,,,
,,,,,,,,Rhododendron maximum - Rosebay rhododendron,,,,,,,,,,,,,,,,shade,,,,,,,,,,,,,,,,,,,,,,,,,,,,,,
,,,,,,,,Rhododendron maximum - Rosebay rhododendron,,common in moist soils,,,,,,,,,,,,common in moist soils,,,,,,,,,,,,,,,,,,,,,,,,,,,,,,,,
,,,,,,,,Rhododendron maximum L.,,,,,,,,,,,,,,,"FAC (Atlantic and Gulf Coastal Plain), FAC (Eastern Mountains and Piedmont), FAC (Midwest), FAC (Northcentral & Northeast)",,,,,,,,,,,,,,,,,,,,,,,,,,,,,,,
,,,,,,,,Rhododendron periclymenoides (Michx.) Shinners,,,,,,,,,,,,,,,"FAC (Eastern Mountains and Piedmont), FAC (Midwest), FAC (Northcentral & Northeast), FAC (Atlantic and Gulf Coastal Plain)",,,,,,,,,,,,,,,,,,,,,,,,,,,,,,,
,,,,,,,,Rhododendron periclymenoides-Pinxterbloom azalea,,,,,,,,,,,,,,well-drained soil,,sun,,,,,,,,,,,,,,,,,,,,,,,,,,,,,,
,,,,,,,,Rhododendron ponticum,,,,,,,,,,,,,,,,shade,,,,solid,,,,,,,,,,,,,,,,,,,,,,,,,,
,,,,,,,,Rhododendron prinophyllum,,,,,,,,,,,,,,damp thickets,,,,,,solid,,,,,,,,,,,,,,,,,,,,,,,,,,
,,,,,,,,Rhododendron prinophyllum (Small) Millais,,,,,,,,,,,,,,,"FAC (Eastern Mountains and Piedmont), FAC (Great Plains), FAC (Midwest), FAC (Northcentral & Northeast), FAC (Arid West), FAC (Atlantic and Gulf Coastal Plain)",,,,,,,,,,,,,,,,,,,,,,,,,,,,,,,
,,,,,,,,Rhododendron prunifolium,,,,,,,,,,,,,,,,shade,,,,solid,,,,,,,,,,,,,,,,,,,,,,,,,,
,,,,,,,,Rhododendron prunifolium,,,,,,,,,,,,,,stream banks,,,,,,,,,,,,,,,,,,,,,,,,,,,,,,,,
,,,,rhododendron,,sp.,,rhododendron sp.,,,bluebaron,,,,,,,,,,,,,,,,,,,,,,4.5,7,,,,,,,,,,,,,,,,,,,,
,,,,rhododendron,,sp.,,rhododendron sp.,,,corsage,,,,,,,,,,,,,,,,,,,,,,4.5,7,,,,,,,,,,,,,,,,,,,,
,,,,rhododendron,,sp.,,rhododendron sp.,,,westonslollipop,,,,,,,,,,,,,,,,,,,,,,4.5,7,,,,,,,,,,,,,,,,,,,,
,,,,rhododendron,,sp.,,rhododendron sp.,,,,,,,,,,,,,,,,,,,,,,,,,4.5,7,,,,,,,,,,,,,,,,,,,,
,,,,Rhododendron,,vaseyi,,Rhododendron vaseyi,,,,,,,,,,,,,,,,,,,,,,,,,,,,,,,,,,,,,,,,,,,,,,
,,,,,,,,Rhododendron vaseyi,,,,,,,,,,,,,,,,sun,,,,solid,,,,,,,,,,,,,,,,,,,,,,,,,,
,,,,,,,,Rhododendron vaseyi,,,,,,,,,,,,,,,,,,,,solid,,,,,,,,,,,,,,,,,,,,,,,,,,
,,,,,,,,Rhododendron vaseyi - Pinkshell azalea,,common in moist soils,,,,,,,,,,,,common in moist soils,,,,,,,,,,,,,,,,,,,,,,,,,,,,,,,,
,,,,,,,,Rhododendron vaseyi A. Gray,,,,,,,,,,,,,,,"FACU (Eastern Mountains and Piedmont), FACW (Northcentral & Northeast)",,,,,,,,,,,,,,,,,,,,,,,,,,,,,,,
,,,,,,,,Rhododendron viscosum - Swamp azalea,,common in wetlands,,,,,,,,,,,,common in wetlands,,,,,,,,,,,,,,,,,,,,,,,,,,,,,,,,
,,,,,,,,Rhododendron viscosum - Swamp azalea,,common in moist soils,,,,,,,,,,,,common in moist soils,,,,,,,,,,,,,,,,,,,,,,,,,,,,,,,,
,,,,,,,,Rhododendron viscosum (L.) Torr.,,,,,,,,,,,,,,,"OBL (Midwest), OBL (Atlantic and Gulf Coastal Plain), FACW (Eastern Mountains and Piedmont), FACW (Great Plains), FACW (Northcentral & Northeast)",,,,,,,,,,,,,,,,,,,,,,,,,,,,,,,
,,,,rhododendron,,yedoense,,rhododendron yedoense,var.,poukhanense,,,,,,,,,,,,,,,,,,,,,,,4.5,7,,,,,,,,,,,,,,,,,,,,
,,,,,,,,Rhus aromatica - Fragrant sumac,,,,,,,,,,,,,,droughty soil,,sun,,,,,,,,,,,,,high,,,,,,,,,,,,,,,,,
,,,,,,,,Rhus aromatica - Fragrant sumac,,,,,,,,,,,,,,well-drained soil,,sun,,,,,,,,,,,,,,,,,,,,,,,,,,,,,,
,,,,,,,,Rhus aromatica Aiton,,,,,,,,,,,,,,,"UPL (Western Mountains, Valleys, and Coast), UPL (Atlantic and Gulf Coastal Plain), UPL (Eastern Mountains and Piedmont), UPL (Great Plains), UPL (Midwest), UPL (Northcentral & Northeast), FACU (Arid West)",,,,,,,,,,,,,,,,,,,,,,,,,,,,,,,
,,,,,,,,Rhus copallina - Shining sumac,,,,,,,,,,,,,,droughty soil,,sun,,,,,,,,,,,,,high,,,,,,,,,,,,,,,,,
,,,,,,,,Rhus copallina - Shining sumac,,,,,,,,,,,,,,well-drained soil,,sun,,,,,,,,,,,,,,,,,,,,,,,,,,,,,,
,,,,,,,,Rhus typhina - Staghorn sumac,,,,,,,,,,,,,,droughty soil,,sun,,,,,,,,,,,,,high,,,,,,,,,,,,,,,,,
,,,,,,,,Rhus typhina - Staghorn sumac,,,,,,,,,,,,,,well-drained soil,,sun,,,,,,,,,,,,,,,,,,,,,,,,,,,,,,
,,,,ribes,,nigrum,,ribes nigrum,,,titania,,,,,,,,,,,,,,,,,,,,,,,,,,,,,,,,,,,,,,,,,,,
,,,,Rosa,,moyesii,,Rosa  moyesii,,,,,,,,,,,,,,,,,,,,,,,,,5.5,7,,,,,,,,,,,,,,,,,,,,
,,,,,,,,Rosa carolina - Carolina rose,,,,,,,,,,,,,,well-drained soil,,sun,,,,,,,,,,,,,,,,,,,,,,,,,,,,,,
,,,,,,,,Rosa carolina - Carolina rose,,common in moist soils,,,,,,,,,,,,common in moist soils,,,,,,,,,,,,,,,,,,,,,,,,,,,,,,,,
,,,,,,,,Rosa graciliflora,,,,,,,,,,,,,,,,shade,,,,solid,,,,,,,,,,,,,,,,,,,,,,,,,,
,,,,,,,,Rosa moyesii,,,,,,,,,,,,,,,,,,,,air,,,,,,,,,,,,,,,,,,,,,,,,,,
,,,,,,,,Rosa rugosa Thunb.,,,,,,,,,,,,,,,"UPL (Western Mountains, Valleys, and Coast), UPL (Alaska), FACU (Northcentral & Northeast), FACU (Atlantic and Gulf Coastal Plain), FACU (Eastern Mountains and Piedmont), FACU (Midwest)",,,,,,,,,,,,,,,,,,,,,,,,,,,,,,,
,,,,rosa,,sp.,,rosa sp.,,,ballerina,,,,,,,,,,,,,,,,,,,,,,5.5,7,,,,,,,,,,,,,,,,,,,,
,,,,rosa,,sp.,,rosa sp.,,,sunnyknockout,,,,,,,,,,,,,,,,,,,,,,5.5,7,,,,,,,,,,,,,,,,,,,,
,,,,,,,,Rosa virginiana - Virginia rose,,,,,,,,,,,,,,well-drained soil,,sun,,,,,,,,,,,,,,,,,,,,,,,,,,,,,,
,,,,,,,,Rubus idaeus L.,,,,,,,,,,,,,,,"FAC (Northcentral & Northeast / Northcentral Great Lakes), FAC (Eastern Mountains and Piedmont), FACU (Great Plains), FACU (Alaska), FACU (Arid West), FACU (Atlantic and Gulf Coastal Plain), FACU (Midwest), FACU (Northcentral & Northeast), FACU (Western Mountains, Valleys, and Coast)",,,,,,,,,,,,,,,,,,,,,,,,,,,,,,,
,,,,rumex,,sp.,,rumex sp.,,,,,,,,,,,,,,,,,,,,,,,,,,,,,,,,,,,,,,,,,,,,,,
,,,,,,,,Salix discolor - Pussy willow,,common in wetlands,,,,,,,,,,,,common in wetlands,,,,,,,,,,,,,,,,,,,,,,,,,,,,,,,,
,,,,,,,,Salix discolor - Pussy willow,,common in moist soils,,,,,,,,,,,,common in moist soils,,,,,,,,,,,,,,,,,,,,,,,,,,,,,,,,
,,,,salix,,sp.,,salix sp.,,,flame,,,,,,,,,,,,,,,,,,,,,,5,6,,,,,,,,,,,,,,,,,,,,
,,,,,,,,Sambucus canadensis - Elderberry,,common in moist soils,,,,,,,,,,,,common in moist soils,,,,,,,,,,,,,,,,,,,,,,,,,,,,,,,,
,,,,,,,,Sambucus canadensis - Elderberry,,,,,,,,,,,,,,,,,,,,,,,,,,,,,,,,,,,,,,,,,,,,attractive to birds,,
,,,,,,,,Sambucus nigra,,,,"Black Elderverry - Proven Winners® Instant Karma®
aka 'Sanivalk' PP28,314, Proven Winners® Laced Up aka 'SNR1292' PPAF",,,,,,,,,,,,,,,,,,,,,,,,,,,,,,,,,,,,,,,,,,
,,,,,,,,Sambucus nigra L.,,,,,,,,,,,,,,,"FAC (Midwest), FAC (Western Mountains, Valleys, and Coast), FAC (Atlantic and Gulf Coastal Plain / Western Gulf Coast), FAC (Eastern Mountains and Piedmont), FAC (Great Plains), FAC (Caribbean), FACU (Arid West), FACU (Hawaii), FACW (Northcentral & Northeast), FACW (Atlantic and Gulf Coastal Plain)",,,,,,,,,,,,,,,,,,,,,,,,,,,,,,,
,,,,,,,,Sapindus drummondii,,,,,,,,,,,,,,,,part shade,,,,solid,,,,,,,,,,,,,,,,,,,,,,,,,,
,,,,,,,,Schizachyrium scoparium (Michx.) Nash,,,,,,,,,,,,,,,"UPL (Hawaii), FACU (Arid West), FACU (Atlantic and Gulf Coastal Plain), FACU (Eastern Mountains and Piedmont), FACU (Great Plains), FACU (Midwest), FACU (Northcentral & Northeast), FACU (Western Mountains, Valleys, and Coast)",,,,,,,,,,,,,,,,,,,,,,,,,,,,,,,
*,,,,,,,,Sinowilsonia henryi,,,,,,,,,,,,,,,,,,,,,spring,,,,,,,,,,,,,,,,,,,,,,,,,
,,,,,,,,Sinowilsonia henryi,,,,,,,,,,,,,,,,,,,,,,,,,,,,,,,,,,,,,,,,,,,,,,
,,,,,,,,Sorbus aucuparia,,,,,,,,,,,,,,,,part shade,,,,airpot,,,,,,,,,,,,,,,,,,,,,,,,,,
,,,,,,,,Sorbus yuana,,,,,,,,,,,,,,,,sun,,,,airpot,,,,,,,,,,,,,,,,,,,,,,,,,,
,,,,,,,,Spirea latifolia - Broadleaf meadowsweet,,common in moist soils,,,,,,,,,,,,common in moist soils,,,,,,,,,,,,,,,,,,,,,,,,,,,,,,,,
,,,,,,,,Spirea tomentosa - Steeplebush,,common in moist soils,,,,,,,,,,,,common in moist soils,,,,,,,,,,,,,,,,,,,,,,,,,,,,,,,,
,,,,,,,,Stachyurus praecox,,,,,,,,,,,,,,,,sun,,,,solid,,,,,,,,,,,,,,,,,,,,,,,,,,
,,,,Stewartia,,,,Stewartia,,,Scarlet Sentinel',,,,,,,,,,,,,,,,,,,,,,,,,,,,,,,,,,,,,,,,,,,
*,,,,,,,,Stewartia 'Scarlet Sentinel',,,,,,,,,,,,,,,,,,,,air,,,,,,,,,,,,,,,,,,,,,,,,,,
,,,,,,,,Stewartia ovata - Mountain stewartia,,,,,,,,,,,,,,,,shade,,,,,,,,,,,,,,,,,,,,,,,,,,,,,,
,,,,,,,,Stewartia ovata - Mountain stewartia,,common in moist soils,,,,,,,,,,,,common in moist soils,,,,,,,,,,,,,,,,,,,,,,,,,,,,,,,,
,,,,,,,,Styrax americanus - American snowbell,,common in moist soils,,,,,,,,,,,,common in moist soils,,,,,,,,,,,,,,,,,,,,,,,,,,,,,,,,
,,,,symphytum,x,uplandicum,,symphytum uplandicum,,,,,,,,,,,,,,,,,,,,,,,,,,,,,,,,,,,,,,,,,,,,,,
,,,,,,,,Taxodium distichum,,,,,,,,,,,,,,,,sun,,,,solid,,,,,,,,,,,,,,,,,,,,,,,,,,
,,,,taxus,x,media,,taxus media,,,everlow,,,,,,,,,,,,,,,,,,,,,,6,7,,,,,,,,,,,,,,,,,,,,
,,,,,,,,Thuja occidentalis - eastern arborvitae,,,,,,,,,,,,,,well-drained soil,,sun,,,,,,,,,,,,,,,,,,,,,,,,,,,,,,
,,,,,,,,Thuja occidentalis - Eastern arborvitae,,common in moist soils,,,,,,,,,,,,common in moist soils,,,,,,,,,,,,,,,,,,,,,,,,,,,,,,,,
,,,,,,,,Thuja occidentalis L.,,,,,,,,,,,,,,,"FACW (Atlantic and Gulf Coastal Plain), FACW (Eastern Mountains and Piedmont), FACW (Great Plains), FACW (Midwest), FACW (Northcentral & Northeast)",,,,,,,,,,,,,,,,,,,,,,,,,,,,,,,
,,,,,,,,Tilia americana - Basswood,,,,,,,,,,,,,,well-drained soil,,sun,,,,,,,,,,,,,,,,,,,,,,,,,,,,,,
,,,,,,,,Tilia americana - Basswood,,common in moist soils,,,,,,,,,,,,common in moist soils,,,,,,,,,,,,,,,,,,,,,,,,,,,,,,,,
,,,,,,,,Tilia americana L.,,,,,,,,,,,,,,,"FACU (Midwest), FACU (Northcentral & Northeast), FACU (Western Mountains, Valleys, and Coast), FACU (Arid West), FACU (Atlantic and Gulf Coastal Plain), FACU (Eastern Mountains and Piedmont), FACU (Great Plains)",,,,,,,,,,,,,,,,,,,,,,,,,,,,,,,
,,,,,,,,Tilia cordata,,,,,,,,,,,,,,,,,,,,,,,,,,,,,,,,,,,,,,,,,,,,,,
,,,,tilia,x,euchlora,,tilia euchlora,,,,,,,,,,,,,,,,,,,,,,,,,,,,,,,,,,,,,,,,,,,,,,
,,,,tilia,x,europaea,,tilia europaea,,,,,,,,,,,,,,,,,,,,,,,,,,,,,,,,,,,,,,,,,,,,,,
,,,,tilia,x,flavescens,,tilia flavescens,,,dropmore,,,,,,,,,,,,,,,,,,,,,,,,,,,,,,,,,,,,,,,,,,,
,,,,tilia,x,flavescens,,tilia flavescens,,,wascana,,,,,,,,,,,,,,,,,,,,,,,,,,,,,,,,,,,,,,,,,,,
,,,,tilia,,tomentosa,,tilia tomentosa,,,greenmountain,,,,,,,,,,,,,,,,,,,,,,,,,,,,,,,,,,,,,,,,,,,
,,,,tilia,,tomentosa,,tilia tomentosa,,,sterlingsilver,,,,,,,,,,,,,,,,,,,,,,,,,,,,,,,,,,,,,,,,,,,
,,,,tsuga,,chinensis,,tsuga chinensis,,,,,,,,,,,,,,,,,,,,,,,,,5,6,,,,,,,,,,,,,,,,,,,,
,,,,,,,,Tsuga heterophylla,,,,,,,,,,,,,,,,,,,,,fall,,,,,,,,,,,,,,,,,,,,,,,,,
,,,,,,,,Tsuga heterophylla,,,,,,,,,,,,,,,,,,,,,,,,,,,,,,,,,,,,,,,,,,,,,,
,,,,ulmus,,davidiana,,ulmus davidiana,,,,,,,,,,,,,,,,,,,,,,,,,,,,,,,,,,,,,,,,,,,,,,
,,,,,,,,Ulmus davidiana var. japonica,,,,,,,,,,,,,,,,,,,,,,,,,,,,,,,,,,,,,,,,,,,,,,
,,,,,,,,Ulmus davidiana var. japonica,,,,,,,,,,,,,,,,,,,,,spring,,,,,,,,,,,,,,,,,,,,,,,,,
,,,,ulmus,,japonica x wilsoniana,,ulmus japonica x wilsoniana,,,morton,,,,,,,,,,,,,,,,,,,,,,,,,,,,,,,,,,,,,,,,,,,
,,,,,,,,Ulmus parvifolia Jacq.,,,,,,,,,,,,,,,"UPL (Arid West), UPL (Eastern Mountains and Piedmont), UPL (Great Plains), UPL (Midwest), UPL (Northcentral & Northeast), UPL (Western Mountains, Valleys, and Coast), FACU (Atlantic and Gulf Coastal Plain)",,,,,,,,,,,,,,,,,,,,,,,,,,,,,,,
,,,,,,,,Ulmus rubra,,,,,,,,,,,,,,,,,,,,,,,,,,,,,,,,,,,,,,,,,,,,,,
,,,,,,,,Ulmus rubra Muhl.,,,,,,,,,,,,,,,"FAC (Midwest), FAC (Northcentral & Northeast), FAC (Western Mountains, Valleys, and Coast), FAC (Arid West), FAC (Atlantic and Gulf Coastal Plain), FAC (Eastern Mountains and Piedmont), FACU (Great Plains)",,,,,,,,,,,,,,,,,,,,,,,,,,,,,,,
,,,,,,,,Ulmus thomasii Sarg.,,,,,,,,,,,,,,,"FAC (Atlantic and Gulf Coastal Plain), FAC (Midwest), FAC (Northcentral & Northeast), FACU (Eastern Mountains and Piedmont), FACU (Great Plains)",,,,,,,,,,,,,,,,,,,,,,,,,,,,,,,
,,,,,,,,Vaccinium arboreum,,,,,,,,,,,,,,,,sun,,,,airpot,,,,,,,,,,,,,,,,,,,,,,,,,,
,,,,,,,,Vaccinium corymbosum - Highbush blueberry,,,,,,,,,,,,,,,,shade,,,,,,,,,,,,,,,,,,,,,,,,,,,,,,
,,,,,,,,Vaccinium corymbosum - Highbush blueberry,,common in wetlands,,,,,,,,,,,,common in wetlands,,,,,,,,,,,,,,,,,,,,,,,,,,,,,,,,
,,,,,,,,Vaccinium corymbosum - Highbush blueberry,,common in moist soils,,,,,,,,,,,,common in moist soils,,,,,,,,,,,,,,,,,,,,,,,,,,,,,,,,
,,,,,,,,Vaccinium corymbosum L.,,,,,,,,,,,,,,,"FACW (Northcentral & Northeast), FACW (Western Mountains, Valleys, and Coast), FACW (Atlantic and Gulf Coastal Plain), FACW (Eastern Mountains and Piedmont), FACW (Great Plains), FACW (Midwest)",,,,,,,,,,,,,,,,,,,,,,,,,,,,,,,
,,,,,,,,Vaccinium spp. - Blueberry,,,,,,,,,,,,,,well-drained soil,,sun,,,,,,,,,,,,,,,,,,,,,,,,,,,,,,
,,,,,,,,Vaccinium spp. - Blueberry,,,,,,,,,,,,,,,,,,,,,,,,,,,,,,,,,,,,,,,,,,,,attractive to birds,,
,,,,Viburnum,,lantanoides,,Viburnum  lantanoides,,,,,,,,,,,,,,"streambanks, swamps",,,,,,,,,,,,,,,,,,,,,,,,,,,,,,,,
,,,,Viburnum,,schensianum,,Viburnum  schensianum,,,,,,,,,,,,,,,,,,,,,,,,,,,,,,,,,,,,,,,,,,,,,,
,,,,,,,,Viburnum acerifolium - Mapleleaf viburnum,,,,,,,,,,,,,,,,shade,,,,,,,,,,,,,,,,,,,,,,,,,,,,,,
,,,,,,,,Viburnum acerifolium L.,,,,,,,,,,,,,,,"UPL (Eastern Mountains and Piedmont), UPL (Great Plains), UPL (Midwest), UPL (Northcentral & Northeast), FACU (Atlantic and Gulf Coastal Plain)",,,,,,,,,,,,,,,,,,,,,,,,,,,,,,,
,,,,,,,,Viburnum alnifolium - Hobblebush,,,,,,,,,,,,,,,,shade,,,,,,,,,,,,,,,,,,,,,,,,,,,,,,
,,,,viburnum,x,burkwoodii,,viburnum burkwoodii,,,,,,,,,,,,,,,,,,,,,,,,,,,,,,,,,,,,,,,,,,,,,,
,,,,,,,,Viburnum cassinoides - Northern wild raisin,,,,,,,,,,,,,,well-drained soil,,sun,,,,,,,,,,,,,,,,,,,,,,,,,,,,,,
,,,,,,,,Viburnum cassinoides - Northern wild raisin,,,,,,,,,,,,,,,,shade,,,,,,,,,,,,,,,,,,,,,,,,,,,,,,
,,,,,,,,Viburnum edule (Michx.) Raf.,,,,,,,,,,,,,,,"FACU (Alaska), FACW (Arid West), FACW (Great Plains), FACW (Midwest), FACW (Northcentral & Northeast), FACW (Western Mountains, Valleys, and Coast)",,,,,,,,,,,,,,,,,,,,,,,,,,,,,,,
,,,,viburnum,,lantana,,viburnum lantana,,,,,,,,,,,,,,,,,,,,,,,,,,,,,,,,,,,,,,,,,,,,,,
,,,,,,,,Viburnum lantanoides,,,,,,,,,,,,,,"streambanks, swamps",,,,,,solid,,,,,,,,,,,,,,,,,,,,,,,,,,
,,,,,,,,Viburnum lantanoides Michx.,,,,,,,,,,,,,,,"FAC (Atlantic and Gulf Coastal Plain), FACU (Eastern Mountains and Piedmont), FACU (Northcentral & Northeast)",,,,,,,,,,,,,,,,,,,,,,,,,,,,,,,
,,,,,,,,Viburnum lentago - Nannyberry,,,,,,,,,,,,,,well-drained soil,,sun,,,,,,,,,,,,,,,,,,,,,,,,,,,,,,
,,,,,,,,Viburnum lentago - Nannyberry,,,,,,,,,,,,,,,,shade,,,,,,,,,,,,,,,,,,,,,,,,,,,,,,
,,,,,,,,Viburnum lentago L.,,,,,,,,,,,,,,,"FAC (Midwest), FAC (Northcentral & Northeast), FAC (Arid West), FAC (Atlantic and Gulf Coastal Plain), FAC (Eastern Mountains and Piedmont), FACU (Great Plains), FACU (Western Mountains, Valleys, and Coast)",,,,,,,,,,,,,,,,,,,,,,,,,,,,,,,
,,,,,,,,Viburnum nudum L.,,,,,,,,,,,,,,,"FACW (Great Plains), FACW (Midwest), FACW (Northcentral & Northeast), FACW (Atlantic and Gulf Coastal Plain), OBL (Eastern Mountains and Piedmont)",,,,,,,,,,,,,,,,,,,,,,,,,,,,,,,
,,,,,,,,Viburnum opulus L.,,,,,,,,,,,,,,,"FAC (Great Plains), FAC (Midwest), FACW (Northcentral & Northeast), FACW (Western Mountains, Valleys, and Coast), FACW (Arid West), FACW (Atlantic and Gulf Coastal Plain), FACW (Eastern Mountains and Piedmont)",,,,,,,,,,,,,,,,,,,,,,,,,,,,,,,
,,,,,,,,Viburnum opulus ssp. trilobum,,,,,,,,,,,,,,,,sun,,,,airpot,,,,,,,,,,,,,,,,,,,,,,,,,,
,,,,,,,,Viburnum prunifolium - Blackhaw viburnum,,,,,,,,,,,,,,,,shade,,,,,,,,,,,,,,,,,,,,,,,,,,,,,,
,,,,,,,,Viburnum prunifolium -Blackhaw viburnum,,,,,,,,,,,,,,well-drained soil,,sun,,,,,,,,,,,,,,,,,,,,,,,,,,,,,,
,,,,viburnum,,,,Viburnum prunifolium L.,,,,,,,,,,,,,,,"FACU (Atlantic and Gulf Coastal Plain), FACU (Eastern Mountains and Piedmont), FACU (Great Plains), FACU (Midwest), FACU (Northcentral & Northeast), FACU (Western Mountains, Valleys, and Coast)",,,,,,,,,,,,,,,,,,,,,,,,,,,,,,,
,,,,,,,,Viburnum schensianum,,,,,,,,,,,,,,,,,,,,,,,,,,,,,,,,,,,,,,,,,,,,,,
,,,,,,,,"Viburnum spp. - Viburnum, various species",,,,,,,,,,,,,,,,,,,,,,,,,,,,,,,,,,,,,,,,,,,,attractive to birds,,
,,,,,,,,Viburnum trilobum – American cranberrybush viburnum,,,,,,,,,,,,,,well-drained soil,,sun,,,,,,,,,,,,,,,,,,,,,,,,,,,,,,
,,,,yucca,,,,yucca,,,,,,,,,,,,,,,,,,,,,,,,,,,,,,,,,,,,,,,,,,,,,,
,,,,zanthoxylem,,americanum,,zanthoxylem americanum,,,,prickly ash,,,,,,,,,,,,,,,,,,,,,,,,,,,,,,,,,,,,,,,,,,
,,,,(x Sorbaronia sp.) x (x Sorbocotoneaster sp.),,,,,,,,,,,,,,,,,,,,,,,,,,,,,,,,,,,,,,,,,,,,,,,,,,
,,,,Carpinus,,orientalis ,,,,,,,,,,,,,,,,,,,,,,,,,,,,,,,,,,,,,,,,,,,,,,,,
,,,,Cathaya,,,,,,,,,,,,,,,,,,,,,,,,,,,,,,,,,,,,,,,,,,,,,,,,,,
,,,,Cephalotaxus,,,,,,,,,,,,,,,,,,,,,,,,,,,,,,,,,,,,,,,,,,,,,,,,,,
,,,,Stewartia,,ovata,,,,,,,,,,,,,,,,,,,,,,,,,,,,,,,,,,,,,,,,,,,,,,,,
,,,,,,,,,,,,cacoa,Least concern,,,,,,,,,,,,,,,,,,,,,,,,,,,,,,,,,,,50,,,,,,1
,,,,,,,,,,,,,,,,,,,,,,,,,,,,,,,,,,,,,,,,,,,,,,,,,,,,,,
,,,,,,,,Abies nebrodensis,,,,,,,,,,,,,,,,,,,,,,,,,,,,,,,,,,,,,,,,,,,,,,
,,,,,,,,Abies nordmanniana ssp. equi-trojani,,,,,,,,,,,,,,,,,,,,,,,,,,,,,,,,,,,,,,,,,,,,,,
,,,,,,,,Acer caesium ssp. giraldii,,,,,,,,,,,,,,,,,,,,,,,,,,,,,,,,,,,,,,,,,,,,,,
,,,,,,,,Acer cordatum,,,,,,,,,,,,,,,,,,,,,,,,,,,,,,,,,,,,,,,,,,,,,,
,,,,,,,,Acer glabrum,,,,,,,,,,,,,,,,,,,,,,,,,,,,,,,,,,,,,,,,,,,,,,
,,,,,,,,Acer henryi,,,,,,,,,,,,,,,,,,,,,,,,,,,,,,,,,,,,,,,,,,,,,,
,,,,,,,,Acer micranthum,,,,,,,,,,,,,,,,,,,,,,,,,,,,,,,,,,,,,,,,,,,,,,
,,,,,,,,Acer miyabei ssp. miaotaiense,,,,,,,,,,,,,,,,,,,,,,,,,,,,,,,,,,,,,,,,,,,,,,
,,,,,,,,Acer pycnanthum,,,,,,,,,,,,,,,,,,,,,,,,,,,,,,,,,,,,,,,,,,,,,,
,,,,,,,,Acer spicatum,,,,,,,,,,,,,,,,,,,,,,,,,,,,,,,,,,,,,,,,,,,,,,
,,,,,,,,Acer sterculiaceum ssp. franchetii,,,,,,,,,,,,,,,,,,,,,,,,,,,,,,,,,,,,,,,,,,,,,,
,,,,,,,,Acer tataricum ssp. tataricum,,,,,,,,,,,,,,,,,,,,,,,,,,,,,,,,,,,,,,,,,,,,,,
,,,,,,,,Aesculus parviflora forma serotina,,,,,,,,,,,,,,,,,,,,,,,,,,,,,,,,,,,,,,,,,,,,,,
,,,,,,,,Amelanchier nantucketensis,,,,,,,,,,,,,,,,,,,,,,,,,,,,,,,,,,,,,,,,,,,,,,
,,,,,,,,,,,,,,,,,,,,,,,,,,,,,,,,,,,,,,,,,,,,,,,,,,,,,,
,,,,,,,,Betula lenta,,,,,,,,,,,,,,,,,,,,,,,,,,,,,,,,,,,,,,,,,,,,,,
,,,,,,,,Betula papyrifera,,,,,,,,,,,,,,,,,,,,,,,,,,,,,,,,,,,,,,,,,,,,,,
,,,,,,,,Buxus sempervirens ssp. hyrcana,,,,,,,,,,,,,,,,,,,,,,,,,,,,,,,,,,,,,,,,,,,,,,
,,,,,,,,Calocedrus decurrens,,,,,,,,,,,,,,,,,,,,,,,,,,,,,,,,,,,,,,,,,,,,,,
,,,,,,,,Carpinus caroliniana,,,,,,,,,,,,,,,,,,,,,,,,,,,,,,,,,,,,,,,,,,,,,,
,,,,,,,,Carpinus henryana,,,,,,,,,,,,,,,,,,,,,,,,,,,,,,,,,,,,,,,,,,,,,,
,,,,,,,,Carpinus laxiflora,,,,,,,,,,,,,,,,,,,,,,,,,,,,,,,,,,,,,,,,,,,,,,
,,,,,,,,Carpinus viminea,,,,,,,,,,,,,,,,,,,,,,,,,,,,,,,,,,,,,,,,,,,,,,
,,,,,,,,Carya aquatica,,,,,,,,,,,,,,,,,,,,,,,,,,,,,,,,,,,,,,,,,,,,,,
,,,,,,,,Carya myristiciformis,,,,,,,,,,,,,,,,,,,,,,,,,,,,,,,,,,,,,,,,,,,,,,
,,,,,,,,Carya ovata,,,,,,,,,,,,,,,,,,,,,,,,,,,,,,,,,,,,,,,,,,,,,,
,,,,,,,,Ceanothus americanus,,,,,,,,,,,,,,,,,,,,,,,,,,,,,,,,,,,,,,,,,,,,,,
,,,,,,,,Cedrus libani,,,,,,,,,,,,,,,,,,,,,,,,,,,,,,,,,,,,,,,,,,,,,,
,,,,,,,,Celtis biondii,,,,,,,,,,,,,,,,,,,,,,,,,,,,,,,,,,,,,,,,,,,,,,
,,,,,,,,Celtis tenuifolia,,,,,,,,,,,,,,,,,,,,,,,,,,,,,,,,,,,,,,,,,,,,,,
,,,,,,,,Cercidiphyllum magnificum,,,,,,,,,,,,,,,,,,,,,,,,,,,,,,,,,,,,,,,,,,,,,,
,,,,,,,,Cercis canadensis,,,,,,,,,,,,,,,,,,,,,,,,,,,,,,,,,,,,,,,,,,,,,,
,,,,,,,,Cladrastis kentukea,,,,,,,,,,,,,,,,,,,,,,,,,,,,,,,,,,,,,,,,,,,,,,
,,,,,,,,Cornus drummondii,,,,,,,,,,,,,,,,,,,,,,,,,,,,,,,,,,,,,,,,,,,,,,
,,,,,,,,Cornus florida,,,,,,,,,,,,,,,,,,,,,,,,,,,,,,,,,,,,,,,,,,,,,,
,,,,,,,,Cornus kousa,,,,,,,,,,,,,,,,,,,,,,,,,,,,,,,,,,,,,,,,,,,,,,
,,,,,,,,Cornus kousa 'Gold Star',,,,,,,,,,,,,,,,,,,,,,,,,,,,,,,,,,,,,,,,,,,,,,
,,,,,,,,Cornus officinalis 'Morton',,,,,,,,,,,,,,,,,,,,,,,,,,,,,,,,,,,,,,,,,,,,,,
,,,,,,,,Corylopsis stelligera,,,,,,,,,,,,,,,,,,,,,,,,,,,,,,,,,,,,,,,,,,,,,,
,,,,,,,,Corylopsis willmottiae,,,,,,,,,,,,,,,,,,,,,,,,,,,,,,,,,,,,,,,,,,,,,,
,,,,,,,,Corylus americana,,,,,,,,,,,,,,,,,,,,,,,,,,,,,,,,,,,,,,,,,,,,,,
,,,,,,,,Cotoneaster acutifolius,,,,,,,,,,,,,,,,,,,,,,,,,,,,,,,,,,,,,,,,,,,,,,
,,,,,,,,Crataegus mollis,,,,,,,,,,,,,,,,,,,,,,,,,,,,,,,,,,,,,,,,,,,,,,
,,,,,,,,Crataegus monogyna,,,,,,,,,,,,,,,,,,,,,,,,,,,,,,,,,,,,,,,,,,,,,,
,,,,,,,,Crataegus wilsonii,,,,,,,,,,,,,,,,,,,,,,,,,,,,,,,,,,,,,,,,,,,,,,
,,,,,,,,Cupressus nootkatensis,,,,,,,,,,,,,,,,,,,,,,,,,,,,,,,,,,,,,,,,,,,,,,
,,,,,,,,Daphniphyllum macropodum,,,,,,,,,,,,,,,,,,,,,,,,,,,,,,,,,,,,,,,,,,,,,,
,,,,,,,,Dipteronia sinensis,,,,,,,,,,,,,,,,,,,,,,,,,,,,,,,,,,,,,,,,,,,,,,
,,,,,,,,Euonymous obovatus,,,,,,,,,,,,,,,,,,,,,,,,,,,,,,,,,,,,,,,,,,,,,,
,,,,,,,,Fagus engleriana,,,,,,,,,,,,,,,,,,,,,,,,,,,,,,,,,,,,,,,,,,,,,,
,,,,,,,,Fagus japonica,,,,,,,,,,,,,,,,,,,,,,,,,,,,,,,,,,,,,,,,,,,,,,
,,,,,,,,Fagus longipetiolata,,,,,,,,,,,,,,,,,,,,,,,,,,,,,,,,,,,,,,,,,,,,,,
,,,,,,,,Fagus lucida,,,,,,,,,,,,,,,,,,,,,,,,,,,,,,,,,,,,,,,,,,,,,,
,,,,,,,,Fagus sylvatica 'Laciniata',,,,,,,,,,,,,,,,,,,,,,,,,,,,,,,,,,,,,,,,,,,,,,
,,,,,,,,Fortunearia sinensis,,,,,,,,,,,,,,,,,,,,,,,,,,,,,,,,,,,,,,,,,,,,,,
,,,,,,,,Fraxinus bungeana,,,,,,,,,,,,,,,,,,,,,,,,,,,,,,,,,,,,,,,,,,,,,,
,,,,,,,,Fraxinus bungeana 'Sunflash',,,,,,,,,,,,,,,,,,,,,,,,,,,,,,,,,,,,,,,,,,,,,,
,,,,,,,,Fraxinus latifolia,,,,,,,,,,,,,,,,,,,,,,,,,,,,,,,,,,,,,,,,,,,,,,
,,,,,,,,Fraxinus longicuspis,,,,,,,,,,,,,,,,,,,,,,,,,,,,,,,,,,,,,,,,,,,,,,
,,,,,,,,Halesia carolina,,,,,,,,,,,,,,,,,,,,,,,,,,,,,,,,,,,,,,,,,,,,,,
,,,,,,,,Halesia tetraptera,,,,,,,,,,,,,,,,,,,,,,,,,,,,,,,,,,,,,,,,,,,,,,
,,,,,,,,Hydrangea cinerea,,,,,,,,,,,,,,,,,,,,,,,,,,,,,,,,,,,,,,,,,,,,,,
,,,,,,,,Hydrangea longipes,,,,,,,,,,,,,,,,,,,,,,,,,,,,,,,,,,,,,,,,,,,,,,
,,,,,,,,Hydrangea serrata var. yesoensis,,,,,,,,,,,,,,,,,,,,,,,,,,,,,,,,,,,,,,,,,,,,,,
,,,,,,,,Hydrangea sikokiana,,,,,,,,,,,,,,,,,,,,,,,,,,,,,,,,,,,,,,,,,,,,,,
,,,,,,,,Hypericum prolificum,,,,,,,,,,,,,,,,,,,,,,,,,,,,,,,,,,,,,,,,,,,,,,
,,,,,,,,Ilex colchica,,,,,,,,,,,,,,,,,,,,,,,,,,,,,,,,,,,,,,,,,,,,,,
,,,,,,,,Ilex geniculata,,,,,,,,,,,,,,,,,,,,,,,,,,,,,,,,,,,,,,,,,,,,,,
,,,,,,,,Ilex macrocarpa,,,,,,,,,,,,,,,,,,,,,,,,,,,,,,,,,,,,,,,,,,,,,,
,,,,,,,,Ilex montana,,,,,,,,,,,,,,,,,,,,,,,,,,,,,,,,,,,,,,,,,,,,,,
,,,,,,,,Juglans regia,,,,,,,,,,,,,,,,,,,,,,,,,,,,,,,,,,,,,,,,,,,,,,
,,,,,,,,Juniperus oxycedrus,,,,,,,,,,,,,,,,,,,,,,,,,,,,,,,,,,,,,,,,,,,,,,
,,,,,,,,Juniperus polycarpos,,,,,,,,,,,,,,,,,,,,,,,,,,,,,,,,,,,,,,,,,,,,,,
,,,,,,,,Koelreuteria paniculata,,,,,,,,,,,,,,,,,,,,,,,,,,,,,,,,,,,,,,,,,,,,,,
,,,,,,,,Larix occidentalis,,,,,,,,,,,,,,,,,,,,,,,,,,,,,,,,,,,,,,,,,,,,,,
,,,,,,,,Lindera erythrocarpa,,,,,,,,,,,,,,,,,,,,,,,,,,,,,,,,,,,,,,,,,,,,,,
,,,,,,,,Liquidambar formosana,,,,,,,,,,,,,,,,,,,,,,,,,,,,,,,,,,,,,,,,,,,,,,
,,,,,,,,Liriodendron chinense,,,,,,,,,,,,,,,,,,,,,,,,,,,,,,,,,,,,,,,,,,,,,,
,,,,,,,,Lyonia ovalifolia var. elliptica,,,,,,,,,,,,,,,,,,,,,,,,,,,,,,,,,,,,,,,,,,,,,,
,,,,,,,,M. germanica,,,,,,,,,,,,,,,,,,,,,,,,,,,,,,,,,,,,,,,,,,,,,,
,,,,,,,,M. sargentii 'Rosea',,,,,,,,,,,,,,,,,,,,,,,,,,,,,,,,,,,,,,,,,,,,,,
,,,,,,,,Magnolia acuminata,,,,,,,,,,,,,,,,,,,,,,,,,,,,,,,,,,,,,,,,,,,,,,
,,,,,,,,Magnolia grandiflora,,,,,,,,,,,,,,,,,,,,,,,,,,,,,,,,,,,,,,,,,,,,,,
,,,,,,,,Magnolia grandiflora 'Foothills' x 'Blackens Brown Beauty',,,,,,,,,,,,,,,,,,,,,,,,,,,,,,,,,,,,,,,,,,,,,,
,,,,,,,,Magnolia grandiflora 'Phil Savage' x 'Blackens Brown Beauty',,,,,,,,,,,,,,,,,,,,,,,,,,,,,,,,,,,,,,,,,,,,,,
,,,,,,,,Magnolia obovata,,,,,,,,,,,,,,,,,,,,,,,,,,,,,,,,,,,,,,,,,,,,,,
,,,,,,,,Magnolia sinensis,,,,,,,,,,,,,,,,,,,,,,,,,,,,,,,,,,,,,,,,,,,,,,
,,,,,,,,Magnolia wilsonii,,,,,,,,,,,,,,,,,,,,,,,,,,,,,,,,,,,,,,,,,,,,,,
,,,,,,,,Malus 'Coralcole',,,,,,,,,,,,,,,,,,,,,,,,,,,,,,,,,,,,,,,,,,,,,,
,,,,,,,,Malus coronaria,,,,,,,,,,,,,,,,,,,,,,,,,,,,,,,,,,,,,,,,,,,,,,
,,,,,,,,Malus x arnoldiana,,,,,,,,,,,,,,,,,,,,,,,,,,,,,,,,,,,,,,,,,,,,,,
,,,,,,,,Malus x robusta 'Erecta',,,,,,,,,,,,,,,,,,,,,,,,,,,,,,,,,,,,,,,,,,,,,,
,,,,,,,,Mespilus germanica,,,,,,,,,,,,,,,,,,,,,,,,,,,,,,,,,,,,,,,,,,,,,,
,,,,,,,,P. stepposa,,,,,,,,,,,,,,,,,,,,,,,,,,,,,,,,,,,,,,,,,,,,,,
,,,,,,,,Parrotia subaequalis,,,,,,,,,,,,,,,,,,,,,,,,,,,,,,,,,,,,,,,,,,,,,,
,,,,,,,,Philadelphus lewisii,,,,,,,,,,,,,,,,,,,,,,,,,,,,,,,,,,,,,,,,,,,,,,
,,,,,,,,Phoebe faberi,,,,,,,,,,,,,,,,,,,,,,,,,,,,,,,,,,,,,,,,,,,,,,
,,,,,,,,Picea asperata,,,,,,,,,,,,,,,,,,,,,,,,,,,,,,,,,,,,,,,,,,,,,,
,,,,,,,,Picea sibirica,,,,,,,,,,,,,,,,,,,,,,,,,,,,,,,,,,,,,,,,,,,,,,
,,,,,,,,Pieris japonica,,,,,,,,,,,,,,,,,,,,,,,,,,,,,,,,,,,,,,,,,,,,,,
,,,,,,,,Pieris phillyreifolia,,,,,,,,,,,,,,,,,,,,,,,,,,,,,,,,,,,,,,,,,,,,,,
,,,,,,,,Pinus albicaulis,,,,,,,,,,,,,,,,,,,,,,,,,,,,,,,,,,,,,,,,,,,,,,
,,,,,,,,Pinus armandii,,,,,,,,,,,,,,,,,,,,,,,,,,,,,,,,,,,,,,,,,,,,,,
,,,,,,,,Pinus echinata,,,,,,,,,,,,,,,,,,,,,,,,,,,,,,,,,,,,,,,,,,,,,,
,,,,,,,,Pinus palustris,,,,,,,,,,,,,,,,,,,,,,,,,,,,,,,,,,,,,,,,,,,,,,
,,,,,,,,Pinus resinosa,,,,,,,,,,,,,,,,,,,,,,,,,,,,,,,,,,,,,,,,,,,,,,
,,,,,,,,Pinus strobus,,,,,,,,,,,,,,,,,,,,,,,,,,,,,,,,,,,,,,,,,,,,,,
,,,,,,,,Platycarya strobilacea,,,,,,,,,,,,,,,,,,,,,,,,,,,,,,,,,,,,,,,,,,,,,,
,,,,,,,,Prunus alleghaniensis,,,,,,,,,,,,,,,,,,,,,,,,,,,,,,,,,,,,,,,,,,,,,,
,,,,,,,,Pseudotsuga wilsoniana,,,,,,,,,,,,,,,,,,,,,,,,,,,,,,,,,,,,,,,,,,,,,,
,,,,,,,,Pyrus ussuriensis var. hondoensis,,,,,,,,,,,,,,,,,,,,,,,,,,,,,,,,,,,,,,,,,,,,,,
,,,,,,,,Quercus castaneifolia,,,,,,,,,,,,,,,,,,,,,,,,,,,,,,,,,,,,,,,,,,,,,,
,,,,,,,,Quercus coccinea,,,,,,,,,,,,,,,,,,,,,,,,,,,,,,,,,,,,,,,,,,,,,,
,,,,,,,,Quercus falcata,,,,,,,,,,,,,,,,,,,,,,,,,,,,,,,,,,,,,,,,,,,,,,
,,,,,,,,Quercus marilandica,,,,,,,,,,,,,,,,,,,,,,,,,,,,,,,,,,,,,,,,,,,,,,
,,,,,,,,Quercus serrata,,,,,,,,,,,,,,,,,,,,,,,,,,,,,,,,,,,,,,,,,,,,,,
,,,,,,,,Rhododendron calendulaceum,,,,,,,,,,,,,,,,,,,,,,,,,,,,,,,,,,,,,,,,,,,,,,
,,,,,,,,Rhododendron pilosum,,,,,,,,,,,,,,,,,,,,,,,,,,,,,,,,,,,,,,,,,,,,,,
,,,,,,,,Rhododendron ponticum,,,,,,,,,,,,,,,,,,,,,,,,,,,,,,,,,,,,,,,,,,,,,,
,,,,,,,,Rhododendron vaseyi,,,,,,,,,,,,,,,,,,,,,,,,,,,,,,,,,,,,,,,,,,,,,,
,,,,,,,,Rhododendron weyrichii,,,,,,,,,,,,,,,,,,,,,,,,,,,,,,,,,,,,,,,,,,,,,,
,,,,,,,,Rhus copallinum,,,,,,,,,,,,,,,,,,,,,,,,,,,,,,,,,,,,,,,,,,,,,,
,,,,,,,,Rhus glabra,,,,,,,,,,,,,,,,,,,,,,,,,,,,,,,,,,,,,,,,,,,,,,
,,,,,,,,Sapindus drummondii,,,,,,,,,,,,,,,,,,,,,,,,,,,,,,,,,,,,,,,,,,,,,,
,,,,,,,,Sassafras albidum,,,,,,,,,,,,,,,,,,,,,,,,,,,,,,,,,,,,,,,,,,,,,,
,,,,,,,,Sorbus pallescens,,,,,,,,,,,,,,,,,,,,,,,,,,,,,,,,,,,,,,,,,,,,,,
,,,,,,,,Sorbus wilsoniana,,,,,,,,,,,,,,,,,,,,,,,,,,,,,,,,,,,,,,,,,,,,,,
,,,,,,,,Sorbus yuana,,,,,,,,,,,,,,,,,,,,,,,,,,,,,,,,,,,,,,,,,,,,,,
,,,,,,,,Staphylea trifolia,,,,,,,,,,,,,,,,,,,,,,,,,,,,,,,,,,,,,,,,,,,,,,
,,,,,,,,Stewartia ovata,,,,,,,,,,,,,,,,,,,,,,,,,,,,,,,,,,,,,,,,,,,,,,
,,,,,,,,Syringa 'Foxey Lady',,,,,,,,,,,,,,,,,,,,,,,,,,,,,,,,,,,,,,,,,,,,,,
,,,,,,,,Syringa komarowii ssp. reflexa,,,,,,,,,,,,,,,,,,,,,,,,,,,,,,,,,,,,,,,,,,,,,,
,,,,,,,,Syringa oblata ssp. dilatata,,,,,,,,,,,,,,,,,,,,,,,,,,,,,,,,,,,,,,,,,,,,,,
,,,,,,,,Syringa oblata ssp. oblata 'Alba',,,,,,,,,,,,,,,,,,,,,,,,,,,,,,,,,,,,,,,,,,,,,,
,,,,,,,,Syringa pubescens,,,,,,,,,,,,,,,,,,,,,,,,,,,,,,,,,,,,,,,,,,,,,,
,,,,,,,,Syringa vulgaris,,,,,,,,,,,,,,,,,,,,,,,,,,,,,,,,,,,,,,,,,,,,,,
,,,,,,,,Syringa vulgaris 'Jean Mace',,,,,,,,,,,,,,,,,,,,,,,,,,,,,,,,,,,,,,,,,,,,,,
,,,,,,,,Syringa wolfii,,,,,,,,,,,,,,,,,,,,,,,,,,,,,,,,,,,,,,,,,,,,,,
,,,,,,,,Syringa x chinensis 'Lilac Sunday',,,,,,,,,,,,,,,,,,,,,,,,,,,,,,,,,,,,,,,,,,,,,,
,,,,,,,,Syringa x hyacinthiflora 'Louvois',,,,,,,,,,,,,,,,,,,,,,,,,,,,,,,,,,,,,,,,,,,,,,
,,,,,,,,Taxodium distichum,,,,,,,,,,,,,,,,,,,,,,,,,,,,,,,,,,,,,,,,,,,,,,
,,,,,,,,Taxus brevifolia,,,,,,,,,,,,,,,,,,,,,,,,,,,,,,,,,,,,,,,,,,,,,,
,,,,,,,,Tilia cordata 'Swedish Upright',,,,,,,,,,,,,,,,,,,,,,,,,,,,,,,,,,,,,,,,,,,,,,
,,,,,,,,Triosteum pinnatifidum,,,,,,,,,,,,,,,,,,,,,,,,,,,,,,,,,,,,,,,,,,,,,,
,,,,,,,,Tsuga chinensis,,,,,,,,,,,,,,,,,,,,,,,,,,,,,,,,,,,,,,,,,,,,,,
,,,,,,,,Tsuga heterophylla,,,,,,,,,,,,,,,,,,,,,,,,,,,,,,,,,,,,,,,,,,,,,,
,,,,,,,,Ulmus davidiana var. japonica,,,,,,,,,,,,,,,,,,,,,,,,,,,,,,,,,,,,,,,,,,,,,,
,,,,,,,,Ulmus thomasii,,,,,,,,,,,,,,,,,,,,,,,,,,,,,,,,,,,,,,,,,,,,,,
,,,,,,,,Vaccinium arboreum,,,,,,,,,,,,,,,,,,,,,,,,,,,,,,,,,,,,,,,,,,,,,,
,,,,,,,,Vaccinium myrtillus,,,,,,,,,,,,,,,,,,,,,,,,,,,,,,,,,,,,,,,,,,,,,,
,,,,,,,,Viburnum buddleifolium,,,,,,,,,,,,,,,,,,,,,,,,,,,,,,,,,,,,,,,,,,,,,,
,,,,,,,,Viburnum furcatum,,,,,,,,,,,,,,,,,,,,,,,,,,,,,,,,,,,,,,,,,,,,,,
,,,,,,,,Viburnum lantanoides,,,,,,,,,,,,,,,,,,,,,,,,,,,,,,,,,,,,,,,,,,,,,,
,,,,,,,,Viburnum orientale,,,,,,,,,,,,,,,,,,,,,,,,,,,,,,,,,,,,,,,,,,,,,,
,,,,,,,,Viburnum rhytidophyllum,,,,,,,,,,,,,,,,,,,,,,,,,,,,,,,,,,,,,,,,,,,,,,
,,,,,,,,Viburnum rufidulum,,,,,,,,,,,,,,,,,,,,,,,,,,,,,,,,,,,,,,,,,,,,,,
,,,,,,,,Viburnum schensianum,,,,,,,,,,,,,,,,,,,,,,,,,,,,,,,,,,,,,,,,,,,,,,
,,,,,,,,Viburnum setigerum,,,,,,,,,,,,,,,,,,,,,,,,,,,,,,,,,,,,,,,,,,,,,,
,,,,,,,,Viburnum utile,,,,,,,,,,,,,,,,,,,,,,,,,,,,,,,,,,,,,,,,,,,,,,
,,,,,,,,Viburnum wrightii,,,,,,,,,,,,,,,,,,,,,,,,,,,,,,,,,,,,,,,,,,,,,,
,,,,,,,,Weigela japonica var. sinica,,,,,,,,,,,,,,,,,,,,,,,,,,,,,,,,,,,,,,,,,,,,,,