scientific_name,common_name,synonyms,family,genus,growth_habit,height_mature_ft,catalog_source
(x Sorbaronia sp.) x (x Sorbocotoneaster sp.),,,Rosaceae,Sorbaronia,Shrub,5.9,Arnold Arboretum living collection (Arboretum Explorer)
+ Laburnocytisus 'Adamii',,,Fabaceae,Laburnocytisus,Tree,,Arnold Arboretum living collection (Arboretum Explorer)
Abelia chinensis,Chinese Abelia,,Caprifoliaceae,Abelia,Shrub,9.2,Arnold Arboretum living collection (Arboretum Explorer)
Abelia mosanensis,Fragrant Abelia,,Caprifoliaceae,Abelia,Shrub,,Arnold Arboretum living collection (Arboretum Explorer)
Abelia x grandiflora,Glossy Abelia,,Caprifoliaceae,Abelia,Shrub,,Arnold Arboretum living collection (Arboretum Explorer)
Abeliophyllum distichum,Korean Abelialeaf,,Oleaceae,Abeliophyllum,Shrub,7.2,Arnold Arboretum living collection (Arboretum Explorer)
Abeliophyllum distichum 'Roseum',,,Oleaceae,Abeliophyllum,Shrub,5.2,Arnold Arboretum living collection (Arboretum Explorer)
Abies alba,Silver Fir,,Pinaceae,Abies,Tree,,Arnold Arboretum living collection (Arboretum Explorer)
Abies amabilis 'Spreading Star',Cultivar of Cascade Fir,,Pinaceae,Abies,Shrub,40.0,Arnold Arboretum living collection (Arboretum Explorer)
Abies balsamea,Balsam Fir,,Pinaceae,Abies,Tree,4.3,Arnold Arboretum living collection (Arboretum Explorer)
Abies balsamea 'Nana',Dwarf Balsam Fir,|Abies balsamea forma nana|,Pinaceae,Abies,Shrub,,Arnold Arboretum living collection (Arboretum Explorer)
Abies beshanzuensis var. ziyuanensis,Guangxi Fir,|Abies ziyuanensis|,Pinaceae,Abies,Tree,,Arnold Arboretum living collection (Arboretum Explorer)
Abies cephalonica,Greek Fir,,Pinaceae,Abies,Tree,,Arnold Arboretum living collection (Arboretum Explorer)
Abies cephalonica (undetermined hybrid),Hybrid of Grecian fir,,Pinaceae,Abies,Tree,,Arnold Arboretum living collection (Arboretum Explorer)
Abies cf. sachalinensis,,,Pinaceae,Abies,Tree,,Arnold Arboretum living collection (Arboretum Explorer)
Abies cilicica,Cilician Fir,,Pinaceae,Abies,Tree,,Arnold Arboretum living collection (Arboretum Explorer)
Abies cilicica ssp. isaurica,,,Pinaceae,Abies,Tree,,Arnold Arboretum living collection (Arboretum Explorer)
Abies concolor,White Fir,,Pinaceae,Abies,Tree,73.2,Arnold Arboretum living collection (Arboretum Explorer)
Abies concolor 'Candicans',Cultivar of White Fir,|Abies concolor var. candicans|,Pinaceae,Abies,Tree,,Arnold Arboretum living collection (Arboretum Explorer)
Abies concolor 'Compacta',Cultivar of White Fir,,Pinaceae,Abies,Tree,6.0,Arnold Arboretum living collection (Arboretum Explorer)
Abies concolor 'Conica',Conical White Fir,|Abies concolor var. conica|,Pinaceae,Abies,Tree,,Arnold Arboretum living collection (Arboretum Explorer)
Abies concolor 'Violacea',Purplecone White Fir,|Abies concolor var. violacea|,Pinaceae,Abies,Tree,,Arnold Arboretum living collection (Arboretum Explorer)
Abies fabri,Faber's Fir,,Pinaceae,Abies,Tree,7.9,Arnold Arboretum living collection (Arboretum Explorer)
Abies fargesii,Farges Fir,,Pinaceae,Abies,Tree,,Arnold Arboretum living collection (Arboretum Explorer)
Abies fargesii var. fargesii,Farges Fir,,Pinaceae,Abies,Tree,,Arnold Arboretum living collection (Arboretum Explorer)
Abies firma,Momi Fir,,Pinaceae,Abies,Tree,,Arnold Arboretum living collection (Arboretum Explorer)
Abies forrestii,Burma Fir,|Abies delavayi var. smithii|Abies delavayi var. forrestii|,Pinaceae,Abies,Tree,2.0,Arnold Arboretum living collection (Arboretum Explorer)
Abies fraseri,Fraser Fir,,Pinaceae,Abies,Tree,6.6,Arnold Arboretum living collection (Arboretum Explorer)
Abies grandis,Grand Fir,|Abies grandis forma johnsonii|,Pinaceae,Abies,Tree,4.9,Arnold Arboretum living collection (Arboretum Explorer)
Abies holophylla,Needle Fir,,Pinaceae,Abies,Tree,,Arnold Arboretum living collection (Arboretum Explorer)
Abies homolepis var. homolepis,Nikko Fir,,Pinaceae,Abies,Tree,,Arnold Arboretum living collection (Arboretum Explorer)
Abies homolepis var. umbellata,Dimplecone Fir,|Abies x umbellata|Abies umbellata|,Pinaceae,Abies,Tree,,Arnold Arboretum living collection (Arboretum Explorer)
Abies kawakamii,Taiwan Fir,|Abies mariesii var. kawakamii|,Pinaceae,Abies,Tree,2.3,Arnold Arboretum living collection (Arboretum Explorer)
Abies koreana,Korean Fir,,Pinaceae,Abies,Tree,62.6,Arnold Arboretum living collection (Arboretum Explorer)
Abies koreana 'Aurea',Cultivar of Korean Fir,,Pinaceae,Abies,Tree,10.0,Arnold Arboretum living collection (Arboretum Explorer)
Abies koreana 'Prostrate Beauty',Cultivar of Korean Fir,,Pinaceae,Abies,Shrub,2.6,Arnold Arboretum living collection (Arboretum Explorer)
Abies koreana 'Silberlocke',Cultivar of Korean Fir,|Abies koreana 'Horstmanns Silberlocke'|,Pinaceae,Abies,Tree,,Arnold Arboretum living collection (Arboretum Explorer)
Abies lasiocarpa,Subalpine Fir,,Pinaceae,Abies,Tree,,Arnold Arboretum living collection (Arboretum Explorer)
Abies lasiocarpa 'Compacta',Cultivar of Rocky Mt. Fir,|Abies lasiocarpa forma compacta|,Pinaceae,Abies,Tree,15.0,Arnold Arboretum living collection (Arboretum Explorer)
Abies lasiocarpa var. lasiocarpa,Subalpine Fir,,Pinaceae,Abies,Tree,54.8,Arnold Arboretum living collection (Arboretum Explorer)
Abies magnifica 'Glauca',Cultivar of Red Bark Fir,|Abies magnifica forma glauca|,Pinaceae,Abies,Tree,14.8,Arnold Arboretum living collection (Arboretum Explorer)
Abies mariesii,Maries Fir,,Pinaceae,Abies,Tree,,Arnold Arboretum living collection (Arboretum Explorer)
Abies nebrodensis,,,Pinaceae,Abies,Tree,1.3,Arnold Arboretum living collection (Arboretum Explorer)
Abies nephrolepis,Khingan Fir,,Pinaceae,Abies,Tree,39.2,Arnold Arboretum living collection (Arboretum Explorer)
Abies nordmanniana,Nordmann Fir,,Pinaceae,Abies,Tree,18.7,Arnold Arboretum living collection (Arboretum Explorer)
Abies nordmanniana 'Pendula',Cultivar of Nordman Fir,|Abies nordmanniana forma pendula|,Pinaceae,Abies,Tree,,Arnold Arboretum living collection (Arboretum Explorer)
Abies nordmanniana ssp. bornmuelleriana,,|Abies x bornmuelleriana|,Pinaceae,Abies,Tree,,Arnold Arboretum living collection (Arboretum Explorer)
Abies nordmanniana ssp. equi-trojani,,|Abies equi-trojani|,Pinaceae,Abies,Tree,,Arnold Arboretum living collection (Arboretum Explorer)
Abies nordmanniana ssp. nordmanniana,Nordmann Fir,,Pinaceae,Abies,Tree,,Arnold Arboretum living collection (Arboretum Explorer)
Abies pindrow,Pindrow Fir,,Pinaceae,Abies,Tree,6.9,Arnold Arboretum living collection (Arboretum Explorer)
Abies pinsapo 'Glauca',Blue Spanish Fir,|Abies pinsapo var. glauca|,Pinaceae,Abies,Tree,,Arnold Arboretum living collection (Arboretum Explorer)
Abies pinsapo (undetermined hybrid),,,Pinaceae,Abies,Tree,,Arnold Arboretum living collection (Arboretum Explorer)
Abies pinsapo var. marocana,Moroccan Fir,|Abies marocana|Abies maroccana|,Pinaceae,Abies,Tree,,Arnold Arboretum living collection (Arboretum Explorer)
Abies procera,Noble Fir,|Abies nobilis|Abies nobilis|,Pinaceae,Abies,Tree,,Arnold Arboretum living collection (Arboretum Explorer)
Abies procera 'Glauca',Cultivar of Noble Fir,|Abies procera forma glauca|,Pinaceae,Abies,Tree,,Arnold Arboretum living collection (Arboretum Explorer)
Abies procera 'Prostrata',Cultivar of Noble Fir,|Abies procera forma prostrata|,Pinaceae,Abies,Shrub,,Arnold Arboretum living collection (Arboretum Explorer)
Abies recurvata var. recurvata,,,Pinaceae,Abies,Tree,,Arnold Arboretum living collection (Arboretum Explorer)
Abies religiosa,Sacred fir,,Pinaceae,Abies,Tree,,Arnold Arboretum living collection (Arboretum Explorer)
Abies sachalinensis,Sakhalin Fir,,Pinaceae,Abies,Tree,,Arnold Arboretum living collection (Arboretum Explorer)
Abies sachalinensis var. mayriana,Mayr Sakhalin Fir,,Pinaceae,Abies,Tree,,Arnold Arboretum living collection (Arboretum Explorer)
Abies sachalinensis var. sachalinensis,Sakhalin Fir,,Pinaceae,Abies,Tree,13.1,Arnold Arboretum living collection (Arboretum Explorer)
Abies sibirica,Siberian Fir,,Pinaceae,Abies,Tree,,Arnold Arboretum living collection (Arboretum Explorer)
Abies sibirica ssp. semenovii,Tien-shan Fir,,Pinaceae,Abies,Tree,,Arnold Arboretum living collection (Arboretum Explorer)
Abies sp.,Fir,,Pinaceae,Abies,Tree,35.0,Arnold Arboretum living collection (Arboretum Explorer)
Abies spectabilis,Himalayan Fir,|Abies webbiana|,Pinaceae,Abies,Tree,,Arnold Arboretum living collection (Arboretum Explorer)
Abies squamata,Flaky Fir,,Pinaceae,Abies,Tree,21.3,Arnold Arboretum living collection (Arboretum Explorer)
Abies squamata 'Flaky',Cultivar of Flaky Fir,,Pinaceae,Abies,Tree,,Arnold Arboretum living collection (Arboretum Explorer)
Abies veitchii,Veitch Fir,,Pinaceae,Abies,Tree,37.1,Arnold Arboretum living collection (Arboretum Explorer)
Abies veitchii var. sikokiana,Shikoku Fir,,Pinaceae,Abies,Tree,,Arnold Arboretum living collection (Arboretum Explorer)
Abies veitchii var. veitchii,Veitch Fir,|Abies veitchii var. nikkoensis|Abies veitchii var. olivacea|,Pinaceae,Abies,Tree,,Arnold Arboretum living collection (Arboretum Explorer)
Abies x borisii-regis,King Boris Fir,|Abies borisii-regis|,Pinaceae,Abies,Tree,,Arnold Arboretum living collection (Arboretum Explorer)
Acaena anserinifolia,New Zealand Bur,,Rosaceae,Acaena,Herbaceous,,Arnold Arboretum living collection (Arboretum Explorer)
Acer 'Morton UW',Cultivar of Maple,,Sapindaceae,Acer,Tree,5.2,Arnold Arboretum living collection (Arboretum Explorer)
Acer 'White Tigress',,,Sapindaceae,Acer,Tree,,Arnold Arboretum living collection (Arboretum Explorer)
Acer aff. rufinerve,,,Sapindaceae,Acer,Tree,,Arnold Arboretum living collection (Arboretum Explorer)
Acer argutum,Pointed Leaf Maple,,Sapindaceae,Acer,Tree,7.4,Arnold Arboretum living collection (Arboretum Explorer)
Acer barbinerve,,,Sapindaceae,Acer,Intermediate (shrub/tree),,Arnold Arboretum living collection (Arboretum Explorer)
Acer buergerianum,Trident Maple,,Sapindaceae,Acer,Tree,,Arnold Arboretum living collection (Arboretum Explorer)
Acer buergerianum 'Angyo Weeping',Cultivar of trident maple,,Sapindaceae,Acer,Tree,,Arnold Arboretum living collection (Arboretum Explorer)
Acer buergerianum ssp. ningpoense,,|Acer buergerianum var. ningpoense|Acer ningpoense|,Sapindaceae,Acer,Tree,,Arnold Arboretum living collection (Arboretum Explorer)
Acer buergerianum var. trinerve,Trident Maple,,Sapindaceae,Acer,Shrub,,Arnold Arboretum living collection (Arboretum Explorer)
Acer campbellii,,,Sapindaceae,Acer,Tree,5.2,Arnold Arboretum living collection (Arboretum Explorer)
Acer campbellii ssp. wilsonii,,|Acer wilsonii|,Sapindaceae,Acer,Tree,3.3,Arnold Arboretum living collection (Arboretum Explorer)
Acer campestre,Hedge Maple,,Sapindaceae,Acer,Shrub,,Arnold Arboretum living collection (Arboretum Explorer)
Acer campestre 'Nanum',Cultivar of Field Maple,|Acer campestre 'Compactum'|,Sapindaceae,Acer,Shrub,18.0,Arnold Arboretum living collection (Arboretum Explorer)
Acer campestre ssp. leiocarpum,,|Acer campestre var. leiocarpum|,Sapindaceae,Acer,Tree,,Arnold Arboretum living collection (Arboretum Explorer)
Acer capillipes,Japanese Snakebark Maple,,Sapindaceae,Acer,Tree,,Arnold Arboretum living collection (Arboretum Explorer)
Acer cappadocicum,Coliseum Maple,,Sapindaceae,Acer,Tree,,Arnold Arboretum living collection (Arboretum Explorer)
Acer cappadocicum 'Aureum',Cultivar of Coliseum Maple,,Sapindaceae,Acer,Tree,,Arnold Arboretum living collection (Arboretum Explorer)
Acer cappadocicum 'Rubrum',,|Acer cappadocicum forma rubrum|,Sapindaceae,Acer,Tree,,Arnold Arboretum living collection (Arboretum Explorer)
Acer cappadocicum ssp. cappadocicum,Coliseum Maple,|Acer laetum|,Sapindaceae,Acer,Tree,,Arnold Arboretum living collection (Arboretum Explorer)
Acer cappadocicum ssp. lobelii,Calabrian Maple,|Acer lobelii|,Sapindaceae,Acer,Tree,,Arnold Arboretum living collection (Arboretum Explorer)
Acer carpinifolium,Hornbeam Maple,,Sapindaceae,Acer,Tree,,Arnold Arboretum living collection (Arboretum Explorer)
Acer caudatifolium,Kawakami maple,|Acer kawakamii|,Sapindaceae,Acer,Tree,,Arnold Arboretum living collection (Arboretum Explorer)
Acer caudatum ssp. ukurunduense,,|Acer ukurunduense|Acer caudatum|,Sapindaceae,Acer,Intermediate (shrub/tree),,Arnold Arboretum living collection (Arboretum Explorer)
Acer ceriferum,,,Sapindaceae,Acer,Tree,7.5,Arnold Arboretum living collection (Arboretum Explorer)
Acer circinatum,Vine Maple,,Sapindaceae,Acer,Intermediate (shrub/tree),5.0,Arnold Arboretum living collection (Arboretum Explorer)
Acer cissifolium,Vine Leaf Maple,,Sapindaceae,Acer,Tree,10.8,Arnold Arboretum living collection (Arboretum Explorer)
Acer cordatum,,,Sapindaceae,Acer,Tree,2.5,Arnold Arboretum living collection (Arboretum Explorer)
Acer crataegifolium,Hawthorn Maple,,Sapindaceae,Acer,Tree,9.8,Arnold Arboretum living collection (Arboretum Explorer)
Acer davidii,Father David's Maple,,Sapindaceae,Acer,Tree,12.5,Arnold Arboretum living collection (Arboretum Explorer)
Acer davidii ssp. grosseri,Snakebark Maple,|Acer tegmentosum ssp. grosseri|Acer grosseri|Acer grosseri var. hersii|Acer mono horizontale|,Sapindaceae,Acer,Tree,7.5,Arnold Arboretum living collection (Arboretum Explorer)
Acer diabolicum,Devil Maple,|Acer diabolicum forma purpurascens|Acer purpurascens|Acer pulchrum|,Sapindaceae,Acer,Tree,,Arnold Arboretum living collection (Arboretum Explorer)
Acer distylum,Linden Leaved Maple,,Sapindaceae,Acer,Tree,,Arnold Arboretum living collection (Arboretum Explorer)
Acer erianthum,Woolly-flowered Maple,,Sapindaceae,Acer,Tree,5.9,Arnold Arboretum living collection (Arboretum Explorer)
Acer glabrum,Rocky Mountain Maple,|Acer glabrum forma trisectum|Acer glabrum var. tripartitum|,Sapindaceae,Acer,Tree,,Arnold Arboretum living collection (Arboretum Explorer)
Acer glabrum var. douglasii,Rocky Mountain Maple,,Sapindaceae,Acer,Tree,4.3,Arnold Arboretum living collection (Arboretum Explorer)
Acer grandidentatum,Bigtooth Maple,|Acer saccharum ssp. grandidentatum|,Sapindaceae,Acer,Intermediate (shrub/tree),14.6,Arnold Arboretum living collection (Arboretum Explorer)
Acer griseum,Paperbark Maple,,Sapindaceae,Acer,Tree,37.3,Arnold Arboretum living collection (Arboretum Explorer)
Acer heldreichii,Balkan Maple,,Sapindaceae,Acer,Tree,,Arnold Arboretum living collection (Arboretum Explorer)
Acer heldreichii ssp. trautvetteri,Red-bud Maple,|Acer trautvetteri|,Sapindaceae,Acer,Tree,3.6,Arnold Arboretum living collection (Arboretum Explorer)
Acer heldreichii var. macropterum,,,Sapindaceae,Acer,Tree,,Arnold Arboretum living collection (Arboretum Explorer)
Acer henryi,Henry Maple,,Sapindaceae,Acer,Tree,,Arnold Arboretum living collection (Arboretum Explorer)
Acer hyrcanum,Balkan Maple,,Sapindaceae,Acer,Tree,,Arnold Arboretum living collection (Arboretum Explorer)
Acer japonicum,Full Moon Maple,,Sapindaceae,Acer,Tree,6.2,Arnold Arboretum living collection (Arboretum Explorer)
Acer japonicum 'Aconitifolium',Cultivar of Full Moon Maple,|Acer japonicum forma aconitifolium|,Sapindaceae,Acer,Tree,,Arnold Arboretum living collection (Arboretum Explorer)
Acer japonicum 'Green Cascade',Cultivar of Full Moon Maple,,Sapindaceae,Acer,Tree,5.9,Arnold Arboretum living collection (Arboretum Explorer)
Acer japonicum 'Takinogawa',Cultivar of Fullmoon Maple,,Sapindaceae,Acer,Tree,,Arnold Arboretum living collection (Arboretum Explorer)
Acer japonicum 'Yama Kagi',Cultivar of Full Moon Maple,,Sapindaceae,Acer,Tree,,Arnold Arboretum living collection (Arboretum Explorer)
Acer longipes,,,Sapindaceae,Acer,Tree,7.5,Arnold Arboretum living collection (Arboretum Explorer)
Acer macrophyllum,Bigleaf Maple,,Sapindaceae,Acer,Tree,26.2,Arnold Arboretum living collection (Arboretum Explorer)
Acer mandshuricum,Manchurian Maple,,Sapindaceae,Acer,Tree,,Arnold Arboretum living collection (Arboretum Explorer)
Acer maximowiczianum,Nikko Maple,|Acer nikoense|,Sapindaceae,Acer,Tree,,Arnold Arboretum living collection (Arboretum Explorer)
Acer maximowiczianum x griseum,,,Sapindaceae,Acer,Tree,,Arnold Arboretum living collection (Arboretum Explorer)
Acer micranthum,Pagoda Maple,,Sapindaceae,Acer,Intermediate (shrub/tree),3.6,Arnold Arboretum living collection (Arboretum Explorer)
Acer miyabei,Miyabe Maple,,Sapindaceae,Acer,Tree,,Arnold Arboretum living collection (Arboretum Explorer)
Acer miyabei ssp. miaotaiense,,,Sapindaceae,Acer,Tree,10.7,Arnold Arboretum living collection (Arboretum Explorer)
Acer mono,Painted Maple,|Acer pictum|Acer pictum var. parviflorum|,Sapindaceae,Acer,Tree,5.8,Arnold Arboretum living collection (Arboretum Explorer)
Acer mono ssp. okamotoanum,,|Acer okamotoanum|,Sapindaceae,Acer,Tree,5.2,Arnold Arboretum living collection (Arboretum Explorer)
Acer mono var. mayrii,Mayr's Maple,|Acer mayrii|,Sapindaceae,Acer,Tree,,Arnold Arboretum living collection (Arboretum Explorer)
Acer monspessulanum,Montpelier Maple,,Sapindaceae,Acer,Intermediate (shrub/tree),,Arnold Arboretum living collection (Arboretum Explorer)
Acer monspessulanum ssp. monspessulanum,Montpelier maple,|Acer monspessulanum var. ibericum|Acer ibericum|,Sapindaceae,Acer,Tree,6.2,Arnold Arboretum living collection (Arboretum Explorer)
Acer negundo,Boxelder,,Sapindaceae,Acer,Tree,,Arnold Arboretum living collection (Arboretum Explorer)
Acer negundo 'Aureo-marginatum',Goldedge Box Elder,|Acer negundo 'Elegans'|,Sapindaceae,Acer,Tree,,Arnold Arboretum living collection (Arboretum Explorer)
Acer negundo 'Crispum Variegatum',Cultivar of Box Elder,,Sapindaceae,Acer,Tree,,Arnold Arboretum living collection (Arboretum Explorer)
Acer negundo 'Elegans',Cultivar of Box Elder,|Acer negundo 'Aureo-marginatum'|,Sapindaceae,Acer,Tree,,Arnold Arboretum living collection (Arboretum Explorer)
Acer negundo 'Nanum',Cultivar of Box Elder,,Sapindaceae,Acer,Shrub,20.0,Arnold Arboretum living collection (Arboretum Explorer)
Acer negundo 'Violaceum',Violet Box Elder,,Sapindaceae,Acer,Tree,54.2,Arnold Arboretum living collection (Arboretum Explorer)
Acer negundo ssp. interius,Variant of Boxelder,,Sapindaceae,Acer,Tree,,Arnold Arboretum living collection (Arboretum Explorer)
Acer negundo ssp. negundo,Box Elder,,Sapindaceae,Acer,Tree,25.0,Arnold Arboretum living collection (Arboretum Explorer)
Acer oblongum,Flying Moth Tree,|Acer discolor|,Sapindaceae,Acer,Tree,3.6,Arnold Arboretum living collection (Arboretum Explorer)
Acer olivaceum,,,Sapindaceae,Acer,Tree,,Arnold Arboretum living collection (Arboretum Explorer)
Acer oliverianum,,|Acer schneiderianum|,Sapindaceae,Acer,Tree,5.9,Arnold Arboretum living collection (Arboretum Explorer)
Acer opalus,Italian Maple,,Sapindaceae,Acer,Tree,,Arnold Arboretum living collection (Arboretum Explorer)
Acer opalus ssp. obtusatum,Bosnian maple,|Acer opalus var. obtusatum|Acer obtusatum|,Sapindaceae,Acer,Intermediate (shrub/tree),,Arnold Arboretum living collection (Arboretum Explorer)
Acer palmatum,Japanese Maple,|Acer palmatum var. septemlobum|,Sapindaceae,Acer,Tree,4.0,Arnold Arboretum living collection (Arboretum Explorer)
Acer palmatum 'Atropurpureum Crispum',Cultivar of Japanese Maple,,Sapindaceae,Acer,Tree,,Arnold Arboretum living collection (Arboretum Explorer)
Acer palmatum 'Bloodgood',Cultivar of Japanese Maple,,Sapindaceae,Acer,Tree,,Arnold Arboretum living collection (Arboretum Explorer)
Acer palmatum 'Burgundy Lace',Cultivar of Japanese Maple,,Sapindaceae,Acer,Tree,,Arnold Arboretum living collection (Arboretum Explorer)
Acer palmatum 'Dissectum',Cultivar of Japanese Maple,|Acer palmatum forma dissectum|Acer palmatum var. dissectum|,Sapindaceae,Acer,Tree,,Arnold Arboretum living collection (Arboretum Explorer)
Acer palmatum 'Hessei',Cultivar of Japanese Maple,|Acer palmatum var. heptalobum 'Hessei'|,Sapindaceae,Acer,Tree,2.8,Arnold Arboretum living collection (Arboretum Explorer)
Acer palmatum 'Linearilobum',Cultivar of Japanese Maple,|Acer palmatum 'Scolopendrifolium'|,Sapindaceae,Acer,Tree,,Arnold Arboretum living collection (Arboretum Explorer)
Acer palmatum 'Oktoberfest',Cultivar of Japanese Maple,,Sapindaceae,Acer,Tree,,Arnold Arboretum living collection (Arboretum Explorer)
Acer palmatum 'Omurayama',Cultivar of Japanese Maple,,Sapindaceae,Acer,Tree,,Arnold Arboretum living collection (Arboretum Explorer)
Acer palmatum 'Osakazuki',Cultivar of Japanese Maple,,Sapindaceae,Acer,Tree,,Arnold Arboretum living collection (Arboretum Explorer)
Acer palmatum 'Sangokaku',Cultivar of Japanese Maple,,Sapindaceae,Acer,Tree,,Arnold Arboretum living collection (Arboretum Explorer)
Acer palmatum 'Sanguineum',Cultivar of Japanese Maple,|Acer palmatum forma sanguineum|,Sapindaceae,Acer,Tree,,Arnold Arboretum living collection (Arboretum Explorer)
Acer palmatum 'Sherwood Flame',Cultivar of Japanese Maple,,Sapindaceae,Acer,,,Arnold Arboretum living collection (Arboretum Explorer)
Acer palmatum 'Shigitatsu',Cultivar of Japanese Maple,,Sapindaceae,Acer,Tree,,Arnold Arboretum living collection (Arboretum Explorer)
Acer palmatum 'Spring Delight',Cultivar of Japanese Maple,,Sapindaceae,Acer,Tree,3.6,Arnold Arboretum living collection (Arboretum Explorer)
Acer palmatum 'Warwick Red',Cultivar of Japanese Maple,,Sapindaceae,Acer,Tree,2.4,Arnold Arboretum living collection (Arboretum Explorer)
Acer palmatum 'Watnong',Cultivar of Japanese Maple,,Sapindaceae,Acer,Shrub,,Arnold Arboretum living collection (Arboretum Explorer)
Acer palmatum 'Yatsubusa',Cultivar of Japanese Maple,,Sapindaceae,Acer,Tree,,Arnold Arboretum living collection (Arboretum Explorer)
Acer palmatum (variant),Japanese Maple,,Sapindaceae,Acer,Tree,,Arnold Arboretum living collection (Arboretum Explorer)
Acer palmatum forma atropurpureum,Red Leaf Japanese Maple,|Acer palmatum 'Atropurpureum'|,Sapindaceae,Acer,Tree,32.0,Arnold Arboretum living collection (Arboretum Explorer)
Acer palmatum forma chisio,Cultivar of Japanese Maple,,Sapindaceae,Acer,Tree,,Arnold Arboretum living collection (Arboretum Explorer)
Acer palmatum forma dissectum 'Viridis',Cultivar of Japanese Maple,,Sapindaceae,Acer,Tree,,Arnold Arboretum living collection (Arboretum Explorer)
Acer palmatum ssp. amoenum,,|Acer palmatum var. amoenum|Acer palmatum var. heptalobum|Acer palmatum var. septemlobum|Acer palmatum ssp. amoenum 'Heptalobum'|,Sapindaceae,Acer,Tree,8.2,Arnold Arboretum living collection (Arboretum Explorer)
Acer palmatum ssp. palmatum,Japanese Maple,|Acer palmatum var. palmatum|,Sapindaceae,Acer,Tree,,Arnold Arboretum living collection (Arboretum Explorer)
Acer palmatum var. coreanum,,,Sapindaceae,Acer,Tree,,Arnold Arboretum living collection (Arboretum Explorer)
Acer palmatum var. matsumurae,Variant of Japanese Maple,,Sapindaceae,Acer,Tree,,Arnold Arboretum living collection (Arboretum Explorer)
Acer pectinatum ssp. forrestii,,,Sapindaceae,Acer,Tree,,Arnold Arboretum living collection (Arboretum Explorer)
Acer pectinatum ssp. laxiflorum,,|Acer laxiflorum|,Sapindaceae,Acer,Tree,,Arnold Arboretum living collection (Arboretum Explorer)
Acer pectinatum ssp. maximowiczii,,|Acer maximowiczii|,Sapindaceae,Acer,Intermediate (shrub/tree),4.9,Arnold Arboretum living collection (Arboretum Explorer)
Acer pensylvanicum,Moosewood,,Sapindaceae,Acer,Tree,13.1,Arnold Arboretum living collection (Arboretum Explorer)
Acer pensylvanicum 'Erythrocladum',Cultivar of Striped Maple,|Acer pensylvanicum forma erythrocladum|,Sapindaceae,Acer,Tree,,Arnold Arboretum living collection (Arboretum Explorer)
Acer platanoides,Norway Maple,,Sapindaceae,Acer,Tree,,Arnold Arboretum living collection (Arboretum Explorer)
Acer platanoides 'Argutum',Cultivar of Norway Maple,,Sapindaceae,Acer,Tree,40.0,Arnold Arboretum living collection (Arboretum Explorer)
Acer platanoides 'Chas. F. Irish',Cultivar of Norway Maple,|Acer platanoides 'Irish'|,Sapindaceae,Acer,Tree,,Arnold Arboretum living collection (Arboretum Explorer)
Acer platanoides 'Cleveland',Cultivar of Norway Maple,,Sapindaceae,Acer,Tree,,Arnold Arboretum living collection (Arboretum Explorer)
Acer platanoides 'Columnare',Cultivar of Norway Maple,|Acer platanoides forma columnare|,Sapindaceae,Acer,Tree,35.0,Arnold Arboretum living collection (Arboretum Explorer)
Acer platanoides 'Crimson King',Cultivar of Norway Maple,,Sapindaceae,Acer,Tree,,Arnold Arboretum living collection (Arboretum Explorer)
Acer platanoides 'Cucullatum',Cultivar of Norway Maple,|Acer platanoides forma crispum|Acer platanoides 'Crispum'|,Sapindaceae,Acer,Tree,,Arnold Arboretum living collection (Arboretum Explorer)
Acer platanoides 'Dissectum',Cultivar of Norway Maple,,Sapindaceae,Acer,Tree,25.0,Arnold Arboretum living collection (Arboretum Explorer)
Acer platanoides 'Emerald Queen',Cultivar of Norway Maple,,Sapindaceae,Acer,Tree,,Arnold Arboretum living collection (Arboretum Explorer)
Acer platanoides 'Erectum',Cultivar of Norway Maple,|Acer platanoides forma erectum|,Sapindaceae,Acer,Tree,,Arnold Arboretum living collection (Arboretum Explorer)
Acer platanoides 'Faassen's Black',Cultivar of Norway Maple,|Acer platanoides 'Faassens Black'|,Sapindaceae,Acer,Tree,,Arnold Arboretum living collection (Arboretum Explorer)
Acer platanoides 'Globosum',Cultivar of Norway Maple,|Acer platanoides forma globosum|,Sapindaceae,Acer,Tree,6.0,Arnold Arboretum living collection (Arboretum Explorer)
Acer platanoides 'Goldsworth Purple',Cultivar of Norway Maple,,Sapindaceae,Acer,Tree,,Arnold Arboretum living collection (Arboretum Explorer)
Acer platanoides 'Natorp',Cultivar of Norway Maple,,Sapindaceae,Acer,Tree,,Arnold Arboretum living collection (Arboretum Explorer)
Acer platanoides 'Rubrum',Cultivar of Norway Maple,|Acer platanoides forma rubrum|,Sapindaceae,Acer,Tree,,Arnold Arboretum living collection (Arboretum Explorer)
Acer platanoides 'Schwedleri',Cultivar of Norway Maple,|Acer platanoides forma schwedleri|,Sapindaceae,Acer,Tree,,Arnold Arboretum living collection (Arboretum Explorer)
Acer platanoides 'Stand Fast',Cultivar of Norway Maple,,Sapindaceae,Acer,Tree,5.6,Arnold Arboretum living collection (Arboretum Explorer)
Acer platanoides 'Summershade',Cultivar of Norway Maple,,Sapindaceae,Acer,Tree,,Arnold Arboretum living collection (Arboretum Explorer)
Acer platanoides 'Superform',Cultivar of Norway Maple,|Acer platanoides 'Miller'|Acer platanoides 'Miller's Superform'|,Sapindaceae,Acer,Tree,,Arnold Arboretum living collection (Arboretum Explorer)
Acer platanoides 'Undulatum',Cultivar of Norway Maple,,Sapindaceae,Acer,Tree,40.0,Arnold Arboretum living collection (Arboretum Explorer)
Acer platanoides 'Walderseei',Cultivar of Norway Maple,,Sapindaceae,Acer,Tree,16.0,Arnold Arboretum living collection (Arboretum Explorer)
Acer pseudoplatanus,Sycamore Maple,|Acer pseudo-platanus|,Sapindaceae,Acer,Tree,3.6,Arnold Arboretum living collection (Arboretum Explorer)
Acer pseudoplatanus 'Erectum',Cultivar of Sycamore Maple,,Sapindaceae,Acer,Tree,,Arnold Arboretum living collection (Arboretum Explorer)
Acer pseudoplatanus 'Leopoldii',Cultivar of Sycamore Maple,|Acer pseudo-platanus forma leopoldii|,Sapindaceae,Acer,Tree,,Arnold Arboretum living collection (Arboretum Explorer)
Acer pseudoplatanus 'Lutescens',,,Sapindaceae,Acer,,4.0,Arnold Arboretum living collection (Arboretum Explorer)
Acer pseudoplatanus 'Nizetii',Nizet Sycamore Maple,,Sapindaceae,Acer,Tree,,Arnold Arboretum living collection (Arboretum Explorer)
Acer pseudoplatanus 'Prinz Handjery',Cultivar of Sycamore Maple,,Sapindaceae,Acer,Shrub,78.0,Arnold Arboretum living collection (Arboretum Explorer)
Acer pseudoplatanus 'Pyramidale',Cultivar of Sycamore Maple,,Sapindaceae,Acer,Tree,8.0,Arnold Arboretum living collection (Arboretum Explorer)
Acer pseudoplatanus forma erythrocarpum,,,Sapindaceae,Acer,Tree,,Arnold Arboretum living collection (Arboretum Explorer)
Acer pseudoplatanus forma purpureum,,,Sapindaceae,Acer,Tree,,Arnold Arboretum living collection (Arboretum Explorer)
Acer pseudosieboldianum,Korean Maple,|Acer okamotoi|,Sapindaceae,Acer,Intermediate (shrub/tree),6.2,Arnold Arboretum living collection (Arboretum Explorer)
Acer pseudosieboldianum ssp. takesimense,Takeshima Maple,,Sapindaceae,Acer,Tree,,Arnold Arboretum living collection (Arboretum Explorer)
Acer pseudosieboldianum var. koreanum,,,Sapindaceae,Acer,Tree,,Arnold Arboretum living collection (Arboretum Explorer)
Acer pubinerve,,,Sapindaceae,Acer,Tree,,Arnold Arboretum living collection (Arboretum Explorer)
Acer pubipalmatum,,,Sapindaceae,Acer,Tree,14.1,Arnold Arboretum living collection (Arboretum Explorer)
Acer pycnanthum,Hana kaede,,Sapindaceae,Acer,Tree,4.6,Arnold Arboretum living collection (Arboretum Explorer)
Acer rubrum,Red Maple,,Sapindaceae,Acer,Tree,6.9,Arnold Arboretum living collection (Arboretum Explorer)
Acer rubrum 'Armstrong',Cultivar of Red Maple,,Sapindaceae,Acer,Tree,,Arnold Arboretum living collection (Arboretum Explorer)
Acer rubrum 'Columnare',Cultivar of Red Maple,|Acer rubrum forma columnare|,Sapindaceae,Acer,Tree,35.0,Arnold Arboretum living collection (Arboretum Explorer)
Acer rubrum 'Franksred',Cultivar of Red Maple,|Acer rubrum 'Red Sunset'|,Sapindaceae,Acer,Tree,,Arnold Arboretum living collection (Arboretum Explorer)
Acer rubrum 'Gerling',Cultivar of Red Maple,,Sapindaceae,Acer,Tree,,Arnold Arboretum living collection (Arboretum Explorer)
Acer rubrum 'October Glory',Cultivar of Red Maple,,Sapindaceae,Acer,Tree,,Arnold Arboretum living collection (Arboretum Explorer)
Acer rubrum 'Scanlon',Cultivar of Red Maple,,Sapindaceae,Acer,Tree,,Arnold Arboretum living collection (Arboretum Explorer)
Acer rubrum 'Schlesingeri',Cultivar of Red Maple,,Sapindaceae,Acer,Tree,,Arnold Arboretum living collection (Arboretum Explorer)
Acer rubrum 'Tilford',Cultivar of Red Maple,,Sapindaceae,Acer,Tree,,Arnold Arboretum living collection (Arboretum Explorer)
Acer rubrum 'Walters',Cultivar of Red Maple,,Sapindaceae,Acer,Tree,35.0,Arnold Arboretum living collection (Arboretum Explorer)
Acer rubrum var. trilobum,Variety of Red Maple,,Sapindaceae,Acer,Tree,,Arnold Arboretum living collection (Arboretum Explorer)
Acer rufinerve,Redvein Maple,,Sapindaceae,Acer,Tree,7.9,Arnold Arboretum living collection (Arboretum Explorer)
Acer rufinerve 'Silver Splash',,,Sapindaceae,Acer,Tree,,Arnold Arboretum living collection (Arboretum Explorer)
Acer rufinerve 'Winter Gold',Cultivar of Redvein Maple,,Sapindaceae,Acer,Tree,,Arnold Arboretum living collection (Arboretum Explorer)
Acer saccharinum,Silver Maple,,Sapindaceae,Acer,Tree,,Arnold Arboretum living collection (Arboretum Explorer)
Acer saccharinum 'Beebe Cutleaf Weeping',Cultivar of Silver Maple,,Sapindaceae,Acer,Tree,,Arnold Arboretum living collection (Arboretum Explorer)
Acer saccharinum 'Blair',Cultivar of Silver Maple,,Sapindaceae,Acer,Tree,,Arnold Arboretum living collection (Arboretum Explorer)
Acer saccharinum 'Golden',Cultivar of Silver Maple,,Sapindaceae,Acer,Tree,35.0,Arnold Arboretum living collection (Arboretum Explorer)
Acer saccharinum 'Heterophyllum',Cultivar of Silver Maple,,Sapindaceae,Acer,Tree,,Arnold Arboretum living collection (Arboretum Explorer)
Acer saccharinum 'Laciniatum',Cultivar of Silver Maple,|Acer saccharinum forma laciniatum|,Sapindaceae,Acer,,,Arnold Arboretum living collection (Arboretum Explorer)
Acer saccharinum 'Lutescens',Cultivar of Silver Maple,|Acer saccharinum forma lutescens|,Sapindaceae,Acer,Tree,,Arnold Arboretum living collection (Arboretum Explorer)
Acer saccharinum 'Pyramidale',,|Acer saccharinum forma pyramidale|,Sapindaceae,Acer,Tree,67.8,Arnold Arboretum living collection (Arboretum Explorer)
Acer saccharum,Sugar Maple,|Acer saccharophorum|Aster saccharum|,Sapindaceae,Acer,Tree,,Arnold Arboretum living collection (Arboretum Explorer)
Acer saccharum 'Globosum',Cultivar of Sugar Maple,,Sapindaceae,Acer,Tree,48.3,Arnold Arboretum living collection (Arboretum Explorer)
Acer saccharum 'Newton Sentry',Cultivar of Sugar Maple,,Sapindaceae,Acer,Tree,6.9,Arnold Arboretum living collection (Arboretum Explorer)
Acer saccharum 'Pyramidal',Cultivar of Sugar Maple,,Sapindaceae,Acer,Tree,,Arnold Arboretum living collection (Arboretum Explorer)
Acer saccharum 'Sweet Shadow',Cultivar of Sugar Maple,,Sapindaceae,Acer,Tree,,Arnold Arboretum living collection (Arboretum Explorer)
Acer saccharum 'Temple's Upright',Cultivar of Sugar Maple,,Sapindaceae,Acer,Tree,59.0,Arnold Arboretum living collection (Arboretum Explorer)
Acer saccharum ssp. floridanum,Southern Sugar Maple,|Acer barbatum|,Sapindaceae,Acer,Tree,4.3,Arnold Arboretum living collection (Arboretum Explorer)
Acer saccharum ssp. leucoderme,Chalk Maple,|Acer leucoderme|,Sapindaceae,Acer,Intermediate (shrub/tree),5.2,Arnold Arboretum living collection (Arboretum Explorer)
Acer saccharum ssp. nigrum,Black Maple,|Acer nigrum|,Sapindaceae,Acer,Tree,7.2,Arnold Arboretum living collection (Arboretum Explorer)
Acer saccharum ssp. nigrum 'Slavin's Upright',Cultivar of Sugar Maple,|Acer nigrum 'Slavin's Upright'|,Sapindaceae,Acer,,,Arnold Arboretum living collection (Arboretum Explorer)
Acer saccharum ssp. saccharum,Sugar Maple,,Sapindaceae,Acer,Tree,,Arnold Arboretum living collection (Arboretum Explorer)
Acer saccharum var. rugelii,Rugel Sugar Maple,,Sapindaceae,Acer,Tree,6.2,Arnold Arboretum living collection (Arboretum Explorer)
Acer shenkanense,,,Sapindaceae,Acer,Tree,,Arnold Arboretum living collection (Arboretum Explorer)
Acer shirasawanum 'Jordan',Cultivar of Shirasawa's Maple,,Sapindaceae,Acer,Tree,,Arnold Arboretum living collection (Arboretum Explorer)
Acer shirasawanum 'Palmatifolium',Cultivar of Shirasawa's Maple,|Acer shirasawanum var. palmatifolium|,Sapindaceae,Acer,Tree,,Arnold Arboretum living collection (Arboretum Explorer)
Acer shirasawanum var. tenuifolium,,|Acer tenuifolium|,Sapindaceae,Acer,Tree,,Arnold Arboretum living collection (Arboretum Explorer)
Acer sieboldianum,Siebold Maple,,Sapindaceae,Acer,Tree,15.0,Arnold Arboretum living collection (Arboretum Explorer)
Acer sp.,Maple,,Sapindaceae,Acer,Intermediate (shrub/tree),15.0,Arnold Arboretum living collection (Arboretum Explorer)
Acer spicatum,Mountain Maple,,Sapindaceae,Acer,Intermediate (shrub/tree),7.9,Arnold Arboretum living collection (Arboretum Explorer)
Acer stachyophyllum,,|Acer tetramerum|,Sapindaceae,Acer,Tree,7.8,Arnold Arboretum living collection (Arboretum Explorer)
Acer stachyophyllum ssp. betulifolium,,|Acer tetramerum var. betulifolium|,Sapindaceae,Acer,Tree,7.9,Arnold Arboretum living collection (Arboretum Explorer)
Acer tataricum ssp. aidzuense,,|Acer ginnala var. aidzuense|Acer aizuense|Acer ginnala var. yezoense|,Sapindaceae,Acer,Tree,,Arnold Arboretum living collection (Arboretum Explorer)
Acer tataricum ssp. ginnala,,|Acer ginnala|,Sapindaceae,Acer,Tree,,Arnold Arboretum living collection (Arboretum Explorer)
Acer tataricum ssp. semenovii,,|Acer semenovii|Acer ginnala var. semenovii|,Sapindaceae,Acer,Tree,,Arnold Arboretum living collection (Arboretum Explorer)
Acer tataricum ssp. tataricum,Tatarian Maple,|Acer tataricum|Acer cordifolium|Acer tartarinum|,Sapindaceae,Acer,Tree,7.2,Arnold Arboretum living collection (Arboretum Explorer)
Acer tegmentosum,Manchu Striped Maple,,Sapindaceae,Acer,Tree,,Arnold Arboretum living collection (Arboretum Explorer)
Acer triflorum,Three-flowered Maple,,Sapindaceae,Acer,Tree,,Arnold Arboretum living collection (Arboretum Explorer)
Acer truncatum,Purpleblow Maple,,Sapindaceae,Acer,Tree,,Arnold Arboretum living collection (Arboretum Explorer)
Acer tschonoskii ssp. tschonoskii,Tschonosk Maple,,Sapindaceae,Acer,Tree,,Arnold Arboretum living collection (Arboretum Explorer)
Acer tsinglingense,,,Sapindaceae,Acer,Tree,,Arnold Arboretum living collection (Arboretum Explorer)
Acer turkestanicum,,|Acer lobelii|,Sapindaceae,Acer,Tree,,Arnold Arboretum living collection (Arboretum Explorer)
Acer velutinum,Velvet Maple,,Sapindaceae,Acer,Tree,,Arnold Arboretum living collection (Arboretum Explorer)
Acer x dieckii,Dieck Maple,,Sapindaceae,Acer,Tree,,Arnold Arboretum living collection (Arboretum Explorer)
Acer x freemanii,Freeman Maple,,Sapindaceae,Acer,Tree,,Arnold Arboretum living collection (Arboretum Explorer)
Acer x hillieri,,,Sapindaceae,Acer,Tree,,Arnold Arboretum living collection (Arboretum Explorer)
Acer x zoeschense,,|Acer neglectum|,Sapindaceae,Acer,Tree,,Arnold Arboretum living collection (Arboretum Explorer)
Acer yui,,,Sapindaceae,Acer,Tree,6.6,Arnold Arboretum living collection (Arboretum Explorer)
Achillea millefolium,Common Yarrow,,Asteraceae,Achillea,Herbaceous,,Arnold Arboretum living collection (Arboretum Explorer)
Aconitum barbatum var. puberulum,,,Ranunculaceae,Aconitum,Herbaceous,,Arnold Arboretum living collection (Arboretum Explorer)
Aconitum sinomontanum,Chinese Monkshood,,Ranunculaceae,Aconitum,Herbaceous,,Arnold Arboretum living collection (Arboretum Explorer)
Actaea racemosa,Black Bugbane,,Ranunculaceae,Actaea,Herbaceous,5.6,Arnold Arboretum living collection (Arboretum Explorer)
Actinidia arguta,Bower Actinidia,|Actinidia purpurea|,Actinidiaceae,Actinidia,Vine,3.0,Arnold Arboretum living collection (Arboretum Explorer)
Actinidia callosa var. henryi,,,Actinidiaceae,Actinidia,Shrub,1.6,Arnold Arboretum living collection (Arboretum Explorer)
Actinidia chinensis,Chinese Gooseberry,,Actinidiaceae,Actinidia,Vine,18.0,Arnold Arboretum living collection (Arboretum Explorer)
Actinidia chinensis 'Bruno' x arguta,Cultivar of Actinidia,,Actinidiaceae,Actinidia,Vine,,Arnold Arboretum living collection (Arboretum Explorer)
Actinidia coriacea,,,Actinidiaceae,Actinidia,Vine,,Arnold Arboretum living collection (Arboretum Explorer)
Actinidia kolomikta,Kolomikta Kiwi,,Actinidiaceae,Actinidia,Vine,2.0,Arnold Arboretum living collection (Arboretum Explorer)
Actinidia kolomikta 'Aromatnaya',,,Actinidiaceae,Actinidia,Vine,,Arnold Arboretum living collection (Arboretum Explorer)
Actinidia kolomikta 'Krupnoplodnaya',Cultivar of Kolomikta Kiwi,,Actinidiaceae,Actinidia,Vine,,Arnold Arboretum living collection (Arboretum Explorer)
Actinidia kolomikta 'Matovaya',,,Actinidiaceae,Actinidia,Vine,,Arnold Arboretum living collection (Arboretum Explorer)
Actinidia kolomikta 'Nahodka',,,Actinidiaceae,Actinidia,Vine,,Arnold Arboretum living collection (Arboretum Explorer)
Actinidia kolomikta 'Pautske',,,Actinidiaceae,Actinidia,Vine,,Arnold Arboretum living collection (Arboretum Explorer)
Actinidia kolomikta 'Pavlovskaya',Cultivar of Actinidia,,Actinidiaceae,Actinidia,Vine,,Arnold Arboretum living collection (Arboretum Explorer)
Actinidia kolomikta 'Sentyabrskaya',,,Actinidiaceae,Actinidia,Vine,,Arnold Arboretum living collection (Arboretum Explorer)
Actinidia kolomikta 'Urozhaynaya',,,Actinidiaceae,Actinidia,Vine,6.6,Arnold Arboretum living collection (Arboretum Explorer)
Actinidia macrosperma,,,Actinidiaceae,Actinidia,Vine,,Arnold Arboretum living collection (Arboretum Explorer)
Actinidia melanandra,,,Actinidiaceae,Actinidia,Vine,,Arnold Arboretum living collection (Arboretum Explorer)
Actinidia polygama,Silvervine,|Actinidia repanda|,Actinidiaceae,Actinidia,Vine,3.0,Arnold Arboretum living collection (Arboretum Explorer)
Actinidia x fairchildii,,,Actinidiaceae,Actinidia,Vine,,Arnold Arboretum living collection (Arboretum Explorer)
Adiantum pedatum,Maidenhair Fern,,Polypodiaceae,Adiantum,Herbaceous,,Arnold Arboretum living collection (Arboretum Explorer)
Adiantum venustum,,,Polypodiaceae,Adiantum,Herbaceous,,Arnold Arboretum living collection (Arboretum Explorer)
Adonis amurensis,Amur Adonis,,Ranunculaceae,Adonis,Herbaceous,,Arnold Arboretum living collection (Arboretum Explorer)
Aesculus chinensis,,,Sapindaceae,Aesculus,Tree,7.5,Arnold Arboretum living collection (Arboretum Explorer)
Aesculus chinensis var. chinensis,Chinese Horsechestnut,,Sapindaceae,Aesculus,Tree,,Arnold Arboretum living collection (Arboretum Explorer)
Aesculus flava,Yellow Buckeye,|Aesculus octandra|Aesculus octandra forma vestita|Aesculus octandra forma virginica|,Sapindaceae,Aesculus,Tree,20.5,Arnold Arboretum living collection (Arboretum Explorer)
Aesculus glabra,Ohio Buckeye,,Sapindaceae,Aesculus,Tree,1.4,Arnold Arboretum living collection (Arboretum Explorer)
Aesculus glabra var. arguta,Texas Buckeye,|Aesculus arguta|,Sapindaceae,Aesculus,Intermediate (shrub/tree),,Arnold Arboretum living collection (Arboretum Explorer)
Aesculus glabra var. glabra,Ohio Buckeye,|Aesculus glabra forma pallida|,Sapindaceae,Aesculus,Tree,5.2,Arnold Arboretum living collection (Arboretum Explorer)
Aesculus glabra var. nana,,,Sapindaceae,Aesculus,Tree,1.6,Arnold Arboretum living collection (Arboretum Explorer)
Aesculus glabra x (flava x pavia),,,Sapindaceae,Aesculus,,,Arnold Arboretum living collection (Arboretum Explorer)
Aesculus hippocastanum,Horsechestnut,,Sapindaceae,Aesculus,Tree,,Arnold Arboretum living collection (Arboretum Explorer)
Aesculus hippocastanum 'Baumanii',Cultivar of Horsechestnut,,Sapindaceae,Aesculus,Tree,,Arnold Arboretum living collection (Arboretum Explorer)
Aesculus hippocastanum 'Laciniata',,,Sapindaceae,Aesculus,,,Arnold Arboretum living collection (Arboretum Explorer)
Aesculus hippocastanum 'Umbraculifera',,,Sapindaceae,Aesculus,Tree,,Arnold Arboretum living collection (Arboretum Explorer)
Aesculus hippocastanum 'Wisselink',,,Sapindaceae,Aesculus,,,Arnold Arboretum living collection (Arboretum Explorer)
Aesculus parviflora,Bottlebrush Buckeye,,Sapindaceae,Aesculus,Shrub,14.1,Arnold Arboretum living collection (Arboretum Explorer)
Aesculus parviflora forma serotina,Late Bottlebrush Buckeye,,Sapindaceae,Aesculus,Shrub,6.6,Arnold Arboretum living collection (Arboretum Explorer)
Aesculus pavia,Red Buckeye,,Sapindaceae,Aesculus,Intermediate (shrub/tree),13.0,Arnold Arboretum living collection (Arboretum Explorer)
Aesculus pavia var. flavescens,Texas Yellow Buckeye,,Sapindaceae,Aesculus,Shrub,1.9,Arnold Arboretum living collection (Arboretum Explorer)
Aesculus sp.,,,Sapindaceae,Aesculus,Tree,,Arnold Arboretum living collection (Arboretum Explorer)
Aesculus sylvatica,Painted Buckeye,|Aesculus silvatica|Aesculus neglecta|Aesculus neglecta var. georgiana|,Sapindaceae,Aesculus,Shrub,,Arnold Arboretum living collection (Arboretum Explorer)
Aesculus turbinata,Japanese Horsechestnut,,Sapindaceae,Aesculus,Tree,,Arnold Arboretum living collection (Arboretum Explorer)
Aesculus x bushii,Bush's Chestnut,|Aesculus x mississippiensis|,Sapindaceae,Aesculus,Tree,,Arnold Arboretum living collection (Arboretum Explorer)
Aesculus x carnea,Red Horsechestnut,|Aesculus rubicunda|,Sapindaceae,Aesculus,Tree,,Arnold Arboretum living collection (Arboretum Explorer)
Aesculus x carnea 'Briotii',Cultivar of Red Horsechestnut,|Aesculus carnea var. briotii|,Sapindaceae,Aesculus,Tree,,Arnold Arboretum living collection (Arboretum Explorer)
Aesculus x dupontii,Hybrid Buckeye,,Sapindaceae,Aesculus,Tree,,Arnold Arboretum living collection (Arboretum Explorer)
Aesculus x hybrida,Hybrid Buckeye,|Aesculus x lyonii|Aesculus x versicolor|Aesculus flava x pavia|Aesculus x arnoldiana|,Sapindaceae,Aesculus,Tree,,Arnold Arboretum living collection (Arboretum Explorer)
Aesculus x mutabilis,Hybrid Horsechestnut,|Aesculus pavia x sylvatica|Aesculus sylvatica x pavia|,Sapindaceae,Aesculus,Tree,4.6,Arnold Arboretum living collection (Arboretum Explorer)
Aesculus x plantierensis,Damask Horsechestnut,|Aesculus x carnea forma plantierensis|,Sapindaceae,Aesculus,Tree,,Arnold Arboretum living collection (Arboretum Explorer)
Agalinis decemloba,Ten-lobed False Foxglove,|Agalinis acuta|,Orobanchaceae,Agalinis,,,Arnold Arboretum living collection (Arboretum Explorer)
Ageratina altissima var. altissima,Common White Snakeroot,|Eupatorium urticifolium|,Asteraceae,Ageratina,Herbaceous,1.0,Arnold Arboretum living collection (Arboretum Explorer)
Ailanthus altissima,Tree-of-Heaven,,Simaroubaceae,Ailanthus,Tree,,Arnold Arboretum living collection (Arboretum Explorer)
Ailanthus altissima forma erythrocarpa,Red-fruited Tree of Heaven,,Simaroubaceae,Ailanthus,Tree,,Arnold Arboretum living collection (Arboretum Explorer)
Ailanthus altissima var. sutchuenensis,Sichuan Tree of Heaven,|Ailanthus sutchuenensis|,Simaroubaceae,Ailanthus,Tree,,Arnold Arboretum living collection (Arboretum Explorer)
Ailanthus giraldii,Girald Ailanthus,|Ailanthus giraldii var. duclouxii|,Simaroubaceae,Ailanthus,Tree,,Arnold Arboretum living collection (Arboretum Explorer)
Ailanthus vilmoriniana,Vilmorin Ailanthus,,Simaroubaceae,Ailanthus,Tree,,Arnold Arboretum living collection (Arboretum Explorer)
Akebia quinata,Five-leaf Akebia,,Lardizabalaceae,Akebia,Vine,,Arnold Arboretum living collection (Arboretum Explorer)
Akebia quinata 'Rosea',Cultivar of Five-leaf Akebia,,Lardizabalaceae,Akebia,Vine,3.3,Arnold Arboretum living collection (Arboretum Explorer)
Akebia trifoliata,Threeleaf Akebia,,Lardizabalaceae,Akebia,Vine,,Arnold Arboretum living collection (Arboretum Explorer)
Akebia x pentaphylla,,,Lardizabalaceae,Akebia,Vine,,Arnold Arboretum living collection (Arboretum Explorer)
Albizia julibrissin,Silk Tree,,Fabaceae,Albizia,Tree,,Arnold Arboretum living collection (Arboretum Explorer)
Albizia julibrissin 'Ernest Wilson',Cultivar of Silk Tree,,Fabaceae,Albizia,Tree,,Arnold Arboretum living collection (Arboretum Explorer)
Albizia julibrissin 'Summer Chocolate',Cultivar of Silk tree,,Fabaceae,Albizia,Tree,5.9,Arnold Arboretum living collection (Arboretum Explorer)
Albizia kalkora,,|Albizzia kalkora|,Fabaceae,Albizia,Intermediate (shrub/tree),7.2,Arnold Arboretum living collection (Arboretum Explorer)
Alchemilla alpina,Alpine Lady's-Mantle,,Rosaceae,Alchemilla,Herbaceous,,Arnold Arboretum living collection (Arboretum Explorer)
Alchemilla erythropodoides,Dwarf Lady's Mantle,|Alchemilla erythropoda|,Rosaceae,Alchemilla,,,Arnold Arboretum living collection (Arboretum Explorer)
Alchemilla mollis 'Auslese',Cultivar of Lady's Mantle,,Rosaceae,Alchemilla,Herbaceous,,Arnold Arboretum living collection (Arboretum Explorer)
Allium cernuum,Nodding Onion,,Amaryllidaceae,Allium,Geophyte,,Arnold Arboretum living collection (Arboretum Explorer)
Alnus crispa,American Green Alder,|Alnus viridis ssp. crispa|Alnus viridis undulata|Alnus undulata|,Betulaceae,Alnus,Shrub,,Arnold Arboretum living collection (Arboretum Explorer)
Alnus fauriei,,,Betulaceae,Alnus,Tree,6.6,Arnold Arboretum living collection (Arboretum Explorer)
Alnus firma,Japanese Green Alder,|Alnus pendula|,Betulaceae,Alnus,Intermediate (shrub/tree),,Arnold Arboretum living collection (Arboretum Explorer)
Alnus firma var. hirtella,Variety of Japanese Green Alder,|Alnus yasha|,Betulaceae,Alnus,Intermediate (shrub/tree),,Arnold Arboretum living collection (Arboretum Explorer)
Alnus glutinosa,European Alder,|Alnus glutinosa ssp. barbata|Alnus glutinosa ssp. betuloides|Alnus glutinosa ssp. antitaurica|Alnus glutinosa ssp. glutinosa|Alnus glutinosa 'Holden'|Alnus glutinosa ssp. elliptica|Alnus elliptica|Alnus barbata|,Betulaceae,Alnus,Tree,35.0,Arnold Arboretum living collection (Arboretum Explorer)
Alnus glutinosa 'Holden',Cultivated Variety of European Alder,|Alnus glutinosa|,Betulaceae,Alnus,Tree,,Arnold Arboretum living collection (Arboretum Explorer)
Alnus glutinosa 'Imperialis',Cultivar of European Alder,|Alnus glutinosa forma imperialis|,Betulaceae,Alnus,Shrub,,Arnold Arboretum living collection (Arboretum Explorer)
Alnus glutinosa 'Laciniata',Cutleaf European Alder,|Alnus glutinosa forma laciniata|,Betulaceae,Alnus,Tree,,Arnold Arboretum living collection (Arboretum Explorer)
Alnus glutinosa ssp. betuloides,,|Alnus glutinosa|,Betulaceae,Alnus,Tree,,Arnold Arboretum living collection (Arboretum Explorer)
Alnus hirsuta,Manchurian Alder,|Alnus tinctoria|Alnus incana var. hirsuta|Alnus hirsuta var. sibirica|Alnus incana var. glauca|,Betulaceae,Alnus,Tree,,Arnold Arboretum living collection (Arboretum Explorer)
Alnus hirsuta var. microphylla,,,Betulaceae,Alnus,Tree,,Arnold Arboretum living collection (Arboretum Explorer)
Alnus incana,Speckled Alder,|Alnus incana forma monstrosa|Alnus incana var. orbicularis|,Betulaceae,Alnus,Tree,,Arnold Arboretum living collection (Arboretum Explorer)
Alnus incana 'Aurea',Yellowleaf Speckled Alder,|Alnus incana forma aurea|,Betulaceae,Alnus,Tree,,Arnold Arboretum living collection (Arboretum Explorer)
Alnus incana ssp. rugosa,,|Alnus rugosa|Alnus incana var. glauca|Alnus glauca|Alnus incana var. americana|Alnus incana var. glauca|,Betulaceae,Alnus,Tree,19.7,Arnold Arboretum living collection (Arboretum Explorer)
Alnus incana ssp. tenuifolia,Mountain Alder,|Alnus tenuifolia|Alnus tenuifolia var. occidentalis|Alnus occidentalis|,Betulaceae,Alnus,Tree,,Arnold Arboretum living collection (Arboretum Explorer)
Alnus japonica,Japanese Alder,|Alnus japonica forma arguta|,Betulaceae,Alnus,Tree,,Arnold Arboretum living collection (Arboretum Explorer)
Alnus mandshurica,,|Alnus fruticosa var. mandshurica|,Betulaceae,Alnus,Tree,,Arnold Arboretum living collection (Arboretum Explorer)
Alnus maritima,Seaside Alder,|Alnus oblongata|,Betulaceae,Alnus,Intermediate (shrub/tree),,Arnold Arboretum living collection (Arboretum Explorer)
Alnus maritima ssp. oklahomensis,,,Betulaceae,Alnus,Tree,6.9,Arnold Arboretum living collection (Arboretum Explorer)
Alnus maximowiczii,Maximowicz Alder,,Betulaceae,Alnus,Intermediate (shrub/tree),19.7,Arnold Arboretum living collection (Arboretum Explorer)
Alnus oblongifolia,New Mexican Alder,,Betulaceae,Alnus,Tree,,Arnold Arboretum living collection (Arboretum Explorer)
Alnus pendula,Nodding Alder,|Alnus firma var. multinervis|Alnus firma|,Betulaceae,Alnus,Tree,16.4,Arnold Arboretum living collection (Arboretum Explorer)
Alnus rubra,Red Alder,|Alnus oregona|,Betulaceae,Alnus,Tree,,Arnold Arboretum living collection (Arboretum Explorer)
Alnus serrulata,Hazel Alder,,Betulaceae,Alnus,Shrub,1.3,Arnold Arboretum living collection (Arboretum Explorer)
Alnus sieboldiana,Japanese Green Alder,,Betulaceae,Alnus,Intermediate (shrub/tree),14.8,Arnold Arboretum living collection (Arboretum Explorer)
Alnus sinuata,Sitka Alder,|Alnus sitchensis|Alnus viridis ssp. sinuata|,Betulaceae,Alnus,Intermediate (shrub/tree),3.0,Arnold Arboretum living collection (Arboretum Explorer)
Alnus sp.,,,Betulaceae,Alnus,Tree,,Arnold Arboretum living collection (Arboretum Explorer)
Alnus subcordata,Caucasian Alder,,Betulaceae,Alnus,Tree,,Arnold Arboretum living collection (Arboretum Explorer)
Alnus viridis,European Green Alder,|Alnus alnobetula|Alnus viridis var. ovata|,Betulaceae,Alnus,Shrub,3.6,Arnold Arboretum living collection (Arboretum Explorer)
Alnus viridis ssp. fructicosa,Siberian alder,|Alnus fruticosa|,Betulaceae,Alnus,Tree,,Arnold Arboretum living collection (Arboretum Explorer)
Alnus x mayrii,,,Betulaceae,Alnus,Tree,,Arnold Arboretum living collection (Arboretum Explorer)
Alnus x spectabilis,,,Betulaceae,Alnus,Shrub,,Arnold Arboretum living collection (Arboretum Explorer)
Amelanchier alnifolia,Aler-Leaved Shadbush,,Rosaceae,Amelanchier,Intermediate (shrub/tree),7.5,Arnold Arboretum living collection (Arboretum Explorer)
Amelanchier alnifolia var. pumila,Dwarf Shadbush,|Amelanchier pumila|,Rosaceae,Amelanchier,Shrub,,Arnold Arboretum living collection (Arboretum Explorer)
Amelanchier alnifolia var. semiintegrifolia,Many-Flowered Shadbush,|Amelanchier oxyodon|Amelanchier florida|,Rosaceae,Amelanchier,Intermediate (shrub/tree),,Arnold Arboretum living collection (Arboretum Explorer)
Amelanchier arborea,Downy Shadbush,,Rosaceae,Amelanchier,Intermediate (shrub/tree),,Arnold Arboretum living collection (Arboretum Explorer)
Amelanchier asiatica,Asian Shadblow,,Rosaceae,Amelanchier,Intermediate (shrub/tree),,Arnold Arboretum living collection (Arboretum Explorer)
Amelanchier bartramiana,Mountain Shadbush,|Amelanchier oligocarpa|,Rosaceae,Amelanchier,Shrub,7.5,Arnold Arboretum living collection (Arboretum Explorer)
Amelanchier canadensis var. canadensis,Thicket Serviceberry,|Amelanchier oblongifolia|Amelanchier oblongifolia var. canadensis|Amelanchier canadensis var. oblongifolia|Amelanchier sera|,Rosaceae,Amelanchier,Shrub,15.7,Arnold Arboretum living collection (Arboretum Explorer)
Amelanchier cusickii,Cusick's Shadbush,|Amelanchier alnifolia var. cusickii|,Rosaceae,Amelanchier,Shrub,9.8,Arnold Arboretum living collection (Arboretum Explorer)
Amelanchier interior,,|Amelanchier wiegandii|Amelanchier wiegardii|,Rosaceae,Amelanchier,Intermediate (shrub/tree),,Arnold Arboretum living collection (Arboretum Explorer)
Amelanchier intermedia,Intermediate Shadbush,,Rosaceae,Amelanchier,Intermediate (shrub/tree),,Arnold Arboretum living collection (Arboretum Explorer)
Amelanchier laevis,Smooth Shadbush,,Rosaceae,Amelanchier,Intermediate (shrub/tree),9.8,Arnold Arboretum living collection (Arboretum Explorer)
Amelanchier nantucketensis,Nantucket Shadbush,|Amelanchier oblongifolia var. micropetala|,Rosaceae,Amelanchier,Shrub,13.1,Arnold Arboretum living collection (Arboretum Explorer)
Amelanchier ovalis,Garden Shadblow,|Amelanchier vulgaris|Amelanchier rotundifolia|,Rosaceae,Amelanchier,Shrub,7.5,Arnold Arboretum living collection (Arboretum Explorer)
Amelanchier sanguinea,Red-Twigged Shadbush,,Rosaceae,Amelanchier,Intermediate (shrub/tree),,Arnold Arboretum living collection (Arboretum Explorer)
Amelanchier sinica,,|Amelanchier asiatica var. sinica|,Rosaceae,Amelanchier,Tree,7.5,Arnold Arboretum living collection (Arboretum Explorer)
Amelanchier sp.,,,Rosaceae,Amelanchier,Intermediate (shrub/tree),,Arnold Arboretum living collection (Arboretum Explorer)
Amelanchier spicata,Dwarf Shadblow,|Amelanchier x spicata|Amelanchier stolonifera|,Rosaceae,Amelanchier,Shrub,4.6,Arnold Arboretum living collection (Arboretum Explorer)
Amelanchier x aquehongensis,Juneberry,,Rosaceae,Amelanchier,Tree,,Arnold Arboretum living collection (Arboretum Explorer)
Amelanchier x grandiflora,Apple Serviceberry,,Rosaceae,Amelanchier,Intermediate (shrub/tree),,Arnold Arboretum living collection (Arboretum Explorer)
Amelanchier x grandiflora 'Rubescens',Cultivar of Apple Serviceberry,|Amelanchier x grandiflora forma rubescens|,Rosaceae,Amelanchier,Tree,,Arnold Arboretum living collection (Arboretum Explorer)
Amorpha canescens,Lead Plant,|Amorpha brachycarpa|Amorpha canescens forma glabrata|,Fabaceae,Amorpha,Shrub,,Arnold Arboretum living collection (Arboretum Explorer)
Amorpha fruticosa,Indigobush,|Amorpha virgata|Amorpha tennessensis|Amorpha croceolanata|Amorpha fragrans|Amorpha fruticosa var. coerulea|Amorpha fruticosa var. crispa|,Fabaceae,Amorpha,Shrub,13.1,Arnold Arboretum living collection (Arboretum Explorer)
Amorpha georgiana var. confusa,,,Fabaceae,Amorpha,Shrub,,Arnold Arboretum living collection (Arboretum Explorer)
Amorpha nana,Dwarf Indigobush,|Amorpha microphylla|,Fabaceae,Amorpha,Shrub,9.2,Arnold Arboretum living collection (Arboretum Explorer)
Amorpha nitens,Shining False Indigo,,Fabaceae,Amorpha,Shrub,4.9,Arnold Arboretum living collection (Arboretum Explorer)
Amorpha paniculata,Panicled False Indigo,,Fabaceae,Amorpha,Shrub,,Arnold Arboretum living collection (Arboretum Explorer)
Ampelopsis aconitifolia,Monkshood Vine,|Ampelopsis aconitifolia var. glabra|Cissus aconitifolia|Ampelopsis aconitifolia vitis|,Vitaceae,Ampelopsis,Vine,,Arnold Arboretum living collection (Arboretum Explorer)
Ampelopsis bodinieri,Bodinier Ampelopsis,|Ampelopsis micans|,Vitaceae,Ampelopsis,Vine,,Arnold Arboretum living collection (Arboretum Explorer)
Ampelopsis cordata,Heart-Leaved Peppervine,,Vitaceae,Ampelopsis,Vine,,Arnold Arboretum living collection (Arboretum Explorer)
Ampelopsis glandulosa var. brevipedunculata,Amur Peppervine,|Ampelopsis brevipedunculata|,Vitaceae,Ampelopsis,Vine,,Arnold Arboretum living collection (Arboretum Explorer)
Ampelopsis glandulosa var. brevipedunculata 'Citrulloides',,|Ampelopsis brevipedunculata forma citrulloides|Ampelopsis brevipedunculata 'Citrulloides'|,Vitaceae,Ampelopsis,,,Arnold Arboretum living collection (Arboretum Explorer)
Ampelopsis glandulosa var. brevipedunculata 'Elegans',Variegated Porcelainberry,|Ampelopsis brevipedunculata forma elegans|Ampelopsis brevipedunculata 'Elegans'|Ampelopsis brevipedunculata variegata|,Vitaceae,Ampelopsis,,,Arnold Arboretum living collection (Arboretum Explorer)
Ampelopsis glandulosa var. heterophylla,,|Ampelopsis brevipedunculata var. maximowiczii|Ampelopsis maximowiczii|Ampelopsis heterophylla|Ampelopsis regeliana|,Vitaceae,Ampelopsis,Vine,,Arnold Arboretum living collection (Arboretum Explorer)
Ampelopsis megalophylla,Spikenard Ampelopsis,,Vitaceae,Ampelopsis,Vine,,Arnold Arboretum living collection (Arboretum Explorer)
Amsonia hubrichtii,Bluestar,,Apocynaceae,Amsonia,Herbaceous,4.6,Arnold Arboretum living collection (Arboretum Explorer)
Andromeda glaucophylla,Downy Andromeda,|Andromeda polifolia var. latifolia||,Ericaceae,Andromeda,Shrub,,Arnold Arboretum living collection (Arboretum Explorer)
Andromeda polifolia,Bog Rosemary,,Ericaceae,Andromeda,Shrub,0.1,Arnold Arboretum living collection (Arboretum Explorer)
Andromeda polifolia 'Blue Ice',Cultivar of Bog Rosemary,,Ericaceae,Andromeda,Shrub,,Arnold Arboretum living collection (Arboretum Explorer)
Andropogon gerardii,Big Bluestem,,Poaceae,Andropogon,Herbaceous,,Arnold Arboretum living collection (Arboretum Explorer)
Anemone americana,Blunt-Lobed Hepatica,|Hepatica americana|Hepatica nobilis var. obtusa|Hepatica triloba var. obtusa|,Ranunculaceae,Anemone,Herbaceous,,Arnold Arboretum living collection (Arboretum Explorer)
Angelica gigas,Giant Angelica,,Apiaceae,Angelica,Herbaceous,4.9,Arnold Arboretum living collection (Arboretum Explorer)
Aquilegia canadensis,Red Columbine,,Ranunculaceae,Aquilegia,Herbaceous,,Arnold Arboretum living collection (Arboretum Explorer)
Aralia cachemirica,Kashmir Aralia,,Araliaceae,Aralia,Shrub,,Arnold Arboretum living collection (Arboretum Explorer)
Aralia californica,Elk Clover,,Araliaceae,Aralia,Herbaceous,4.3,Arnold Arboretum living collection (Arboretum Explorer)
Aralia chinensis,Chinese Angelica Tree,,Araliaceae,Aralia,Intermediate (shrub/tree),7.2,Arnold Arboretum living collection (Arboretum Explorer)
Aralia continentalis,Manchurian Spikenard,,Araliaceae,Aralia,Shrub,3.6,Arnold Arboretum living collection (Arboretum Explorer)
Aralia cordata 'Sun King',Cultivar of udo Aralia,,Araliaceae,Aralia,Herbaceous,4.6,Arnold Arboretum living collection (Arboretum Explorer)
Aralia cordata var. sachalinensis,,,Araliaceae,Aralia,Herbaceous,,Arnold Arboretum living collection (Arboretum Explorer)
Aralia elata,Japanese Angelica Tree,|Aralia chinensis var. elata|,Araliaceae,Aralia,Shrub,,Arnold Arboretum living collection (Arboretum Explorer)
Aralia elata var. canescens,Hoary Japanese Aralia,,Araliaceae,Aralia,Shrub,,Arnold Arboretum living collection (Arboretum Explorer)
Aralia elata var. elata,Japanese Aralia,,Araliaceae,Aralia,Shrub,,Arnold Arboretum living collection (Arboretum Explorer)
Aralia hispida,Bristly Sarsaparilla,,Araliaceae,Aralia,Herbaceous,,Arnold Arboretum living collection (Arboretum Explorer)
Aralia nudicaulis,Wild Sarsaparilla,,Araliaceae,Aralia,Vine,1.6,Arnold Arboretum living collection (Arboretum Explorer)
Aralia racemosa,American Spikenard,,Araliaceae,Aralia,Shrub,4.9,Arnold Arboretum living collection (Arboretum Explorer)
Aralia spinosa,Devil's Walking Stick,,Araliaceae,Aralia,Intermediate (shrub/tree),7.5,Arnold Arboretum living collection (Arboretum Explorer)
Araucaria araucana,Monkey-Puzzle,,Araucariaceae,Araucaria,Tree,3.3,Arnold Arboretum living collection (Arboretum Explorer)
Arctostaphylos uva-ursi,Bearberry,|Arctostaphylos uva-ursi ssp. coactilis|,Ericaceae,Arctostaphylos,Shrub,,Arnold Arboretum living collection (Arboretum Explorer)
Arctostaphylos uva-ursi 'Massachusetts',Cultivar of Bearberry,,Ericaceae,Arctostaphylos,Shrub,,Arnold Arboretum living collection (Arboretum Explorer)
Arisaema consanguineum,Himalaya Cobra Lily,,Araceae,Arisaema,Herbaceous,,Arnold Arboretum living collection (Arboretum Explorer)
Arisaema engleri,Cobra Lily,,Araceae,Arisaema,Herbaceous,,Arnold Arboretum living collection (Arboretum Explorer)
Arisaema erubescens,Cobra Lily,,Araceae,Arisaema,Herbaceous,,Arnold Arboretum living collection (Arboretum Explorer)
Arisaema heterophyllum,,,Araceae,Arisaema,Herbaceous,,Arnold Arboretum living collection (Arboretum Explorer)
Arisaema ringens,,,Araceae,Arisaema,Herbaceous,,Arnold Arboretum living collection (Arboretum Explorer)
Arisaema serratum,Sawtooth Cobra Lily,|Arisaema japonicum|,Araceae,Arisaema,Herbaceous,,Arnold Arboretum living collection (Arboretum Explorer)
Arisaema sikokianum,,|Arisaema sikokiana|,Araceae,Arisaema,,,Arnold Arboretum living collection (Arboretum Explorer)
Arisaema sp.,,,Araceae,Arisaema,Herbaceous,,Arnold Arboretum living collection (Arboretum Explorer)
Arisaema thunbergii ssp. urashima,Cobra Lily,,Araceae,Arisaema,Herbaceous,0.3,Arnold Arboretum living collection (Arboretum Explorer)
Arisaema triphyllum,Jack-in-the-Pulpit,||,Araceae,Arisaema,Herbaceous,,Arnold Arboretum living collection (Arboretum Explorer)
Aristolochia clematitis,Dutchman's Pipe,,Aristolochiaceae,Aristolochia,Vine,,Arnold Arboretum living collection (Arboretum Explorer)
Aristolochia contorta,Northern Pipevine,,Aristolochiaceae,Aristolochia,Vine,,Arnold Arboretum living collection (Arboretum Explorer)
Aristolochia macrophylla,Dutchman's Pipe,|Aristolochia durior|Aristolochia sipho|,Aristolochiaceae,Aristolochia,Vine,9.8,Arnold Arboretum living collection (Arboretum Explorer)
Aristolochia manshuriensis,Manchurian Dutchman's Pipe,,Aristolochiaceae,Aristolochia,Vine,9.8,Arnold Arboretum living collection (Arboretum Explorer)
Aristolochia tomentosa,Hairy Dutchman's Pipe,,Aristolochiaceae,Aristolochia,Vine,9.8,Arnold Arboretum living collection (Arboretum Explorer)
Aronia arbutifolia,Red Chokeberry,|Pyrus arbutifolia|Aronia pyrifolia|Aronia erythrocarpa|,Rosaceae,Aronia,Shrub,6.2,Arnold Arboretum living collection (Arboretum Explorer)
Aronia arbutifolia 'Brilliantissima',Cultivar of Red Chokeberry,,Rosaceae,Aronia,Shrub,6.2,Arnold Arboretum living collection (Arboretum Explorer)
Aronia melanocarpa,Black Chokeberry,|Aronia nigra|,Rosaceae,Aronia,Shrub,7.5,Arnold Arboretum living collection (Arboretum Explorer)
Aronia melanocarpa 'Autumn Magic',Cultivar of black chockberry,,Rosaceae,Aronia,Shrub,6.6,Arnold Arboretum living collection (Arboretum Explorer)
Aronia melanocarpa 'Morton',Cultivar of Black Chokeberry,,Rosaceae,Aronia,Shrub,6.6,Arnold Arboretum living collection (Arboretum Explorer)
Aronia melanocarpa 'UCONNAM165',Low Scape Mound® Black Chokeberry,,Rosaceae,Aronia,Shrub,1.6,Arnold Arboretum living collection (Arboretum Explorer)
Aronia melanocarpa 'Viking',,,Rosaceae,Aronia,Shrub,7.5,Arnold Arboretum living collection (Arboretum Explorer)
Aronia melanocarpa 'Wisley',Cultivar of Aronia,,Rosaceae,Aronia,Shrub,,Arnold Arboretum living collection (Arboretum Explorer)
Aronia melanocarpa var. elata,Glossy Chokeberry,,Rosaceae,Aronia,Shrub,,Arnold Arboretum living collection (Arboretum Explorer)
Aronia melanocarpa var. grandifolia,Variety of Black Chokeberry,,Rosaceae,Aronia,Shrub,,Arnold Arboretum living collection (Arboretum Explorer)
Aronia prunifolia 'Erecta',,,Rosaceae,Aronia,Shrub,,Arnold Arboretum living collection (Arboretum Explorer)
Aronia x prunifolia,Purple-Fruited Chokeberry,|Aronia x floribunda|,Rosaceae,Aronia,Shrub,7.9,Arnold Arboretum living collection (Arboretum Explorer)
Aruncus 'Misty Lace',Cultivar of Goatsbeard,,Rosaceae,Aruncus,,,Arnold Arboretum living collection (Arboretum Explorer)
Aruncus dioicus,Goatsbeard,,Rosaceae,Aruncus,Herbaceous,3.6,Arnold Arboretum living collection (Arboretum Explorer)
Aruncus dioicus var. dioicus,Goatsbeard,,Rosaceae,Aruncus,Herbaceous,3.9,Arnold Arboretum living collection (Arboretum Explorer)
Arundinaria funghamii,Bamboo,,Poaceae,Arundinaria,Herbaceous,,Arnold Arboretum living collection (Arboretum Explorer)
Arundinaria gigantea,Giant Cane,,Poaceae,Arundinaria,Herbaceous,,Arnold Arboretum living collection (Arboretum Explorer)
Arundinaria humilis,Low Bamboo,|Sasa humilis|,Poaceae,Arundinaria,Herbaceous,3.3,Arnold Arboretum living collection (Arboretum Explorer)
Arundinaria niitakayamensis,Bamboo,,Poaceae,Arundinaria,Herbaceous,,Arnold Arboretum living collection (Arboretum Explorer)
Arundinaria pumila,Ground Bamboo,|Sasa pumila|,Poaceae,Arundinaria,Herbaceous,,Arnold Arboretum living collection (Arboretum Explorer)
Arundinaria pygmaea,Pygmy Bamboo,,Poaceae,Arundinaria,Herbaceous,2.6,Arnold Arboretum living collection (Arboretum Explorer)
Arundinaria simonii,Simon Bamboo,,Poaceae,Arundinaria,Herbaceous,,Arnold Arboretum living collection (Arboretum Explorer)
Arundinaria simonii var. variegata,Variegated Simon Bamboo,,Poaceae,Arundinaria,Herbaceous,,Arnold Arboretum living collection (Arboretum Explorer)
Arundinaria variegata,Dwarf White-Stripe Bamboo,,Poaceae,Arundinaria,Herbaceous,,Arnold Arboretum living collection (Arboretum Explorer)
Arundinaria viridi-striata,Bamboo Cane,,Poaceae,Arundinaria,Herbaceous,4.9,Arnold Arboretum living collection (Arboretum Explorer)
Asarum canadense,Wild Ginger,,Aristolochiaceae,Asarum,Herbaceous,,Arnold Arboretum living collection (Arboretum Explorer)
Asarum europaeum,European Wild Ginger,,Aristolochiaceae,Asarum,Herbaceous,0.3,Arnold Arboretum living collection (Arboretum Explorer)
Asarum lemmonii,Lemmon Wild Ginger,,Aristolochiaceae,Asarum,Herbaceous,,Arnold Arboretum living collection (Arboretum Explorer)
Asarum splendens,Chinese Wild Ginger,|Heterotropa splendens|Asarum chingchengense|,Aristolochiaceae,Asarum,Herbaceous,0.3,Arnold Arboretum living collection (Arboretum Explorer)
Asclepias exaltata,Poke Milkweed,,Apocynaceae,Asclepias,Herbaceous,,Arnold Arboretum living collection (Arboretum Explorer)
Asclepias incarnata,Swamp Milkweed,,Apocynaceae,Asclepias,Herbaceous,,Arnold Arboretum living collection (Arboretum Explorer)
Asclepias syriaca,Common Milkweed,,Apocynaceae,Asclepias,Herbaceous,,Arnold Arboretum living collection (Arboretum Explorer)
Asclepias tuberosa,Butterfly Milkweed,,Apocynaceae,Asclepias,Herbaceous,,Arnold Arboretum living collection (Arboretum Explorer)
Asimina triloba,Pawpaw,,Annonaceae,Asimina,Intermediate (shrub/tree),7.2,Arnold Arboretum living collection (Arboretum Explorer)
Astilbe grandis,False Goat's Beard,,Saxifragaceae,Astilbe,Herbaceous,6.6,Arnold Arboretum living collection (Arboretum Explorer)
Astilbe rivularis,RIver Astilbe,,Saxifragaceae,Astilbe,Herbaceous,3.9,Arnold Arboretum living collection (Arboretum Explorer)
Astilbe thunbergii var. congesta,Thunberg's Astilbe,,Saxifragaceae,Astilbe,Herbaceous,,Arnold Arboretum living collection (Arboretum Explorer)
Astilboides tabularis,,|Rodgersia tabularis|,Saxifragaceae,Astilboides,Herbaceous,,Arnold Arboretum living collection (Arboretum Explorer)
Athyrium filix-femina var. angustum,Lady in Red Northern Lady Fern,,Polypodiaceae,Athyrium,,,Arnold Arboretum living collection (Arboretum Explorer)
Atriplex canescens,Flowering Saltbush,,Chenopodiaceae,Atriplex,Shrub,,Arnold Arboretum living collection (Arboretum Explorer)
Aucuba japonica 'Rozanne',Cultivar of Japanese Laurel,,Cornaceae,Aucuba,,,Arnold Arboretum living collection (Arboretum Explorer)
Aucuba japonica var. japonica,Japanese Aucuba,,Cornaceae,Aucuba,Shrub,3.6,Arnold Arboretum living collection (Arboretum Explorer)
Baccharis angustifolia,Saltwater False Willow,,Asteraceae,Baccharis,Shrub,,Arnold Arboretum living collection (Arboretum Explorer)
Baccharis halimifolia,Sea-Myrtle,,Asteraceae,Baccharis,Intermediate (shrub/tree),4.9,Arnold Arboretum living collection (Arboretum Explorer)
Baccharis salicina,Great Plains False Willow,,Asteraceae,Baccharis,Shrub,,Arnold Arboretum living collection (Arboretum Explorer)
Baptisia bracteata,Plains Wild Indigo,,Fabaceae,Baptisia,Herbaceous,1.3,Arnold Arboretum living collection (Arboretum Explorer)
Baptisia tinctoria,Yellow Wild Indigo,,Fabaceae,Baptisia,Herbaceous,,Arnold Arboretum living collection (Arboretum Explorer)
Berberis actinacantha,,,Berberidaceae,Berberis,Shrub,,Arnold Arboretum living collection (Arboretum Explorer)
Berberis aetnensis,,|Berberis vulgaris ssp. aetnensis|,Berberidaceae,Berberis,Shrub,1.6,Arnold Arboretum living collection (Arboretum Explorer)
Berberis aggregata,Salmon Barberry,,Berberidaceae,Berberis,Shrub,4.6,Arnold Arboretum living collection (Arboretum Explorer)
Berberis amurensis,Amur Barberry,"|Berberis vulgaris var. japonica|Berberis vulgaris var. amurensis|Berberis regeliana||Berberis amurensis var. japonica|Berberis ""Hokodata""|",Berberidaceae,Berberis,Shrub,12.5,Arnold Arboretum living collection (Arboretum Explorer)
Berberis amurensis var. latifolia,,,Berberidaceae,Berberis,Shrub,7.5,Arnold Arboretum living collection (Arboretum Explorer)
Berberis asiatica,Asiatic Barberry,,Berberidaceae,Berberis,Shrub,7.9,Arnold Arboretum living collection (Arboretum Explorer)
Berberis brachypoda,Yellowspike Barberry,,Berberidaceae,Berberis,Shrub,8.2,Arnold Arboretum living collection (Arboretum Explorer)
Berberis buxifolia 'Nana',Dwarf Magellan Barberry,|Berberis buxifolia forma nana|,Berberidaceae,Berberis,Shrub,,Arnold Arboretum living collection (Arboretum Explorer)
Berberis canadensis,Allegheny Barberry,,Berberidaceae,Berberis,Shrub,,Arnold Arboretum living collection (Arboretum Explorer)
Berberis candidula,Paleleaf Barberry,,Berberidaceae,Berberis,Shrub,3.3,Arnold Arboretum living collection (Arboretum Explorer)
Berberis chitria,Himalayan Barberry,,Berberidaceae,Berberis,Shrub,,Arnold Arboretum living collection (Arboretum Explorer)
Berberis circumserrata,Cutleaf Barberry,,Berberidaceae,Berberis,Shrub,,Arnold Arboretum living collection (Arboretum Explorer)
Berberis crataegina,,,Berberidaceae,Berberis,Shrub,11.5,Arnold Arboretum living collection (Arboretum Explorer)
Berberis dielsiana,Diels Barberry,,Berberidaceae,Berberis,Shrub,11.2,Arnold Arboretum living collection (Arboretum Explorer)
Berberis francisci-ferdinandi,Pendant Barberry,,Berberidaceae,Berberis,Shrub,7.2,Arnold Arboretum living collection (Arboretum Explorer)
Berberis gagnepainii,Black Barberry,,Berberidaceae,Berberis,Shrub,,Arnold Arboretum living collection (Arboretum Explorer)
Berberis gagnepainii 'Terra Nova',,,Berberidaceae,Berberis,Shrub,,Arnold Arboretum living collection (Arboretum Explorer)
Berberis gilgiana,Wildfire Barberry,,Berberidaceae,Berberis,Shrub,11.8,Arnold Arboretum living collection (Arboretum Explorer)
Berberis gyalaica,,,Berberidaceae,Berberis,Shrub,,Arnold Arboretum living collection (Arboretum Explorer)
Berberis jamesiana,,|Berberis integerrima|,Berberidaceae,Berberis,Shrub,,Arnold Arboretum living collection (Arboretum Explorer)
Berberis julianae,Wintergreen Barberry,,Berberidaceae,Berberis,Shrub,9.8,Arnold Arboretum living collection (Arboretum Explorer)
Berberis julianae 'Nana',Cultivar of Wintergreen Barberry,,Berberidaceae,Berberis,Shrub,7.9,Arnold Arboretum living collection (Arboretum Explorer)
Berberis koreana,Korean Barberry,,Berberidaceae,Berberis,Shrub,9.2,Arnold Arboretum living collection (Arboretum Explorer)
Berberis lecomtei,Lecomte Barberry,,Berberidaceae,Berberis,Shrub,7.5,Arnold Arboretum living collection (Arboretum Explorer)
Berberis lempergiana,,,Berberidaceae,Berberis,Shrub,,Arnold Arboretum living collection (Arboretum Explorer)
Berberis microphylla,Magellan Barberry,|Berberis buxifolia|Berberis heterophylla|,Berberidaceae,Berberis,Shrub,,Arnold Arboretum living collection (Arboretum Explorer)
Berberis poiretii,Poiret Barberry,,Berberidaceae,Berberis,Shrub,7.2,Arnold Arboretum living collection (Arboretum Explorer)
Berberis polyantha,Chrome Flower Barberry,,Berberidaceae,Berberis,Shrub,9.8,Arnold Arboretum living collection (Arboretum Explorer)
Berberis quelpaertensis,,|Berberis amurensis var. quelpaertensis|,Berberidaceae,Berberis,Shrub,9.2,Arnold Arboretum living collection (Arboretum Explorer)
Berberis thibetica,Tibetan Barberry,,Berberidaceae,Berberis,Shrub,12.5,Arnold Arboretum living collection (Arboretum Explorer)
Berberis thunbergii,Japanese Barberry,,Berberidaceae,Berberis,Shrub,7.9,Arnold Arboretum living collection (Arboretum Explorer)
Berberis thunbergii 'Atropurpurea',,|Berberis thunbergii forma atropurpurea|,Berberidaceae,Berberis,Shrub,,Arnold Arboretum living collection (Arboretum Explorer)
Berberis thunbergii 'Golden Ring',Cultivar of Japanese Barberry,|Berberis thunbergii forma atropurpurea 'Golden Ring'|,Berberidaceae,Berberis,Shrub,,Arnold Arboretum living collection (Arboretum Explorer)
Berberis thunbergii 'Inermis',Cultivar of Japanese Barberry,|Berberis thunbergii 'Thornless'|,Berberidaceae,Berberis,Shrub,4.9,Arnold Arboretum living collection (Arboretum Explorer)
Berberis thunbergii 'Minor',Box Barberry,|Berberis thunbergii forma minor|,Berberidaceae,Berberis,Shrub,42.0,Arnold Arboretum living collection (Arboretum Explorer)
Berberis thunbergii 'Redbird',,|Berberis thunbergii 'Red Bird'|,Berberidaceae,Berberis,Shrub,,Arnold Arboretum living collection (Arboretum Explorer)
Berberis thunbergii 'Rose Glow',Cultivar of Japanese Barberry,,Berberidaceae,Berberis,Shrub,7.5,Arnold Arboretum living collection (Arboretum Explorer)
Berberis thunbergii forma argenteo-marginata,,,Berberidaceae,Berberis,Shrub,,Arnold Arboretum living collection (Arboretum Explorer)
Berberis thunbergii var. atropurpurea 'Crimson Pygmy',,|Berberis thunbergii 'Little Beauty'|,Berberidaceae,Berberis,Shrub,,Arnold Arboretum living collection (Arboretum Explorer)
Berberis tsarongensis,Tsarong Barberry,,Berberidaceae,Berberis,Shrub,,Arnold Arboretum living collection (Arboretum Explorer)
Berberis vernae,Verna Barberry,,Berberidaceae,Berberis,Shrub,,Arnold Arboretum living collection (Arboretum Explorer)
Berberis virescens,Cinnamon Stem Barberry,,Berberidaceae,Berberis,Shrub,6.6,Arnold Arboretum living collection (Arboretum Explorer)
Berberis virgetorum,,,Berberidaceae,Berberis,Shrub,8.9,Arnold Arboretum living collection (Arboretum Explorer)
Berberis vulgaris,European Barberry,|Berberis dahurica|Berberis vulgaris maxima|Berberis vulgaris sanguinolenta|Berberis vulgaris var. iberica|,Berberidaceae,Berberis,Shrub,7.9,Arnold Arboretum living collection (Arboretum Explorer)
Berberis wilsoniae,,,Berberidaceae,Berberis,Shrub,16.0,Arnold Arboretum living collection (Arboretum Explorer)
Berberis wilsoniae var. wilsoniae,,|Berberis wilsoniae var. stapfiana|Berberis wilsoniae var. subcaulialata|Berberis parvifolia|,Berberidaceae,Berberis,,,Arnold Arboretum living collection (Arboretum Explorer)
Berberis x chenaultii,,,Berberidaceae,Berberis,Shrub,1.6,Arnold Arboretum living collection (Arboretum Explorer)
Berberis x declinata,,,Berberidaceae,Berberis,Shrub,,Arnold Arboretum living collection (Arboretum Explorer)
Berberis x emarginata,,|Berberis x provincialis|,Berberidaceae,Berberis,Shrub,,Arnold Arboretum living collection (Arboretum Explorer)
Berberis x gladwynensis 'William Penn',Cultivar of Barberry,,Berberidaceae,Berberis,Shrub,3.3,Arnold Arboretum living collection (Arboretum Explorer)
Berberis x macracantha,,|Berberis x macrantha|,Berberidaceae,Berberis,Shrub,,Arnold Arboretum living collection (Arboretum Explorer)
Berberis x mentorensis,Mentor Barberry,,Berberidaceae,Berberis,Shrub,4.9,Arnold Arboretum living collection (Arboretum Explorer)
Berberis x notabilis,,,Berberidaceae,Berberis,Shrub,9.8,Arnold Arboretum living collection (Arboretum Explorer)
Berberis x ottawensis 'Superba',Cultivar of Barberry,|Berberis thunbergii 'Atropurpurea Superba'|,Berberidaceae,Berberis,Shrub,7.2,Arnold Arboretum living collection (Arboretum Explorer)
Berberis zabeliana,,|Berberis pachyacantha ssp. zabeliana|,Berberidaceae,Berberis,Shrub,,Arnold Arboretum living collection (Arboretum Explorer)
Berchemia scandens,Berchemia,|Berchemia volubilis|,Rhamnaceae,Berchemia,Vine,,Arnold Arboretum living collection (Arboretum Explorer)
Betula aff. pubescens,,,Betulaceae,Betula,Tree,,Arnold Arboretum living collection (Arboretum Explorer)
Betula albo-sinensis,Chinese Paper Birch,|Betula utilis ssp. albosinensis|,Betulaceae,Betula,Tree,19.7,Arnold Arboretum living collection (Arboretum Explorer)
Betula alleghaniensis,Yellow Birch,|Betula lutea var. alleghaniensis|Betula lutea|,Betulaceae,Betula,Tree,10.8,Arnold Arboretum living collection (Arboretum Explorer)
Betula alnoides,Alder Birch,,Betulaceae,Betula,Tree,,Arnold Arboretum living collection (Arboretum Explorer)
Betula chichibuensis,,,Betulaceae,Betula,Shrub,16.5,Arnold Arboretum living collection (Arboretum Explorer)
Betula chinensis,,,Betulaceae,Betula,Shrub,4.6,Arnold Arboretum living collection (Arboretum Explorer)
Betula costata,,,Betulaceae,Betula,Tree,,Arnold Arboretum living collection (Arboretum Explorer)
Betula dahurica,Dahurian Birch,|Betula davurica|Betula maximowiczii|,Betulaceae,Betula,Tree,9.8,Arnold Arboretum living collection (Arboretum Explorer)
Betula dahurica x papyrifera,,,Betulaceae,Betula,,,Arnold Arboretum living collection (Arboretum Explorer)
Betula ermanii,Erman's Birch,|Betula ermani|,Betulaceae,Betula,Tree,,Arnold Arboretum living collection (Arboretum Explorer)
Betula ermanii var. saitoana,,,Betulaceae,Betula,,,Arnold Arboretum living collection (Arboretum Explorer)
Betula fargesii,,,Betulaceae,Betula,Tree,1.8,Arnold Arboretum living collection (Arboretum Explorer)
Betula fruticosa,Altai Birch,|Betula middendorffii|,Betulaceae,Betula,Shrub,4.9,Arnold Arboretum living collection (Arboretum Explorer)
Betula glandulifera,,|Betula pumila|,Betulaceae,Betula,Shrub,,Arnold Arboretum living collection (Arboretum Explorer)
Betula glandulosa,Bog Birch,|Betula glandulosa var. sibirica|,Betulaceae,Betula,Shrub,,Arnold Arboretum living collection (Arboretum Explorer)
Betula globispica,,,Betulaceae,Betula,Tree,3.0,Arnold Arboretum living collection (Arboretum Explorer)
Betula gmelinii,,|Betula apoiensis|,Betulaceae,Betula,,3.9,Arnold Arboretum living collection (Arboretum Explorer)
Betula grossa,Japanese Cherry Birch,|Betula ulmifolia|,Betulaceae,Betula,Tree,,Arnold Arboretum living collection (Arboretum Explorer)
Betula humilis,,,Betulaceae,Betula,Shrub,3.0,Arnold Arboretum living collection (Arboretum Explorer)
Betula jacquemontii,White Barked Himalayan Birch,|Betula utilis ssp. jacquemontii|,Betulaceae,Betula,Tree,,Arnold Arboretum living collection (Arboretum Explorer)
Betula kenaica,,|Betula papyrifera var. kenaica|,Betulaceae,Betula,,,Arnold Arboretum living collection (Arboretum Explorer)
Betula kirghisorum,,|Betula tianschanica|,Betulaceae,Betula,,,Arnold Arboretum living collection (Arboretum Explorer)
Betula korshinskyi,,|Betula tianschanica|,Betulaceae,Betula,Tree,,Arnold Arboretum living collection (Arboretum Explorer)
Betula lenta,Sweet Birch,,Betulaceae,Betula,Tree,6.9,Arnold Arboretum living collection (Arboretum Explorer)
Betula litwinowii,,|Betula pubescens var. litwinowii|,Betulaceae,Betula,Tree,7.5,Arnold Arboretum living collection (Arboretum Explorer)
Betula luminifera,,,Betulaceae,Betula,Tree,4.9,Arnold Arboretum living collection (Arboretum Explorer)
Betula maximowicziana,Monarch Birch,,Betulaceae,Betula,Tree,,Arnold Arboretum living collection (Arboretum Explorer)
Betula maximowicziana x papyrifera,Hybrid Birch,,Betulaceae,Betula,Tree,,Arnold Arboretum living collection (Arboretum Explorer)
Betula microphylla,,,Betulaceae,Betula,Tree,,Arnold Arboretum living collection (Arboretum Explorer)
Betula nana,Dwarf Arctic Birch,,Betulaceae,Betula,Shrub,,Arnold Arboretum living collection (Arboretum Explorer)
Betula nigra,River Birch,,Betulaceae,Betula,Tree,5.6,Arnold Arboretum living collection (Arboretum Explorer)
Betula nigra 'Cully',Cultivar of Betula,|Betula nigra 'Heritage'|,Betulaceae,Betula,Tree,,Arnold Arboretum living collection (Arboretum Explorer)
Betula occidentalis,Water Birch,|Betula fontinalis|Betula occidentalis var. fecunda|Betula fontinalis var. piperi|Betula occidentalis var. inopina|Betula occidentalis var. occidentalis|Betula papyrifera var. occidentalis|,Betulaceae,Betula,Intermediate (shrub/tree),6.9,Arnold Arboretum living collection (Arboretum Explorer)
Betula papyrifera,Paper Birch,,Betulaceae,Betula,Tree,7.4,Arnold Arboretum living collection (Arboretum Explorer)
Betula papyrifera var. commutata,Western Paper Birch,,Betulaceae,Betula,Tree,,Arnold Arboretum living collection (Arboretum Explorer)
Betula papyrifera var. cordifolia,Mountain Paper Birch,|Betula cordifolia|,Betulaceae,Betula,Tree,4.6,Arnold Arboretum living collection (Arboretum Explorer)
Betula papyrifera var. papyrifera,Paper Birch,,Betulaceae,Betula,Tree,,Arnold Arboretum living collection (Arboretum Explorer)
Betula papyrifera var. subcordata,Northwestern Paper Birch,,Betulaceae,Betula,Tree,,Arnold Arboretum living collection (Arboretum Explorer)
Betula pendula,European White Birch,|Betula verrucosa|Betula pendula ssp. pendula|Betula alba var. songarica|Betula alba|,Betulaceae,Betula,Tree,,Arnold Arboretum living collection (Arboretum Explorer)
Betula pendula 'Purple Splendor',Cultivar of European White Birch,|Betula verrucosa 'Purple Splendor'|,Betulaceae,Betula,Tree,5.5,Arnold Arboretum living collection (Arboretum Explorer)
Betula pendula forma dalecarlica,,|Betula verrucosa 'Dalecarlica'|Betula pendula 'Dalecarlica'|,Betulaceae,Betula,Tree,,Arnold Arboretum living collection (Arboretum Explorer)
Betula pendula forma fastigiata,Pyramidal European White Birch,|Betula verrucosa 'Fastigiata'|Betula pendula 'Fastigiata'|Betula alba var. fastigiata|Betula pendula fastigiata alba|,Betulaceae,Betula,Tree,18.0,Arnold Arboretum living collection (Arboretum Explorer)
Betula pendula forma gracilis,Cutleaf European White Birch,|Betula verrucosa 'Gracilis'|Betula pendula 'Gracilis'|,Betulaceae,Betula,Tree,19.0,Arnold Arboretum living collection (Arboretum Explorer)
Betula pendula forma youngii,Young's European White Birch,|Betula pendula 'Youngii'|,Betulaceae,Betula,Tree,,Arnold Arboretum living collection (Arboretum Explorer)
Betula pendula ssp. mandshurica,Manchurian White Birch,|Betula japonica|Betula platyphylla|Betula mandshurica|Betula papyrifera ssp. neoalaskana|Betula papyrifera var. humilis|Betula alaskana|,Betulaceae,Betula,,,Arnold Arboretum living collection (Arboretum Explorer)
Betula pendula ssp. pendula,,|Betula pendula|Betula verrucosa|,Betulaceae,Betula,Tree,7.5,Arnold Arboretum living collection (Arboretum Explorer)
Betula platyphylla var. japonica,Japanese White Birch,,Betulaceae,Betula,Tree,,Arnold Arboretum living collection (Arboretum Explorer)
Betula platyphylla var. japonica x lenta,,,Betulaceae,Betula,Tree,,Arnold Arboretum living collection (Arboretum Explorer)
Betula platyphylla var. rockii,,,Betulaceae,Betula,Tree,,Arnold Arboretum living collection (Arboretum Explorer)
Betula populifolia,Gray Birch,,Betulaceae,Betula,Tree,,Arnold Arboretum living collection (Arboretum Explorer)
Betula procurva,,,Betulaceae,Betula,Tree,,Arnold Arboretum living collection (Arboretum Explorer)
Betula pubescens,Downy Birch,|Betula carpatica|Betula pubescens var. carpatica|Betula alba ssp. pubescens|,Betulaceae,Betula,Tree,8.2,Arnold Arboretum living collection (Arboretum Explorer)
Betula pubescens ssp. tortuosa,,|Betula tortuosa|Betula pubescens var. pumila|,Betulaceae,Betula,Tree,27.2,Arnold Arboretum living collection (Arboretum Explorer)
Betula pumila,Low Birch,|Betula glandulifera|Betula pumila var. glandulifera|Betula pubescens var. pumila|Betula hallii|,Betulaceae,Betula,Shrub,3.9,Arnold Arboretum living collection (Arboretum Explorer)
Betula raddeana,,,Betulaceae,Betula,Intermediate (shrub/tree),6.2,Arnold Arboretum living collection (Arboretum Explorer)
Betula schmidtii,Schmidt Birch,,Betulaceae,Betula,Tree,4.9,Arnold Arboretum living collection (Arboretum Explorer)
Betula sp.,,,Betulaceae,Betula,Intermediate (shrub/tree),,Arnold Arboretum living collection (Arboretum Explorer)
Betula tianschanica,,|Betula kirghisorum|Betula korshinskyi|,Betulaceae,Betula,Tree,,Arnold Arboretum living collection (Arboretum Explorer)
Betula turkestanica,Turkestan Birch,|Betula alba var. turkestanica|Betula alba var. turkestanica|,Betulaceae,Betula,Tree,3.0,Arnold Arboretum living collection (Arboretum Explorer)
Betula uber,Virginia Round-leaf Birch,,Betulaceae,Betula,Tree,,Arnold Arboretum living collection (Arboretum Explorer)
Betula utilis,Himalayan Birch,,Betulaceae,Betula,Tree,,Arnold Arboretum living collection (Arboretum Explorer)
Betula utilis ssp. utilis,,,Betulaceae,Betula,Tree,,Arnold Arboretum living collection (Arboretum Explorer)
Betula x aurata,,|Betula x atrata|Betula pendula var. obscura|Betula pendula x pubescens|,Betulaceae,Betula,Intermediate (shrub/tree),,Arnold Arboretum living collection (Arboretum Explorer)
Betula x caerulea,Blueleaf Birch,|Betula x coerulea|Betula caerulea-grandis|Betula coerulea var. blanchardi|,Betulaceae,Betula,Tree,,Arnold Arboretum living collection (Arboretum Explorer)
Betula x dosmannii,,|Betula maximowicziana x ermanii|,Betulaceae,Betula,Tree,,Arnold Arboretum living collection (Arboretum Explorer)
Betula x jackii,Jack's Birch,,Betulaceae,Betula,Shrub,,Arnold Arboretum living collection (Arboretum Explorer)
Bignonia capreolata,,|Anisostichus capreolata|,Bignoniaceae,Bignonia,Vine,3.6,Arnold Arboretum living collection (Arboretum Explorer)
Bignonia capreolata 'Tangerine Beauty',Cultivar of Crossvine,,Bignoniaceae,Bignonia,Vine,,Arnold Arboretum living collection (Arboretum Explorer)
Bischofia polycarpa,,,Bischofiaceae,Bischofia,,,Arnold Arboretum living collection (Arboretum Explorer)
Boehmeria biloba,Lobster Claw Nettle,,Urticaceae,Boehmeria,Herbaceous,,Arnold Arboretum living collection (Arboretum Explorer)
Boehmeria spicata,,,Urticaceae,Boehmeria,Shrub,,Arnold Arboretum living collection (Arboretum Explorer)
Broussonetia kazinoki,Kazinoki Paper Mulberry,,Moraceae,Broussonetia,Shrub,,Arnold Arboretum living collection (Arboretum Explorer)
Broussonetia papyrifera,Paper Mulberry,,Moraceae,Broussonetia,Tree,,Arnold Arboretum living collection (Arboretum Explorer)
Broussonetia papyrifera forma oppositifolia,,,Moraceae,Broussonetia,Tree,,Arnold Arboretum living collection (Arboretum Explorer)
Buckleya distichophylla,Piratebush,,Santalaceae,Buckleya,Shrub,5.6,Arnold Arboretum living collection (Arboretum Explorer)
Buddleia albiflora,,,Scrophulariaceae,Buddleia,Shrub,3.9,Arnold Arboretum living collection (Arboretum Explorer)
Buddleia alternifolia,Fountain Butterflybush,,Scrophulariaceae,Buddleia,Shrub,14.8,Arnold Arboretum living collection (Arboretum Explorer)
Buddleia alternifolia 'Argentea',Cultivar of Fountain Butterflybush,,Scrophulariaceae,Buddleia,Shrub,7.5,Arnold Arboretum living collection (Arboretum Explorer)
Buddleia curviflora,,|Buddleia curviflora forma venenifera|,Scrophulariaceae,Buddleia,Shrub,,Arnold Arboretum living collection (Arboretum Explorer)
Buddleia davidii,Orange-Eye Butterflybush,,Scrophulariaceae,Buddleia,Shrub,9.8,Arnold Arboretum living collection (Arboretum Explorer)
Buddleia davidii 'Dubonnet',,,Scrophulariaceae,Buddleia,Shrub,,Arnold Arboretum living collection (Arboretum Explorer)
Buddleia davidii 'Empire Blue',,,Scrophulariaceae,Buddleia,Shrub,,Arnold Arboretum living collection (Arboretum Explorer)
Buddleia davidii 'Lochinch',Cultivar of Butter-fly Bush,,Scrophulariaceae,Buddleia,Shrub,,Arnold Arboretum living collection (Arboretum Explorer)
Buddleia davidii 'Nanho Blue',Cultivar of Butterfly Bush,,Scrophulariaceae,Buddleia,Shrub,,Arnold Arboretum living collection (Arboretum Explorer)
Buddleia davidii 'Nanho Purple',,,Scrophulariaceae,Buddleia,Shrub,,Arnold Arboretum living collection (Arboretum Explorer)
Buddleia davidii 'Orchid Beauty',,,Scrophulariaceae,Buddleia,Shrub,,Arnold Arboretum living collection (Arboretum Explorer)
Buddleia davidii 'White Ball',Cultivar of Buddleia,,Scrophulariaceae,Buddleia,Shrub,,Arnold Arboretum living collection (Arboretum Explorer)
Buddleia forrestii,,,Scrophulariaceae,Buddleia,Shrub,,Arnold Arboretum living collection (Arboretum Explorer)
Buddleia japonica,Japanese Butterflybush,,Scrophulariaceae,Buddleia,Shrub,,Arnold Arboretum living collection (Arboretum Explorer)
Buddleia nivea,,|Buddleia nivea var. yunnanensis|Buddleia stenostachya|,Scrophulariaceae,Buddleia,Shrub,,Arnold Arboretum living collection (Arboretum Explorer)
Buddleia officinalis,,,Scrophulariaceae,Buddleia,Shrub,,Arnold Arboretum living collection (Arboretum Explorer)
Buddleia sp.,,,Scrophulariaceae,Buddleia,Shrub,6.9,Arnold Arboretum living collection (Arboretum Explorer)
Buxus 'Green Gem',Cultivar of Boxwood,,Buxaceae,Buxus,Shrub,,Arnold Arboretum living collection (Arboretum Explorer)
Buxus 'Green Mountain',Cultivar of Boxwood,,Buxaceae,Buxus,Shrub,,Arnold Arboretum living collection (Arboretum Explorer)
Buxus 'Unraveled',Cultivar of Boxwood,,Buxaceae,Buxus,Shrub,1.6,Arnold Arboretum living collection (Arboretum Explorer)
Buxus (undetermined hybrid),,,Buxaceae,Buxus,,,Arnold Arboretum living collection (Arboretum Explorer)
Buxus microphylla,Littleleaf Boxwood,,Buxaceae,Buxus,Shrub,,Arnold Arboretum living collection (Arboretum Explorer)
Buxus microphylla 'Curly Locks',,|Buxus sempervirens 'Curly Locks'|,Buxaceae,Buxus,Shrub,,Arnold Arboretum living collection (Arboretum Explorer)
Buxus microphylla 'Fiorii',,,Buxaceae,Buxus,Shrub,,Arnold Arboretum living collection (Arboretum Explorer)
Buxus microphylla 'Green Pillow',,,Buxaceae,Buxus,,,Arnold Arboretum living collection (Arboretum Explorer)
Buxus microphylla var. japonica,,,Buxaceae,Buxus,Shrub,8.5,Arnold Arboretum living collection (Arboretum Explorer)
Buxus microphylla var. japonica 'Morris Dwarf',Cultivar of Littleleaf Boxwood,,Buxaceae,Buxus,Shrub,,Arnold Arboretum living collection (Arboretum Explorer)
Buxus microphylla var. japonica 'Morris Midget',Cultivar of Littleleaf Boxwood,,Buxaceae,Buxus,Shrub,,Arnold Arboretum living collection (Arboretum Explorer)
Buxus microphylla var. koreana 'Sunnyside',Littleleaf Boxwood,,Buxaceae,Buxus,Shrub,,Arnold Arboretum living collection (Arboretum Explorer)
Buxus sempervirens,Common Boxwood,,Buxaceae,Buxus,Intermediate (shrub/tree),26.2,Arnold Arboretum living collection (Arboretum Explorer)
Buxus sempervirens 'Agram',Cultivar of Common Boxwood,,Buxaceae,Buxus,Shrub,,Arnold Arboretum living collection (Arboretum Explorer)
Buxus sempervirens 'Arborescens Decussata',,,Buxaceae,Buxus,,,Arnold Arboretum living collection (Arboretum Explorer)
Buxus sempervirens 'Aurea Pendula',Yellow Weeping of Boxwood,,Buxaceae,Buxus,Shrub,,Arnold Arboretum living collection (Arboretum Explorer)
Buxus sempervirens 'Aureo-variegata',Golden Boxwood,|Buxus sempervirens forma aureo-variegata|,Buxaceae,Buxus,Shrub,,Arnold Arboretum living collection (Arboretum Explorer)
Buxus sempervirens 'Belleville',,,Buxaceae,Buxus,Shrub,13.8,Arnold Arboretum living collection (Arboretum Explorer)
Buxus sempervirens 'Broman',Cultivar of Common Boxwood,,Buxaceae,Buxus,,,Arnold Arboretum living collection (Arboretum Explorer)
Buxus sempervirens 'Bullata',Cultivar of Common Boxwood,|Buxus sempervirens forma bullata|,Buxaceae,Buxus,Shrub,,Arnold Arboretum living collection (Arboretum Explorer)
Buxus sempervirens 'Butterworth',,,Buxaceae,Buxus,,,Arnold Arboretum living collection (Arboretum Explorer)
Buxus sempervirens 'Fastigiata',Cultivar of Common Boxwood,,Buxaceae,Buxus,,,Arnold Arboretum living collection (Arboretum Explorer)
Buxus sempervirens 'Gray Summit',Cultivar of Common Boxwood,,Buxaceae,Buxus,Shrub,3.3,Arnold Arboretum living collection (Arboretum Explorer)
Buxus sempervirens 'Handsworthiensis',Handsworth Boxwood,|Buxus sempervirens forma handsworthiensis|,Buxaceae,Buxus,Shrub,,Arnold Arboretum living collection (Arboretum Explorer)
Buxus sempervirens 'Inglis',,,Buxaceae,Buxus,Shrub,,Arnold Arboretum living collection (Arboretum Explorer)
Buxus sempervirens 'Latifolia Macrophylla',,,Buxaceae,Buxus,,,Arnold Arboretum living collection (Arboretum Explorer)
Buxus sempervirens 'Myrtifolia',Myrtleleaf Boxwood,|Buxus sempervirens forma myrtifolia|,Buxaceae,Buxus,Shrub,,Arnold Arboretum living collection (Arboretum Explorer)
Buxus sempervirens 'Nana Compacta',,|Buxus microphylla 'Nana Compacta'|,Buxaceae,Buxus,Shrub,,Arnold Arboretum living collection (Arboretum Explorer)
Buxus sempervirens 'Newport Blue',,,Buxaceae,Buxus,Shrub,,Arnold Arboretum living collection (Arboretum Explorer)
Buxus sempervirens 'Northern Find',Cultivar of Common Boxwood,,Buxaceae,Buxus,Shrub,8.2,Arnold Arboretum living collection (Arboretum Explorer)
Buxus sempervirens 'Pendula',Weeping Common Boxwood,|Buxus sempervirens forma pendula|,Buxaceae,Buxus,Shrub,15.0,Arnold Arboretum living collection (Arboretum Explorer)
Buxus sempervirens 'Pullman',,,Buxaceae,Buxus,,,Arnold Arboretum living collection (Arboretum Explorer)
Buxus sempervirens 'Pyramidalis',Pyramid Common Boxwood,|Buxus sempervirens forma pyramidalis|,Buxaceae,Buxus,Shrub,7.0,Arnold Arboretum living collection (Arboretum Explorer)
Buxus sempervirens 'Ransom',,,Buxaceae,Buxus,Shrub,,Arnold Arboretum living collection (Arboretum Explorer)
Buxus sempervirens 'Rotundifolia',Cultivar of Common Boxwood,|Buxus sempervirens forma rotundifolia|,Buxaceae,Buxus,Intermediate (shrub/tree),1.5,Arnold Arboretum living collection (Arboretum Explorer)
Buxus sempervirens 'Undulifolia',,,Buxaceae,Buxus,Intermediate (shrub/tree),,Arnold Arboretum living collection (Arboretum Explorer)
Buxus sempervirens 'Vardar Valley',Cultivar of Common Boxwood,,Buxaceae,Buxus,Shrub,8.2,Arnold Arboretum living collection (Arboretum Explorer)
Buxus sempervirens 'Varifolia',,,Buxaceae,Buxus,Shrub,,Arnold Arboretum living collection (Arboretum Explorer)
Buxus sempervirens 'Welleri',Cultivar of Common Boxwood,,Buxaceae,Buxus,Shrub,,Arnold Arboretum living collection (Arboretum Explorer)
Buxus sempervirens ssp. hyrcana,,,Buxaceae,Buxus,Shrub,2.2,Arnold Arboretum living collection (Arboretum Explorer)
Buxus sinica,Chinese Littleleaf Boxwood,|Buxus microphylla var. sinica|,Buxaceae,Buxus,Intermediate (shrub/tree),6.6,Arnold Arboretum living collection (Arboretum Explorer)
Buxus sinica var. insularis,,|Buxus microphylla var. koreana|,Buxaceae,Buxus,Shrub,7.2,Arnold Arboretum living collection (Arboretum Explorer)
Buxus sinica var. insularis 'Pincushion',Korean Littleleaf Boxwood,|Buxus microphylla var. koreana 'Pincushion'|,Buxaceae,Buxus,Shrub,,Arnold Arboretum living collection (Arboretum Explorer)
Buxus sinica var. insularis 'Staygreen',Korean Littleleaf Boxwood,|Buxus microphylla var. koreana 'Staygreen'|,Buxaceae,Buxus,Shrub,,Arnold Arboretum living collection (Arboretum Explorer)
Buxus sinica var. insularis 'Winter Beauty',Korean Littleleaf Boxwood,|Buxus microphylla var. koreana 'Winter Beauty'|,Buxaceae,Buxus,Shrub,3.0,Arnold Arboretum living collection (Arboretum Explorer)
Buxus sinica var. insularis (undetermined hybrid),,|Buxus microphylla var. koreana (undetermined hybrid)|,Buxaceae,Buxus,Shrub,,Arnold Arboretum living collection (Arboretum Explorer)
Calamintha nepeta ssp. nepeta,Lesser Calamint,,Lamiaceae,Calamintha,Herbaceous,,Arnold Arboretum living collection (Arboretum Explorer)
Callicarpa americana,American Beautyberry,,Lamiaceae,Callicarpa,Shrub,3.6,Arnold Arboretum living collection (Arboretum Explorer)
Callicarpa bodinieri 'Profusion',Cultivar of Bodinieri Beautyberry,,Lamiaceae,Callicarpa,Shrub,,Arnold Arboretum living collection (Arboretum Explorer)
Callicarpa bodinieri var. giraldii,Girald Beautyberry,,Lamiaceae,Callicarpa,Shrub,11.2,Arnold Arboretum living collection (Arboretum Explorer)
Callicarpa cathayana,Chinese Beautyberry,,Lamiaceae,Callicarpa,Shrub,,Arnold Arboretum living collection (Arboretum Explorer)
Callicarpa dichotoma,Purple Beautyberry,,Lamiaceae,Callicarpa,Shrub,7.9,Arnold Arboretum living collection (Arboretum Explorer)
Callicarpa dichotoma 'Issai',Cultivar of Purple Beautyberry,|Callicarpa dichotoma 'Early Amethyst'|,Lamiaceae,Callicarpa,Shrub,,Arnold Arboretum living collection (Arboretum Explorer)
Callicarpa japonica,Japanese Beautyberry,|Callicarpa arnoldiana|,Lamiaceae,Callicarpa,Shrub,9.8,Arnold Arboretum living collection (Arboretum Explorer)
Callicarpa japonica 'Leucocarpa',Cultivar of Japanese Beautyberry,,Lamiaceae,Callicarpa,Shrub,5.2,Arnold Arboretum living collection (Arboretum Explorer)
Callicarpa japonica var. luxurians,,,Lamiaceae,Callicarpa,Shrub,5.6,Arnold Arboretum living collection (Arboretum Explorer)
Callicarpa kwangtungensis,Chinese Beautyberry,,Lamiaceae,Callicarpa,Shrub,18.0,Arnold Arboretum living collection (Arboretum Explorer)
Callicarpa mollis,Fuzzy Beautyberry,,Lamiaceae,Callicarpa,Shrub,9.8,Arnold Arboretum living collection (Arboretum Explorer)
Callicarpa pedunculata,,,Lamiaceae,Callicarpa,Shrub,,Arnold Arboretum living collection (Arboretum Explorer)
Calluna vulgaris,Scots Heather,,Ericaceae,Calluna,Shrub,0.3,Arnold Arboretum living collection (Arboretum Explorer)
Calluna vulgaris 'Allison Yates',Cultivar of Scots Heather,,Ericaceae,Calluna,Shrub,,Arnold Arboretum living collection (Arboretum Explorer)
Calluna vulgaris 'Anthony Davis',Cultivar of Scots Heather,,Ericaceae,Calluna,Shrub,,Arnold Arboretum living collection (Arboretum Explorer)
Calluna vulgaris 'Boskoop',Cultivar of Scots Heather,,Ericaceae,Calluna,Shrub,,Arnold Arboretum living collection (Arboretum Explorer)
Calluna vulgaris 'Bronze Beauty',Cultivar of Scots Heather,,Ericaceae,Calluna,Shrub,,Arnold Arboretum living collection (Arboretum Explorer)
Calluna vulgaris 'County Wicklow',,,Ericaceae,Calluna,Shrub,,Arnold Arboretum living collection (Arboretum Explorer)
Calluna vulgaris 'Dark Star',Cultivar of Scots Heather,,Ericaceae,Calluna,Shrub,,Arnold Arboretum living collection (Arboretum Explorer)
Calluna vulgaris 'J. H. Hamilton',Cultivar of Scots Heather,,Ericaceae,Calluna,Shrub,,Arnold Arboretum living collection (Arboretum Explorer)
Calluna vulgaris 'Marleen',Cultivar of Scots Heather,,Ericaceae,Calluna,Shrub,1.3,Arnold Arboretum living collection (Arboretum Explorer)
Calluna vulgaris 'Martha Hermann',Cultivar of Scots Heather,,Ericaceae,Calluna,Shrub,,Arnold Arboretum living collection (Arboretum Explorer)
Calluna vulgaris 'Nana Compacta',Cultivar of Scots Heather,,Ericaceae,Calluna,Shrub,,Arnold Arboretum living collection (Arboretum Explorer)
Calluna vulgaris 'Robert Chapman',Cultivar of Scots Heather,,Ericaceae,Calluna,Shrub,,Arnold Arboretum living collection (Arboretum Explorer)
Calluna vulgaris 'Silver Knight',Cultivar of Scots Heather,,Ericaceae,Calluna,Shrub,,Arnold Arboretum living collection (Arboretum Explorer)
Calluna vulgaris 'Silver Queen',Cultivar of Scots Heather,,Ericaceae,Calluna,Shrub,,Arnold Arboretum living collection (Arboretum Explorer)
Calluna vulgaris 'Winter Chocolate',Cultivar of Scots Heather,,Ericaceae,Calluna,Shrub,,Arnold Arboretum living collection (Arboretum Explorer)
Calocedrus decurrens,California Incense Cedar,|Libocedrus decurrens|,Cupressaceae,Calocedrus,Tree,5.2,Arnold Arboretum living collection (Arboretum Explorer)
Calycanthus 'Venus',Cultivar of Sweetshrub,,Calycanthaceae,Calycanthus,Shrub,2.1,Arnold Arboretum living collection (Arboretum Explorer)
Calycanthus chinensis,Chinese Sweetshrub,|Sinocalycanthus chinensis|,Calycanthaceae,Calycanthus,Shrub,12.5,Arnold Arboretum living collection (Arboretum Explorer)
Calycanthus floridus,Common Sweetshrub,,Calycanthaceae,Calycanthus,Shrub,7.2,Arnold Arboretum living collection (Arboretum Explorer)
Calycanthus floridus 'Athens',Cultivar of Common Sweetshrub,,Calycanthaceae,Calycanthus,Shrub,6.6,Arnold Arboretum living collection (Arboretum Explorer)
Calycanthus floridus 'Michael Lindsey',Cultivar of Common Sweetshrub,,Calycanthaceae,Calycanthus,Shrub,8.2,Arnold Arboretum living collection (Arboretum Explorer)
Calycanthus floridus (variant),,,Calycanthaceae,Calycanthus,,,Arnold Arboretum living collection (Arboretum Explorer)
Calycanthus floridus var. floridus,,|Calycanthus mohrii|Calycanthus floridus var. ovatus|,Calycanthaceae,Calycanthus,Shrub,,Arnold Arboretum living collection (Arboretum Explorer)
Calycanthus floridus var. laevigatus,,|Calycanthus floridus var. glaucus|Calycanthus fertilis|Calycanthus fertilis var. laevigatus|,Calycanthaceae,Calycanthus,Shrub,10.2,Arnold Arboretum living collection (Arboretum Explorer)
Calycanthus occidentalis,California Sweetshrub,|Calycanthus macrophyllus|,Calycanthaceae,Calycanthus,Shrub,,Arnold Arboretum living collection (Arboretum Explorer)
Calycanthus x raulstonii 'Hartlage Wine',Cultivar of Sweetshrub,|x Calycanthus 'Hartlage Wine'|,Calycanthaceae,Calycanthus,Shrub,3.0,Arnold Arboretum living collection (Arboretum Explorer)
Camellia 'Ashton's Pride',Cultivar of Camellia,,Theaceae,Camellia,Shrub,,Arnold Arboretum living collection (Arboretum Explorer)
Camellia 'Polar Ice',Cultivar of Camellia,,Theaceae,Camellia,Shrub,,Arnold Arboretum living collection (Arboretum Explorer)
Camellia 'Snow Flurry',Cultivar of Camellia,,Theaceae,Camellia,Shrub,,Arnold Arboretum living collection (Arboretum Explorer)
Camellia 'Winter's Charm',Cultivar of Camellia,,Theaceae,Camellia,Shrub,,Arnold Arboretum living collection (Arboretum Explorer)
Camellia 'Winter's Star',,,Theaceae,Camellia,Shrub,,Arnold Arboretum living collection (Arboretum Explorer)
Camellia japonica,Japanese Camellia,,Theaceae,Camellia,Intermediate (shrub/tree),4.6,Arnold Arboretum living collection (Arboretum Explorer)
Camellia japonica 'Balustrade',Cultivar of Japanese Camellia,,Theaceae,Camellia,Shrub,2.3,Arnold Arboretum living collection (Arboretum Explorer)
Camellia japonica 'Bloomfield',Cultivar of Japanese Camellia,,Theaceae,Camellia,Shrub,4.9,Arnold Arboretum living collection (Arboretum Explorer)
Camellia japonica 'Meadowbrook',Cultivar of Japanese Camellia,,Theaceae,Camellia,Shrub,4.3,Arnold Arboretum living collection (Arboretum Explorer)
Camellia japonica 'Morris Mercury',Cultivar of Japanese Camellia,,Theaceae,Camellia,Shrub,3.7,Arnold Arboretum living collection (Arboretum Explorer)
Camellia oleifera,,|Thea oleifera|,Theaceae,Camellia,Intermediate (shrub/tree),3.3,Arnold Arboretum living collection (Arboretum Explorer)
Campanula glomerata var. acaulis 'Alba',Cultivar of Campanula,,Campanulaceae,Campanula,Herbaceous,,Arnold Arboretum living collection (Arboretum Explorer)
Campanula punctata var. takesimana,Variety of Spotted Bellflower,|Campanula takesimana|,Campanulaceae,Campanula,Herbaceous,1.6,Arnold Arboretum living collection (Arboretum Explorer)
Campsis grandiflora,Chinese Trumpet Vine,|Tecoma grandiflora|Campsis chinensis|,Bignoniaceae,Campsis,Vine,,Arnold Arboretum living collection (Arboretum Explorer)
Campsis radicans,Trumpet Creeper,,Bignoniaceae,Campsis,Vine,13.1,Arnold Arboretum living collection (Arboretum Explorer)
Campsis radicans 'Apricot',Cultivar of Trumpet Creeper,,Bignoniaceae,Campsis,Vine,,Arnold Arboretum living collection (Arboretum Explorer)
Campsis radicans 'Crimson Trumpet',Cultivar of Trumpet Creeper,,Bignoniaceae,Campsis,Vine,,Arnold Arboretum living collection (Arboretum Explorer)
Campsis radicans 'Flava',Cultivar of Trumpet Creeper,|Campsis radicans forma flava|,Bignoniaceae,Campsis,Vine,13.8,Arnold Arboretum living collection (Arboretum Explorer)
Campsis radicans 'Judy',Cultivar of Trumpet Creeper,,Bignoniaceae,Campsis,Vine,4.3,Arnold Arboretum living collection (Arboretum Explorer)
Campsis radicans 'Praecox',Early Trumpetcreeper,|Campsis radicans forma praecox|,Bignoniaceae,Campsis,Vine,,Arnold Arboretum living collection (Arboretum Explorer)
Campsis x tagliabuana 'Madame Galen',Cultivar of Trumpet Creeper,|Campsis hybrida 'Madame Galen'|,Bignoniaceae,Campsis,Vine,,Arnold Arboretum living collection (Arboretum Explorer)
Caragana arborescens,Siberian Peashrub,|Caragana sibirica|,Fabaceae,Caragana,Intermediate (shrub/tree),8.9,Arnold Arboretum living collection (Arboretum Explorer)
Caragana arborescens 'Lorbergii',Lorberg Peashrub,|Caragana arborescens forma lorbergii|,Fabaceae,Caragana,Shrub,10.5,Arnold Arboretum living collection (Arboretum Explorer)
Caragana arborescens 'Lutescens',Cultivar of Siberian Peashrub,|Caragana arborescens var. lutescens|,Fabaceae,Caragana,Shrub,,Arnold Arboretum living collection (Arboretum Explorer)
Caragana arborescens 'Nana',Dwarf Siberian Peashrub,|Caragana arborescens forma nana|,Fabaceae,Caragana,Shrub,,Arnold Arboretum living collection (Arboretum Explorer)
Caragana arborescens 'Pendula',Weeping Siberian Peashrub,|Caragana arborescens forma pendula|,Fabaceae,Caragana,Shrub,3.9,Arnold Arboretum living collection (Arboretum Explorer)
Caragana arborescens 'Sutherland',,,Fabaceae,Caragana,Shrub,,Arnold Arboretum living collection (Arboretum Explorer)
Caragana boisii,Bois Peashrub,|Caragana arborescens var. crasse-aculeata|Caragana microphylla var. crasseaculeata|,Fabaceae,Caragana,Shrub,11.8,Arnold Arboretum living collection (Arboretum Explorer)
Caragana brevispina,,,Fabaceae,Caragana,Shrub,5.9,Arnold Arboretum living collection (Arboretum Explorer)
Caragana decorticans,Afghanistan Peashrub,,Fabaceae,Caragana,Shrub,17.4,Arnold Arboretum living collection (Arboretum Explorer)
Caragana erinacea,,|Caragana maximowicziana|,Fabaceae,Caragana,Shrub,,Arnold Arboretum living collection (Arboretum Explorer)
Caragana franchetiana,Franchet Peashrub,,Fabaceae,Caragana,Shrub,,Arnold Arboretum living collection (Arboretum Explorer)
Caragana frutex,Russian Peashrub,|Caragana frutex var. latifolia|,Fabaceae,Caragana,Shrub,3.3,Arnold Arboretum living collection (Arboretum Explorer)
Caragana frutex var. xerophytica,,,Fabaceae,Caragana,Shrub,,Arnold Arboretum living collection (Arboretum Explorer)
Caragana gerardiana,Gerard Peashrub,,Fabaceae,Caragana,Shrub,10.5,Arnold Arboretum living collection (Arboretum Explorer)
Caragana microphylla,Littleleaf Peashrub,,Fabaceae,Caragana,Shrub,7.2,Arnold Arboretum living collection (Arboretum Explorer)
Caragana pygmaea,Pygmy Peashrub,,Fabaceae,Caragana,Shrub,,Arnold Arboretum living collection (Arboretum Explorer)
Caragana rosea,,,Fabaceae,Caragana,Shrub,5.2,Arnold Arboretum living collection (Arboretum Explorer)
Cardiocrinum giganteum var. yunnanense,Giant Lily,,Liliaceae,Cardiocrinum,Geophyte,4.6,Arnold Arboretum living collection (Arboretum Explorer)
Carex amphibola,,,Cyperaceae,Carex,Herbaceous,,Arnold Arboretum living collection (Arboretum Explorer)
Carex appalachica,,,Cyperaceae,Carex,,,Arnold Arboretum living collection (Arboretum Explorer)
Carex pensylvanica,Pennsylvania Sedge,,Cyperaceae,Carex,Herbaceous,0.7,Arnold Arboretum living collection (Arboretum Explorer)
Carpinus betulus,European Hornbeam,|Carpinus caucasica|,Betulaceae,Carpinus,Tree,12.3,Arnold Arboretum living collection (Arboretum Explorer)
Carpinus betulus 'Columnaris',Column European Hornbeam,|Carpinus betulus forma columnaris|,Betulaceae,Carpinus,Tree,,Arnold Arboretum living collection (Arboretum Explorer)
Carpinus betulus 'Fastigiata',Pyramid European Hornbeam,|Carpinus betulus forma fastigiata|,Betulaceae,Carpinus,Tree,,Arnold Arboretum living collection (Arboretum Explorer)
Carpinus betulus 'Quercifolia',Oakleaf European Hornbeam,|Carpinus betulus forma quercifolia|,Betulaceae,Carpinus,Tree,9.0,Arnold Arboretum living collection (Arboretum Explorer)
Carpinus caroliniana,American Hornbeam,|Carpinus caroliniana var. caroliniana|,Betulaceae,Carpinus,Tree,9.8,Arnold Arboretum living collection (Arboretum Explorer)
Carpinus caroliniana var. virginiana,American Hornbeam,|Carpinus caroliniana ssp. virginiana|,Betulaceae,Carpinus,Tree,25.0,Arnold Arboretum living collection (Arboretum Explorer)
Carpinus cordata,Heartleaf Hornbeam,,Betulaceae,Carpinus,Tree,17.1,Arnold Arboretum living collection (Arboretum Explorer)
Carpinus coreana,,,Betulaceae,Carpinus,Intermediate (shrub/tree),5.9,Arnold Arboretum living collection (Arboretum Explorer)
Carpinus fangiana,,,Betulaceae,Carpinus,Tree,3.9,Arnold Arboretum living collection (Arboretum Explorer)
Carpinus fargesiana,,,Betulaceae,Carpinus,Tree,,Arnold Arboretum living collection (Arboretum Explorer)
Carpinus henryana,Henry Hornbeam,|Carpinus hupeana var. henryana|,Betulaceae,Carpinus,Tree,,Arnold Arboretum living collection (Arboretum Explorer)
Carpinus henryana var. simplicidentata,,,Betulaceae,Carpinus,Tree,13.1,Arnold Arboretum living collection (Arboretum Explorer)
Carpinus japonica,Japanese Hornbeam,,Betulaceae,Carpinus,Tree,5.4,Arnold Arboretum living collection (Arboretum Explorer)
Carpinus laxiflora,Loose-flower Hornbeam,,Betulaceae,Carpinus,Tree,12.0,Arnold Arboretum living collection (Arboretum Explorer)
Carpinus monbeigiana,,,Betulaceae,Carpinus,Tree,,Arnold Arboretum living collection (Arboretum Explorer)
Carpinus orientalis,,,Betulaceae,Carpinus,Shrub,5.4,Arnold Arboretum living collection (Arboretum Explorer)
Carpinus pubescens,,,Betulaceae,Carpinus,Tree,10.5,Arnold Arboretum living collection (Arboretum Explorer)
Carpinus sp.,,,Betulaceae,Carpinus,Tree,,Arnold Arboretum living collection (Arboretum Explorer)
Carpinus tschonoskii,Yeddo Hornbeam,,Betulaceae,Carpinus,Tree,,Arnold Arboretum living collection (Arboretum Explorer)
Carpinus turczaninowii,,|Carpinus turczaninowii var. stipulata|,Betulaceae,Carpinus,Tree,13.9,Arnold Arboretum living collection (Arboretum Explorer)
Carpinus viminea,,,Betulaceae,Carpinus,Tree,6.9,Arnold Arboretum living collection (Arboretum Explorer)
Carya aquatica,Water Hickory,,Juglandaceae,Carya,Tree,8.2,Arnold Arboretum living collection (Arboretum Explorer)
Carya cordiformis,Bitternut Hickory,|Carya cordiformis var. latifolia|,Juglandaceae,Carya,Tree,5.9,Arnold Arboretum living collection (Arboretum Explorer)
Carya glabra,Pignut,|Carya ovalis|Carya ovalis var. acuta|Carya ovalis var. hirsuta|Carya ovalis var. obcordata|Carya ovalis var. obovalis|Carya ovalis var. odorata|Carya glabra var. megacarpa|Carya glabra var. hirsuta|Carya leiodermis|,Juglandaceae,Carya,Tree,50.0,Arnold Arboretum living collection (Arboretum Explorer)
Carya illinoinensis,Pecan,,Juglandaceae,Carya,Tree,12.5,Arnold Arboretum living collection (Arboretum Explorer)
Carya laciniosa,Shellbark Hickory,,Juglandaceae,Carya,Tree,10.5,Arnold Arboretum living collection (Arboretum Explorer)
Carya myristiciformis,Nutmeg Hickory,,Juglandaceae,Carya,Tree,8.2,Arnold Arboretum living collection (Arboretum Explorer)
Carya ovata,Shagbark Hickory,|Carya ovata var. ellipsoidalis|Carya ovata var. mexicana|Carya mexicana|,Juglandaceae,Carya,Tree,19.7,Arnold Arboretum living collection (Arboretum Explorer)
Carya ovata var. australis,Carolina Hickory,|Carya carolinae-septentrionalis|,Juglandaceae,Carya,Tree,,Arnold Arboretum living collection (Arboretum Explorer)
Carya ovata var. ovata,Shagbark Hickory,|Carya ovata var. fraxinifolia|Carya ovata var. pubescens|Carya ovata var. nuttallii|,Juglandaceae,Carya,Tree,,Arnold Arboretum living collection (Arboretum Explorer)
Carya pallida,Sand Hickory,,Juglandaceae,Carya,Tree,5.9,Arnold Arboretum living collection (Arboretum Explorer)
Carya sp.,Hickory,,Juglandaceae,Carya,Tree,,Arnold Arboretum living collection (Arboretum Explorer)
Carya texana,Black Hickory,|Carya texana var. arkansana|Carya texana var. villosa|Carya buckleyi var. villosa|Carya buckleyi var. arkansana|,Juglandaceae,Carya,Tree,,Arnold Arboretum living collection (Arboretum Explorer)
Carya tomentosa,Mockernut Hickory,|Carya alba|,Juglandaceae,Carya,Tree,7.5,Arnold Arboretum living collection (Arboretum Explorer)
Carya x brownii,Brown Hickory,,Juglandaceae,Carya,Tree,45.0,Arnold Arboretum living collection (Arboretum Explorer)
Carya x dunbarii 'Weiker',Cultivar of Dunbar Hickory,|Carya ovata 'Weiker'|,Juglandaceae,Carya,Tree,1.6,Arnold Arboretum living collection (Arboretum Explorer)
Carya x schneckii,Schneck's Hickory,,Juglandaceae,Carya,Tree,,Arnold Arboretum living collection (Arboretum Explorer)
Caryopteris 'First Choice',Cultivar of Bluebeard,,Lamiaceae,Caryopteris,Shrub,,Arnold Arboretum living collection (Arboretum Explorer)
Caryopteris 'Longwood Blue',Cultivar of Bluebeard,,Lamiaceae,Caryopteris,Shrub,,Arnold Arboretum living collection (Arboretum Explorer)
Caryopteris x clandonensis 'Arthur Simmonds',Cultivar of Bluebeard,,Lamiaceae,Caryopteris,Herbaceous,,Arnold Arboretum living collection (Arboretum Explorer)
Caryopteris x clandonensis 'Dark Knight',Cultivar of Bluebeard,,Lamiaceae,Caryopteris,Herbaceous,,Arnold Arboretum living collection (Arboretum Explorer)
Castanea crenata,Japanese Chestnut,|Castanea tamba|,Fagaceae,Castanea,Tree,,Arnold Arboretum living collection (Arboretum Explorer)
Castanea dentata,American Chestnut,,Fagaceae,Castanea,Tree,21.8,Arnold Arboretum living collection (Arboretum Explorer)
Castanea dentata x mollissima,,,Fagaceae,Castanea,Tree,,Arnold Arboretum living collection (Arboretum Explorer)
Castanea henryi x mollissima,,,Fagaceae,Castanea,Tree,,Arnold Arboretum living collection (Arboretum Explorer)
Castanea mollissima,Chinese Chestnut,,Fagaceae,Castanea,Tree,,Arnold Arboretum living collection (Arboretum Explorer)
Castanea pumila,Chinquapin,|Castanea pumila var. pumila|Castanea alnifolia|,Fagaceae,Castanea,Tree,3.6,Arnold Arboretum living collection (Arboretum Explorer)
Castanea pumila var. ozarkensis,Ozark Chinquapin,|Castanea ozarkensis|,Fagaceae,Castanea,Tree,33.6,Arnold Arboretum living collection (Arboretum Explorer)
Castanea pumila var. pumila,Chinquapin,|Castanea pumila|Castanea ashei|Castanea pumila var. ashei|,Fagaceae,Castanea,Tree,6.1,Arnold Arboretum living collection (Arboretum Explorer)
Castanea sativa,Sweet Chestnut,,Fagaceae,Castanea,Tree,,Arnold Arboretum living collection (Arboretum Explorer)
Castanea x neglecta,Chinknut,,Fagaceae,Castanea,Shrub,,Arnold Arboretum living collection (Arboretum Explorer)
Catalpa bignonioides,Southern Catalpa,,Bignoniaceae,Catalpa,Tree,43.0,Arnold Arboretum living collection (Arboretum Explorer)
Catalpa bignonioides 'Aurea',Cultivar of Southern Catalpa,|Catalpa bignonioides forma aurea|,Bignoniaceae,Catalpa,Tree,,Arnold Arboretum living collection (Arboretum Explorer)
Catalpa bignonioides 'Nana',Umbrella Catalpa,|Catalpa bignonioides forma nana|,Bignoniaceae,Catalpa,Tree,19.7,Arnold Arboretum living collection (Arboretum Explorer)
Catalpa bungei,Manchurian Catalpa,,Bignoniaceae,Catalpa,Tree,,Arnold Arboretum living collection (Arboretum Explorer)
Catalpa fargesii,Farges Catalpa,,Bignoniaceae,Catalpa,Tree,,Arnold Arboretum living collection (Arboretum Explorer)
Catalpa fargesii forma duclouxii,Ducloux Catalpa,|Catalpa duclouxii|,Bignoniaceae,Catalpa,Tree,,Arnold Arboretum living collection (Arboretum Explorer)
Catalpa ovata,Chinese Catalpa,,Bignoniaceae,Catalpa,Tree,,Arnold Arboretum living collection (Arboretum Explorer)
Catalpa ovata 'Flavescens',Cultivar of Chinese Catalpa,|Catalpa ovata forma flavescens|,Bignoniaceae,Catalpa,Tree,,Arnold Arboretum living collection (Arboretum Explorer)
Catalpa speciosa,Northern Catalpa,,Bignoniaceae,Catalpa,Tree,15.7,Arnold Arboretum living collection (Arboretum Explorer)
Catalpa x erubescens 'J. C. Teas',Cultivar of Hybrid Catalpa,,Bignoniaceae,Catalpa,Tree,,Arnold Arboretum living collection (Arboretum Explorer)
Catalpa x erubescens 'Japonica',Cultivar of Hybrid Catalpa,|Catalpa x hybrida var. japonica|,Bignoniaceae,Catalpa,Tree,,Arnold Arboretum living collection (Arboretum Explorer)
Catalpa x erubescens 'Purpurea',Purpleleaf Teas Catalpa,|Catalpa x hybrida forma purpurea|,Bignoniaceae,Catalpa,Tree,,Arnold Arboretum living collection (Arboretum Explorer)
Catalpa x galleana,Hybrid Catalpa,,Bignoniaceae,Catalpa,Tree,,Arnold Arboretum living collection (Arboretum Explorer)
Cathaya argyrophylla,Silver Fir,,Pinaceae,Cathaya,Tree,8.2,Arnold Arboretum living collection (Arboretum Explorer)
Ceanothus americanus,New Jersey Redroot,,Rhamnaceae,Ceanothus,Shrub,2.4,Arnold Arboretum living collection (Arboretum Explorer)
Ceanothus x pallidus var. roseus,,,Rhamnaceae,Ceanothus,Shrub,4.9,Arnold Arboretum living collection (Arboretum Explorer)
Cedrus atlantica,Atlas Cedar,,Pinaceae,Cedrus,Tree,,Arnold Arboretum living collection (Arboretum Explorer)
Cedrus atlantica 'Glauca Pendula',Cultivar of Atlas Cedar,,Pinaceae,Cedrus,Tree,,Arnold Arboretum living collection (Arboretum Explorer)
Cedrus atlantica 'Glauca',Blue Atlas Cedar,|Cedrus atlantica forma glauca|,Pinaceae,Cedrus,Tree,,Arnold Arboretum living collection (Arboretum Explorer)
Cedrus deodara,Himalayan Cedar,,Pinaceae,Cedrus,Tree,6.2,Arnold Arboretum living collection (Arboretum Explorer)
Cedrus deodara 'Pygmy',Cultivar of Himlayan Cedar,|Cedrus deodara 'Pygmaea'|,Pinaceae,Cedrus,Tree,,Arnold Arboretum living collection (Arboretum Explorer)
Cedrus deodara 'Shalimar',Cultivar of Himalayan Cedar,,Pinaceae,Cedrus,Tree,7.9,Arnold Arboretum living collection (Arboretum Explorer)
Cedrus libani,Cedar of Lebanon,|Cedrus libani ssp. stenocoma|Cedrus libani var. stenocoma|,Pinaceae,Cedrus,Tree,78.1,Arnold Arboretum living collection (Arboretum Explorer)
Cedrus libani 'Pendula',Pendant Cedar of Lebanon,|Cedrus libani forma pendula|,Pinaceae,Cedrus,Tree,,Arnold Arboretum living collection (Arboretum Explorer)
Celastrus angulatus,Anglestem Bittersweet,,Celastraceae,Celastrus,Vine,13.1,Arnold Arboretum living collection (Arboretum Explorer)
Celastrus hindsii,,,Celastraceae,Celastrus,Vine,10.8,Arnold Arboretum living collection (Arboretum Explorer)
Celastrus orbiculata var. punctata,,,Celastraceae,Celastrus,Shrub,,Arnold Arboretum living collection (Arboretum Explorer)
Celastrus orbiculatus,Round Leaf Bittersweet,|Celastrus articulatus|,Celastraceae,Celastrus,Vine,2.6,Arnold Arboretum living collection (Arboretum Explorer)
Celastrus orbiculatus var. papillosus,,|Celastrus strigillosus|,Celastraceae,Celastrus,Vine,,Arnold Arboretum living collection (Arboretum Explorer)
Celastrus scandens,American Bittersweet,,Celastraceae,Celastrus,Vine,4.3,Arnold Arboretum living collection (Arboretum Explorer)
Celtis 'Magnifica',Magnifica Hackberry,,Cannabaceae,Celtis,Tree,,Arnold Arboretum living collection (Arboretum Explorer)
Celtis aff. occidentalis,Common Hackberry,,Cannabaceae,Celtis,Tree,,Arnold Arboretum living collection (Arboretum Explorer)
Celtis australis,European Hackberry,,Cannabaceae,Celtis,Tree,13.8,Arnold Arboretum living collection (Arboretum Explorer)
Celtis biondii,,|Celtis leveillei var. holophylla|Celtis biondii var. heterophylla|,Cannabaceae,Celtis,Tree,1.4,Arnold Arboretum living collection (Arboretum Explorer)
Celtis bungeana,Bunge Hackberry,,Cannabaceae,Celtis,Tree,,Arnold Arboretum living collection (Arboretum Explorer)
Celtis caucasica,,,Cannabaceae,Celtis,Tree,,Arnold Arboretum living collection (Arboretum Explorer)
Celtis choseniana,,,Cannabaceae,Celtis,Tree,,Arnold Arboretum living collection (Arboretum Explorer)
Celtis glabrata,,,Cannabaceae,Celtis,Intermediate (shrub/tree),,Arnold Arboretum living collection (Arboretum Explorer)
Celtis gracilis,,,Cannabaceae,Celtis,Tree,,Arnold Arboretum living collection (Arboretum Explorer)
Celtis jessoensis,,,Cannabaceae,Celtis,Tree,8.0,Arnold Arboretum living collection (Arboretum Explorer)
Celtis koraiensis,Korean Hackberry,|Celtis aurantiaca|,Cannabaceae,Celtis,Tree,7.9,Arnold Arboretum living collection (Arboretum Explorer)
Celtis laevigata,Sugarberry,|Celtis laevigata var. smallii|Celtis laevigata var. texana|Celtis laevigata var. reticulata|,Cannabaceae,Celtis,Tree,,Arnold Arboretum living collection (Arboretum Explorer)
Celtis occidentalis,Hackberry,|Celtis occidentalis var. canina|Celtis occidentalis var. crassifolia||Celtis pumila var. deamei|,Cannabaceae,Celtis,Tree,5.2,Arnold Arboretum living collection (Arboretum Explorer)
Celtis occidentalis 'Prairie Pride',Cultivar of Hackberry,,Cannabaceae,Celtis,Tree,,Arnold Arboretum living collection (Arboretum Explorer)
Celtis reticulata,Netleaf Hackberry,|Celtis douglasii|,Cannabaceae,Celtis,Intermediate (shrub/tree),,Arnold Arboretum living collection (Arboretum Explorer)
Celtis sinensis,,|Celtis sinensis var. japonica|Celtis labilis|,Cannabaceae,Celtis,Tree,,Arnold Arboretum living collection (Arboretum Explorer)
Celtis tenuifolia,Dwarf Hackberry,|Celtis pumila var. georgiana|,Cannabaceae,Celtis,Intermediate (shrub/tree),4.6,Arnold Arboretum living collection (Arboretum Explorer)
Celtis tournefortii,,,Cannabaceae,Celtis,Intermediate (shrub/tree),,Arnold Arboretum living collection (Arboretum Explorer)
Celtis vandervoetiana,,,Cannabaceae,Celtis,Tree,5.0,Arnold Arboretum living collection (Arboretum Explorer)
Cephalanthus occidentalis,Buttonbush,,Rubiaceae,Cephalanthus,Shrub,12.1,Arnold Arboretum living collection (Arboretum Explorer)
Cephalanthus occidentalis var. occidentalis,Buttonbush,,Rubiaceae,Cephalanthus,Shrub,11.8,Arnold Arboretum living collection (Arboretum Explorer)
Cephalanthus occidentalis var. pubescens,Southern Buttonbush,,Rubiaceae,Cephalanthus,Shrub,,Arnold Arboretum living collection (Arboretum Explorer)
Cephalotaxus fortunei,Chinese Plum Yew,,Cephalotaxaceae,Cephalotaxus,Intermediate (shrub/tree),6.6,Arnold Arboretum living collection (Arboretum Explorer)
Cephalotaxus harringtonia,Japanese Plum Yew,|Cephalotaxus harringtonia 'Pedunculata'|Cephalotaxus drupacea|Cephalotaxus harringtonia var. drupacea|,Cephalotaxaceae,Cephalotaxus,Intermediate (shrub/tree),11.5,Arnold Arboretum living collection (Arboretum Explorer)
Cephalotaxus harringtonia 'Duke Gardens',Cultivar of Japanese Plum Yew,,Cephalotaxaceae,Cephalotaxus,Tree,3.3,Arnold Arboretum living collection (Arboretum Explorer)
Cephalotaxus harringtonia 'Fastigiata',,|Cephalotaxus harringtonia forma fastigiata|Cephalotaxus drupacea fastigiata|,Cephalotaxaceae,Cephalotaxus,Tree,10.7,Arnold Arboretum living collection (Arboretum Explorer)
Cephalotaxus harringtonia 'Prostrata',Cultivar of Japanese Plum Yew,|Cephalotaxus harringtonia var. prostrata|,Cephalotaxaceae,Cephalotaxus,Shrub,3.9,Arnold Arboretum living collection (Arboretum Explorer)
Cephalotaxus harringtonia var. koreana,Variety of Plum Yew,|Cephalotaxus koreana|,Cephalotaxaceae,Cephalotaxus,Shrub,,Arnold Arboretum living collection (Arboretum Explorer)
Cephalotaxus harringtonia var. nana,Dwarf Plum Yew,,Cephalotaxaceae,Cephalotaxus,Shrub,6.6,Arnold Arboretum living collection (Arboretum Explorer)
Cephalotaxus oliveri,,,Cephalotaxaceae,Cephalotaxus,Intermediate (shrub/tree),3.3,Arnold Arboretum living collection (Arboretum Explorer)
Cephalotaxus sinensis,,|Cephalotaxus harringtonia var. sinensis|,Cephalotaxaceae,Cephalotaxus,Intermediate (shrub/tree),12.5,Arnold Arboretum living collection (Arboretum Explorer)
Cercidiphyllum japonicum,Katsura Tree,|Cercidiphyllum japonicum var. sinense|Cercidiphyllum japonicum forma miquelianum|,Cercidiphyllaceae,Cercidiphyllum,Tree,12.0,Arnold Arboretum living collection (Arboretum Explorer)
Cercidiphyllum japonicum 'Morioka Weeping',Cultivar of Katsura Tree,|Cercidiphyllum magnificum forma pendulum|,Cercidiphyllaceae,Cercidiphyllum,Tree,,Arnold Arboretum living collection (Arboretum Explorer)
Cercidiphyllum japonicum forma pendulum 'Amazing Grace',Cultivar of Weeping Katsura Tree,,Cercidiphyllaceae,Cercidiphyllum,Tree,,Arnold Arboretum living collection (Arboretum Explorer)
Cercidiphyllum magnificum,Katsuratree,,Cercidiphyllaceae,Cercidiphyllum,Tree,7.5,Arnold Arboretum living collection (Arboretum Explorer)
Cercis canadensis,Eastern Redbud,|Cercis reniformis|,Fabaceae,Cercis,Tree,6.7,Arnold Arboretum living collection (Arboretum Explorer)
Cercis canadensis 'Alba',Cultivar of Eastern Redbud,,Fabaceae,Cercis,Tree,,Arnold Arboretum living collection (Arboretum Explorer)
Cercis canadensis 'Arnold Banner',Cultivar of Eastern Redbud,,Fabaceae,Cercis,Tree,5.9,Arnold Arboretum living collection (Arboretum Explorer)
Cercis canadensis 'Covey',Cultivar of Eastern Redbud,,Fabaceae,Cercis,Tree,,Arnold Arboretum living collection (Arboretum Explorer)
Cercis canadensis 'Flame',Eastern Redbud,,Fabaceae,Cercis,Tree,,Arnold Arboretum living collection (Arboretum Explorer)
Cercis canadensis 'Forest Pansy',Cultivar of Eastern Redbud,,Fabaceae,Cercis,Tree,,Arnold Arboretum living collection (Arboretum Explorer)
Cercis canadensis 'JN15',Cultivar of Eastern Redbud,,Fabaceae,Cercis,Tree,7.2,Arnold Arboretum living collection (Arboretum Explorer)
Cercis canadensis 'JN16',Cultivar of Eastern Redbud,,Fabaceae,Cercis,Tree,6.6,Arnold Arboretum living collection (Arboretum Explorer)
Cercis canadensis 'Sjo',Cultivar of Eastern Redbud,,Fabaceae,Cercis,Tree,7.5,Arnold Arboretum living collection (Arboretum Explorer)
Cercis canadensis var. texensis,Texas Redbud,|Cercis reniformis|,Fabaceae,Cercis,Shrub,,Arnold Arboretum living collection (Arboretum Explorer)
Cercis chinensis,Chinese Redbud,,Fabaceae,Cercis,Shrub,10.5,Arnold Arboretum living collection (Arboretum Explorer)
Cercis chinensis 'Avondale',Cultivar of Chinese Redbud,,Fabaceae,Cercis,Tree,,Arnold Arboretum living collection (Arboretum Explorer)
Cercis chinensis 'Don Egolf',Cultivar of Chinese Redbud,,Fabaceae,Cercis,Shrub,5.2,Arnold Arboretum living collection (Arboretum Explorer)
Cercis siliquastrum,Judas Tree,,Fabaceae,Cercis,Tree,2.7,Arnold Arboretum living collection (Arboretum Explorer)
Chaenomeles 'Cole's Red',,,Rosaceae,Chaenomeles,Shrub,,Arnold Arboretum living collection (Arboretum Explorer)
Chaenomeles 'Mallarot',Cultivar of Chaenomeles,,Rosaceae,Chaenomeles,Shrub,,Arnold Arboretum living collection (Arboretum Explorer)
Chaenomeles cathayensis,Chinese Flowering Quince,|Chaenomeles lagenaria var. cathayensis|Chaenomeles speciosa var. wilsonii|Chaenomeles cathayensis var. wilsonii|,Rosaceae,Chaenomeles,Intermediate (shrub/tree),4.9,Arnold Arboretum living collection (Arboretum Explorer)
Chaenomeles japonica,Japanese Flowering Quince,,Rosaceae,Chaenomeles,Shrub,5.6,Arnold Arboretum living collection (Arboretum Explorer)
Chaenomeles japonica 'Sargentii',Cultivar of Japanese Quince,,Rosaceae,Chaenomeles,Shrub,4.9,Arnold Arboretum living collection (Arboretum Explorer)
Chaenomeles japonica var. alpina,Variety of Japanese Flowering Quince,,Rosaceae,Chaenomeles,Shrub,3.0,Arnold Arboretum living collection (Arboretum Explorer)
Chaenomeles speciosa,Flowering Quince,|Chaenomeles lagenaria|,Rosaceae,Chaenomeles,Shrub,5.9,Arnold Arboretum living collection (Arboretum Explorer)
Chaenomeles speciosa 'Candidissima',Cultivar of Flowering Quince,,Rosaceae,Chaenomeles,Shrub,5.2,Arnold Arboretum living collection (Arboretum Explorer)
Chaenomeles speciosa 'Cardinalis',Cultivar of Flowering Quince,,Rosaceae,Chaenomeles,Shrub,6.2,Arnold Arboretum living collection (Arboretum Explorer)
Chaenomeles speciosa 'Contorta',Cultivar of Flowering Quince,,Rosaceae,Chaenomeles,Shrub,3.6,Arnold Arboretum living collection (Arboretum Explorer)
Chaenomeles speciosa 'Doctor Bang's Pink',Cultivar of Flowering Quince,,Rosaceae,Chaenomeles,Shrub,5.9,Arnold Arboretum living collection (Arboretum Explorer)
Chaenomeles speciosa 'Leonard's Velvety',,,Rosaceae,Chaenomeles,Shrub,,Arnold Arboretum living collection (Arboretum Explorer)
Chaenomeles speciosa 'Nivalis',Cultivar of Flowering Quince,,Rosaceae,Chaenomeles,Shrub,5.2,Arnold Arboretum living collection (Arboretum Explorer)
Chaenomeles speciosa 'Rosea Plena',,,Rosaceae,Chaenomeles,Shrub,,Arnold Arboretum living collection (Arboretum Explorer)
Chaenomeles speciosa 'Rubra Grandiflora',Cultivar of Flowering Quince,,Rosaceae,Chaenomeles,Shrub,6.9,Arnold Arboretum living collection (Arboretum Explorer)
Chaenomeles speciosa 'Simonii',Cultivar of Flowering Quince,,Rosaceae,Chaenomeles,Shrub,,Arnold Arboretum living collection (Arboretum Explorer)
Chaenomeles speciosa 'Taioh-Nishiki',Cultivar of Flowering Quince,,Rosaceae,Chaenomeles,Shrub,,Arnold Arboretum living collection (Arboretum Explorer)
Chaenomeles x californica 'Masterpiece',Cultivar of Flowering Quince,,Rosaceae,Chaenomeles,Shrub,6.9,Arnold Arboretum living collection (Arboretum Explorer)
Chaenomeles x superba 'Crimson Beauty',Cultivar of Flowering Quince,,Rosaceae,Chaenomeles,Shrub,5.9,Arnold Arboretum living collection (Arboretum Explorer)
Chaenomeles x superba 'Foliis Rubris',Cultivar of Flowering Quince,,Rosaceae,Chaenomeles,Shrub,3.9,Arnold Arboretum living collection (Arboretum Explorer)
Chaenomeles x superba 'Mandarin',Cultivar of Flowering Quince,,Rosaceae,Chaenomeles,Shrub,4.6,Arnold Arboretum living collection (Arboretum Explorer)
Chaenomeles x superba 'Vesuvius',Cultivar of Flowering Quince,|Chaenomeles lagenaria 'Vesuvius'|,Rosaceae,Chaenomeles,Shrub,3.9,Arnold Arboretum living collection (Arboretum Explorer)
Chamaecyparis 'Westermanii-Somerset',Cultivar of False Cypress,,Cupressaceae,Chamaecyparis,Tree,,Arnold Arboretum living collection (Arboretum Explorer)
Chamaecyparis lawsoniana,Port Orford Cedar,,Cupressaceae,Chamaecyparis,Tree,7.2,Arnold Arboretum living collection (Arboretum Explorer)
Chamaecyparis lawsoniana 'Alumii',,|Chamaecyparis lawsoniana forma alumii|,Cupressaceae,Chamaecyparis,Tree,,Arnold Arboretum living collection (Arboretum Explorer)
Chamaecyparis lawsoniana 'Erecta Viridis',Cultivar of Lawson False Cypress,,Cupressaceae,Chamaecyparis,Tree,,Arnold Arboretum living collection (Arboretum Explorer)
Chamaecyparis lawsoniana 'Green Hedger',Cultivar of Port Orford Cedar,,Cupressaceae,Chamaecyparis,Tree,,Arnold Arboretum living collection (Arboretum Explorer)
Chamaecyparis lawsoniana 'Minima Aurea',Cultivar of Lawson False Cypress,,Cupressaceae,Chamaecyparis,Shrub,,Arnold Arboretum living collection (Arboretum Explorer)
Chamaecyparis lawsoniana 'Pygmaea Argentea',Cultivar of Lawson False Cypress,,Cupressaceae,Chamaecyparis,Tree,,Arnold Arboretum living collection (Arboretum Explorer)
Chamaecyparis lawsoniana 'Silver Tip',,,Cupressaceae,Chamaecyparis,Tree,,Arnold Arboretum living collection (Arboretum Explorer)
Chamaecyparis lawsoniana 'Stilton Cheese',Cultivar of Lawson False Cypress,,Cupressaceae,Chamaecyparis,Tree,,Arnold Arboretum living collection (Arboretum Explorer)
Chamaecyparis obtusa,Hinoki Falsecypress,,Cupressaceae,Chamaecyparis,Tree,3.9,Arnold Arboretum living collection (Arboretum Explorer)
Chamaecyparis obtusa 'Aurea',Golden Hinoki False Cypress,|Chamaecyparis obtusa forma aurea|,Cupressaceae,Chamaecyparis,Tree,,Arnold Arboretum living collection (Arboretum Explorer)
Chamaecyparis obtusa 'Breviramea',Cultivar of Hinoki Falsecypress,|Chamaecyparis obtusa var. breviramea|Chamaecyparis obtusa forma breviramea|,Cupressaceae,Chamaecyparis,Tree,,Arnold Arboretum living collection (Arboretum Explorer)
Chamaecyparis obtusa 'Chabo-Hiba',Cultivar of Hinoki Falsecypress,,Cupressaceae,Chamaecyparis,Tree,,Arnold Arboretum living collection (Arboretum Explorer)
Chamaecyparis obtusa 'Chimo-hiba',Cultivar of Hinoki Falsecypress,,Cupressaceae,Chamaecyparis,Shrub,,Arnold Arboretum living collection (Arboretum Explorer)
Chamaecyparis obtusa 'Compacta',Compact Hinoki False Cypress,|Chamaecyparis obtusa forma compacta|,Cupressaceae,Chamaecyparis,Tree,,Arnold Arboretum living collection (Arboretum Explorer)
Chamaecyparis obtusa 'Contorta',,,Cupressaceae,Chamaecyparis,Shrub,,Arnold Arboretum living collection (Arboretum Explorer)
Chamaecyparis obtusa 'Coralliformis',Cultivar of Hinoki Cypress,|Chamaecyparis obtusa forma coralliformis|Chamaecyparis obtusa 'Torulosa'|,Cupressaceae,Chamaecyparis,Shrub,20.0,Arnold Arboretum living collection (Arboretum Explorer)
Chamaecyparis obtusa 'Crippsii',Cripps Hinoki False Cypress,|Chamaecyparis obtusa forma crippsii|,Cupressaceae,Chamaecyparis,Tree,,Arnold Arboretum living collection (Arboretum Explorer)
Chamaecyparis obtusa 'Filicoides',Fern Spray Hinoki False Cypress,|Chamaecyparis obtusa forma filicoides|,Cupressaceae,Chamaecyparis,Intermediate (shrub/tree),6.5,Arnold Arboretum living collection (Arboretum Explorer)
Chamaecyparis obtusa 'Flabelliformis',Cultivar of Hinoki Falsecypress,,Cupressaceae,Chamaecyparis,Shrub,,Arnold Arboretum living collection (Arboretum Explorer)
Chamaecyparis obtusa 'Golden Nymph',Cultivar of Hinoki Falsecypress,,Cupressaceae,Chamaecyparis,Shrub,,Arnold Arboretum living collection (Arboretum Explorer)
Chamaecyparis obtusa 'Gracilis Aurea',Cultivar of Hinoki Cypress,,Cupressaceae,Chamaecyparis,Tree,,Arnold Arboretum living collection (Arboretum Explorer)
Chamaecyparis obtusa 'Gracilis',Cultivar of Hinoki False Cypress,,Cupressaceae,Chamaecyparis,Tree,,Arnold Arboretum living collection (Arboretum Explorer)
Chamaecyparis obtusa 'Graciosa',Cultivar of Hinoki False Cypress,,Cupressaceae,Chamaecyparis,Tree,,Arnold Arboretum living collection (Arboretum Explorer)
Chamaecyparis obtusa 'Grandi Pygmy',,,Cupressaceae,Chamaecyparis,Tree,,Arnold Arboretum living collection (Arboretum Explorer)
Chamaecyparis obtusa 'Hage',Cultivar of Hinoki Falsecypress,,Cupressaceae,Chamaecyparis,Shrub,2.3,Arnold Arboretum living collection (Arboretum Explorer)
Chamaecyparis obtusa 'Kanaamihiba',Cultivar of Hinoki Falsecypress,|Chamaecyparis obtusa 'Kaamani-Hiba'|,Cupressaceae,Chamaecyparis,Tree,,Arnold Arboretum living collection (Arboretum Explorer)
Chamaecyparis obtusa 'Kosteri',Cultivar of Hinoki Falsecypress,,Cupressaceae,Chamaecyparis,Shrub,,Arnold Arboretum living collection (Arboretum Explorer)
Chamaecyparis obtusa 'Lycopodioides Aurea',,,Cupressaceae,Chamaecyparis,Shrub,13.0,Arnold Arboretum living collection (Arboretum Explorer)
Chamaecyparis obtusa 'Lycopodioides',Cultivar of Hinoki Falsecypress,|Chamaecyparis obtusa forma lycopodioides|,Cupressaceae,Chamaecyparis,Shrub,,Arnold Arboretum living collection (Arboretum Explorer)
Chamaecyparis obtusa 'Magnifica',Great Hinoki False Cypress,|Chamaecyparis obtusa forma magnifica|,Cupressaceae,Chamaecyparis,Tree,,Arnold Arboretum living collection (Arboretum Explorer)
Chamaecyparis obtusa 'Mariesii',,,Cupressaceae,Chamaecyparis,Shrub,,Arnold Arboretum living collection (Arboretum Explorer)
Chamaecyparis obtusa 'Nana Argentea',Cultivar of Hinoki Falsecypress,,Cupressaceae,Chamaecyparis,Shrub,,Arnold Arboretum living collection (Arboretum Explorer)
Chamaecyparis obtusa 'Nana Aurea',Cultivar of Hinoki Cypress,|Chamaecyparis obtusa forma nana aurea|,Cupressaceae,Chamaecyparis,Shrub,,Arnold Arboretum living collection (Arboretum Explorer)
Chamaecyparis obtusa 'Nana Gracilis',Cultivar of Hinoki Falsecypress,|Chamaecyparis obtusa 'Gracilis Nana'|,Cupressaceae,Chamaecyparis,Shrub,7.9,Arnold Arboretum living collection (Arboretum Explorer)
Chamaecyparis obtusa 'Nana',Cultivar of Hinoki Falsecypress,|Chamaecyparis obtusa forma nana|,Cupressaceae,Chamaecyparis,Shrub,,Arnold Arboretum living collection (Arboretum Explorer)
Chamaecyparis obtusa 'Pygmaea Aurescens',,,Cupressaceae,Chamaecyparis,Shrub,7.0,Arnold Arboretum living collection (Arboretum Explorer)
Chamaecyparis obtusa 'Pygmaea',Pygmy Hinoki False Cypress,|Chamaecyparis obtusa forma pygmaea|,Cupressaceae,Chamaecyparis,Shrub,6.0,Arnold Arboretum living collection (Arboretum Explorer)
Chamaecyparis obtusa 'Repens',Cultivar of Hinoki False Cypress,|Chamaecyparis obtusa 'Nana Repens'|,Cupressaceae,Chamaecyparis,Tree,,Arnold Arboretum living collection (Arboretum Explorer)
Chamaecyparis obtusa 'Rezek',,,Cupressaceae,Chamaecyparis,Tree,,Arnold Arboretum living collection (Arboretum Explorer)
Chamaecyparis obtusa 'Rigida',,,Cupressaceae,Chamaecyparis,Tree,3.0,Arnold Arboretum living collection (Arboretum Explorer)
Chamaecyparis obtusa 'Tempelhof',Cultivar of Hinoki Falsecypress,,Cupressaceae,Chamaecyparis,Shrub,,Arnold Arboretum living collection (Arboretum Explorer)
Chamaecyparis obtusa 'Tetragona',Cultivar of Hinoki Cypress,,Cupressaceae,Chamaecyparis,Shrub,12.0,Arnold Arboretum living collection (Arboretum Explorer)
Chamaecyparis obtusa 'Tsatsumi',Cultivar of Hinoki False Cypress,,Cupressaceae,Chamaecyparis,Tree,,Arnold Arboretum living collection (Arboretum Explorer)
Chamaecyparis obtusa (variant),Variant of Hinoki False Cypress,,Cupressaceae,Chamaecyparis,Tree,,Arnold Arboretum living collection (Arboretum Explorer)
Chamaecyparis obtusa var. formosana,,,Cupressaceae,Chamaecyparis,Tree,,Arnold Arboretum living collection (Arboretum Explorer)
Chamaecyparis pisifera,Sawara Falsecypress,,Cupressaceae,Chamaecyparis,Tree,,Arnold Arboretum living collection (Arboretum Explorer)
Chamaecyparis pisifera 'Aurea Nana',Sawara False Cypress,,Cupressaceae,Chamaecyparis,Tree,,Arnold Arboretum living collection (Arboretum Explorer)
Chamaecyparis pisifera 'Boulevard',Cultivar of Sawara False Cypress,,Cupressaceae,Chamaecyparis,Tree,,Arnold Arboretum living collection (Arboretum Explorer)
Chamaecyparis pisifera 'Compacta Variegata',,,Cupressaceae,Chamaecyparis,Tree,,Arnold Arboretum living collection (Arboretum Explorer)
Chamaecyparis pisifera 'Cream Ball',Cultivar of Sawara Cypress,,Cupressaceae,Chamaecyparis,Tree,11.8,Arnold Arboretum living collection (Arboretum Explorer)
Chamaecyparis pisifera 'Filifera Aurea',Cultivar of Sawara Falsecypress,,Cupressaceae,Chamaecyparis,Tree,4.0,Arnold Arboretum living collection (Arboretum Explorer)
Chamaecyparis pisifera 'Filifera Flava',,,Cupressaceae,Chamaecyparis,Tree,,Arnold Arboretum living collection (Arboretum Explorer)
Chamaecyparis pisifera 'Filifera Nana',Cultivar of Sawara Cypress,,Cupressaceae,Chamaecyparis,Tree,,Arnold Arboretum living collection (Arboretum Explorer)
Chamaecyparis pisifera 'Filifera',Thread Sawara False Cypress,|Chamaecyparis pisifera forma filifera|,Cupressaceae,Chamaecyparis,Intermediate (shrub/tree),,Arnold Arboretum living collection (Arboretum Explorer)
Chamaecyparis pisifera 'Gekko Hiba',Cultivar of Sawara False Cypress,,Cupressaceae,Chamaecyparis,Tree,,Arnold Arboretum living collection (Arboretum Explorer)
Chamaecyparis pisifera 'Gold Spangle',Cultivar of Sawara False Cypress,,Cupressaceae,Chamaecyparis,Tree,,Arnold Arboretum living collection (Arboretum Explorer)
Chamaecyparis pisifera 'Golden Mop',,,Cupressaceae,Chamaecyparis,Tree,10.0,Arnold Arboretum living collection (Arboretum Explorer)
Chamaecyparis pisifera 'Nana Aureovariegata',,,Cupressaceae,Chamaecyparis,Tree,,Arnold Arboretum living collection (Arboretum Explorer)
Chamaecyparis pisifera 'Nana Variegata',,,Cupressaceae,Chamaecyparis,Tree,,Arnold Arboretum living collection (Arboretum Explorer)
Chamaecyparis pisifera 'Nana',,,Cupressaceae,Chamaecyparis,Tree,,Arnold Arboretum living collection (Arboretum Explorer)
Chamaecyparis pisifera 'Plumosa Argentea',Cultivar of Sawara Falsecypress,,Cupressaceae,Chamaecyparis,Tree,,Arnold Arboretum living collection (Arboretum Explorer)
Chamaecyparis pisifera 'Plumosa Aurea Compacta',,,Cupressaceae,Chamaecyparis,Tree,,Arnold Arboretum living collection (Arboretum Explorer)
Chamaecyparis pisifera 'Plumosa Aurea',Cultivar of Sawara Falsecypress,,Cupressaceae,Chamaecyparis,Tree,,Arnold Arboretum living collection (Arboretum Explorer)
Chamaecyparis pisifera 'Plumosa Compressa Aurea',Cultivar of Sawara False Cypress,,Cupressaceae,Chamaecyparis,Tree,,Arnold Arboretum living collection (Arboretum Explorer)
Chamaecyparis pisifera 'Plumosa Compressa',Cultivar of Sawara (False) Cypress,,Cupressaceae,Chamaecyparis,Tree,,Arnold Arboretum living collection (Arboretum Explorer)
Chamaecyparis pisifera 'Plumosa Nana',Cultivar of Sawara False Cypress,,Cupressaceae,Chamaecyparis,Tree,,Arnold Arboretum living collection (Arboretum Explorer)
Chamaecyparis pisifera 'Plumosa Vera',,,Cupressaceae,Chamaecyparis,Tree,,Arnold Arboretum living collection (Arboretum Explorer)
Chamaecyparis pisifera 'Plumosa',Plume Sawara False Cypress,|Chamaecyparis pisifera forma plumosa|,Cupressaceae,Chamaecyparis,Shrub,,Arnold Arboretum living collection (Arboretum Explorer)
Chamaecyparis pisifera 'Snow',Cultivar of Sawara Cypress,,Cupressaceae,Chamaecyparis,Tree,,Arnold Arboretum living collection (Arboretum Explorer)
Chamaecyparis pisifera 'Squarrosa Aurea',Cultivar of Sawara (False) Cypress,,Cupressaceae,Chamaecyparis,Tree,,Arnold Arboretum living collection (Arboretum Explorer)
Chamaecyparis pisifera 'Squarrosa Compressa',,,Cupressaceae,Chamaecyparis,,,Arnold Arboretum living collection (Arboretum Explorer)
Chamaecyparis pisifera 'Squarrosa Dumosa',Cultivar of Sawara Falsecypress,,Cupressaceae,Chamaecyparis,Tree,,Arnold Arboretum living collection (Arboretum Explorer)
Chamaecyparis pisifera 'Squarrosa Intermedia',Cultivar of Sawara Falsecypress,|Chamaecyparis pisifera 'Dwarf Blue'|,Cupressaceae,Chamaecyparis,Tree,26.2,Arnold Arboretum living collection (Arboretum Explorer)
Chamaecyparis pisifera 'Squarrosa',Cultivar of Sawara Falsecypress,|Chamaecyparis pisifera forma squarrosa|,Cupressaceae,Chamaecyparis,Shrub,,Arnold Arboretum living collection (Arboretum Explorer)
Chamaecyparis pisifera 'Tsukumo',,,Cupressaceae,Chamaecyparis,Tree,,Arnold Arboretum living collection (Arboretum Explorer)
Chamaecyparis pisifera 'White Pygmy',,,Cupressaceae,Chamaecyparis,Tree,,Arnold Arboretum living collection (Arboretum Explorer)
Chamaecyparis pisifera Plumosa Form Group,Sawara False Cypress,,Cupressaceae,Chamaecyparis,Tree,,Arnold Arboretum living collection (Arboretum Explorer)
Chamaecyparis thyoides,Atlantic White Cedar,|Chamaecyparis henryae|,Cupressaceae,Chamaecyparis,Tree,,Arnold Arboretum living collection (Arboretum Explorer)
Chamaecyparis thyoides 'Andelyensis',Form of Whitecedar,|Chamaecyparis thyoides forma andelyensis|,Cupressaceae,Chamaecyparis,Shrub,2.6,Arnold Arboretum living collection (Arboretum Explorer)
Chamaecyparis thyoides 'Conica',,|Chamaecyparis thyoides 'Andelyensis Conica'|,Cupressaceae,Chamaecyparis,Tree,6.5,Arnold Arboretum living collection (Arboretum Explorer)
Chamaecyparis thyoides 'Ericoides',Heath Whitecedar,|Chamaecyparis thyoides forma ericoides|,Cupressaceae,Chamaecyparis,Shrub,10.0,Arnold Arboretum living collection (Arboretum Explorer)
Chamaecyparis thyoides 'Qiana',,,Cupressaceae,Chamaecyparis,Tree,,Arnold Arboretum living collection (Arboretum Explorer)
Chamaedaphne calyculata,Leatherleaf,|Cassandra calyculata|Chamaedaphne calyculata var. angustifolia|Chamaedaphne calyculata var. latifolia|Chamaedaphne calyculata var. nana|,Ericaceae,Chamaedaphne,Shrub,,Arnold Arboretum living collection (Arboretum Explorer)
Chamaedaphne calyculata 'Compacta Nana',Cultivar of Chamaedaphne,,Ericaceae,Chamaedaphne,Shrub,,Arnold Arboretum living collection (Arboretum Explorer)
Chamaedaphne calyculata 'Verdant',Cultivar of Leatherleaf,,Ericaceae,Chamaedaphne,Shrub,,Arnold Arboretum living collection (Arboretum Explorer)
Chamaedaphne calyculata var. angustifolia,Leatherleaf,|Chamaedaphne calyculata 'Angustifolia'|Chamaedaphne calyculata|,Ericaceae,Chamaedaphne,Shrub,,Arnold Arboretum living collection (Arboretum Explorer)
Chasmanthium latifolium,Wild Oats,,Poaceae,Chasmanthium,Herbaceous,,Arnold Arboretum living collection (Arboretum Explorer)
Chimonanthus praecox,,|Chimonanthus yunnanensis|Chimonanthus praecox var. concolor|,Calycanthaceae,Chimonanthus,Shrub,6.6,Arnold Arboretum living collection (Arboretum Explorer)
Chimonanthus zhejiangensis,,,Calycanthaceae,Chimonanthus,Shrub,,Arnold Arboretum living collection (Arboretum Explorer)
Chionanthus retusus,Chinese Fringetree,,Oleaceae,Chionanthus,Tree,,Arnold Arboretum living collection (Arboretum Explorer)
Chionanthus retusus (selection),Cultivar of Chinese Fringetree,,Oleaceae,Chionanthus,Shrub,14.2,Arnold Arboretum living collection (Arboretum Explorer)
Chionanthus virginicus,White Fringetree,|Chionanthus virginicus var. maritimus|,Oleaceae,Chionanthus,Tree,16.4,Arnold Arboretum living collection (Arboretum Explorer)
Chosenia arbutifolia,,|Chosenia bracteosa|Chosenia eucalyptoides|Chosenia macrolepis|Salix arbutifolia|,Salicaceae,Chosenia,Tree,,Arnold Arboretum living collection (Arboretum Explorer)
Chrysolepis chrysophylla,Giant Golden Chinkapin,,Fagaceae,Chrysolepis,Intermediate (shrub/tree),2.2,Arnold Arboretum living collection (Arboretum Explorer)
Chrysolepis sempervirens,Bush Chinquapin,|Castanopsis sempervirens|,Fagaceae,Chrysolepis,Shrub,,Arnold Arboretum living collection (Arboretum Explorer)
Cimicifuga japonica,,,Ranunculaceae,Cimicifuga,Herbaceous,,Arnold Arboretum living collection (Arboretum Explorer)
Cimicifuga racemosa,Black Snakeroot,,Ranunculaceae,Cimicifuga,Herbaceous,,Arnold Arboretum living collection (Arboretum Explorer)
Cissus trifoliata,Marine Ivy,|Cissus incisa|,Vitaceae,Cissus,Vine,,Arnold Arboretum living collection (Arboretum Explorer)
Cladrastis kentukea,American Yellowwood,|Cladrastis lutea|,Fabaceae,Cladrastis,Tree,62.6,Arnold Arboretum living collection (Arboretum Explorer)
Cladrastis kentukea 'Perkins Pink',Cultivar of American Yellowwood,|Cladrastis kentukea var. rosea|,Fabaceae,Cladrastis,Tree,,Arnold Arboretum living collection (Arboretum Explorer)
Cladrastis kentukea 'Sweetshade',Cultivar of American Yellowwood,,Fabaceae,Cladrastis,Tree,,Arnold Arboretum living collection (Arboretum Explorer)
Clematis 'Betty Corning',Cultivar of Clematis,|Clematis viticella 'Betty Corning'|,Ranunculaceae,Clematis,Vine,,Arnold Arboretum living collection (Arboretum Explorer)
Clematis 'Blue Dancer',Cultivar of Clematis,|Clematis alpina 'Blue Dancer'|,Ranunculaceae,Clematis,Vine,,Arnold Arboretum living collection (Arboretum Explorer)
Clematis 'Comtesse de Bouchard',Cultivar of Clematis,,Ranunculaceae,Clematis,Vine,,Arnold Arboretum living collection (Arboretum Explorer)
Clematis 'Emilia Plater',Cultivar of Clematis,,Ranunculaceae,Clematis,Vine,,Arnold Arboretum living collection (Arboretum Explorer)
Clematis 'Ernest Markham',Cultivar of Clematis,,Ranunculaceae,Clematis,Vine,,Arnold Arboretum living collection (Arboretum Explorer)
Clematis 'Guernsey Cream',Cultivar of Clematis,,Ranunculaceae,Clematis,Shrub,,Arnold Arboretum living collection (Arboretum Explorer)
Clematis 'John Huxtable',Cultivar of Clematis,,Ranunculaceae,Clematis,Vine,,Arnold Arboretum living collection (Arboretum Explorer)
Clematis 'Marie Boisselot',Cultivar of Clematis,,Ranunculaceae,Clematis,Vine,,Arnold Arboretum living collection (Arboretum Explorer)
Clematis 'Multi Blue',Cultivar of Clematis,,Ranunculaceae,Clematis,Vine,,Arnold Arboretum living collection (Arboretum Explorer)
Clematis 'Paul Farges',Cultivar of Clematis,|Clematis 'Fargesioides'|,Ranunculaceae,Clematis,Vine,,Arnold Arboretum living collection (Arboretum Explorer)
Clematis 'Polish Spirit',,|Clematis viticella 'Polish Spirit'|,Ranunculaceae,Clematis,Vine,,Arnold Arboretum living collection (Arboretum Explorer)
Clematis 'Prince Charles',Cultivar of Clematis,,Ranunculaceae,Clematis,Vine,,Arnold Arboretum living collection (Arboretum Explorer)
Clematis 'Roguchi',Cultivar of Clematis,,Ranunculaceae,Clematis,Vine,,Arnold Arboretum living collection (Arboretum Explorer)
Clematis 'Starfish',Cultivar of Clematis,,Ranunculaceae,Clematis,Vine,,Arnold Arboretum living collection (Arboretum Explorer)
Clematis 'Ville de Lyon',Cultivar of Clematis,,Ranunculaceae,Clematis,Vine,,Arnold Arboretum living collection (Arboretum Explorer)
Clematis 'Westerplatte',Cultivar of Clematis,,Ranunculaceae,Clematis,Vine,3.9,Arnold Arboretum living collection (Arboretum Explorer)
Clematis (Tangutica Group) 'Engelina',Cultivar of Clematis,|Clematis 'My Angel'|,Ranunculaceae,Clematis,Vine,,Arnold Arboretum living collection (Arboretum Explorer)
Clematis [Artic Queen] = 'Evitwo',Arctic Queen Clematis,,Ranunculaceae,Clematis,Vine,,Arnold Arboretum living collection (Arboretum Explorer)
Clematis albicoma,White-haired leather flower,,Ranunculaceae,Clematis,Shrub,,Arnold Arboretum living collection (Arboretum Explorer)
Clematis alpina 'Helsingborg',Cultivar of Alpine Clematis,,Ranunculaceae,Clematis,Vine,,Arnold Arboretum living collection (Arboretum Explorer)
Clematis alpina 'Pink Flamingo',Cultivar of Clematis,,Ranunculaceae,Clematis,Vine,,Arnold Arboretum living collection (Arboretum Explorer)
Clematis apiifolia,Three-Leaved Clematis,,Ranunculaceae,Clematis,Vine,1.3,Arnold Arboretum living collection (Arboretum Explorer)
Clematis argentilucida,,|Clematis apiifolia var. argentilucida|,Ranunculaceae,Clematis,Vine,0.7,Arnold Arboretum living collection (Arboretum Explorer)
Clematis chinensis,Chinese Clematis,,Ranunculaceae,Clematis,Vine,3.3,Arnold Arboretum living collection (Arboretum Explorer)
Clematis columbiana var. columbiana,Rock Clematis,|Clematis pseudoalpina|,Ranunculaceae,Clematis,Vine,1.6,Arnold Arboretum living collection (Arboretum Explorer)
Clematis fargesii,Farges Clematis,|Clematis potaninii|,Ranunculaceae,Clematis,Vine,,Arnold Arboretum living collection (Arboretum Explorer)
Clematis fujisanensis,,,Ranunculaceae,Clematis,Vine,,Arnold Arboretum living collection (Arboretum Explorer)
Clematis heracleifolia,Hyacinth-flower Clematis,|Clematis heracleifolia var. davidiana|Clematis heracleifolia var. ichangensis|Clematis tubulosa|,Ranunculaceae,Clematis,Vine,1.5,Arnold Arboretum living collection (Arboretum Explorer)
Clematis hexapetala,,|Clematis angustifolia|,Ranunculaceae,Clematis,Vine,,Arnold Arboretum living collection (Arboretum Explorer)
Clematis japonica,Japanese Clematis,,Ranunculaceae,Clematis,Vine,,Arnold Arboretum living collection (Arboretum Explorer)
Clematis koreana,Korean Clematis,,Ranunculaceae,Clematis,Vine,6.6,Arnold Arboretum living collection (Arboretum Explorer)
Clematis macropetala 'Bluebird',Cultivar of Clematis,,Ranunculaceae,Clematis,Vine,,Arnold Arboretum living collection (Arboretum Explorer)
Clematis macropetala 'Markham's Pink',Cultivar of Clematis,,Ranunculaceae,Clematis,Vine,,Arnold Arboretum living collection (Arboretum Explorer)
Clematis montana 'Elizabeth',Cultivar of Clematis,,Ranunculaceae,Clematis,Vine,,Arnold Arboretum living collection (Arboretum Explorer)
Clematis montana 'Mayleen',Cultivar of Clematis,,Ranunculaceae,Clematis,Vine,,Arnold Arboretum living collection (Arboretum Explorer)
Clematis montana var. rubens,,,Ranunculaceae,Clematis,Vine,,Arnold Arboretum living collection (Arboretum Explorer)
Clematis ochroleuca,Curly-heads,,Ranunculaceae,Clematis,Shrub,,Arnold Arboretum living collection (Arboretum Explorer)
Clematis orientalis,Eastern Clematis,|Clematis orientalis var. latifolia|,Ranunculaceae,Clematis,Vine,,Arnold Arboretum living collection (Arboretum Explorer)
Clematis patens,,,Ranunculaceae,Clematis,Vine,,Arnold Arboretum living collection (Arboretum Explorer)
Clematis pitcheri,Bellflower Clematis,|Clematis pitcheri var. lasiostylis|Clematis pitcheri var. sargentii|,Ranunculaceae,Clematis,Vine,,Arnold Arboretum living collection (Arboretum Explorer)
Clematis potaninii,,|Clematis fargesii|,Ranunculaceae,Clematis,Vine,,Arnold Arboretum living collection (Arboretum Explorer)
Clematis recta,Ground Clematis,,Ranunculaceae,Clematis,Herbaceous,,Arnold Arboretum living collection (Arboretum Explorer)
Clematis recta 'Purpurea',Cultivar of Ground Clematis,,Ranunculaceae,Clematis,Shrub,,Arnold Arboretum living collection (Arboretum Explorer)
Clematis recta var. mandshurica,Manchurian Ground Clematis,|Clematis mandshurica|,Ranunculaceae,Clematis,Shrub,3.9,Arnold Arboretum living collection (Arboretum Explorer)
Clematis shenlungchiaensis,,,Ranunculaceae,Clematis,Vine,1.6,Arnold Arboretum living collection (Arboretum Explorer)
Clematis sp.,Clematis,,Ranunculaceae,Clematis,Vine,1.6,Arnold Arboretum living collection (Arboretum Explorer)
Clematis stans,,|Clematis lavallei|,Ranunculaceae,Clematis,Shrub,3.3,Arnold Arboretum living collection (Arboretum Explorer)
Clematis terniflora,,|Clematis maximowicziana|Clematis paniculata|Clematis dioscoreifolia|Clematis dioscoreifolia var. robusta|,Ranunculaceae,Clematis,Vine,2.0,Arnold Arboretum living collection (Arboretum Explorer)
Clematis texensis,Scarlet Clematis,,Ranunculaceae,Clematis,Shrub,1.7,Arnold Arboretum living collection (Arboretum Explorer)
Clematis texensis 'Duchess of Albany',Cultivar of Scarlet Clematis,,Ranunculaceae,Clematis,Vine,2.3,Arnold Arboretum living collection (Arboretum Explorer)
Clematis tibestica,Clematis,,Ranunculaceae,Clematis,Vine,,Arnold Arboretum living collection (Arboretum Explorer)
Clematis viorna,Leather Flower,|Clematis gattingeri|,Ranunculaceae,Clematis,Shrub,,Arnold Arboretum living collection (Arboretum Explorer)
Clematis virginiana,Virgin's Bower,,Ranunculaceae,Clematis,Vine,4.3,Arnold Arboretum living collection (Arboretum Explorer)
Clematis vitalba,Pilgrim's Clematis,,Ranunculaceae,Clematis,Vine,,Arnold Arboretum living collection (Arboretum Explorer)
Clematis x durandii,Hybrid Clematis,,Ranunculaceae,Clematis,Vine,,Arnold Arboretum living collection (Arboretum Explorer)
Clematis x jackmanii 'Victoria',Cultivar of Jackman Clematis,,Ranunculaceae,Clematis,Vine,,Arnold Arboretum living collection (Arboretum Explorer)
Clematoclethra lasioclada,,|Clematoclethra scandens ssp. actinidioides|,Actinidiaceae,Clematoclethra,Shrub,,Arnold Arboretum living collection (Arboretum Explorer)
Clerodendrum trichotomum,Harlequin Glorybower,|Clerodendron trichotomum|,Lamiaceae,Clerodendrum,Tree,13.1,Arnold Arboretum living collection (Arboretum Explorer)
Clethra acuminata,Mountain Sweet Pepperbush,,Clethraceae,Clethra,Shrub,12.5,Arnold Arboretum living collection (Arboretum Explorer)
Clethra alnifolia,Sweet Pepper Bush,|Clethra alnifolia var. michauxii|,Clethraceae,Clethra,Shrub,7.5,Arnold Arboretum living collection (Arboretum Explorer)
Clethra alnifolia 'Anne Bidwell',Cultivar of Sweet Pepper Bush,,Clethraceae,Clethra,Shrub,6.2,Arnold Arboretum living collection (Arboretum Explorer)
Clethra alnifolia 'Compacta',Cultivar of Clethra,,Clethraceae,Clethra,,,Arnold Arboretum living collection (Arboretum Explorer)
Clethra alnifolia 'Fern Valley Pink',,,Clethraceae,Clethra,,,Arnold Arboretum living collection (Arboretum Explorer)
Clethra alnifolia 'Hokie Pink',Cultivar of Summersweet,,Clethraceae,Clethra,Intermediate (shrub/tree),6.6,Arnold Arboretum living collection (Arboretum Explorer)
Clethra alnifolia 'Hummingbird',Cultivar of Summersweet,,Clethraceae,Clethra,Shrub,,Arnold Arboretum living collection (Arboretum Explorer)
Clethra alnifolia 'Hummingbird' x 'Anne Bidwell',Hybrid of Sweet Pepper Bush,,Clethraceae,Clethra,Shrub,6.6,Arnold Arboretum living collection (Arboretum Explorer)
Clethra alnifolia 'Paniculata',,,Clethraceae,Clethra,Shrub,,Arnold Arboretum living collection (Arboretum Explorer)
Clethra alnifolia 'Pink Spires',,,Clethraceae,Clethra,Shrub,0.8,Arnold Arboretum living collection (Arboretum Explorer)
Clethra alnifolia 'Ruby Spice',Cultivar of Summersweet,|Clethra alnifolia 'Connecticut Pink'|,Clethraceae,Clethra,Shrub,6.6,Arnold Arboretum living collection (Arboretum Explorer)
Clethra alnifolia var. alnifolia,Summersweet,,Clethraceae,Clethra,Shrub,10.5,Arnold Arboretum living collection (Arboretum Explorer)
Clethra alnifolia var. alnifolia 'Rosea',Cultivar of Sweet Pepper Bush,|Clethra alnifolia forma rosea|,Clethraceae,Clethra,Shrub,8.2,Arnold Arboretum living collection (Arboretum Explorer)
Clethra barbinervis,Japanese Clethra,,Clethraceae,Clethra,Intermediate (shrub/tree),18.4,Arnold Arboretum living collection (Arboretum Explorer)
Clethra barbinervis 'Candelabra',Cultivar of Japanese Clethra,,Clethraceae,Clethra,Intermediate (shrub/tree),,Arnold Arboretum living collection (Arboretum Explorer)
Clethra barbinervis x fargesii,Hybrid Summersweet,,Clethraceae,Clethra,Shrub,9.8,Arnold Arboretum living collection (Arboretum Explorer)
Clethra fargesii,Chinese Summersweet,,Clethraceae,Clethra,Intermediate (shrub/tree),,Arnold Arboretum living collection (Arboretum Explorer)
Clethra sp.,,,Clethraceae,Clethra,Intermediate (shrub/tree),21.3,Arnold Arboretum living collection (Arboretum Explorer)
Clethra tomentosa,Downy Sweet Pepperbush,|Clethra alnifolia var. tomentosa|Clethra alnifolia var. pubescens|,Clethraceae,Clethra,Shrub,3.0,Arnold Arboretum living collection (Arboretum Explorer)
Clinopodium nepeta,,|Calamintha nepeta|,Lamiaceae,Clinopodium,Herbaceous,,Arnold Arboretum living collection (Arboretum Explorer)
Cocculus carolinus,Red-Berried Moonseed,,Menispermaceae,Cocculus,Vine,4.3,Arnold Arboretum living collection (Arboretum Explorer)
Cocculus trilobus,Japanese Snailseed,,Menispermaceae,Cocculus,Vine,,Arnold Arboretum living collection (Arboretum Explorer)
Colutea arborescens,Common Bladdersenna,,Fabaceae,Colutea,Shrub,6.2,Arnold Arboretum living collection (Arboretum Explorer)
Colutea buhsei,,|Colutea persica var. buhsei|,Fabaceae,Colutea,Shrub,7.5,Arnold Arboretum living collection (Arboretum Explorer)
Colutea persica,Persian Bladdersenna,,Fabaceae,Colutea,Shrub,6.2,Arnold Arboretum living collection (Arboretum Explorer)
Colutea x media,,,Fabaceae,Colutea,Shrub,,Arnold Arboretum living collection (Arboretum Explorer)
Comptonia peregrina,Sweetfern,|Comptonia peregrina var. asplenifolia|Comptonia peregrina var. peregrina|,Myricaceae,Comptonia,Shrub,4.9,Arnold Arboretum living collection (Arboretum Explorer)
Conradina verticillata,,,Lamiaceae,Conradina,Shrub,,Arnold Arboretum living collection (Arboretum Explorer)
Corema album,Portuguese Crowberry,,Ericaceae,Corema,Shrub,,Arnold Arboretum living collection (Arboretum Explorer)
Coriaria japonica,Japanese Coriaria,,Coriariaceae,Coriaria,Shrub,6.9,Arnold Arboretum living collection (Arboretum Explorer)
Cornus 'Rutban',Cultivar of Cornus,|Cornus x 'Aurora'|,Cornaceae,Cornus,Tree,,Arnold Arboretum living collection (Arboretum Explorer)
Cornus 'Rutcan',Cultivar of Cornus,|Cornus x 'Constellation'|,Cornaceae,Cornus,Tree,,Arnold Arboretum living collection (Arboretum Explorer)
Cornus 'Rutdan',Cultivar of Cornus,|Cornus x 'Celestial'|Cornus x 'Galaxy'|,Cornaceae,Cornus,Tree,,Arnold Arboretum living collection (Arboretum Explorer)
Cornus 'Rutgan',Cultivar of Cornus,|Cornus x 'Stellar Pink'|,Cornaceae,Cornus,Tree,,Arnold Arboretum living collection (Arboretum Explorer)
Cornus 'Rutlan',Cultivar of Cornus,|Cornus x 'Ruth Ellen'|,Cornaceae,Cornus,Tree,,Arnold Arboretum living collection (Arboretum Explorer)
Cornus 'Rutpink',Scarlet Fire® Dogwood,,Cornaceae,Cornus,Shrub,5.2,Arnold Arboretum living collection (Arboretum Explorer)
Cornus alba,Tatarian Dogwood,,Cornaceae,Cornus,Shrub,7.2,Arnold Arboretum living collection (Arboretum Explorer)
Cornus alba 'Alleman's Compact',Cultivar of Tartarian Dogwood,,Cornaceae,Cornus,Shrub,,Arnold Arboretum living collection (Arboretum Explorer)
Cornus alba 'Bud's Yellow',Cultivar of Tartarian Dogwood,,Cornaceae,Cornus,Shrub,,Arnold Arboretum living collection (Arboretum Explorer)
Cornus alba 'Kesselringii',,,Cornaceae,Cornus,Shrub,,Arnold Arboretum living collection (Arboretum Explorer)
Cornus alba var. sibirica,Variety of Tatarian Dogwood,|Cornus alba 'Sibirica'|Cornus alba 'Westonbirt'|,Cornaceae,Cornus,Shrub,,Arnold Arboretum living collection (Arboretum Explorer)
Cornus alternifolia,Pagoda Dogwood,|Swida alternifolia|,Cornaceae,Cornus,Intermediate (shrub/tree),8.0,Arnold Arboretum living collection (Arboretum Explorer)
Cornus amomum,Silky Dogwood,|Swida amomum|,Cornaceae,Cornus,Shrub,9.8,Arnold Arboretum living collection (Arboretum Explorer)
Cornus amomum ssp. obliqua,,|Cornus obliqua|Swida amomum var. schuetzeana|,Cornaceae,Cornus,Shrub,6.6,Arnold Arboretum living collection (Arboretum Explorer)
Cornus australis,,|Swida australis|Cornus sanguinea ssp. australis|,Cornaceae,Cornus,Shrub,6.6,Arnold Arboretum living collection (Arboretum Explorer)
Cornus bretschneideri,,,Cornaceae,Cornus,Intermediate (shrub/tree),5.6,Arnold Arboretum living collection (Arboretum Explorer)
Cornus canadensis,Creeping Dogwood,|Chamaepericlymenum canadense|,Cornaceae,Cornus,Herbaceous,0.2,Arnold Arboretum living collection (Arboretum Explorer)
Cornus controversa,Giant Dogwood,,Cornaceae,Cornus,Tree,7.9,Arnold Arboretum living collection (Arboretum Explorer)
Cornus coreana,Korean Dogwood,,Cornaceae,Cornus,Tree,,Arnold Arboretum living collection (Arboretum Explorer)
Cornus drummondii,,,Cornaceae,Cornus,Shrub,7.5,Arnold Arboretum living collection (Arboretum Explorer)
Cornus florida,Flowering Dogwood,|Benthamidia florida|,Cornaceae,Cornus,Tree,13.1,Arnold Arboretum living collection (Arboretum Explorer)
Cornus florida 'Appalachian Spring',Cultivar of Flowering Dogwood,,Cornaceae,Cornus,Tree,,Arnold Arboretum living collection (Arboretum Explorer)
Cornus florida 'Fastigiata',Cultivar of Flowering Dogwood,,Cornaceae,Cornus,Tree,,Arnold Arboretum living collection (Arboretum Explorer)
Cornus florida 'Kingsville Golden Leaf',Cultivar of Flowering Dogwood,,Cornaceae,Cornus,,,Arnold Arboretum living collection (Arboretum Explorer)
Cornus florida 'Magnifica',,,Cornaceae,Cornus,Tree,,Arnold Arboretum living collection (Arboretum Explorer)
Cornus florida 'Mystery',,,Cornaceae,Cornus,Tree,,Arnold Arboretum living collection (Arboretum Explorer)
Cornus florida 'New Hampshire',,,Cornaceae,Cornus,Tree,15.0,Arnold Arboretum living collection (Arboretum Explorer)
Cornus florida 'Pendula',Cultivar of Flowering Dogwood,,Cornaceae,Cornus,Intermediate (shrub/tree),7.5,Arnold Arboretum living collection (Arboretum Explorer)
Cornus florida 'Pluribracteata',Cultivar of Flowering Dogwood,,Cornaceae,Cornus,Tree,,Arnold Arboretum living collection (Arboretum Explorer)
Cornus florida 'Royal Red',Cultivar of Flowering Dogwood,,Cornaceae,Cornus,Tree,,Arnold Arboretum living collection (Arboretum Explorer)
Cornus florida 'Springtime',Cultivar of Flowering Dogwood,,Cornaceae,Cornus,Tree,,Arnold Arboretum living collection (Arboretum Explorer)
Cornus florida 'Sweetwater',,,Cornaceae,Cornus,Tree,,Arnold Arboretum living collection (Arboretum Explorer)
Cornus florida 'Weaver',,,Cornaceae,Cornus,Tree,6.0,Arnold Arboretum living collection (Arboretum Explorer)
Cornus florida 'Xanthocarpa',Cultivar of Flowering Dogwood,|Cornus florida forma xanthocarpa|,Cornaceae,Cornus,Tree,20.0,Arnold Arboretum living collection (Arboretum Explorer)
Cornus florida [Special - Tingle's white],,,Cornaceae,Cornus,Tree,,Arnold Arboretum living collection (Arboretum Explorer)
Cornus florida forma rubra,Red Flowering Dogwood,,Cornaceae,Cornus,Intermediate (shrub/tree),,Arnold Arboretum living collection (Arboretum Explorer)
Cornus foemina,Stiff Dogwood,|Cornus stricta|,Cornaceae,Cornus,Shrub,10.5,Arnold Arboretum living collection (Arboretum Explorer)
Cornus glabrata,Brown Dogwood,,Cornaceae,Cornus,Shrub,3.6,Arnold Arboretum living collection (Arboretum Explorer)
Cornus hemsleyi,Hemsley Dogwood,|Cornus alsophila|,Cornaceae,Cornus,Intermediate (shrub/tree),9.2,Arnold Arboretum living collection (Arboretum Explorer)
Cornus iberica,,,Cornaceae,Cornus,Shrub,,Arnold Arboretum living collection (Arboretum Explorer)
Cornus kousa,Kousa Dogwood,|Benthamidia japonica|,Cornaceae,Cornus,Intermediate (shrub/tree),27.9,Arnold Arboretum living collection (Arboretum Explorer)
Cornus kousa 'Gold Star',,,Cornaceae,Cornus,Intermediate (shrub/tree),2.3,Arnold Arboretum living collection (Arboretum Explorer)
Cornus kousa 'Lustgarten Weeping',Cultivar of Kousa Dogwood,,Cornaceae,Cornus,Tree,,Arnold Arboretum living collection (Arboretum Explorer)
Cornus kousa 'Milky Way',Cultivar of Kousa Dogwood,|Cornus kousa var. chinensis 'Milky Way'|,Cornaceae,Cornus,Tree,,Arnold Arboretum living collection (Arboretum Explorer)
Cornus kousa 'Snowboy',,,Cornaceae,Cornus,Tree,8.9,Arnold Arboretum living collection (Arboretum Explorer)
Cornus kousa 'Summer Stars',Cultivar of Kousa Dogwood,,Cornaceae,Cornus,Tree,,Arnold Arboretum living collection (Arboretum Explorer)
Cornus kousa 'Variegata',,,Cornaceae,Cornus,Tree,,Arnold Arboretum living collection (Arboretum Explorer)
Cornus kousa 'Viridis',Cultivar of Kousa Dogwood,,Cornaceae,Cornus,Tree,,Arnold Arboretum living collection (Arboretum Explorer)
Cornus kousa var. chinensis,Chinese Kousa Dogwood,,Cornaceae,Cornus,Tree,6.9,Arnold Arboretum living collection (Arboretum Explorer)
Cornus kousa x florida forma rubra,,,Cornaceae,Cornus,Tree,,Arnold Arboretum living collection (Arboretum Explorer)
Cornus macrophylla,Largeleaf Dogwood,,Cornaceae,Cornus,Intermediate (shrub/tree),,Arnold Arboretum living collection (Arboretum Explorer)
Cornus mas,Cornelian-Cherry,,Cornaceae,Cornus,Intermediate (shrub/tree),13.1,Arnold Arboretum living collection (Arboretum Explorer)
Cornus mas 'Aurea',Cultivar of Cornelian-Cherry,|Cornus mas forma aurea|,Cornaceae,Cornus,Intermediate (shrub/tree),20.5,Arnold Arboretum living collection (Arboretum Explorer)
Cornus mas 'Flava',Cultivar of Cornelian-Cherry,,Cornaceae,Cornus,Intermediate (shrub/tree),18.0,Arnold Arboretum living collection (Arboretum Explorer)
Cornus nuttallii 'Boyd's Hardy',,,Cornaceae,Cornus,Tree,,Arnold Arboretum living collection (Arboretum Explorer)
Cornus nuttallii x florida 'Eddie's White Wonder',,,Cornaceae,Cornus,Intermediate (shrub/tree),20.0,Arnold Arboretum living collection (Arboretum Explorer)
Cornus obliqua,Pale Dogwood,|Cornus amomum ssp. obliqua|Swida amomum var. schuetzeana|,Cornaceae,Cornus,Shrub,7.5,Arnold Arboretum living collection (Arboretum Explorer)
Cornus officinalis,Japanese Cornel Dogwood,,Cornaceae,Cornus,Intermediate (shrub/tree),13.1,Arnold Arboretum living collection (Arboretum Explorer)
Cornus poliophylla,,|Cornus schindleri ssp. poliophylla|,Cornaceae,Cornus,Intermediate (shrub/tree),,Arnold Arboretum living collection (Arboretum Explorer)
Cornus pumila,,,Cornaceae,Cornus,Shrub,6.9,Arnold Arboretum living collection (Arboretum Explorer)
Cornus quinquenervis,,|Cornus paucinervis|,Cornaceae,Cornus,Shrub,3.0,Arnold Arboretum living collection (Arboretum Explorer)
Cornus racemosa,Gray Dogwood,|Cornus foemina ssp. racemosa|Swida racemosa|,Cornaceae,Cornus,Shrub,7.5,Arnold Arboretum living collection (Arboretum Explorer)
Cornus racemosa 'Slavin's Dwarf',Dwarf Gray Dogwood,,Cornaceae,Cornus,Shrub,,Arnold Arboretum living collection (Arboretum Explorer)
Cornus rugosa,Roundleaf Dogwood,|Swida rugosa|,Cornaceae,Cornus,Shrub,5.9,Arnold Arboretum living collection (Arboretum Explorer)
Cornus sanguinea,Bloodtwig Dogwood,|Swida sanguinea|,Cornaceae,Cornus,Shrub,9.2,Arnold Arboretum living collection (Arboretum Explorer)
Cornus sanguinea 'Viridissima',Greentwig Dogwood,|Cornus sanguinea forma viridissima|,Cornaceae,Cornus,Shrub,,Arnold Arboretum living collection (Arboretum Explorer)
Cornus sanguinea 'Wisley Form',Cultivar of Bloodtwig Dogwood,,Cornaceae,Cornus,Shrub,8.2,Arnold Arboretum living collection (Arboretum Explorer)
Cornus sericea,Red Osier Dogwood,|Cornus stolonifera|Swida sericea|Cornus stolonifera var. nitida|,Cornaceae,Cornus,Shrub,7.9,Arnold Arboretum living collection (Arboretum Explorer)
Cornus sericea 'Flaviramea',Cultivar of Red Osier Dogwood,,Cornaceae,Cornus,Shrub,5.2,Arnold Arboretum living collection (Arboretum Explorer)
Cornus sericea 'Kelseyi',,,Cornaceae,Cornus,Shrub,,Arnold Arboretum living collection (Arboretum Explorer)
Cornus sericea ssp. occidentalis,,|Cornus pubescens|Cornus torreyi|Cornus sericea var. occidentalis|,Cornaceae,Cornus,Shrub,,Arnold Arboretum living collection (Arboretum Explorer)
Cornus sericea var. coloradensis,Colorado Red Osier Dogwood,|Cornus stolonifera var. coloradensis|,Cornaceae,Cornus,Shrub,,Arnold Arboretum living collection (Arboretum Explorer)
Cornus sericea var. coloradensis 'Cheyenne',,,Cornaceae,Cornus,Shrub,,Arnold Arboretum living collection (Arboretum Explorer)
Cornus sericea var. sericea,Red Osier Dogwood,|Cornus stolonifera|,Cornaceae,Cornus,Shrub,,Arnold Arboretum living collection (Arboretum Explorer)
Cornus sp.,,,Cornaceae,Cornus,Intermediate (shrub/tree),,Arnold Arboretum living collection (Arboretum Explorer)
Cornus walteri,Walter Dogwood,,Cornaceae,Cornus,Tree,3.9,Arnold Arboretum living collection (Arboretum Explorer)
Cornus x arnoldiana,Arnold Dogwood,|Swida x arnoldiana|,Cornaceae,Cornus,Shrub,12.1,Arnold Arboretum living collection (Arboretum Explorer)
Cornus x dunbarii,Dunbar Dogwood,,Cornaceae,Cornus,Shrub,,Arnold Arboretum living collection (Arboretum Explorer)
Cornus x horseyi,Horsey Dogwood,,Cornaceae,Cornus,Shrub,6.4,Arnold Arboretum living collection (Arboretum Explorer)
Cornus x unalaschkensis,Western Cordilleran Bunchberry,,Cornaceae,Cornus,,0.4,Arnold Arboretum living collection (Arboretum Explorer)
Corydalis sempervirens,Harlequin Flower,|Capnoides sempervirens|,Fumariaceae,Corydalis,Herbaceous,,Arnold Arboretum living collection (Arboretum Explorer)
Corylopsis coreana,Winter Hazel,,Hamamelidaceae,Corylopsis,Intermediate (shrub/tree),11.5,Arnold Arboretum living collection (Arboretum Explorer)
Corylopsis glabrescens,Fragrant Winterhazel,,Hamamelidaceae,Corylopsis,Tree,13.8,Arnold Arboretum living collection (Arboretum Explorer)
Corylopsis glabrescens 'Longwood Chimes',Cultivar of Fragrant Winterhazel,,Hamamelidaceae,Corylopsis,Shrub,7.2,Arnold Arboretum living collection (Arboretum Explorer)
Corylopsis glandulifera,Winter Hazel,,Hamamelidaceae,Corylopsis,Shrub,11.5,Arnold Arboretum living collection (Arboretum Explorer)
Corylopsis gotoana,,||,Hamamelidaceae,Corylopsis,Intermediate (shrub/tree),6.6,Arnold Arboretum living collection (Arboretum Explorer)
Corylopsis pauciflora,Buttercup Winterhazel,,Hamamelidaceae,Corylopsis,Shrub,6.6,Arnold Arboretum living collection (Arboretum Explorer)
Corylopsis sinensis,Chinese Winterhazel,,Hamamelidaceae,Corylopsis,Shrub,10.2,Arnold Arboretum living collection (Arboretum Explorer)
Corylopsis sinensis var. calvescens,Variety of Chinese Winter Hazel,|Corylopsis sinensis var. calvescens forma veitchiana|,Hamamelidaceae,Corylopsis,Shrub,13.8,Arnold Arboretum living collection (Arboretum Explorer)
Corylopsis sinensis var. calvescens forma veitchiana,,|Corylopsis sinensis var. calvescens|Corylopsis veitchiana|,Hamamelidaceae,Corylopsis,Shrub,,Arnold Arboretum living collection (Arboretum Explorer)
Corylopsis sinensis var. glandulifera,,,Hamamelidaceae,Corylopsis,Shrub,9.5,Arnold Arboretum living collection (Arboretum Explorer)
Corylopsis sinensis var. sinensis,,,Hamamelidaceae,Corylopsis,Shrub,8.5,Arnold Arboretum living collection (Arboretum Explorer)
Corylopsis spicata,Spike Winterhazel,,Hamamelidaceae,Corylopsis,Tree,16.4,Arnold Arboretum living collection (Arboretum Explorer)
Corylopsis stelligera,,,Hamamelidaceae,Corylopsis,Intermediate (shrub/tree),5.2,Arnold Arboretum living collection (Arboretum Explorer)
Corylopsis willmottiae,,|Corylus willmottiae|,Hamamelidaceae,Corylopsis,Intermediate (shrub/tree),2.1,Arnold Arboretum living collection (Arboretum Explorer)
Corylus americana,American Hazelnut,,Betulaceae,Corylus,Shrub,11.8,Arnold Arboretum living collection (Arboretum Explorer)
Corylus americana var. calyculata,Variety of American Filbert,,Betulaceae,Corylus,Shrub,9.2,Arnold Arboretum living collection (Arboretum Explorer)
Corylus americana x avellana var. pontica,,,Betulaceae,Corylus,Shrub,,Arnold Arboretum living collection (Arboretum Explorer)
Corylus avellana,European Hazel,,Betulaceae,Corylus,Shrub,7.9,Arnold Arboretum living collection (Arboretum Explorer)
Corylus avellana 'Aurea',Gold Hazel,|Corylus avellana forma aurea|,Betulaceae,Corylus,,,Arnold Arboretum living collection (Arboretum Explorer)
Corylus avellana 'Contorta',Curly European Filbert,|Corylus avellana forma contorta|,Betulaceae,Corylus,Shrub,,Arnold Arboretum living collection (Arboretum Explorer)
Corylus avellana 'Fuscorubra',Form of European Filbert,|Corylus avellana forma fusco-rubra|,Betulaceae,Corylus,Shrub,,Arnold Arboretum living collection (Arboretum Explorer)
Corylus avellana 'Heterophylla',Form of European Filbert,|Corylus avellana forma heterophylla|Corylus avellana var. quercifolia|,Betulaceae,Corylus,Shrub,,Arnold Arboretum living collection (Arboretum Explorer)
Corylus avellana 'Pendula',Weeping European Filbert,|Corylus avellana forma pendula|,Betulaceae,Corylus,Shrub,,Arnold Arboretum living collection (Arboretum Explorer)
Corylus avellana var. grandis,Cob Filbert,,Betulaceae,Corylus,Shrub,,Arnold Arboretum living collection (Arboretum Explorer)
Corylus chinensis,Chinese Filbert,,Betulaceae,Corylus,Tree,,Arnold Arboretum living collection (Arboretum Explorer)
Corylus colurna,Turkish Hazel,,Betulaceae,Corylus,Tree,,Arnold Arboretum living collection (Arboretum Explorer)
Corylus cornuta,Beaked Hazel,|Corylus rostrata|,Betulaceae,Corylus,Shrub,9.8,Arnold Arboretum living collection (Arboretum Explorer)
Corylus fargesii,Paperbark Filbert,,Betulaceae,Corylus,Tree,12.0,Arnold Arboretum living collection (Arboretum Explorer)
Corylus heterophylla,Siberian Filbert,,Betulaceae,Corylus,Intermediate (shrub/tree),10.5,Arnold Arboretum living collection (Arboretum Explorer)
Corylus heterophylla var. sutchuenensis,Szechuan Filbert,,Betulaceae,Corylus,Shrub,13.8,Arnold Arboretum living collection (Arboretum Explorer)
Corylus jacquemontii,Jacquemont Filbert,,Betulaceae,Corylus,Tree,,Arnold Arboretum living collection (Arboretum Explorer)
Corylus mandshurica,,,Betulaceae,Corylus,Shrub,13.1,Arnold Arboretum living collection (Arboretum Explorer)
Corylus maxima 'Purpurea',Purple Giant Filbert,|Corylus maxima forma purpurea|,Betulaceae,Corylus,Shrub,,Arnold Arboretum living collection (Arboretum Explorer)
Corylus sieboldiana,Japanese Filbert,,Betulaceae,Corylus,Shrub,21.8,Arnold Arboretum living collection (Arboretum Explorer)
Corylus sieboldiana var. mandshurica,Manchu Filbert,,Betulaceae,Corylus,Shrub,,Arnold Arboretum living collection (Arboretum Explorer)
Corylus sieboldiana var. sieboldiana,Variety of Japanese Filbert,|Corylus sieboldiana var. mitis|,Betulaceae,Corylus,Shrub,13.8,Arnold Arboretum living collection (Arboretum Explorer)
Corylus sp.,,,Betulaceae,Corylus,,,Arnold Arboretum living collection (Arboretum Explorer)
Corylus tibetica,Tibetan Filbert,,Betulaceae,Corylus,Shrub,,Arnold Arboretum living collection (Arboretum Explorer)
Corylus x vilmorinii,Vilmorin Filbert,,Betulaceae,Corylus,Tree,2.0,Arnold Arboretum living collection (Arboretum Explorer)
Corylus yunnanensis,Yunnan Filbert,|Corylus heterophylla var. yunnanensis|,Betulaceae,Corylus,Intermediate (shrub/tree),,Arnold Arboretum living collection (Arboretum Explorer)
Cotinus 'Grace',Cultivar of Common Smoketree,|Cotinus coggygria 'Grace'|,Anacardiaceae,Cotinus,Shrub,,Arnold Arboretum living collection (Arboretum Explorer)
Cotinus coggygria,Common Smoketree,,Anacardiaceae,Cotinus,Shrub,18.0,Arnold Arboretum living collection (Arboretum Explorer)
Cotinus coggygria 'Daydream',Cultivar of Common Smoketree,,Anacardiaceae,Cotinus,Shrub,,Arnold Arboretum living collection (Arboretum Explorer)
Cotinus coggygria 'Notcutt's Variety',Cultivar of Common Smoketree,,Anacardiaceae,Cotinus,Shrub,,Arnold Arboretum living collection (Arboretum Explorer)
Cotinus coggygria 'Pink Fairy',Cultivar of Common Smoketree,,Anacardiaceae,Cotinus,Shrub,,Arnold Arboretum living collection (Arboretum Explorer)
Cotinus coggygria 'Purpureus',Purple Common Smoketree,|Cotinus coggygria forma purpureus|,Anacardiaceae,Cotinus,Shrub,13.1,Arnold Arboretum living collection (Arboretum Explorer)
Cotinus coggygria 'Velvet Cloak',Cultivar of Common Smoketree,,Anacardiaceae,Cotinus,Shrub,,Arnold Arboretum living collection (Arboretum Explorer)
Cotinus obovatus,American Smoketree,|Cotinus americanus|,Anacardiaceae,Cotinus,Shrub,,Arnold Arboretum living collection (Arboretum Explorer)
Cotoneaster 'Donard's Gem',Cultivar of Cotoneaster,,Rosaceae,Cotoneaster,Shrub,,Arnold Arboretum living collection (Arboretum Explorer)
Cotoneaster 'Hessei',Cultivar of Cotoneaster,|Cotoneaster adpressa 'Hessei'|,Rosaceae,Cotoneaster,Shrub,,Arnold Arboretum living collection (Arboretum Explorer)
Cotoneaster 'Pendula',,,Rosaceae,Cotoneaster,Shrub,,Arnold Arboretum living collection (Arboretum Explorer)
Cotoneaster acuminatus,Sharpleaf Cotoneaster,|Cotoneaster bakeri|,Rosaceae,Cotoneaster,Shrub,7.2,Arnold Arboretum living collection (Arboretum Explorer)
Cotoneaster acutifolius,Bejing Cotoneaster,,Rosaceae,Cotoneaster,Shrub,1.3,Arnold Arboretum living collection (Arboretum Explorer)
Cotoneaster acutifolius var. villosulus,Hairy Peking Cotoneaster,|Cotoneaster acutifolia var. villosula|Cotoneaster villosulus|,Rosaceae,Cotoneaster,Shrub,14.8,Arnold Arboretum living collection (Arboretum Explorer)
Cotoneaster adpressus,Creeping Cotoneaster,|Cotoneaster adpressa|Cotoneaster taoensis|,Rosaceae,Cotoneaster,Shrub,1.0,Arnold Arboretum living collection (Arboretum Explorer)
Cotoneaster ambiguus,,|Cotoneaster amibigua|Cotoneaster pseudoambiguus|,Rosaceae,Cotoneaster,Shrub,9.2,Arnold Arboretum living collection (Arboretum Explorer)
Cotoneaster apiculatus,Cranberry Cotoneaster,,Rosaceae,Cotoneaster,Shrub,,Arnold Arboretum living collection (Arboretum Explorer)
Cotoneaster armenus,,,Rosaceae,Cotoneaster,Shrub,,Arnold Arboretum living collection (Arboretum Explorer)
Cotoneaster ascendens,,|Cotoneaster horizontalis var. wilsonii|,Rosaceae,Cotoneaster,Shrub,,Arnold Arboretum living collection (Arboretum Explorer)
Cotoneaster assamensis,,,Rosaceae,Cotoneaster,Shrub,,Arnold Arboretum living collection (Arboretum Explorer)
Cotoneaster atropurpureus,,,Rosaceae,Cotoneaster,Shrub,,Arnold Arboretum living collection (Arboretum Explorer)
Cotoneaster bullatus,Hollyberry Cotoneaster,|Cotoneaster bullata|,Rosaceae,Cotoneaster,Shrub,,Arnold Arboretum living collection (Arboretum Explorer)
Cotoneaster bullatus 'Firebird',,,Rosaceae,Cotoneaster,Shrub,,Arnold Arboretum living collection (Arboretum Explorer)
Cotoneaster bullatus var. floribundus,Vilmorin Cotoneaster,|Cotoneaster bullatus 'Floribunda'|Cotoneaster bullatus forma floribundus|,Rosaceae,Cotoneaster,Shrub,,Arnold Arboretum living collection (Arboretum Explorer)
Cotoneaster cashmiriensis,,,Rosaceae,Cotoneaster,Shrub,,Arnold Arboretum living collection (Arboretum Explorer)
Cotoneaster cf. horizontalis,,,Rosaceae,Cotoneaster,Shrub,,Arnold Arboretum living collection (Arboretum Explorer)
Cotoneaster cf. salicifolius,,,Rosaceae,Cotoneaster,Shrub,,Arnold Arboretum living collection (Arboretum Explorer)
Cotoneaster congestus,Pyrenees Cotoneaster,,Rosaceae,Cotoneaster,Shrub,,Arnold Arboretum living collection (Arboretum Explorer)
Cotoneaster conspicuus,Wintergreen Cotoneaster,,Rosaceae,Cotoneaster,Shrub,,Arnold Arboretum living collection (Arboretum Explorer)
Cotoneaster dammeri 'Moon Creeper',Cultivar of Bearberry Cotoneaster,,Rosaceae,Cotoneaster,Shrub,,Arnold Arboretum living collection (Arboretum Explorer)
Cotoneaster dammeri 'Skogholm',Cultivar of Bearberry Cotoneaster,|Cotoneaster dammeri 'Skogsholm'|,Rosaceae,Cotoneaster,Shrub,3.6,Arnold Arboretum living collection (Arboretum Explorer)
Cotoneaster dielsianus,Diels' Cotoneaster,|Cotoneaster dielsiana|,Rosaceae,Cotoneaster,Shrub,7.5,Arnold Arboretum living collection (Arboretum Explorer)
Cotoneaster dielsianus var. elegans,Variety of Diels' Cotoneaster,,Rosaceae,Cotoneaster,Shrub,,Arnold Arboretum living collection (Arboretum Explorer)
Cotoneaster divaricatus,Spreading Cotoneaster,,Rosaceae,Cotoneaster,Shrub,6.9,Arnold Arboretum living collection (Arboretum Explorer)
Cotoneaster floccosus,,|Cotoneaster salicifolius var. floccosus|Cotoneaster salicifolius var. salicifolius|,Rosaceae,Cotoneaster,Shrub,,Arnold Arboretum living collection (Arboretum Explorer)
Cotoneaster foveolatus,Glossy Cotoneaster,,Rosaceae,Cotoneaster,Shrub,9.8,Arnold Arboretum living collection (Arboretum Explorer)
Cotoneaster franchetii,Franchet Cotoneaster,,Rosaceae,Cotoneaster,Shrub,,Arnold Arboretum living collection (Arboretum Explorer)
Cotoneaster harrysmithii,,,Rosaceae,Cotoneaster,Shrub,3.6,Arnold Arboretum living collection (Arboretum Explorer)
Cotoneaster hebephyllus var. hebephyllus,,|Cotoneaster giraldii|,Rosaceae,Cotoneaster,Shrub,2.0,Arnold Arboretum living collection (Arboretum Explorer)
Cotoneaster henryanus,Henry Cotoneaster,|Cotoneaster henryana|,Rosaceae,Cotoneaster,Shrub,,Arnold Arboretum living collection (Arboretum Explorer)
Cotoneaster horizontalis,Rock Cotoneaster,|Cotoneaster davidiana|,Rosaceae,Cotoneaster,Shrub,3.3,Arnold Arboretum living collection (Arboretum Explorer)
Cotoneaster horizontalis 'Little Gem',Cultivar of Rock Cotoneaster,,Rosaceae,Cotoneaster,Shrub,,Arnold Arboretum living collection (Arboretum Explorer)
Cotoneaster horizontalis 'Robustus',,,Rosaceae,Cotoneaster,Shrub,5.2,Arnold Arboretum living collection (Arboretum Explorer)
Cotoneaster horizontalis 'Tom Thumb',Cultivar of Rock Cotoneaster,,Rosaceae,Cotoneaster,Shrub,0.7,Arnold Arboretum living collection (Arboretum Explorer)
Cotoneaster ignavus,Turkestan Cotoneaster,,Rosaceae,Cotoneaster,Shrub,,Arnold Arboretum living collection (Arboretum Explorer)
Cotoneaster integerrimus,European Cotoneaster,,Rosaceae,Cotoneaster,Shrub,,Arnold Arboretum living collection (Arboretum Explorer)
Cotoneaster lucidus,Hedge Cotoneaster,,Rosaceae,Cotoneaster,Shrub,7.2,Arnold Arboretum living collection (Arboretum Explorer)
Cotoneaster melanocarpus,,|Cotoneaster melanocarpa|Cotoneaster niger|,Rosaceae,Cotoneaster,Shrub,6.9,Arnold Arboretum living collection (Arboretum Explorer)
Cotoneaster melanocarpus var. erythrocarpus,,,Rosaceae,Cotoneaster,Shrub,5.9,Arnold Arboretum living collection (Arboretum Explorer)
Cotoneaster microphyllus,Rockspray Cotoneaster,|Cotoneaster microphylla|,Rosaceae,Cotoneaster,Shrub,3.3,Arnold Arboretum living collection (Arboretum Explorer)
Cotoneaster microphyllus var. conspicuus,,|Cotoneaster conspicua|Cotoneaster conspicua var. decora|,Rosaceae,Cotoneaster,Shrub,1.6,Arnold Arboretum living collection (Arboretum Explorer)
Cotoneaster mongolicus,,,Rosaceae,Cotoneaster,Shrub,7.5,Arnold Arboretum living collection (Arboretum Explorer)
Cotoneaster monopyrenus,One-stoned cotoneaster,,Rosaceae,Cotoneaster,Shrub,9.8,Arnold Arboretum living collection (Arboretum Explorer)
Cotoneaster morrisonensis,,,Rosaceae,Cotoneaster,Shrub,,Arnold Arboretum living collection (Arboretum Explorer)
Cotoneaster moupinensis,,,Rosaceae,Cotoneaster,Shrub,,Arnold Arboretum living collection (Arboretum Explorer)
Cotoneaster multiflorus,,|Cotoneaster multiflora|,Rosaceae,Cotoneaster,Shrub,16.4,Arnold Arboretum living collection (Arboretum Explorer)
Cotoneaster multiflorus var. calocarpus,,|Cotoneaster przewalskii|Cotoneaster multiflora var. calocarpa|,Rosaceae,Cotoneaster,Shrub,7.9,Arnold Arboretum living collection (Arboretum Explorer)
Cotoneaster nitidifolius,,|Corylopsis glabrescens 'Longwood Chimes'|,Rosaceae,Cotoneaster,,,Arnold Arboretum living collection (Arboretum Explorer)
Cotoneaster nitidus,,|Cotoneaster distichus|Cotoneaster disticha|,Rosaceae,Cotoneaster,Shrub,,Arnold Arboretum living collection (Arboretum Explorer)
Cotoneaster obscurus,Bloodberry Cotoneaster,|Cotoneaster obscura|Cotoneaster obscura var. obscura|,Rosaceae,Cotoneaster,Shrub,6.6,Arnold Arboretum living collection (Arboretum Explorer)
Cotoneaster perpusillus,Ground Rock Cotoneaster,|Cotoneaster horizontalis var. perpusillus|,Rosaceae,Cotoneaster,Shrub,0.7,Arnold Arboretum living collection (Arboretum Explorer)
Cotoneaster racemiflorus,,,Rosaceae,Cotoneaster,Shrub,,Arnold Arboretum living collection (Arboretum Explorer)
Cotoneaster rehderi,Bigleaf Cotoneaster,|Cotoneaster bullatus var. macrophyllus|,Rosaceae,Cotoneaster,Shrub,,Arnold Arboretum living collection (Arboretum Explorer)
Cotoneaster reticulatus,Jetbead Cotoneaster,,Rosaceae,Cotoneaster,Shrub,6.2,Arnold Arboretum living collection (Arboretum Explorer)
Cotoneaster roseus,,,Rosaceae,Cotoneaster,Shrub,5.2,Arnold Arboretum living collection (Arboretum Explorer)
Cotoneaster rotundifolius,,|Cotoneaster prostrata|Cotoneaster prostratus|,Rosaceae,Cotoneaster,Shrub,,Arnold Arboretum living collection (Arboretum Explorer)
Cotoneaster salicifolius,Willowleaf Cotoneaster,,Rosaceae,Cotoneaster,Shrub,6.6,Arnold Arboretum living collection (Arboretum Explorer)
Cotoneaster salicifolius var. rugosus,Wooly Willowleaf Cotoneaster,,Rosaceae,Cotoneaster,Shrub,,Arnold Arboretum living collection (Arboretum Explorer)
Cotoneaster salwinensis,,,Rosaceae,Cotoneaster,Shrub,,Arnold Arboretum living collection (Arboretum Explorer)
Cotoneaster sikangensis,,,Rosaceae,Cotoneaster,Shrub,1.3,Arnold Arboretum living collection (Arboretum Explorer)
Cotoneaster silvestrii,,|Cotoneaster sylvestrii|Cotoneaster racemiflorus var. veitchii|Cotoneaster veitchii|,Rosaceae,Cotoneaster,Shrub,7.2,Arnold Arboretum living collection (Arboretum Explorer)
Cotoneaster soczavianus,,,Rosaceae,Cotoneaster,Shrub,,Arnold Arboretum living collection (Arboretum Explorer)
Cotoneaster soongoricus var. soongoricus,,|Cotoneaster racemiflorus var. soongoricus|,Rosaceae,Cotoneaster,Shrub,7.9,Arnold Arboretum living collection (Arboretum Explorer)
Cotoneaster sp.,,|Cotoneaster froebeli|,Rosaceae,Cotoneaster,Shrub,,Arnold Arboretum living collection (Arboretum Explorer)
Cotoneaster sp. nov. ser. salicifolii,,,Rosaceae,Cotoneaster,Shrub,1.1,Arnold Arboretum living collection (Arboretum Explorer)
Cotoneaster splendens,,,Rosaceae,Cotoneaster,Shrub,,Arnold Arboretum living collection (Arboretum Explorer)
Cotoneaster splendens 'Sabrina',,,Rosaceae,Cotoneaster,Shrub,,Arnold Arboretum living collection (Arboretum Explorer)
Cotoneaster sternianus,,|Cotoneaster franchetii var. sternianus|,Rosaceae,Cotoneaster,Shrub,11.5,Arnold Arboretum living collection (Arboretum Explorer)
Cotoneaster submultiflorus,,,Rosaceae,Cotoneaster,Shrub,11.8,Arnold Arboretum living collection (Arboretum Explorer)
Cotoneaster tenuipes,Slender Cotoneaster,,Rosaceae,Cotoneaster,Shrub,8.2,Arnold Arboretum living collection (Arboretum Explorer)
Cotoneaster tomentosus,Woolly Cotoneaster,,Rosaceae,Cotoneaster,Shrub,,Arnold Arboretum living collection (Arboretum Explorer)
Cotoneaster wardii,Ward's Cotoneaster,,Rosaceae,Cotoneaster,Shrub,,Arnold Arboretum living collection (Arboretum Explorer)
Cotoneaster wilsonii,,,Rosaceae,Cotoneaster,Shrub,6.6,Arnold Arboretum living collection (Arboretum Explorer)
Cotoneaster zabelii,Cherryberry Cotoneaster,,Rosaceae,Cotoneaster,Shrub,,Arnold Arboretum living collection (Arboretum Explorer)
Crataegus 'Autumn Glory',Cultivar of English Hawthorn,|Crataegus 'Crimson Glory'|Crataegus oxyacantha 'Crimson Glory'|,Rosaceae,Crataegus,Tree,,Arnold Arboretum living collection (Arboretum Explorer)
Crataegus amnicola,,,Rosaceae,Crataegus,Tree,,Arnold Arboretum living collection (Arboretum Explorer)
Crataegus ashei,Ashe Hawthorn,,Rosaceae,Crataegus,Shrub,15.0,Arnold Arboretum living collection (Arboretum Explorer)
Crataegus berberifolia var. engelmannii,Barberry-Leaved Hawthorn,|Crataegus engelmannii|Crataegus bellica|Crataegus crus-galli var. bellica|Crataegus munita|Crataegus signata|Crataegus englemannii var. sinistra|Crataegus sinistra|Crataegus triumphalis|Crataegus vallicola|,Rosaceae,Crataegus,Intermediate (shrub/tree),,Arnold Arboretum living collection (Arboretum Explorer)
Crataegus bicknellii,Bicknell's Hawthorn,|Crataegus chrysocarpa var. bicknellii|,Rosaceae,Crataegus,Shrub,,Arnold Arboretum living collection (Arboretum Explorer)
Crataegus brachyacantha,Blueberry Haw,,Rosaceae,Crataegus,Intermediate (shrub/tree),,Arnold Arboretum living collection (Arboretum Explorer)
Crataegus brumalis,,,Rosaceae,Crataegus,Tree,,Arnold Arboretum living collection (Arboretum Explorer)
Crataegus calpodendron,Late Hawthorn,|Crataegus calpodendron var. hispidula|Crataegus hispidula|Crataegus insperata|Crataegus obscura|Crataegus acanthacolonensis|Crataegus spinulosa|,Rosaceae,Crataegus,Intermediate (shrub/tree),,Arnold Arboretum living collection (Arboretum Explorer)
Crataegus chlorosarca,Blackfruit Hawthorn,|Crataegus jozana|Crataegus sanguinea var. schroederi|Crataegus atrocarpa|,Rosaceae,Crataegus,Tree,,Arnold Arboretum living collection (Arboretum Explorer)
Crataegus chrysocarpa,Fireberry Hawthorn,|Crataegus praecoqua|Crataegus caliciglabra|,Rosaceae,Crataegus,Shrub,,Arnold Arboretum living collection (Arboretum Explorer)
Crataegus chrysocarpa var. chrysocarpa,Fireberry Hawthorn,|Crataegus doddsii|Crataegus rotundifolia var. pubera|Crataegus aboriginum|Crataegus chrysocarpa phoenicea var. aboriginum|Crataegus rotundifolia 'Aboriginum'|Crataegus rotundifolia var. aboriginum|Crataegus chrysocarpa var. phoenicea|Crataegus illuminata|Crataegus arboriginum|,Rosaceae,Crataegus,Shrub,,Arnold Arboretum living collection (Arboretum Explorer)
Crataegus chrysocarpa var. faxonii,Faxon Hawthorn,|Crataegus faxonii|,Rosaceae,Crataegus,Shrub,,Arnold Arboretum living collection (Arboretum Explorer)
Crataegus chrysocarpa var. praecox,Variery of Fireberry Hawthorn,|Crataegus praecox|Crataegus praecoqua|Crataegus lemingtonensis|,Rosaceae,Crataegus,Shrub,,Arnold Arboretum living collection (Arboretum Explorer)
Crataegus coccinea var. coccinea,Scarlet Hawthorn,|Crataegus pedicellata|Crataegus acclivis|Crataegus pedicellata var. albicans|Crataegus ellwangeriana|Crataegus pedicellata var. ellwangeriana|Crataegus pringlei var. lobulata|Crataegus uticaensis|Crataegus lobulata|Crataegus pedicellata var. albicaulis|Crataegus aulica|Crataegus delecta|,Rosaceae,Crataegus,Intermediate (shrub/tree),,Arnold Arboretum living collection (Arboretum Explorer)
Crataegus coccinea var. fulleriana,,|Crataegus fulleriana|Crataegus chippewaensis|Crataegus holmesiana var. chippewaensis|Crataegus illecebrosa|Crataegus confragosa|,Rosaceae,Crataegus,Intermediate (shrub/tree),,Arnold Arboretum living collection (Arboretum Explorer)
Crataegus coccinea var. pringlei,Pringle Hawthorn,|Crataegus pringlei|Crataegus pringlei var. exclusa|Crataegus exclusa|Crataegus exclusa|Crataegus pedicellata var. gloriosa|,Rosaceae,Crataegus,Intermediate (shrub/tree),,Arnold Arboretum living collection (Arboretum Explorer)
Crataegus coccinioides,Kansas Hawthorn,|Crataegus conspecta|Crataegus dilatata|Crataegus locuples|Crataegus speciosa|,Rosaceae,Crataegus,Intermediate (shrub/tree),,Arnold Arboretum living collection (Arboretum Explorer)
Crataegus collina,Hillside Hawthorn,,Rosaceae,Crataegus,Tree,,Arnold Arboretum living collection (Arboretum Explorer)
Crataegus collina var. succincta,Variety of Sandhill Hawthorn,|Crataegus angustata|,Rosaceae,Crataegus,Shrub,,Arnold Arboretum living collection (Arboretum Explorer)
Crataegus compacta,Thames Hawthorn,|Crataegus varians|,Rosaceae,Crataegus,Shrub,,Arnold Arboretum living collection (Arboretum Explorer)
Crataegus crus-galli,Cockspur Hawthorn,,Rosaceae,Crataegus,Intermediate (shrub/tree),,Arnold Arboretum living collection (Arboretum Explorer)
Crataegus crus-galli 'Hooks',Dwarf Hawthorn,,Rosaceae,Crataegus,Tree,,Arnold Arboretum living collection (Arboretum Explorer)
Crataegus crus-galli (10-stamen variant),Cockspur Hawthorn,,Rosaceae,Crataegus,Tree,,Arnold Arboretum living collection (Arboretum Explorer)
Crataegus crus-galli (variant),Variant of Cockspur Hawthorn,,Rosaceae,Crataegus,Tree,,Arnold Arboretum living collection (Arboretum Explorer)
Crataegus crus-galli forma rubens,Form of Cockspur Hawthorn,,Rosaceae,Crataegus,Tree,,Arnold Arboretum living collection (Arboretum Explorer)
Crataegus crus-galli var. arbutifolia,Variety of Cockspur Hawthorn,,Rosaceae,Crataegus,Tree,,Arnold Arboretum living collection (Arboretum Explorer)
Crataegus crus-galli var. crus-galli,Cockspur Hawthorn,|Crataegus acutifolia|Crataegus arborea|Crataegus pyracanthoides var. arborea|Crataegus pyracanthoides 'Arborea'|Crataegus crus-galli 'Barrettiana'|Crataegus calophylla|Crataegus candens|Crataegus cherokeensis|Crataegus consueta|Crataegus crus-galli 'Capillata'|Crataegus crus-galli var. macra|Crataegus crus-galli 'Macra'|Crataegus crus-galli var. oblongata|Crataegus crus-gallii var. pachyphylla|Crataegus pachyphylla|Crataegus paradoxa|Crataegus regalis var. paradoxa|Crataegus hamata|Crataegus infera|Crataegus ludoviciensis|Crataegus regalis|Crataegus rubrifolia|Crataegus rudis|Crataegus severa|Crataegus tantula|Crataegus tardiflora|Crataegus tenax|Crataegus polyclada|Crataegus parkiae|Crataegus strongylophylla|Crataegus barrettiana|Crataegus crus-galli var. exigua|Crataegus cousueta|Crataegus crus-galli 'Leptophylla'|Crataegus crus-galli var. leptophylla|Crataegus leptophylla|Crataegus polyoclada|Crataegus fontanesiana|,Rosaceae,Crataegus,Intermediate (shrub/tree),,Arnold Arboretum living collection (Arboretum Explorer)
Crataegus cuneiformis,Marshall's Thorn,,Rosaceae,Crataegus,Tree,,Arnold Arboretum living collection (Arboretum Explorer)
Crataegus cupulifera,,,Rosaceae,Crataegus,Tree,,Arnold Arboretum living collection (Arboretum Explorer)
Crataegus dahurica,Daurian Hawthorn,|Pyrus dahurica|Crataegus purpurea|Crataegus sanguinea var. glabra|,Rosaceae,Crataegus,Intermediate (shrub/tree),,Arnold Arboretum living collection (Arboretum Explorer)
Crataegus dallasiana,Dallas Hawthorn,,Rosaceae,Crataegus,Shrub,,Arnold Arboretum living collection (Arboretum Explorer)
Crataegus dodgei,Dodge Hawthorn,|Crataegus crassifolia|Crataegus delosii|Crataegus rotundata|Crataegus flavida|,Rosaceae,Crataegus,Intermediate (shrub/tree),,Arnold Arboretum living collection (Arboretum Explorer)
Crataegus douglasii,Black Hawthorn,|Crataegus columbiana|Crataegus macnabiana|,Rosaceae,Crataegus,Shrub,8.2,Arnold Arboretum living collection (Arboretum Explorer)
Crataegus dunbarii,Dunbar Hawthorn,,Rosaceae,Crataegus,Tree,,Arnold Arboretum living collection (Arboretum Explorer)
Crataegus durobrivensis,Christmas Hawthorn,|Crataegus x durobrivensis|,Rosaceae,Crataegus,Tree,,Arnold Arboretum living collection (Arboretum Explorer)
Crataegus erythropoda,Cerro Hawthorn,|Crataegus cerronis|,Rosaceae,Crataegus,Intermediate (shrub/tree),,Arnold Arboretum living collection (Arboretum Explorer)
Crataegus fastosa,,,Rosaceae,Crataegus,Tree,,Arnold Arboretum living collection (Arboretum Explorer)
Crataegus flabellata,Fan-Leaved Hawthorn,|Crataegus flabellata var. densiflora|Crataegus grayana|Crataegus flabellata var. grayana|Crataegus crudelis|Crataegus propria|Crataegus densiflora|,Rosaceae,Crataegus,Intermediate (shrub/tree),,Arnold Arboretum living collection (Arboretum Explorer)
Crataegus fontanesiana,,,Rosaceae,Crataegus,Tree,,Arnold Arboretum living collection (Arboretum Explorer)
Crataegus harbisonii,Harbison's Hawthorn,,Rosaceae,Crataegus,Intermediate (shrub/tree),,Arnold Arboretum living collection (Arboretum Explorer)
Crataegus holmesiana,Holmes' Hawthorn,|Crataegus anomala|Crataegus eamesii|Crataegus holmesiana var. villipes|Crataegus villipes|Crataegus sertata|Crataegus holmesiana var. tardipes|Crataegus pura|,Rosaceae,Crataegus,Intermediate (shrub/tree),2.5,Arnold Arboretum living collection (Arboretum Explorer)
Crataegus hupehensis,Hubei Hawthorn,,Rosaceae,Crataegus,Intermediate (shrub/tree),,Arnold Arboretum living collection (Arboretum Explorer)
Crataegus intricata,Intricate Hawthorn,|Crataegus boyntonii|Crataegus foetida|Crataegus bissellii|Crataegus hargeri|,Rosaceae,Crataegus,Shrub,,Arnold Arboretum living collection (Arboretum Explorer)
Crataegus irrasa,,|Crataegus irrasa var. irrasa|,Rosaceae,Crataegus,Shrub,,Arnold Arboretum living collection (Arboretum Explorer)
Crataegus kansuensis,Gansu Hawthorn,,Rosaceae,Crataegus,Intermediate (shrub/tree),,Arnold Arboretum living collection (Arboretum Explorer)
Crataegus keepii,Keep's Hawthorn,,Rosaceae,Crataegus,Tree,,Arnold Arboretum living collection (Arboretum Explorer)
Crataegus laevigata,Midland Hawthorn,|Crataegus oxyacantha|Crataegus oxyacantha var. auriculata|Crataegus oxyacantha alba|Crataegus oxyacantha var. obtusata|Crataegus oxyacantha var. oxyacanthoides|Crataegus oxyacantha var. typica|Crataegus laevigata 'Auriculata'|,Rosaceae,Crataegus,Intermediate (shrub/tree),5.6,Arnold Arboretum living collection (Arboretum Explorer)
Crataegus laevigata 'Auriculata',Variety of English Hawthorn,|Crataegus oxyacantha var. auriculata|Crataegus laevigata|,Rosaceae,Crataegus,Intermediate (shrub/tree),,Arnold Arboretum living collection (Arboretum Explorer)
Crataegus laevigata 'Charles X',,|Crataegus oxyacantha 'Charles X'|,Rosaceae,Crataegus,Tree,,Arnold Arboretum living collection (Arboretum Explorer)
Crataegus lanuginosa,,|Crataegus mollis var. lanuginosa|,Rosaceae,Crataegus,Intermediate (shrub/tree),,Arnold Arboretum living collection (Arboretum Explorer)
Crataegus laurentiana,Laurentian Thorn,|Crataegus brunetiana|Crataegus laurentiana var. laurentiana|,Rosaceae,Crataegus,Shrub,,Arnold Arboretum living collection (Arboretum Explorer)
Crataegus macauleyae,,,Rosaceae,Crataegus,Tree,,Arnold Arboretum living collection (Arboretum Explorer)
Crataegus macracantha,Large-Thorn Hawthorn,|Crataegus succulenta var. macracantha|Crataegus dumicola|Crataegus fertilis|Crataegus fulgens|Crataegus divida|Crataegus laneyi|Crataegus rhombifolia|Crataegus succulenta var. rhombifolia|Crataegus ferentaria|Crataegus integriloba|,Rosaceae,Crataegus,Shrub,,Arnold Arboretum living collection (Arboretum Explorer)
Crataegus macrosperma,Eastern Hawthorn,|Crataegus macrosperma var. roanensis|Crataegus ascendens|Crataegus florea|Crataegus macrosperma var. pentandra|Crataegus roanensis|Crataegus serena|Crataegus randiana|Crataegus pentandra|Crataegus monstrata|Crataegus napaea|Crataegus paddockeae|Crataegus basilica var. viridimontana|Crataegus cyanophylla|Crataegus macrosperma var. demissa|Crataegus tenella|Crataegus macrosperma var. pastorum|Crataegus pastorum|Crataegus culta|,Rosaceae,Crataegus,Tree,,Arnold Arboretum living collection (Arboretum Explorer)
Crataegus magniflora,Large-flowered Hawthorn,|Crataegus hillii|Crataegus macounii|,Rosaceae,Crataegus,Intermediate (shrub/tree),,Arnold Arboretum living collection (Arboretum Explorer)
Crataegus maximowiczii,Maximowicz Hawthorn,,Rosaceae,Crataegus,Intermediate (shrub/tree),,Arnold Arboretum living collection (Arboretum Explorer)
Crataegus meyeri,Meyer's Hawthorn,|Crataegus pectinata|Crataegus monogyna var. hirsutior|,Rosaceae,Crataegus,Intermediate (shrub/tree),,Arnold Arboretum living collection (Arboretum Explorer)
Crataegus microphylla,,|Crataegus lagenaria|Crataegus pinnatiloba|Crataegus oxyacantha var. pinnatiloba|,Rosaceae,Crataegus,Shrub,2.3,Arnold Arboretum living collection (Arboretum Explorer)
Crataegus mollis,Downy Hawthorn,|Crataegus tiliifolia|,Rosaceae,Crataegus,Intermediate (shrub/tree),2.3,Arnold Arboretum living collection (Arboretum Explorer)
Crataegus monogyna,English Hawthorn,,Rosaceae,Crataegus,Intermediate (shrub/tree),21.0,Arnold Arboretum living collection (Arboretum Explorer)
Crataegus monogyna 'Crimson Cloud',,|Sium suave|,Rosaceae,Crataegus,Tree,,Arnold Arboretum living collection (Arboretum Explorer)
Crataegus monogyna 'Stricta',,|Crataegus monogyna forma stricta|,Rosaceae,Crataegus,Tree,,Arnold Arboretum living collection (Arboretum Explorer)
Crataegus monogyna 'Versicolor',,,Rosaceae,Crataegus,Tree,,Arnold Arboretum living collection (Arboretum Explorer)
Crataegus monogyna (variant),Variant of Singleseed Hawthorn,,Rosaceae,Crataegus,Tree,,Arnold Arboretum living collection (Arboretum Explorer)
Crataegus monogyna var. inermis,Thornless Singleseed Hawthorn,,Rosaceae,Crataegus,Tree,,Arnold Arboretum living collection (Arboretum Explorer)
Crataegus monogyna var. lasiocarpa,,|Crataegus oxyacantha var. laciniata|,Rosaceae,Crataegus,Intermediate (shrub/tree),,Arnold Arboretum living collection (Arboretum Explorer)
Crataegus nemoralis,Wood Hawthorn,,Rosaceae,Crataegus,Tree,,Arnold Arboretum living collection (Arboretum Explorer)
Crataegus nigra,European Black Hawthorn,,Rosaceae,Crataegus,Intermediate (shrub/tree),,Arnold Arboretum living collection (Arboretum Explorer)
Crataegus nitida,Shiny Hawthorn,|Crataegus nitida|,Rosaceae,Crataegus,Tree,,Arnold Arboretum living collection (Arboretum Explorer)
Crataegus nitidula,Ontario Hawthorn,,Rosaceae,Crataegus,Intermediate (shrub/tree),,Arnold Arboretum living collection (Arboretum Explorer)
Crataegus opaca,Western Mayhaw,,Rosaceae,Crataegus,Tree,,Arnold Arboretum living collection (Arboretum Explorer)
Crataegus paucispina,,,Rosaceae,Crataegus,Tree,,Arnold Arboretum living collection (Arboretum Explorer)
Crataegus pennsylvanica,Pennsylvania Thorn,|Crataegus tatnalliana|,Rosaceae,Crataegus,Intermediate (shrub/tree),,Arnold Arboretum living collection (Arboretum Explorer)
Crataegus pentagyna,,,Rosaceae,Crataegus,Tree,5.9,Arnold Arboretum living collection (Arboretum Explorer)
Crataegus persimilis,Plumleaf Hawthorn,|Crataegus cerasina|Crataegus laetifica|Crataegus nuda|,Rosaceae,Crataegus,Tree,,Arnold Arboretum living collection (Arboretum Explorer)
Crataegus persimilis 'Prunifolia',Cultivar of Plumleaf Hawthorn,|Crataegus x prunifolia|Crataegus 'prunifolia splendens'|Crataegus crus-galli var. prunifolia|,Rosaceae,Crataegus,Tree,15.0,Arnold Arboretum living collection (Arboretum Explorer)
Crataegus phaenopyrum,Washington Thorn,|Crataegus youngii|,Rosaceae,Crataegus,Tree,,Arnold Arboretum living collection (Arboretum Explorer)
Crataegus pinnatifida,Chinese Hawthorn,,Rosaceae,Crataegus,Shrub,,Arnold Arboretum living collection (Arboretum Explorer)
Crataegus pinnatifida var. major,Large Chinese Hawthorn,,Rosaceae,Crataegus,Tree,,Arnold Arboretum living collection (Arboretum Explorer)
Crataegus populnea,Poplar Hawthorn,|Crataegus compta|Crataegus beckwithae|Crataegus blandita|Crataegus damei|Crataegus demissa|Crataegus fucosa|Crataegus genialis|Crataegus glaucophylla|Crataegus media|Crataegus dissimilis|,Rosaceae,Crataegus,Intermediate (shrub/tree),,Arnold Arboretum living collection (Arboretum Explorer)
Crataegus pratensis,,|Crataegus punctata|,Rosaceae,Crataegus,Tree,,Arnold Arboretum living collection (Arboretum Explorer)
Crataegus pruinosa,Frosted Hawthorn,|Crataegus conjuncta|Crataegus littoralis|Crataegus philadelphica|,Rosaceae,Crataegus,Intermediate (shrub/tree),,Arnold Arboretum living collection (Arboretum Explorer)
Crataegus pruinosa var. magnifolia,,|Crataegus magnifolia|Crataegus disjuncta var. magnifolia|,Rosaceae,Crataegus,Intermediate (shrub/tree),,Arnold Arboretum living collection (Arboretum Explorer)
Crataegus punctata,Dotted Haw,|Crataegus pratensis|,Rosaceae,Crataegus,Tree,,Arnold Arboretum living collection (Arboretum Explorer)
Crataegus reverchonii var. palmeri,,|Crataegus palmeri|Crataegus canbyi|Crataegus pennypackeri|,Rosaceae,Crataegus,Tree,,Arnold Arboretum living collection (Arboretum Explorer)
Crataegus rivularis,Mountain River Hawthorn,,Rosaceae,Crataegus,Intermediate (shrub/tree),,Arnold Arboretum living collection (Arboretum Explorer)
Crataegus scabrida var. asperfolia,Niagara Hawthorn,|Crataegus asperifolia|Crataegus brainerdii var. asperifolia|,Rosaceae,Crataegus,Shrub,,Arnold Arboretum living collection (Arboretum Explorer)
Crataegus scabrida var. scabrida,Rough Hawthorn,|Crataegus improvisa|Crataegus brainerdii var. scabrida|,Rosaceae,Crataegus,Shrub,,Arnold Arboretum living collection (Arboretum Explorer)
Crataegus songarica,Sungari Hawthorn,|Crataegus fischeri|,Rosaceae,Crataegus,Intermediate (shrub/tree),,Arnold Arboretum living collection (Arboretum Explorer)
Crataegus sp.,Hawthorn,,Rosaceae,Crataegus,Tree,,Arnold Arboretum living collection (Arboretum Explorer)
Crataegus submollis,Quebec Hawthorn,|Crataegus champlainensis|Crataegus canadensis|Crataegus arnoldiana|,Rosaceae,Crataegus,Intermediate (shrub/tree),,Arnold Arboretum living collection (Arboretum Explorer)
Crataegus suborbiculata,,|Crataegus umbratilis|,Rosaceae,Crataegus,Intermediate (shrub/tree),,Arnold Arboretum living collection (Arboretum Explorer)
Crataegus succulenta,Fleshy Hawthorn,|Crataegus incerta|,Rosaceae,Crataegus,Intermediate (shrub/tree),4.9,Arnold Arboretum living collection (Arboretum Explorer)
Crataegus uniflora,One-Flowered Hawthorn,|Crataegus trianthophora|,Rosaceae,Crataegus,Shrub,,Arnold Arboretum living collection (Arboretum Explorer)
Crataegus viridis,Green Hawthorn,|Crataegus enucleata|Crataegus pechiana|,Rosaceae,Crataegus,Intermediate (shrub/tree),10.3,Arnold Arboretum living collection (Arboretum Explorer)
Crataegus viridis 'Winter King',Cultivar of Green Hawthorn,,Rosaceae,Crataegus,Tree,12.1,Arnold Arboretum living collection (Arboretum Explorer)
Crataegus viridis var. lanceolata,Variety of Green Hawthorn,|Crataegus lanceolata|,Rosaceae,Crataegus,Intermediate (shrub/tree),,Arnold Arboretum living collection (Arboretum Explorer)
Crataegus viridis var. ovata,Variety of Green Hawthorn,|Crataegus ovata|Crataegus larga|Crataegus blanda|,Rosaceae,Crataegus,Intermediate (shrub/tree),,Arnold Arboretum living collection (Arboretum Explorer)
Crataegus viridis var. viridis,,|Crataegus vulsa|,Rosaceae,Crataegus,,,Arnold Arboretum living collection (Arboretum Explorer)
Crataegus wilsonii,Wilson Hawthorn,,Rosaceae,Crataegus,Shrub,8.2,Arnold Arboretum living collection (Arboretum Explorer)
Crataegus x ariifolia,,|Crataegus x sorbifolia|,Rosaceae,Crataegus,Tree,,Arnold Arboretum living collection (Arboretum Explorer)
Crataegus x atrorubens,,,Rosaceae,Crataegus,Intermediate (shrub/tree),,Arnold Arboretum living collection (Arboretum Explorer)
Crataegus x coleae,,,Rosaceae,Crataegus,Shrub,,Arnold Arboretum living collection (Arboretum Explorer)
Crataegus x disperma,,|Crataegus peoriensis|Crataegus grandis|Crataegus pausiaca|Crataegus punctata var. pausiaca|,Rosaceae,Crataegus,Intermediate (shrub/tree),,Arnold Arboretum living collection (Arboretum Explorer)
Crataegus x dsungarica,,|Crataegus x almaatensis|,Rosaceae,Crataegus,Tree,,Arnold Arboretum living collection (Arboretum Explorer)
Crataegus x grignonensis,Grignon Hawthorn,|Crataegus grignonensis|,Rosaceae,Crataegus,Shrub,,Arnold Arboretum living collection (Arboretum Explorer)
Crataegus x kyrtostyla nothovar. kyrtostyla,,|Crataegus monogyna forma pteridifolia|Crataegus monogyna 'Pteridifolia'|Crataegus oxyacantha var. pteridifolia|,Rosaceae,Crataegus,,,Arnold Arboretum living collection (Arboretum Explorer)
Crataegus x lavalleei,,|Crataegus x lavallei|,Rosaceae,Crataegus,,,Arnold Arboretum living collection (Arboretum Explorer)
Crataegus x lucorum,Grove Hawthorn,|Crataegus lucorum var. insolens|Crataegus insolens|,Rosaceae,Crataegus,Intermediate (shrub/tree),,Arnold Arboretum living collection (Arboretum Explorer)
Crataegus x media,,|Crataegus oxyacantha var. paulii|Crataegus oxyacantha var. rosea|Crataegus oxyacantha forma aurea|Crataegus oxyacantha var. vulgaris forma rubra|Crataegus laevigata 'Gireoudii'|Crataegus oxyacantha var. vulgaris forma gireoudi|Crataegus x oxyacanthoides|Crataegus oxyacantha var. plena|Crataegus laevigata 'Plena'|Crataegus laevigata 'Punicea'|Crataegus oxyacantha var. punicea|Crataegus oxyacantha 'Plena'|Crataegus oxyacantha var. quercifolia|Crataegus monogyna var. rosea|,Rosaceae,Crataegus,Intermediate (shrub/tree),8.0,Arnold Arboretum living collection (Arboretum Explorer)
Crataegus x pseudoambigua,,|Crataegus x zangezura ssp. pseudoambigua|,Rosaceae,Crataegus,Tree,,Arnold Arboretum living collection (Arboretum Explorer)
Cryptomeria japonica,Japanese Cryptomeria,,Cupressaceae,Cryptomeria,Tree,60.4,Arnold Arboretum living collection (Arboretum Explorer)
Cryptomeria japonica 'Elegans Nana',,|Cryptomeria japonica 'Elegans Compacta'|,Cupressaceae,Cryptomeria,Shrub,,Arnold Arboretum living collection (Arboretum Explorer)
Cryptomeria japonica 'Lobbii',Lobb Cryptomeria,|Cryptomeria japonica forma lobbii|,Cupressaceae,Cryptomeria,Tree,,Arnold Arboretum living collection (Arboretum Explorer)
Cryptomeria japonica 'Rein's Dense Jade',Cultivar of Japanese Cedar,,Cupressaceae,Cryptomeria,Tree,,Arnold Arboretum living collection (Arboretum Explorer)
Cryptomeria japonica 'Vilmoriniana',Cultivar of Japanese Cryptomeria,,Cupressaceae,Cryptomeria,Tree,,Arnold Arboretum living collection (Arboretum Explorer)
Cryptomeria japonica var. radicans,,,Cupressaceae,Cryptomeria,Tree,,Arnold Arboretum living collection (Arboretum Explorer)
Cryptomeria japonica var. sinensis,,|Cryptomeria japonica var. kawai|Cryptomeria kawai|Cryptomeria fortunei|,Cupressaceae,Cryptomeria,Tree,,Arnold Arboretum living collection (Arboretum Explorer)
Cunninghamia lanceolata 'Glauca',,,Cupressaceae,Cunninghamia,Tree,,Arnold Arboretum living collection (Arboretum Explorer)
Cupressus arizonica,Arizona Cypress,|Cupressus arizonica var. gareei|,Cupressaceae,Cupressus,Tree,,Arnold Arboretum living collection (Arboretum Explorer)
Cupressus arizonica 'Gareei',,|Cupressus arizonica var. gareei|,Cupressaceae,Cupressus,,12.0,Arnold Arboretum living collection (Arboretum Explorer)
Cupressus arizonica var. arizonica,Arizona Cypress,,Cupressaceae,Cupressus,Tree,,Arnold Arboretum living collection (Arboretum Explorer)
Cupressus arizonica var. glabra 'Blue Ice',Cultivar of Smooth Barked Cypress,,Cupressaceae,Cupressus,Tree,,Arnold Arboretum living collection (Arboretum Explorer)
Cupressus arizonica var. montana,,|Cupressus montana|,Cupressaceae,Cupressus,Tree,,Arnold Arboretum living collection (Arboretum Explorer)
Cupressus arizonica var. nevadensis,Piute Cypress,|Cupressus nevadensis|,Cupressaceae,Cupressus,Tree,,Arnold Arboretum living collection (Arboretum Explorer)
Cupressus bakeri,Modoc Cypress,|Cupressus bakeri ssp. matthewsii|,Cupressaceae,Cupressus,Tree,,Arnold Arboretum living collection (Arboretum Explorer)
Cupressus goveniana,Mendocino Cypress,,Cupressaceae,Cupressus,Intermediate (shrub/tree),3.0,Arnold Arboretum living collection (Arboretum Explorer)
Cupressus macnabiana x sargentii,,,Cupressaceae,Cupressus,Tree,,Arnold Arboretum living collection (Arboretum Explorer)
Cupressus macrocarpa,Monterey Cypress,,Cupressaceae,Cupressus,Tree,,Arnold Arboretum living collection (Arboretum Explorer)
Cupressus nootkatensis,,|Chamaecyparis nootkatensis|,Cupressaceae,Cupressus,Tree,3.0,Arnold Arboretum living collection (Arboretum Explorer)
Cupressus nootkatensis 'Aurea',Cultivar of Cypress,|Chamaecyparis nootkatensis 'Aurea'|,Cupressaceae,Cupressus,Tree,,Arnold Arboretum living collection (Arboretum Explorer)
Cupressus nootkatensis 'Compacta Glauca',,|Chamaecyparis nootkatensis 'Compacta Glauca'|,Cupressaceae,Cupressus,Tree,,Arnold Arboretum living collection (Arboretum Explorer)
Cupressus nootkatensis 'Green Arrow',,|Chamaecyparis nootkantensis 'Green Arrow'|,Cupressaceae,Cupressus,Tree,6.6,Arnold Arboretum living collection (Arboretum Explorer)
Cupressus nootkatensis 'Pendula',Cultivar of Alaska Cedar,|Chamaecyparis nootkatensis 'Pendula'|,Cupressaceae,Cupressus,Tree,,Arnold Arboretum living collection (Arboretum Explorer)
Cupressus nootkatensis 'Variegata',Cultivar of Cedar,|Chamaecyparis nootkatensis 'Variegata'|,Cupressaceae,Cupressus,Tree,,Arnold Arboretum living collection (Arboretum Explorer)
Cupressus nootkatensis 'Viridis',,|Chamaecyparis nootkatensis 'Viridis'|,Cupressaceae,Cupressus,Tree,,Arnold Arboretum living collection (Arboretum Explorer)
Cyclocarya paliurus,Wheel Wingnut,|Pterocarya paliurus|,Juglandaceae,Cyclocarya,Tree,5.2,Arnold Arboretum living collection (Arboretum Explorer)
Cydonia oblonga,Common Quince,|Cydonia oblonga forma maliformis|Cydonia vulgaris maliformis|Pyrus malifolia|,Rosaceae,Cydonia,Shrub,,Arnold Arboretum living collection (Arboretum Explorer)
Cyrilla racemiflora,Swamp Cyrilla,,Cyrillaceae,Cyrilla,Shrub,7.9,Arnold Arboretum living collection (Arboretum Explorer)
Cytisus 'Lucky',Cultivar of Warminster Broom,,Fabaceae,Cytisus,Shrub,,Arnold Arboretum living collection (Arboretum Explorer)
Cytisus 'Lydia',,,Fabaceae,Cytisus,Shrub,,Arnold Arboretum living collection (Arboretum Explorer)
Cytisus albus,,|Cytisus leucanthus|Cytisus albus var. shipkaensis|,Fabaceae,Cytisus,Shrub,,Arnold Arboretum living collection (Arboretum Explorer)
Cytisus decumbens,Prostrate Broom,,Fabaceae,Cytisus,Shrub,,Arnold Arboretum living collection (Arboretum Explorer)
Cytisus elongatus,,,Fabaceae,Cytisus,Shrub,,Arnold Arboretum living collection (Arboretum Explorer)
Cytisus nigricans,,,Fabaceae,Cytisus,Shrub,,Arnold Arboretum living collection (Arboretum Explorer)
Cytisus praecox 'Hollandica',cultivar of Warminster Broom,,Fabaceae,Cytisus,Shrub,,Arnold Arboretum living collection (Arboretum Explorer)
Cytisus procumbens,,,Fabaceae,Cytisus,Shrub,,Arnold Arboretum living collection (Arboretum Explorer)
Cytisus scoparius,Scots Broom,,Fabaceae,Cytisus,Shrub,,Arnold Arboretum living collection (Arboretum Explorer)
Cytisus scoparius 'Andreanus',Paradise Scots Broom,|Cytisus scoparius forma andreanus|,Fabaceae,Cytisus,Shrub,,Arnold Arboretum living collection (Arboretum Explorer)
Cytisus scoparius 'Burkwoodii',Cultivar of Scots Broom,,Fabaceae,Cytisus,Shrub,,Arnold Arboretum living collection (Arboretum Explorer)
Cytisus sessilifolius,Sessile-Leaf Broom,,Fabaceae,Cytisus,Shrub,6.9,Arnold Arboretum living collection (Arboretum Explorer)
Cytisus supinus,Big-flower Broom,|Cytisus aggregatus|Cytisus supinus x aggregata|,Fabaceae,Cytisus,Shrub,,Arnold Arboretum living collection (Arboretum Explorer)
Cytisus x praecox,Warminster Broom,,Fabaceae,Cytisus,Shrub,,Arnold Arboretum living collection (Arboretum Explorer)
Cytisus x praecox 'All Gold',Cultivar of Warminster Broom,,Fabaceae,Cytisus,Shrub,,Arnold Arboretum living collection (Arboretum Explorer)
Daboecia cantabrica,,,Ericaceae,Daboecia,Shrub,1.0,Arnold Arboretum living collection (Arboretum Explorer)
Daphne arbuscula,,,Thymelaeaceae,Daphne,Shrub,,Arnold Arboretum living collection (Arboretum Explorer)
Daphne blagayana,,,Thymelaeaceae,Daphne,Shrub,,Arnold Arboretum living collection (Arboretum Explorer)
Daphne caucasica,Caucasian Daphne,,Thymelaeaceae,Daphne,Shrub,,Arnold Arboretum living collection (Arboretum Explorer)
Daphne cneorum 'Alba',Cultivar of Rose Daphne,,Thymelaeaceae,Daphne,Shrub,,Arnold Arboretum living collection (Arboretum Explorer)
Daphne cneorum 'Eximia',Cultivar of Rose Daphne,,Thymelaeaceae,Daphne,Shrub,,Arnold Arboretum living collection (Arboretum Explorer)
Daphne cneorum 'Pygmae Pink',,,Thymelaeaceae,Daphne,Shrub,,Arnold Arboretum living collection (Arboretum Explorer)
Daphne cneorum 'Pygmaea',,,Thymelaeaceae,Daphne,Shrub,,Arnold Arboretum living collection (Arboretum Explorer)
Daphne cneorum 'Ruby Glow',Rose Daphne,,Thymelaeaceae,Daphne,Shrub,,Arnold Arboretum living collection (Arboretum Explorer)
Daphne genkwa,Lilac Daphne,,Thymelaeaceae,Daphne,Shrub,,Arnold Arboretum living collection (Arboretum Explorer)
Daphne giraldii,,,Thymelaeaceae,Daphne,Shrub,,Arnold Arboretum living collection (Arboretum Explorer)
Daphne mezereum,Mezereon,,Thymelaeaceae,Daphne,Shrub,,Arnold Arboretum living collection (Arboretum Explorer)
Daphne mezereum forma alba,White Mezereon,,Thymelaeaceae,Daphne,Shrub,,Arnold Arboretum living collection (Arboretum Explorer)
Daphne odora,,|Daphne hybrida|,Thymelaeaceae,Daphne,Shrub,,Arnold Arboretum living collection (Arboretum Explorer)
Daphne retusa,Chinese Daphne,,Thymelaeaceae,Daphne,Shrub,,Arnold Arboretum living collection (Arboretum Explorer)
Daphne tangutica,,,Thymelaeaceae,Daphne,Shrub,3.0,Arnold Arboretum living collection (Arboretum Explorer)
Daphne x burkwoodii,Burkwood Daphne,,Thymelaeaceae,Daphne,Shrub,,Arnold Arboretum living collection (Arboretum Explorer)
Daphne x burkwoodii 'Carol Mackie',Cultivar of Burkwood Daphne,,Thymelaeaceae,Daphne,Shrub,,Arnold Arboretum living collection (Arboretum Explorer)
Daphne x burkwoodii 'Somerset',Cultivar of Burkwood Daphne,,Thymelaeaceae,Daphne,Shrub,,Arnold Arboretum living collection (Arboretum Explorer)
Daphne x mantensiana,,,Thymelaeaceae,Daphne,Shrub,,Arnold Arboretum living collection (Arboretum Explorer)
Daphne x transatlantica 'Blafra',,,Thymelaeaceae,Daphne,Shrub,,Arnold Arboretum living collection (Arboretum Explorer)
Darmera peltata,Umbrella Plant,|Saxifraga peltata|,Saxifragaceae,Darmera,Herbaceous,,Arnold Arboretum living collection (Arboretum Explorer)
Davidia involucrata 'Lady Sunshine',Cultivar of Dove Tree,,Nyssaceae,Davidia,Tree,,Arnold Arboretum living collection (Arboretum Explorer)
Davidia involucrata var. vilmoriniana,Vilmorin Dove Tree,,Nyssaceae,Davidia,Tree,,Arnold Arboretum living collection (Arboretum Explorer)
Decaisnea insignis,,|Decaisnea fargesii|,Lardizabalaceae,Decaisnea,Shrub,6.6,Arnold Arboretum living collection (Arboretum Explorer)
Decodon verticillatus,Waterwillow,|Decodon verticillatus var. laevigatus|,Lythraceae,Decodon,Shrub,4.9,Arnold Arboretum living collection (Arboretum Explorer)
Decumaria barbara,Woodvamp,,Hydrangeaceae,Decumaria,Shrub,5.9,Arnold Arboretum living collection (Arboretum Explorer)
Decumaria barbara 'Chatooga',Cultivar of Climbing Hydrangea,,Hydrangeaceae,Decumaria,Vine,1.0,Arnold Arboretum living collection (Arboretum Explorer)
Decumaria sinensis,,,Hydrangeaceae,Decumaria,Shrub,,Arnold Arboretum living collection (Arboretum Explorer)
Dennstaedtia punctilobula,Hay-Scented Fern,,Polypodiaceae,Dennstaedtia,,,Arnold Arboretum living collection (Arboretum Explorer)
Deutzia compacta,,,Hydrangeaceae,Deutzia,Shrub,,Arnold Arboretum living collection (Arboretum Explorer)
Deutzia coreana,Korean Deutzia,,Hydrangeaceae,Deutzia,Shrub,11.2,Arnold Arboretum living collection (Arboretum Explorer)
Deutzia crenata,,|Deutzia scabra var. crenata|Deutzia fortunei|,Hydrangeaceae,Deutzia,Shrub,7.4,Arnold Arboretum living collection (Arboretum Explorer)
Deutzia discolor,,|Deutzia globosa|Deutzia vilmorinae|,Hydrangeaceae,Deutzia,Shrub,10.5,Arnold Arboretum living collection (Arboretum Explorer)
Deutzia glabrata,,,Hydrangeaceae,Deutzia,Shrub,6.6,Arnold Arboretum living collection (Arboretum Explorer)
Deutzia gracilis 'Nikko',Cultivar of Slender Deutzia,|Deutzia crenata var. nakaiana|,Hydrangeaceae,Deutzia,Shrub,,Arnold Arboretum living collection (Arboretum Explorer)
Deutzia grandiflora,,,Hydrangeaceae,Deutzia,Shrub,,Arnold Arboretum living collection (Arboretum Explorer)
Deutzia longifolia,Longleaf Deutzia,|Deutzia veitchii|,Hydrangeaceae,Deutzia,Shrub,2.3,Arnold Arboretum living collection (Arboretum Explorer)
Deutzia mollis,,,Hydrangeaceae,Deutzia,Shrub,,Arnold Arboretum living collection (Arboretum Explorer)
Deutzia ningpoensis,Ningpo Deutzia,|Deutzia chunii|,Hydrangeaceae,Deutzia,Shrub,3.9,Arnold Arboretum living collection (Arboretum Explorer)
Deutzia paniculata,,,Hydrangeaceae,Deutzia,Shrub,5.6,Arnold Arboretum living collection (Arboretum Explorer)
Deutzia parviflora,Mongolian Deutzia,,Hydrangeaceae,Deutzia,Shrub,6.2,Arnold Arboretum living collection (Arboretum Explorer)
Deutzia parviflora var. amurensis,,|Deutzia amurensis|,Hydrangeaceae,Deutzia,Shrub,,Arnold Arboretum living collection (Arboretum Explorer)
Deutzia pulchra,Evergreen Deutzia,|Deutzia pulchra var. formosana|,Hydrangeaceae,Deutzia,Intermediate (shrub/tree),7.2,Arnold Arboretum living collection (Arboretum Explorer)
Deutzia rubens,,|Deutzia hypoglauca|,Hydrangeaceae,Deutzia,Shrub,10.5,Arnold Arboretum living collection (Arboretum Explorer)
Deutzia scabra,Fuzzy Deutzia,,Hydrangeaceae,Deutzia,Shrub,7.9,Arnold Arboretum living collection (Arboretum Explorer)
Deutzia scabra 'Candidissima',,|Deutzia scabra forma candidissima|,Hydrangeaceae,Deutzia,Shrub,10.2,Arnold Arboretum living collection (Arboretum Explorer)
Deutzia scabra 'Pink Minor',Cultivar of Fuzzy Deutzia,,Hydrangeaceae,Deutzia,Shrub,,Arnold Arboretum living collection (Arboretum Explorer)
Deutzia schneideriana,Schneider Deutzia,,Hydrangeaceae,Deutzia,Shrub,7.2,Arnold Arboretum living collection (Arboretum Explorer)
Deutzia sp.,,,Hydrangeaceae,Deutzia,Shrub,7.9,Arnold Arboretum living collection (Arboretum Explorer)
Deutzia x elegantissima,Elegant Deutzia,|Deutzia discolor elegantissima|,Hydrangeaceae,Deutzia,Shrub,,Arnold Arboretum living collection (Arboretum Explorer)
Deutzia x elegantissima forma fasciculata,,,Hydrangeaceae,Deutzia,Shrub,,Arnold Arboretum living collection (Arboretum Explorer)
Deutzia x lemoinei 'Avalanche',,|Deutzia x maliflora 'Avalanche'|,Hydrangeaceae,Deutzia,,,Arnold Arboretum living collection (Arboretum Explorer)
Deutzia x magnifica,Showy Deutzia,|Deutzia crenata 'Magnifica'|Deutzia scabra 'Magnifica'|,Hydrangeaceae,Deutzia,Shrub,9.8,Arnold Arboretum living collection (Arboretum Explorer)
Deutzia x magnifica 'Formosa',Cultivar of Showy Deutzia,,Hydrangeaceae,Deutzia,Shrub,10.5,Arnold Arboretum living collection (Arboretum Explorer)
Deutzia x magnifica 'Superba',,|Deutzia x magnifica forma superba|,Hydrangeaceae,Deutzia,Shrub,8.9,Arnold Arboretum living collection (Arboretum Explorer)
Deutzia x myriantha,Cherryblossom Deutzia,,Hydrangeaceae,Deutzia,Shrub,6.2,Arnold Arboretum living collection (Arboretum Explorer)
Deutzia x rosea 'Carminea',,|Deutzia x rosea forma carminea|,Hydrangeaceae,Deutzia,Shrub,7.9,Arnold Arboretum living collection (Arboretum Explorer)
Deutzia x rosea 'Eximia',,|Deutzia x rosea forma eximia|,Hydrangeaceae,Deutzia,Shrub,,Arnold Arboretum living collection (Arboretum Explorer)
Deutzia x rosea 'Floribunda',,|Deutzia x rosea forma floribunda|,Hydrangeaceae,Deutzia,Shrub,,Arnold Arboretum living collection (Arboretum Explorer)
Deutzia x rosea 'Venusta',Cultivar of Deutzia,|Deutzia x rosea forma venusta|,Hydrangeaceae,Deutzia,Shrub,,Arnold Arboretum living collection (Arboretum Explorer)
Dichanthelium clandestinum,Deer-Tongue Rosette Panic-Grass,,Poaceae,Dichanthelium,Herbaceous,,Arnold Arboretum living collection (Arboretum Explorer)
Diervilla lonicera,Dwarf Bush Honeysuckle,,Caprifoliaceae,Diervilla,Shrub,4.6,Arnold Arboretum living collection (Arboretum Explorer)
Diervilla rivularis,Mountain Bush-honeysuckle,,Caprifoliaceae,Diervilla,Shrub,4.6,Arnold Arboretum living collection (Arboretum Explorer)
Diervilla rivularis 'Troja Black',Cultivar of Mountain Bush-honeysuckle,,Caprifoliaceae,Diervilla,Shrub,5.6,Arnold Arboretum living collection (Arboretum Explorer)
Diervilla sessilifolia,Southern Bush-honeysuckle,,Caprifoliaceae,Diervilla,Shrub,5.7,Arnold Arboretum living collection (Arboretum Explorer)
Dioscorea villosa,,|Dioscorea quaternata|,Dioscoreaceae,Dioscorea,Vine,8.2,Arnold Arboretum living collection (Arboretum Explorer)
Diospyros kaki,,,Ebenaceae,Diospyros,Tree,,Arnold Arboretum living collection (Arboretum Explorer)
Diospyros kaki 'Fuyu',,,Ebenaceae,Diospyros,Tree,,Arnold Arboretum living collection (Arboretum Explorer)
Diospyros lotus,Dateplum Persimmon,,Ebenaceae,Diospyros,Tree,,Arnold Arboretum living collection (Arboretum Explorer)
Diospyros lotus var. mollissima,,|Diospyros duclouxii|,Ebenaceae,Diospyros,Tree,,Arnold Arboretum living collection (Arboretum Explorer)
Diospyros virginiana,Possumwood,|Diospyros virginiana var. pubescens|,Ebenaceae,Diospyros,Tree,7.5,Arnold Arboretum living collection (Arboretum Explorer)
Dipelta floribunda,Rosy Dipelta,|Dipelta floribunda var. parviflora|,Caprifoliaceae,Dipelta,Intermediate (shrub/tree),16.4,Arnold Arboretum living collection (Arboretum Explorer)
Dipelta yunnanensis,,|Dipelta ventricosa|,Caprifoliaceae,Dipelta,Shrub,6.2,Arnold Arboretum living collection (Arboretum Explorer)
Dirca occidentalis,Western Leatherwood,,Thymelaeaceae,Dirca,Shrub,6.6,Arnold Arboretum living collection (Arboretum Explorer)
Dirca palustris,Eastern Leatherwood,,Thymelaeaceae,Dirca,Shrub,,Arnold Arboretum living collection (Arboretum Explorer)
Disporum cantoniense,,,Colchicaceae,Disporum,Herbaceous,1.0,Arnold Arboretum living collection (Arboretum Explorer)
Disporum sessile 'Variegatum',Cultivar of Fairy Bells,,Colchicaceae,Disporum,Herbaceous,1.3,Arnold Arboretum living collection (Arboretum Explorer)
Distylium racemosum,,,Hamamelidaceae,Distylium,Intermediate (shrub/tree),2.1,Arnold Arboretum living collection (Arboretum Explorer)
Doellingeria umbellata var. umbellata,Tall Flat-Topped White Aster,,Asteraceae,Doellingeria,Herbaceous,,Arnold Arboretum living collection (Arboretum Explorer)
Dracunculus vulgaris,Dragon Arum,,Araceae,Dracunculus,Herbaceous,,Arnold Arboretum living collection (Arboretum Explorer)
Dryopteris marginalis,Marginal Wood Fern,,Dryopteridaceae,Dryopteris,,,Arnold Arboretum living collection (Arboretum Explorer)
Ehretia ovalifolia,,|Ehretia thyrsiflora|Ehretia acuminata|,Boraginaceae,Ehretia,Shrub,,Arnold Arboretum living collection (Arboretum Explorer)
Elaeagnus commutata,Silverberry,|Elaeagnus argentea|,Elaeagnaceae,Elaeagnus,Shrub,3.3,Arnold Arboretum living collection (Arboretum Explorer)
Elaeagnus lanceolata,,,Elaeagnaceae,Elaeagnus,Shrub,20.7,Arnold Arboretum living collection (Arboretum Explorer)
Elaeagnus multiflora,Cherry Elaeagnus,|Elaeagnus longipes|Elaeagnus sativa|,Elaeagnaceae,Elaeagnus,Intermediate (shrub/tree),13.8,Arnold Arboretum living collection (Arboretum Explorer)
Elaeagnus multiflora 'Bikkuri-Gumi',Cultivar of Cherry Elaeagnus,,Elaeagnaceae,Elaeagnus,Shrub,,Arnold Arboretum living collection (Arboretum Explorer)
Elaeagnus umbellata,Autumn Olive,|Elaeagnus crocea|Elaeagnus longipes var. crispa||Elaeagnus multiflora var. crispa|Elaeagnus umbellatus|,Elaeagnaceae,Elaeagnus,Shrub,26.2,Arnold Arboretum living collection (Arboretum Explorer)
Elaeagnus umbellata var. parvifolia,Variety of Autumn Elaeagnus,|Elaeagnus umbellatus parvifolius|,Elaeagnaceae,Elaeagnus,Shrub,9.8,Arnold Arboretum living collection (Arboretum Explorer)
Eleutherococcus divaricatus,,|Acanthopanax divaricatus|,Araliaceae,Eleutherococcus,Shrub,7.0,Arnold Arboretum living collection (Arboretum Explorer)
Eleutherococcus gracilistylus,,|Acanthopanax gracilistylus|,Araliaceae,Eleutherococcus,Shrub,,Arnold Arboretum living collection (Arboretum Explorer)
Eleutherococcus henryi 'Nana',,,Araliaceae,Eleutherococcus,,,Arnold Arboretum living collection (Arboretum Explorer)
Eleutherococcus henryi var. henryi,,|Acanthopanax henryi var. henryi|,Araliaceae,Eleutherococcus,Shrub,9.8,Arnold Arboretum living collection (Arboretum Explorer)
Eleutherococcus leucorrhizus,,|Acanthopanax leucorrhizus|,Araliaceae,Eleutherococcus,Shrub,5.7,Arnold Arboretum living collection (Arboretum Explorer)
Eleutherococcus senticosus,,|Acanthopanax senticosus|,Araliaceae,Eleutherococcus,Shrub,,Arnold Arboretum living collection (Arboretum Explorer)
Eleutherococcus seoulensis,,|Acanthopanax seoulense|,Araliaceae,Eleutherococcus,Shrub,12.5,Arnold Arboretum living collection (Arboretum Explorer)
Eleutherococcus sessiliflorus,,|Acanthopanax sessiliflorus|,Araliaceae,Eleutherococcus,Shrub,11.5,Arnold Arboretum living collection (Arboretum Explorer)
Eleutherococcus setchuenensis,,|Acanthopanax setchuenensis|,Araliaceae,Eleutherococcus,Shrub,,Arnold Arboretum living collection (Arboretum Explorer)
Eleutherococcus sieboldianus,,|Acanthopanax sieboldianus|,Araliaceae,Eleutherococcus,Shrub,,Arnold Arboretum living collection (Arboretum Explorer)
Elliottia racemosa,Georgia Plume,,Ericaceae,Elliottia,Intermediate (shrub/tree),4.3,Arnold Arboretum living collection (Arboretum Explorer)
Elsholtzia stauntonii,Mint Shrub,,Lamiaceae,Elsholtzia,Shrub,5.2,Arnold Arboretum living collection (Arboretum Explorer)
Elsholtzia stauntonii 'Alba',Cultivar of Mint Shrub,,Lamiaceae,Elsholtzia,Shrub,,Arnold Arboretum living collection (Arboretum Explorer)
Emmenopterys henryi,,,Rubiaceae,Emmenopterys,Tree,4.9,Arnold Arboretum living collection (Arboretum Explorer)
Empetrum eamesii,Rockberry,,Ericaceae,Empetrum,Shrub,,Arnold Arboretum living collection (Arboretum Explorer)
Empetrum hermaphroditum,Crowberry,,Ericaceae,Empetrum,Shrub,,Arnold Arboretum living collection (Arboretum Explorer)
Empetrum nigrum,Black Crowberry,,Ericaceae,Empetrum,Shrub,,Arnold Arboretum living collection (Arboretum Explorer)
Empetrum nigrum 'Compass Harbor',Cultivar of Black Crowberry,,Ericaceae,Empetrum,Shrub,,Arnold Arboretum living collection (Arboretum Explorer)
Empetrum rubrum,,,Ericaceae,Empetrum,Shrub,,Arnold Arboretum living collection (Arboretum Explorer)
Enkianthus campanulatus,Redvein Enkianthus,,Ericaceae,Enkianthus,Shrub,,Arnold Arboretum living collection (Arboretum Explorer)
Enkianthus campanulatus '83-3',,,Ericaceae,Enkianthus,,,Arnold Arboretum living collection (Arboretum Explorer)
Enkianthus campanulatus 'Albiflorus',,|Enkianthus campanulatus forma albiflorus|,Ericaceae,Enkianthus,Shrub,8.0,Arnold Arboretum living collection (Arboretum Explorer)
Enkianthus campanulatus 'Showy Lantern',Cultivar of Redvein Enkianthus,,Ericaceae,Enkianthus,Shrub,,Arnold Arboretum living collection (Arboretum Explorer)
Enkianthus campanulatus var. campanulatus,Redvein Enkianthus,,Ericaceae,Enkianthus,Shrub,,Arnold Arboretum living collection (Arboretum Explorer)
Enkianthus campanulatus var. palibinii,Palibin Redvein Enkianthus,,Ericaceae,Enkianthus,Shrub,13.1,Arnold Arboretum living collection (Arboretum Explorer)
Enkianthus campanulatus var. sikokianus,,|Enkianthus sikokianus|,Ericaceae,Enkianthus,Shrub,,Arnold Arboretum living collection (Arboretum Explorer)
Enkianthus cernuus,,,Ericaceae,Enkianthus,Shrub,4.3,Arnold Arboretum living collection (Arboretum Explorer)
Enkianthus cernuus var. cernuus,,,Ericaceae,Enkianthus,Shrub,2.0,Arnold Arboretum living collection (Arboretum Explorer)
Enkianthus cernuus var. rubens,,,Ericaceae,Enkianthus,Shrub,4.0,Arnold Arboretum living collection (Arboretum Explorer)
Enkianthus chinensis,,,Ericaceae,Enkianthus,Intermediate (shrub/tree),3.6,Arnold Arboretum living collection (Arboretum Explorer)
Enkianthus deflexus,,,Ericaceae,Enkianthus,Intermediate (shrub/tree),7.5,Arnold Arboretum living collection (Arboretum Explorer)
Enkianthus perulatus,White Enkianthus,,Ericaceae,Enkianthus,Shrub,7.9,Arnold Arboretum living collection (Arboretum Explorer)
Enkianthus perulatus 'J. L. Pennock',Cultivar of White Enkianthus,,Ericaceae,Enkianthus,Shrub,3.3,Arnold Arboretum living collection (Arboretum Explorer)
Eomecon chionantha,Snow Poppy,,Papaveraceae,Eomecon,Herbaceous,,Arnold Arboretum living collection (Arboretum Explorer)
Ephedra distachya ssp. distachya,,,Ephedraceae,Ephedra,Shrub,1.1,Arnold Arboretum living collection (Arboretum Explorer)
Ephedra equisetina,,,Ephedraceae,Ephedra,Shrub,2.3,Arnold Arboretum living collection (Arboretum Explorer)
Ephedra foeminea,,,Ephedraceae,Ephedra,Shrub,,Arnold Arboretum living collection (Arboretum Explorer)
Ephedra minuta,Ephedra,,Ephedraceae,Ephedra,Shrub,,Arnold Arboretum living collection (Arboretum Explorer)
Ephedra sinica,,,Ephedraceae,Ephedra,Shrub,2.1,Arnold Arboretum living collection (Arboretum Explorer)
Epigaea repens,Trailing Arbutus,,Ericaceae,Epigaea,Shrub,,Arnold Arboretum living collection (Arboretum Explorer)
Epimedium 'Domino',Cultivar of bishop's hat,,Berberidaceae,Epimedium,Herbaceous,,Arnold Arboretum living collection (Arboretum Explorer)
Epimedium 'Lilafee',Cultivar of Bishop's Hat,,Berberidaceae,Epimedium,Herbaceous,,Arnold Arboretum living collection (Arboretum Explorer)
Epimedium 'Space Invaders',Cultivar of Bishop's Hat,,Berberidaceae,Epimedium,Herbaceous,,Arnold Arboretum living collection (Arboretum Explorer)
Epimedium 'Spine Tingler',Cultivar of Bishop's Hat,,Berberidaceae,Epimedium,Herbaceous,1.3,Arnold Arboretum living collection (Arboretum Explorer)
Epimedium epsteinii,,,Berberidaceae,Epimedium,Herbaceous,,Arnold Arboretum living collection (Arboretum Explorer)
Epimedium pinnatum,,,Berberidaceae,Epimedium,Herbaceous,,Arnold Arboretum living collection (Arboretum Explorer)
Epimedium sagittatum,,,Berberidaceae,Epimedium,Herbaceous,,Arnold Arboretum living collection (Arboretum Explorer)
Epimedium sp.,,,Berberidaceae,Epimedium,Herbaceous,,Arnold Arboretum living collection (Arboretum Explorer)
Epimedium stellulatum,Bishop's Hat,,Berberidaceae,Epimedium,Herbaceous,,Arnold Arboretum living collection (Arboretum Explorer)
Epimedium x rubrum,Cultivar of Bishop's Hat,,Berberidaceae,Epimedium,Herbaceous,,Arnold Arboretum living collection (Arboretum Explorer)
Epimedium x versicolor 'Cherry Tart',,,Berberidaceae,Epimedium,Herbaceous,,Arnold Arboretum living collection (Arboretum Explorer)
Eragrostis spectabilis,Purple Lovegrass,,Poaceae,Eragrostis,Herbaceous,,Arnold Arboretum living collection (Arboretum Explorer)
Erica 'Kramer's Red',Cultivar of Heather,,Ericaceae,Erica,Shrub,,Arnold Arboretum living collection (Arboretum Explorer)
Erica arborea,,,Ericaceae,Erica,Shrub,,Arnold Arboretum living collection (Arboretum Explorer)
Erica carnea 'King George',Cultivar of Spring Heath,,Ericaceae,Erica,Shrub,,Arnold Arboretum living collection (Arboretum Explorer)
Erica carnea 'Springwood White',Cultivar of Spring Heath,,Ericaceae,Erica,Shrub,,Arnold Arboretum living collection (Arboretum Explorer)
Erica carnea 'Vivellii',Cultivar of Spring Heath,,Ericaceae,Erica,Shrub,,Arnold Arboretum living collection (Arboretum Explorer)
Erica cinerea,Bell Heather,,Ericaceae,Erica,Shrub,0.7,Arnold Arboretum living collection (Arboretum Explorer)
Erica spiculifolia,Spike Heath,|Bruckenthalia spiculifolia|Erica bruckenthalia 'Spiculifolia'|,Ericaceae,Erica,Shrub,,Arnold Arboretum living collection (Arboretum Explorer)
Erica tetralix,Crossleaf Heath,,Ericaceae,Erica,Shrub,,Arnold Arboretum living collection (Arboretum Explorer)
Erica tetralix 'Alba',Moor Heath,,Ericaceae,Erica,Shrub,,Arnold Arboretum living collection (Arboretum Explorer)
Erica vagans,Cornish Heath,,Ericaceae,Erica,Shrub,,Arnold Arboretum living collection (Arboretum Explorer)
Erica vagans 'St. Keverne',Cultivar of Cornish Heath,,Ericaceae,Erica,Shrub,,Arnold Arboretum living collection (Arboretum Explorer)
Erica x darleyensis 'Ghost Hills',Cultivar of Darley Dale Heath,,Ericaceae,Erica,Shrub,,Arnold Arboretum living collection (Arboretum Explorer)
Eriolobus trilobatus,,|Malus trilobata|,Rosaceae,Eriolobus,Tree,9.8,Arnold Arboretum living collection (Arboretum Explorer)
Eubotryoides grayana,,|Leucothoe grayana|Leucothoe grayana var. oblongifolia|,Ericaceae,Eubotryoides,Shrub,2.6,Arnold Arboretum living collection (Arboretum Explorer)
Eubotrys racemosa,Swamp Sweetbells,|Leucothoe racemosa|,Ericaceae,Eubotrys,Shrub,7.9,Arnold Arboretum living collection (Arboretum Explorer)
Eubotrys recurva,Red-Twig Doghobble,|Leucothoe recurva|,Ericaceae,Eubotrys,Shrub,1.3,Arnold Arboretum living collection (Arboretum Explorer)
Eucommia ulmoides,Hardy Rubber Tree,,Eucommiaceae,Eucommia,Tree,,Arnold Arboretum living collection (Arboretum Explorer)
Euonymus 'Manhattan',,,Celastraceae,Euonymus,Shrub,,Arnold Arboretum living collection (Arboretum Explorer)
Euonymus alatus,Winged Euonymus,,Celastraceae,Euonymus,Shrub,11.0,Arnold Arboretum living collection (Arboretum Explorer)
Euonymus alatus 'Compactus',Compact Winged Euonymus,,Celastraceae,Euonymus,Shrub,,Arnold Arboretum living collection (Arboretum Explorer)
Euonymus alatus forma apterus,Form of Winged Euonymus,,Celastraceae,Euonymus,Shrub,11.8,Arnold Arboretum living collection (Arboretum Explorer)
Euonymus americanus,Brook Euonymus,,Celastraceae,Euonymus,Shrub,5.2,Arnold Arboretum living collection (Arboretum Explorer)
Euonymus atropurpureus,,,Celastraceae,Euonymus,Shrub,5.6,Arnold Arboretum living collection (Arboretum Explorer)
Euonymus bulgaricus,Bulgarian Euonymus,,Celastraceae,Euonymus,Shrub,,Arnold Arboretum living collection (Arboretum Explorer)
Euonymus bungeanus,Winterberry Euonymus,,Celastraceae,Euonymus,Shrub,7.2,Arnold Arboretum living collection (Arboretum Explorer)
Euonymus bungeanus var. semipersistens,Midwinter Euonymus,,Celastraceae,Euonymus,Shrub,7.2,Arnold Arboretum living collection (Arboretum Explorer)
Euonymus carnosus,Glossy Euonymus,,Celastraceae,Euonymus,Shrub,,Arnold Arboretum living collection (Arboretum Explorer)
Euonymus europaeus,European Euonymus,,Celastraceae,Euonymus,Intermediate (shrub/tree),14.8,Arnold Arboretum living collection (Arboretum Explorer)
Euonymus europaeus 'Aldenhamensis',Cultivar of Euonymus,|Euonymus europaeus forma aldenhamensis|,Celastraceae,Euonymus,Shrub,,Arnold Arboretum living collection (Arboretum Explorer)
Euonymus europaeus 'Atrorubens',Cultivar of European Euonymus,|Euonymus europaeus forma atrorubens|,Celastraceae,Euonymus,Shrub,9.0,Arnold Arboretum living collection (Arboretum Explorer)
Euonymus europaeus 'Aucubaefolius',Cultivar of European Euonymus,,Celastraceae,Euonymus,Shrub,,Arnold Arboretum living collection (Arboretum Explorer)
Euonymus europaeus 'Chrysophyllus',Cultivar of European Euonymus,,Celastraceae,Euonymus,Shrub,,Arnold Arboretum living collection (Arboretum Explorer)
Euonymus europaeus 'Howard',Cultivar of European Euonymus,,Celastraceae,Euonymus,Shrub,,Arnold Arboretum living collection (Arboretum Explorer)
Euonymus europaeus var. angustifolius,Variety of European Euonymus,,Celastraceae,Euonymus,Shrub,,Arnold Arboretum living collection (Arboretum Explorer)
Euonymus europaeus var. atropurpureus,Purpleleaf European Euonymus,,Celastraceae,Euonymus,Shrub,,Arnold Arboretum living collection (Arboretum Explorer)
Euonymus europaeus var. intermedius,Variety of European Euonymus,,Celastraceae,Euonymus,Shrub,,Arnold Arboretum living collection (Arboretum Explorer)
Euonymus fimbriata,,|Euonymus fimbriatus|,Celastraceae,Euonymus,Shrub,,Arnold Arboretum living collection (Arboretum Explorer)
Euonymus fortunei 'Azusa',Cultivar of Wintercreeper,,Celastraceae,Euonymus,Shrub,,Arnold Arboretum living collection (Arboretum Explorer)
Euonymus fortunei 'Carrierei',,|Euonymus fortunei forma carrierei|,Celastraceae,Euonymus,Shrub,5.2,Arnold Arboretum living collection (Arboretum Explorer)
Euonymus fortunei 'Coloratus',Cultivar of Wintercreeper,|Euonymus fortunei forma coloratus|,Celastraceae,Euonymus,Vine,1.0,Arnold Arboretum living collection (Arboretum Explorer)
Euonymus fortunei 'Emerald Cushion',Cultivar of Wintercreeper,,Celastraceae,Euonymus,Shrub,,Arnold Arboretum living collection (Arboretum Explorer)
Euonymus fortunei 'Emerald Gaiety',Cultivar of Wintercreeper,,Celastraceae,Euonymus,Shrub,,Arnold Arboretum living collection (Arboretum Explorer)
Euonymus fortunei 'Emerald'n Gold',Cultivar of Wintercreeper,,Celastraceae,Euonymus,Shrub,,Arnold Arboretum living collection (Arboretum Explorer)
Euonymus fortunei 'Gold Tip',Cultivar of Wintercreeper,,Celastraceae,Euonymus,Shrub,,Arnold Arboretum living collection (Arboretum Explorer)
Euonymus fortunei 'Minimus',,|Euonymus fortunei forma minimus|,Celastraceae,Euonymus,,,Arnold Arboretum living collection (Arboretum Explorer)
Euonymus fortunei 'Upright',Cultivar of Wintercreeper,,Celastraceae,Euonymus,Shrub,,Arnold Arboretum living collection (Arboretum Explorer)
Euonymus fortunei 'Variegatus',,|Euonymus fortunei forma gracilis|,Celastraceae,Euonymus,,,Arnold Arboretum living collection (Arboretum Explorer)
Euonymus fortunei var. vegetus,Bigleaf Wintercreeper,,Celastraceae,Euonymus,Shrub,,Arnold Arboretum living collection (Arboretum Explorer)
Euonymus grandiflorus,,,Celastraceae,Euonymus,Shrub,8.2,Arnold Arboretum living collection (Arboretum Explorer)
Euonymus grandiflorus forma salicifolius,,,Celastraceae,Euonymus,,3.3,Arnold Arboretum living collection (Arboretum Explorer)
Euonymus hamiltonianus,,|Euonymus sieboldianus|,Celastraceae,Euonymus,Intermediate (shrub/tree),14.0,Arnold Arboretum living collection (Arboretum Explorer)
Euonymus kiautschovica,,|Euonymus kiautschovicus|,Celastraceae,Euonymus,Intermediate (shrub/tree),2.0,Arnold Arboretum living collection (Arboretum Explorer)
Euonymus kiautschovicus 'Berry Hill',,,Celastraceae,Euonymus,Shrub,4.0,Arnold Arboretum living collection (Arboretum Explorer)
Euonymus kiautschovicus 'Paulii',Cultivar of Spreading Euonymus,,Celastraceae,Euonymus,Shrub,,Arnold Arboretum living collection (Arboretum Explorer)
Euonymus lanceifolius,Lanceleaf Euonymus,,Celastraceae,Euonymus,Shrub,,Arnold Arboretum living collection (Arboretum Explorer)
Euonymus latifolius,Broadleaf Euonymus,,Celastraceae,Euonymus,Intermediate (shrub/tree),1.4,Arnold Arboretum living collection (Arboretum Explorer)
Euonymus maackii,Maack Euonymus,,Celastraceae,Euonymus,Shrub,,Arnold Arboretum living collection (Arboretum Explorer)
Euonymus macropterus,,,Celastraceae,Euonymus,Shrub,,Arnold Arboretum living collection (Arboretum Explorer)
Euonymus nanus var. turkestanicus,Variety of Dwarf Euonymus,,Celastraceae,Euonymus,Shrub,13.5,Arnold Arboretum living collection (Arboretum Explorer)
Euonymus obovatus,Running Strawberry-Bush,|Euonymus americanus var. obovatus|,Celastraceae,Euonymus,Shrub,0.7,Arnold Arboretum living collection (Arboretum Explorer)
Euonymus oresbius,,,Celastraceae,Euonymus,Shrub,13.1,Arnold Arboretum living collection (Arboretum Explorer)
Euonymus oxyphyllus,,,Celastraceae,Euonymus,Intermediate (shrub/tree),,Arnold Arboretum living collection (Arboretum Explorer)
Euonymus pauciflorus,,,Celastraceae,Euonymus,Shrub,,Arnold Arboretum living collection (Arboretum Explorer)
Euonymus phellomanus,,,Celastraceae,Euonymus,Shrub,,Arnold Arboretum living collection (Arboretum Explorer)
Euonymus przewalskii,,,Celastraceae,Euonymus,Shrub,12.5,Arnold Arboretum living collection (Arboretum Explorer)
Euonymus sachalinensis,,,Celastraceae,Euonymus,Shrub,,Arnold Arboretum living collection (Arboretum Explorer)
Euonymus turkestanica,,,Celastraceae,Euonymus,Shrub,,Arnold Arboretum living collection (Arboretum Explorer)
Euonymus yedoensis var. koehneanus,Variety of Yeddo Euonymus,,Celastraceae,Euonymus,Shrub,,Arnold Arboretum living collection (Arboretum Explorer)
Eupatorium altissimum,,,Asteraceae,Eupatorium,,,Arnold Arboretum living collection (Arboretum Explorer)
Eupatorium hyssopifolium,Hyssop-Leaf Thoroughwort,,Asteraceae,Eupatorium,Herbaceous,,Arnold Arboretum living collection (Arboretum Explorer)
Eupatorium perfoliatum,Common Boneset,,Asteraceae,Eupatorium,Herbaceous,,Arnold Arboretum living collection (Arboretum Explorer)
Euphorbia amygdaloides ssp. robbiae,,,Euphorbiaceae,Euphorbia,Herbaceous,,Arnold Arboretum living collection (Arboretum Explorer)
Euptelea pleiosperma,,|Euptelea franchetii|Euptelea davidiana|,Eupteleaceae,Euptelea,Intermediate (shrub/tree),,Arnold Arboretum living collection (Arboretum Explorer)
Euptelea polyandra,Japanese Euptelea,,Eupteleaceae,Euptelea,Tree,18.0,Arnold Arboretum living collection (Arboretum Explorer)
Eurya japonica,,,Theaceae,Eurya,Intermediate (shrub/tree),,Arnold Arboretum living collection (Arboretum Explorer)
Eurybia divaricata,White Wood Aster,,Asteraceae,Eurybia,Herbaceous,2.6,Arnold Arboretum living collection (Arboretum Explorer)
Eurybia spectabilis,,,Asteraceae,Eurybia,Herbaceous,,Arnold Arboretum living collection (Arboretum Explorer)
Euthamia graminifolia,Common Grass-Leaved Goldenrod,,Asteraceae,Euthamia,Herbaceous,,Arnold Arboretum living collection (Arboretum Explorer)
Eutrochium maculatum,Spotted Joepyeweed,,Asteraceae,Eutrochium,Herbaceous,,Arnold Arboretum living collection (Arboretum Explorer)
Exochorda giraldii,Redbud Pearlbush,,Rosaceae,Exochorda,Shrub,,Arnold Arboretum living collection (Arboretum Explorer)
Exochorda giraldii var. wilsonii,Wilson Pearlbush,,Rosaceae,Exochorda,Shrub,5.6,Arnold Arboretum living collection (Arboretum Explorer)
Exochorda korolkowii,Turkestan Pearlbush,,Rosaceae,Exochorda,Shrub,,Arnold Arboretum living collection (Arboretum Explorer)
Exochorda racemosa,Common Pearlbush,,Rosaceae,Exochorda,Shrub,16.4,Arnold Arboretum living collection (Arboretum Explorer)
Exochorda serratifolia,,,Rosaceae,Exochorda,Shrub,,Arnold Arboretum living collection (Arboretum Explorer)
Exochorda x macrantha,,,Rosaceae,Exochorda,Shrub,,Arnold Arboretum living collection (Arboretum Explorer)
Exochorda x macrantha 'The Bride',Cultivar of Pearlbush,,Rosaceae,Exochorda,Shrub,1.6,Arnold Arboretum living collection (Arboretum Explorer)
Fagus crenata,Japanese Beech,|Fagus sieboldii|Fagus asiatica|,Fagaceae,Fagus,Tree,,Arnold Arboretum living collection (Arboretum Explorer)
Fagus engleriana,Engler Beech,,Fagaceae,Fagus,Tree,8.2,Arnold Arboretum living collection (Arboretum Explorer)
Fagus grandifolia,American Beech,,Fagaceae,Fagus,Tree,14.8,Arnold Arboretum living collection (Arboretum Explorer)
Fagus grandifolia var. caroliniana,Carolina Beech,,Fagaceae,Fagus,Tree,,Arnold Arboretum living collection (Arboretum Explorer)
Fagus japonica,Japanese Beech,,Fagaceae,Fagus,Tree,1.3,Arnold Arboretum living collection (Arboretum Explorer)
Fagus lucida,,,Fagaceae,Fagus,Tree,,Arnold Arboretum living collection (Arboretum Explorer)
Fagus moesiaca,,,Fagaceae,Fagus,Tree,,Arnold Arboretum living collection (Arboretum Explorer)
Fagus multinervis,,|Fagus crenata var. multinervis|,Fagaceae,Fagus,Tree,17.6,Arnold Arboretum living collection (Arboretum Explorer)
Fagus orientalis,,,Fagaceae,Fagus,Tree,24.6,Arnold Arboretum living collection (Arboretum Explorer)
Fagus sylvatica,European Beech,,Fagaceae,Fagus,Tree,,Arnold Arboretum living collection (Arboretum Explorer)
"Fagus sylvatica ""Boswick""",,,Fagaceae,Fagus,Tree,,Arnold Arboretum living collection (Arboretum Explorer)
Fagus sylvatica 'Asplenifolia',Cultivar of European Beech,|Fagus sylvatica forma asplenifolia|,Fagaceae,Fagus,Tree,,Arnold Arboretum living collection (Arboretum Explorer)
Fagus sylvatica 'Atropunicea',Cultivar of European Beech,|Fagus sylvatica forma atropunicea|Fagus sylvatica 'Purpurea'|Fagus sylvatica forma purpurea|,Fagaceae,Fagus,Tree,,Arnold Arboretum living collection (Arboretum Explorer)
Fagus sylvatica 'Bornyensis',Cultivar of European Beech,,Fagaceae,Fagus,Tree,,Arnold Arboretum living collection (Arboretum Explorer)
Fagus sylvatica 'Fastigiata',Cultivar of European Beech,|Fagus sylvatica forma fastigiata|,Fagaceae,Fagus,Tree,,Arnold Arboretum living collection (Arboretum Explorer)
Fagus sylvatica 'Grandidentata',Cultivar of European Beech,,Fagaceae,Fagus,Tree,,Arnold Arboretum living collection (Arboretum Explorer)
Fagus sylvatica 'Laciniata',Cutleaf European Beech,|Fagus sylvatica forma laciniata|,Fagaceae,Fagus,Tree,2.7,Arnold Arboretum living collection (Arboretum Explorer)
Fagus sylvatica 'Pendula',Cultivar of European Beech,|Fagus sylvatica forma pendula|,Fagaceae,Fagus,Tree,,Arnold Arboretum living collection (Arboretum Explorer)
Fagus sylvatica 'Purpurea',Cultivar of European Beech,|Fagus sylvatica forma atropunicea|Fagus sylvatica forma purpurea|Fagus sylvatica 'Atropunicea'|,Fagaceae,Fagus,Tree,93.1,Arnold Arboretum living collection (Arboretum Explorer)
Fagus sylvatica 'Purpureo-Pendula',Cultivar of European Beech,|Fagus sylvatica forma purpureo-pendula|,Fagaceae,Fagus,Tree,6.6,Arnold Arboretum living collection (Arboretum Explorer)
Fagus sylvatica 'Quercifolia',Cultivar of European Beech,|Fagus sylvatica forma quercifolia|,Fagaceae,Fagus,Tree,,Arnold Arboretum living collection (Arboretum Explorer)
Fagus sylvatica 'Riversii',Cultivar of European Beech,,Fagaceae,Fagus,Tree,,Arnold Arboretum living collection (Arboretum Explorer)
Fagus sylvatica 'Rohanii',Rohan European Beech,|Fagus sylvatica forma rohanii|,Fagaceae,Fagus,Tree,,Arnold Arboretum living collection (Arboretum Explorer)
Fagus sylvatica 'Roseo-Marginata',,|Fagus sylvatica forma roseo-marginata|,Fagaceae,Fagus,Tree,23.0,Arnold Arboretum living collection (Arboretum Explorer)
Fagus sylvatica 'Rotundifolia',Cultivar of European Beech,|Fagus sylvatica forma rotundifolia|,Fagaceae,Fagus,Tree,,Arnold Arboretum living collection (Arboretum Explorer)
Fagus sylvatica 'Spaethiana',Cultivar of European Beech,,Fagaceae,Fagus,Tree,,Arnold Arboretum living collection (Arboretum Explorer)
Fagus sylvatica 'Tortuosa Purpurea',Purple Parasol Beech,,Fagaceae,Fagus,Tree,,Arnold Arboretum living collection (Arboretum Explorer)
Fagus sylvatica 'Tortuosa',Cultivar of European Beech,|Fagus sylvatica forma tortuosa|,Fagaceae,Fagus,Tree,7.5,Arnold Arboretum living collection (Arboretum Explorer)
Fagus sylvatica 'Zlatia',Form of European Beech,|Fagus sylvatica forma zlatia|,Fagaceae,Fagus,Tree,2.7,Arnold Arboretum living collection (Arboretum Explorer)
Fagus sylvatica forma tortuosa,Form of European Beech,|Fagus sylvatica 'Tortuosa'|,Fagaceae,Fagus,Tree,6.9,Arnold Arboretum living collection (Arboretum Explorer)
Fallopia aubertii,Russian Vine,|Polygonum aubertii|Fallopia baldschuanica|,Polygonaceae,Fallopia,Shrub,,Arnold Arboretum living collection (Arboretum Explorer)
Fargesia murielae,Muriel Chinacane,|Sinarundinaria murielae|Fargesia spathacea|,Poaceae,Fargesia,,,Arnold Arboretum living collection (Arboretum Explorer)
Fargesia nitida,,|Sinarundinaria nitida|,Poaceae,Fargesia,,,Arnold Arboretum living collection (Arboretum Explorer)
Filipendula 'Kahome',Dwarf Meadowsweet,,Rosaceae,Filipendula,,,Arnold Arboretum living collection (Arboretum Explorer)
Filipendula 'Red Umbrellas',Hybrid Meadowsweet,,Rosaceae,Filipendula,,,Arnold Arboretum living collection (Arboretum Explorer)
Filipendula rubra 'Venusta',Cultivar of Meadowsweet,,Rosaceae,Filipendula,Herbaceous,,Arnold Arboretum living collection (Arboretum Explorer)
Flueggea suffruticosa,,|Securinega suffruticosa|Securinega suffruticosa var. japonica|Securinega japonica|Securinega ramiflora|Geblera japonica|Securinega flueggeoides|,Phyllanthaceae,Flueggea,Shrub,11.8,Arnold Arboretum living collection (Arboretum Explorer)
Fontanesia fortunei,Fortune Fontanesia,|Fontanesia philliraeoides ssp. fortunei|,Oleaceae,Fontanesia,Shrub,21.3,Arnold Arboretum living collection (Arboretum Explorer)
Fontanesia philliraeoides var. philliraeoides,Syrian Privet Fontanesia,,Oleaceae,Fontanesia,Shrub,,Arnold Arboretum living collection (Arboretum Explorer)
Forestiera acuminata,Swamp Privet,,Oleaceae,Forestiera,Shrub,12.8,Arnold Arboretum living collection (Arboretum Explorer)
Forestiera neomexicana,New Mexican Forestiera,,Oleaceae,Forestiera,Shrub,12.5,Arnold Arboretum living collection (Arboretum Explorer)
Forsythia 'Arnold Dwarf',Cultivar of Forsythia,,Oleaceae,Forsythia,Shrub,8.9,Arnold Arboretum living collection (Arboretum Explorer)
Forsythia 'Beatrix Farrand',Cultivar of Forsythia,,Oleaceae,Forsythia,Shrub,7.9,Arnold Arboretum living collection (Arboretum Explorer)
Forsythia 'Helios',Cultivar of Forsythia,,Oleaceae,Forsythia,Shrub,7.2,Arnold Arboretum living collection (Arboretum Explorer)
Forsythia 'Kanárek',Cultivar of Forsythia,,Oleaceae,Forsythia,Shrub,6.6,Arnold Arboretum living collection (Arboretum Explorer)
Forsythia 'Meadowlark',Cultivar of Forsythia,,Oleaceae,Forsythia,Shrub,11.8,Arnold Arboretum living collection (Arboretum Explorer)
Forsythia 'Northern Sun',,,Oleaceae,Forsythia,Shrub,6.9,Arnold Arboretum living collection (Arboretum Explorer)
Forsythia (undetermined hybrid),,,Oleaceae,Forsythia,Shrub,10.5,Arnold Arboretum living collection (Arboretum Explorer)
Forsythia europaea,Albanian Forsythia,,Oleaceae,Forsythia,Shrub,6.9,Arnold Arboretum living collection (Arboretum Explorer)
Forsythia giraldiana,Giraldi's Forsythia,,Oleaceae,Forsythia,Shrub,10.8,Arnold Arboretum living collection (Arboretum Explorer)
Forsythia japonica,Japanese Forsythia,,Oleaceae,Forsythia,Shrub,7.2,Arnold Arboretum living collection (Arboretum Explorer)
Forsythia mandschurica,,,Oleaceae,Forsythia,Shrub,8.2,Arnold Arboretum living collection (Arboretum Explorer)
Forsythia ovata,Early Forsythia,,Oleaceae,Forsythia,Shrub,7.5,Arnold Arboretum living collection (Arboretum Explorer)
Forsythia ovata 'Dresdner VonFruhling',Cultivar of Early Forsythia,,Oleaceae,Forsythia,Shrub,7.2,Arnold Arboretum living collection (Arboretum Explorer)
Forsythia ovata 'French's Florence',Cultivar of Early Forsythia,,Oleaceae,Forsythia,Shrub,6.2,Arnold Arboretum living collection (Arboretum Explorer)
Forsythia ovata 'Ottawa',Cultivar of Early Forsythia,,Oleaceae,Forsythia,Shrub,,Arnold Arboretum living collection (Arboretum Explorer)
Forsythia ovata 'Tetra Gold',Cultivar of Early Forsythia,|Forsythia ovata 'Tetragold'|,Oleaceae,Forsythia,Shrub,6.6,Arnold Arboretum living collection (Arboretum Explorer)
Forsythia saxatilis,,,Oleaceae,Forsythia,Shrub,,Arnold Arboretum living collection (Arboretum Explorer)
Forsythia sp.,,,Oleaceae,Forsythia,Shrub,,Arnold Arboretum living collection (Arboretum Explorer)
Forsythia suspensa,Weeping Forsythia,,Oleaceae,Forsythia,Shrub,10.8,Arnold Arboretum living collection (Arboretum Explorer)
Forsythia suspensa 'Atrocaulis',Cultivar of Weeping Forsythia,|Forsythia suspensa forma atrocaulis|,Oleaceae,Forsythia,Shrub,10.5,Arnold Arboretum living collection (Arboretum Explorer)
Forsythia suspensa 'Decipiens',Form of Weeping Forsythia,|Forsythia suspensa forma decipiens|,Oleaceae,Forsythia,Shrub,8.5,Arnold Arboretum living collection (Arboretum Explorer)
Forsythia suspensa 'Nyman's Variety',Cultivar of Weeping Forsythia,|Forsythia suspensa 'Nyman's'|,Oleaceae,Forsythia,Shrub,13.1,Arnold Arboretum living collection (Arboretum Explorer)
Forsythia suspensa 'Pallida',Cultivar of Weeping Forsythia,|Forsythia suspensa forma pallida|,Oleaceae,Forsythia,Shrub,,Arnold Arboretum living collection (Arboretum Explorer)
Forsythia suspensa var. fortunei,Fortune Weeping Forsythia,,Oleaceae,Forsythia,Shrub,12.1,Arnold Arboretum living collection (Arboretum Explorer)
Forsythia suspensa var. sieboldii,Siebold Weeping Forsythia,,Oleaceae,Forsythia,Shrub,1.0,Arnold Arboretum living collection (Arboretum Explorer)
Forsythia viridissima,Greenstem Forsythia,,Oleaceae,Forsythia,Shrub,10.8,Arnold Arboretum living collection (Arboretum Explorer)
Forsythia viridissima var. koreana,,,Oleaceae,Forsythia,Shrub,6.6,Arnold Arboretum living collection (Arboretum Explorer)
Forsythia x intermedia,Border Forsythia,,Oleaceae,Forsythia,Shrub,,Arnold Arboretum living collection (Arboretum Explorer)
Forsythia x intermedia 'Arnold Brilliant',Cultivar of Border Forsythia,,Oleaceae,Forsythia,Shrub,12.8,Arnold Arboretum living collection (Arboretum Explorer)
Forsythia x intermedia 'Arnold Giant',Cultivar of Border Forsythia,,Oleaceae,Forsythia,Shrub,6.9,Arnold Arboretum living collection (Arboretum Explorer)
Forsythia x intermedia 'Courdijau',Cultivar of Border Forsythia,|Forsythia 'P5-A12'|,Oleaceae,Forsythia,Shrub,3.3,Arnold Arboretum living collection (Arboretum Explorer)
Forsythia x intermedia 'Courtacour',,|Forsythia 'Courtacourt'|,Oleaceae,Forsythia,Shrub,,Arnold Arboretum living collection (Arboretum Explorer)
Forsythia x intermedia 'Courtalyn',Cultivar of Forsythia,|Forsythia x intermedia 'Courtalyn'|,Oleaceae,Forsythia,Shrub,,Arnold Arboretum living collection (Arboretum Explorer)
Forsythia x intermedia 'Courtasol',Cultivar of Border Forsythia,||,Oleaceae,Forsythia,Shrub,,Arnold Arboretum living collection (Arboretum Explorer)
Forsythia x intermedia 'Densiflora',Clustered Border Forsythia,,Oleaceae,Forsythia,Shrub,,Arnold Arboretum living collection (Arboretum Explorer)
Forsythia x intermedia 'Gold Leaf',Cultivar of Border Forsythia,,Oleaceae,Forsythia,Shrub,,Arnold Arboretum living collection (Arboretum Explorer)
Forsythia x intermedia 'Karl Sax',Cultivar of Border Forsythia,,Oleaceae,Forsythia,Shrub,8.2,Arnold Arboretum living collection (Arboretum Explorer)
Forsythia x intermedia 'Lynwood',Cultivar of Border Forsythia,,Oleaceae,Forsythia,Shrub,,Arnold Arboretum living collection (Arboretum Explorer)
Forsythia x intermedia 'Mertensiana',Cultivar of Border Forsythia,,Oleaceae,Forsythia,Shrub,,Arnold Arboretum living collection (Arboretum Explorer)
Forsythia x intermedia 'Nana',Dwarf Border Forsythia,,Oleaceae,Forsythia,Shrub,,Arnold Arboretum living collection (Arboretum Explorer)
Forsythia x intermedia 'Primulina',Primrose Border Forsythia,,Oleaceae,Forsythia,Shrub,6.9,Arnold Arboretum living collection (Arboretum Explorer)
Forsythia x intermedia 'Spectabilis',Cultivar of Border Forsythia,,Oleaceae,Forsythia,Shrub,11.5,Arnold Arboretum living collection (Arboretum Explorer)
Forsythia x intermedia 'Spring Glory',Cultivar of Border Forsythia,,Oleaceae,Forsythia,Shrub,9.8,Arnold Arboretum living collection (Arboretum Explorer)
Forsythia x intermedia 'Tremonia',Cultivar of Border Forsythia,,Oleaceae,Forsythia,Shrub,8.2,Arnold Arboretum living collection (Arboretum Explorer)
Forsythia x intermedia (Farrand Hybrids Group),Hybrid of Border Forsythia,,Oleaceae,Forsythia,Shrub,8.2,Arnold Arboretum living collection (Arboretum Explorer)
Forsythia x variabilis 'Volunteer',,,Oleaceae,Forsythia,Shrub,,Arnold Arboretum living collection (Arboretum Explorer)
Fortunearia sinensis,,,Hamamelidaceae,Fortunearia,Intermediate (shrub/tree),,Arnold Arboretum living collection (Arboretum Explorer)
Fothergilla (undetermined hybrid),,,Hamamelidaceae,Fothergilla,Shrub,,Arnold Arboretum living collection (Arboretum Explorer)
Fothergilla gardenii,Dwarf Witch Alder,,Hamamelidaceae,Fothergilla,Shrub,1.3,Arnold Arboretum living collection (Arboretum Explorer)
Fothergilla gardenii 'Blue Mist',Cultivar of Dwarf Fothergilla,,Hamamelidaceae,Fothergilla,Shrub,2.0,Arnold Arboretum living collection (Arboretum Explorer)
Fothergilla gardenii 'Harold Epstein',Cultivar of Dwarf Fothergilla,,Hamamelidaceae,Fothergilla,Shrub,2.0,Arnold Arboretum living collection (Arboretum Explorer)
Fothergilla major,Mountain Witch Alder,|Fothergilla monticola|,Hamamelidaceae,Fothergilla,Shrub,14.8,Arnold Arboretum living collection (Arboretum Explorer)
Fothergilla sp.,,,Hamamelidaceae,Fothergilla,Shrub,5.6,Arnold Arboretum living collection (Arboretum Explorer)
Fothergilla x intermedia 'Mt. Airy',Cultivar of Dwarf Fothergilla,|Fothergilla gardenii 'Mt. Airy'|,Hamamelidaceae,Fothergilla,Shrub,5.6,Arnold Arboretum living collection (Arboretum Explorer)
Fragaria 'Lipstick',Ornamental Strawberry,,Rosaceae,Fragaria,Herbaceous,,Arnold Arboretum living collection (Arboretum Explorer)
Franklinia alatamaha,Franklin Tree,|Gordonia alatamaha|,Theaceae,Franklinia,Tree,11.5,Arnold Arboretum living collection (Arboretum Explorer)
Fraxinus americana,White Ash,,Oleaceae,Fraxinus,Tree,8.2,Arnold Arboretum living collection (Arboretum Explorer)
Fraxinus americana (undetermined hybrid),,,Oleaceae,Fraxinus,Tree,,Arnold Arboretum living collection (Arboretum Explorer)
Fraxinus americana var. americana,White Ash,|Fraxinus americana var. juglandifolia|,Oleaceae,Fraxinus,Tree,,Arnold Arboretum living collection (Arboretum Explorer)
Fraxinus angustifolia 'Monophylla',Cultivar of Narrowleaf Ash,|Fraxinus angustifolia forma monophylla|,Oleaceae,Fraxinus,Tree,,Arnold Arboretum living collection (Arboretum Explorer)
Fraxinus angustifolia ssp. angustifolia,Narrowleaf Ash,,Oleaceae,Fraxinus,Tree,,Arnold Arboretum living collection (Arboretum Explorer)
Fraxinus angustifolia ssp. oxycarpa,,|Fraxinus oxycarpa|Fraxinus holotricha|Fraxinus angustifolia ssp. pannonica|Fraxinus numidica|Fraxinus angustifolia 'Pannonica'|,Oleaceae,Fraxinus,Tree,,Arnold Arboretum living collection (Arboretum Explorer)
Fraxinus angustifolia ssp. syriaca,Syrian Ash,|Fraxinus syriaca|Fraxinus sogdiana|,Oleaceae,Fraxinus,Tree,,Arnold Arboretum living collection (Arboretum Explorer)
Fraxinus apertisquamifera,,,Oleaceae,Fraxinus,Tree,6.2,Arnold Arboretum living collection (Arboretum Explorer)
Fraxinus baroniana,,,Oleaceae,Fraxinus,Intermediate (shrub/tree),7.9,Arnold Arboretum living collection (Arboretum Explorer)
Fraxinus biltmoreana,Biltmore Ash,|Fraxinus americana var. biltmoreana|,Oleaceae,Fraxinus,Tree,,Arnold Arboretum living collection (Arboretum Explorer)
Fraxinus bungeana,Bunge Ash,,Oleaceae,Fraxinus,Intermediate (shrub/tree),13.5,Arnold Arboretum living collection (Arboretum Explorer)
Fraxinus caroliniana,Swamp Ash,,Oleaceae,Fraxinus,Tree,,Arnold Arboretum living collection (Arboretum Explorer)
Fraxinus chinensis,Chinese Ash,,Oleaceae,Fraxinus,Tree,13.8,Arnold Arboretum living collection (Arboretum Explorer)
Fraxinus chinensis ssp. rhynchophylla,Korean Ash,|Fraxinus rhynchophylla|Fraxinus bungeana var. rhynchophylla|Fraxinus hopeiensis|,Oleaceae,Fraxinus,Tree,5.9,Arnold Arboretum living collection (Arboretum Explorer)
Fraxinus cuspidata,,,Oleaceae,Fraxinus,Intermediate (shrub/tree),,Arnold Arboretum living collection (Arboretum Explorer)
Fraxinus excelsior,European Ash,|Fraxinus atrovirens|Fraxinus concavifolia|Fraxinus cucullata|Fraxinus laciniata|,Oleaceae,Fraxinus,Tree,,Arnold Arboretum living collection (Arboretum Explorer)
Fraxinus excelsior 'Aurea',Cultivar of European Ash,|Fraxinus excelsior forma aurea|,Oleaceae,Fraxinus,Tree,,Arnold Arboretum living collection (Arboretum Explorer)
Fraxinus excelsior 'Crispa Variegata',Cultivar of European Ash,,Oleaceae,Fraxinus,Tree,,Arnold Arboretum living collection (Arboretum Explorer)
Fraxinus excelsior 'Diversifolia Pendula',Cultivar of European Ash,,Oleaceae,Fraxinus,Tree,,Arnold Arboretum living collection (Arboretum Explorer)
Fraxinus excelsior 'Diversifolia',Cultivar of European Ash,|Fraxinus excelsior forma diversifolia|Fraxinus integrifolia|,Oleaceae,Fraxinus,Tree,,Arnold Arboretum living collection (Arboretum Explorer)
Fraxinus excelsior 'Doorenbos',Cultivar of European Ash,,Oleaceae,Fraxinus,Tree,,Arnold Arboretum living collection (Arboretum Explorer)
Fraxinus excelsior 'Hessei',Cultivar of European Ash,,Oleaceae,Fraxinus,Tree,,Arnold Arboretum living collection (Arboretum Explorer)
Fraxinus excelsior 'Westhof's Glorie',Cultivar of European Ash,,Oleaceae,Fraxinus,Tree,,Arnold Arboretum living collection (Arboretum Explorer)
Fraxinus excelsior ssp. excelsior,European Ash,,Oleaceae,Fraxinus,Tree,,Arnold Arboretum living collection (Arboretum Explorer)
Fraxinus insularis,,|Fraxinus retusa var. henryana|,Oleaceae,Fraxinus,Tree,26.2,Arnold Arboretum living collection (Arboretum Explorer)
Fraxinus lanuginosa,,,Oleaceae,Fraxinus,Tree,10.5,Arnold Arboretum living collection (Arboretum Explorer)
Fraxinus latifolia,Oregon Ash,|Fraxinus oregona|,Oleaceae,Fraxinus,Tree,,Arnold Arboretum living collection (Arboretum Explorer)
Fraxinus longicuspis,Japanese Ash,|Fraxinus sieboldiana|Fraxinus obovata|,Oleaceae,Fraxinus,Tree,6.0,Arnold Arboretum living collection (Arboretum Explorer)
Fraxinus mandshurica,Manchurian Ash,,Oleaceae,Fraxinus,Tree,13.8,Arnold Arboretum living collection (Arboretum Explorer)
Fraxinus nigra,Black Ash,,Oleaceae,Fraxinus,Tree,7.9,Arnold Arboretum living collection (Arboretum Explorer)
Fraxinus ornus,Flowering Ash,,Oleaceae,Fraxinus,Tree,,Arnold Arboretum living collection (Arboretum Explorer)
Fraxinus pallisiae,,,Oleaceae,Fraxinus,Tree,,Arnold Arboretum living collection (Arboretum Explorer)
Fraxinus paxiana,,,Oleaceae,Fraxinus,Tree,6.6,Arnold Arboretum living collection (Arboretum Explorer)
Fraxinus pennsylvanica,Green Ash,|Fraxinus cinerea|Fraxinus rufa|,Oleaceae,Fraxinus,Tree,8.2,Arnold Arboretum living collection (Arboretum Explorer)
Fraxinus pennsylvanica var. pennsylvanica,Green Ash,,Oleaceae,Fraxinus,Tree,,Arnold Arboretum living collection (Arboretum Explorer)
Fraxinus pennsylvanica var. subintegerrima,,|Fraxinus pennsylvanica var. lanceolata|,Oleaceae,Fraxinus,Tree,,Arnold Arboretum living collection (Arboretum Explorer)
Fraxinus pennsylvanica var. subintegerrima 'Marshall's Seedless',Cultivar of Green Ash,,Oleaceae,Fraxinus,Tree,,Arnold Arboretum living collection (Arboretum Explorer)
Fraxinus pennsylvanica var. subintegerrima 'Summit',Cultivar of Green Ash,|Fraxinus pennsylvanica forma lanceolata 'Summit'|,Oleaceae,Fraxinus,Tree,,Arnold Arboretum living collection (Arboretum Explorer)
Fraxinus pennsylvanica var. subintegerrima 'Vinton',Cultivar of Green Ash,|Fraxinus pennsylvanica forma lanceolata 'Vinton'|,Oleaceae,Fraxinus,Tree,,Arnold Arboretum living collection (Arboretum Explorer)
Fraxinus platypoda,,|Fraxinus inopinata|,Oleaceae,Fraxinus,Tree,,Arnold Arboretum living collection (Arboretum Explorer)
Fraxinus potamophila,Turkestan Ash,|Fraxinus regelii|,Oleaceae,Fraxinus,Tree,,Arnold Arboretum living collection (Arboretum Explorer)
Fraxinus profunda,Pumpkin Ash,|Fraxinus tomentosa|,Oleaceae,Fraxinus,Tree,,Arnold Arboretum living collection (Arboretum Explorer)
Fraxinus quadrangulata,Blue Ash,,Oleaceae,Fraxinus,Tree,5.7,Arnold Arboretum living collection (Arboretum Explorer)
Fraxinus sieboldiana,,|Fraxinus longicuspis var. sieboldiana|Fraxinus mariesii|Fraxinus longicuspis|,Oleaceae,Fraxinus,Tree,12.5,Arnold Arboretum living collection (Arboretum Explorer)
Fraxinus sp.,,,Oleaceae,Fraxinus,Tree,,Arnold Arboretum living collection (Arboretum Explorer)
Fraxinus stylosa,,,Oleaceae,Fraxinus,Tree,6.2,Arnold Arboretum living collection (Arboretum Explorer)
Fraxinus velutina,Velvet Ash,|Fraxinus velutina var. velutina|,Oleaceae,Fraxinus,Intermediate (shrub/tree),,Arnold Arboretum living collection (Arboretum Explorer)
Fraxinus velutina var. velutina,Velvet Ash,|Fraxinus velutina|,Oleaceae,Fraxinus,Tree,,Arnold Arboretum living collection (Arboretum Explorer)
Gaultheria procumbens,Eastern Teaberry,,Ericaceae,Gaultheria,Shrub,0.3,Arnold Arboretum living collection (Arboretum Explorer)
Gaultheria pyroloides,Japanese Wintergreen,|Gaultheria miqueliana|,Ericaceae,Gaultheria,Shrub,,Arnold Arboretum living collection (Arboretum Explorer)
Gaultheria shallon,Salal,,Ericaceae,Gaultheria,Shrub,0.9,Arnold Arboretum living collection (Arboretum Explorer)
Gaylussacia baccata,Black Huckleberry,,Ericaceae,Gaylussacia,Shrub,3.3,Arnold Arboretum living collection (Arboretum Explorer)
Gaylussacia brachycera,Box Huckleberry,,Ericaceae,Gaylussacia,Shrub,,Arnold Arboretum living collection (Arboretum Explorer)
Gaylussacia brachycera 'Magothy Creek',Cultivar of Box Huckleberry,,Ericaceae,Gaylussacia,Shrub,7.0,Arnold Arboretum living collection (Arboretum Explorer)
Gaylussacia frondosa,Dangleberry,,Ericaceae,Gaylussacia,Shrub,3.9,Arnold Arboretum living collection (Arboretum Explorer)
Gelsemium sempervirens,Carolina Yellow Jasmine,,Gelsemiaceae,Gelsemium,Vine,0.5,Arnold Arboretum living collection (Arboretum Explorer)
Gelsemium sempervirens 'Margarita',Cultivar of Carolina Yellow Jasmine,,Gelsemiaceae,Gelsemium,Vine,14.8,Arnold Arboretum living collection (Arboretum Explorer)
Genista germanica 'Prostrata',Cultivar of German Broom,,Fabaceae,Genista,Shrub,,Arnold Arboretum living collection (Arboretum Explorer)
Genista lydia,Lydia Broom,,Fabaceae,Genista,Shrub,,Arnold Arboretum living collection (Arboretum Explorer)
Genista pilosa,,,Fabaceae,Genista,Shrub,,Arnold Arboretum living collection (Arboretum Explorer)
Genista sagittalis,,,Fabaceae,Genista,Shrub,,Arnold Arboretum living collection (Arboretum Explorer)
Genista tinctoria,Dyer's Greenweed,|Genista depressa|Genista ovata|Genista tanaitica|,Fabaceae,Genista,Shrub,1.0,Arnold Arboretum living collection (Arboretum Explorer)
Genista tinctoria 'Royal Gold',Cultivar of Woadwaxen,,Fabaceae,Genista,Shrub,,Arnold Arboretum living collection (Arboretum Explorer)
Geranium maculatum,Spotted Cranesbill,,Geraniaceae,Geranium,Herbaceous,,Arnold Arboretum living collection (Arboretum Explorer)
Geranium maculatum 'Album',Cultivar of Spotted Geranium,,Geraniaceae,Geranium,Herbaceous,1.0,Arnold Arboretum living collection (Arboretum Explorer)
Geum 'Banana Daiquiri',Cultivar of Avens,,Rosaceae,Geum,,,Arnold Arboretum living collection (Arboretum Explorer)
Geum triflorum,Prarie Smoke,,Rosaceae,Geum,Herbaceous,,Arnold Arboretum living collection (Arboretum Explorer)
Gillenia trifoliata,Bowman's Root,|Porteranthus trifoliatus|,Rosaceae,Gillenia,Herbaceous,,Arnold Arboretum living collection (Arboretum Explorer)
Gillenia trifoliata 'Pink Profusion',Cultivar of Bowman's Root,,Rosaceae,Gillenia,Herbaceous,,Arnold Arboretum living collection (Arboretum Explorer)
Ginkgo biloba,Maidenhair-tree,,Ginkgoaceae,Ginkgo,Tree,42.3,Arnold Arboretum living collection (Arboretum Explorer)
Ginkgo biloba 'Alberta',Alberta Ginkgo,,Ginkgoaceae,Ginkgo,Tree,,Arnold Arboretum living collection (Arboretum Explorer)
Ginkgo biloba 'Fastigiata',Cultivar of Maidenhair-tree,,Ginkgoaceae,Ginkgo,Tree,,Arnold Arboretum living collection (Arboretum Explorer)
Ginkgo biloba 'Hayanari',Cultivar of Maidenhair-tree,,Ginkgoaceae,Ginkgo,Tree,22.4,Arnold Arboretum living collection (Arboretum Explorer)
Ginkgo biloba 'Mariken',Cultivar of Maidenhair-tree,,Ginkgoaceae,Ginkgo,Tree,2.7,Arnold Arboretum living collection (Arboretum Explorer)
Ginkgo biloba 'Mayfield',Cultivar of Maidenhair-tree,,Ginkgoaceae,Ginkgo,Tree,,Arnold Arboretum living collection (Arboretum Explorer)
Ginkgo biloba 'Nana',Cultivar of Maidenhair-tree,,Ginkgoaceae,Ginkgo,Tree,26.3,Arnold Arboretum living collection (Arboretum Explorer)
Ginkgo biloba 'Ohatsuki',Cultivar of Maidenhair-tree,,Ginkgoaceae,Ginkgo,Tree,,Arnold Arboretum living collection (Arboretum Explorer)
Ginkgo biloba 'Santa Cruz',,,Ginkgoaceae,Ginkgo,Tree,,Arnold Arboretum living collection (Arboretum Explorer)
Ginkgo biloba 'Tremonia',Cultivar of Maidenhair-tree,,Ginkgoaceae,Ginkgo,Tree,,Arnold Arboretum living collection (Arboretum Explorer)
Ginkgo biloba 'Tschi-Tschi',Cultivar of Maidenhair-tree,|Ginkgo biloba 'Chi-Chi'|,Ginkgoaceae,Ginkgo,Tree,2.2,Arnold Arboretum living collection (Arboretum Explorer)
Ginkgo biloba - pendulous selection,,,Ginkgoaceae,Ginkgo,Tree,7.7,Arnold Arboretum living collection (Arboretum Explorer)
Glaucidium palmatum,,,Ranunculaceae,Glaucidium,Herbaceous,,Arnold Arboretum living collection (Arboretum Explorer)
Gleditsia aquatica,,,Fabaceae,Gleditsia,Tree,,Arnold Arboretum living collection (Arboretum Explorer)
Gleditsia caspica,Caspian Honeylocust,,Fabaceae,Gleditsia,Tree,,Arnold Arboretum living collection (Arboretum Explorer)
Gleditsia ferox,,,Fabaceae,Gleditsia,Tree,,Arnold Arboretum living collection (Arboretum Explorer)
Gleditsia japonica,Japanese Honeylocust,,Fabaceae,Gleditsia,Tree,,Arnold Arboretum living collection (Arboretum Explorer)
Gleditsia japonica var. koraiensis,,,Fabaceae,Gleditsia,Tree,,Arnold Arboretum living collection (Arboretum Explorer)
Gleditsia sinensis,,|Gleditsia horrida|Gleditsia macracantha|,Fabaceae,Gleditsia,Tree,,Arnold Arboretum living collection (Arboretum Explorer)
Gleditsia triacanthos,Honeylocust,,Fabaceae,Gleditsia,Tree,30.0,Arnold Arboretum living collection (Arboretum Explorer)
Gleditsia triacanthos 'Beatrice',Cultivar of Common Honeylocust,,Fabaceae,Gleditsia,Tree,,Arnold Arboretum living collection (Arboretum Explorer)
Gleditsia triacanthos 'Calhoun',Cultivar of Common Honeylocust,,Fabaceae,Gleditsia,Tree,,Arnold Arboretum living collection (Arboretum Explorer)
Gleditsia triacanthos 'Emerald Kascade',Cultivar of Honeylocust,,Fabaceae,Gleditsia,Tree,6.2,Arnold Arboretum living collection (Arboretum Explorer)
Gleditsia triacanthos 'Imperial',Cultivar of Common Honeylocust,,Fabaceae,Gleditsia,Tree,,Arnold Arboretum living collection (Arboretum Explorer)
Gleditsia triacanthos 'Majestic',Cultivar of Common Honeylocust,,Fabaceae,Gleditsia,Tree,,Arnold Arboretum living collection (Arboretum Explorer)
Gleditsia triacanthos 'Millwood',Cultivar of Common Honeylocust,,Fabaceae,Gleditsia,Tree,,Arnold Arboretum living collection (Arboretum Explorer)
Gleditsia triacanthos 'Moraine',Cultivar of Honeylocust,,Fabaceae,Gleditsia,Tree,,Arnold Arboretum living collection (Arboretum Explorer)
Gleditsia triacanthos 'Nana',Cultivar of Honeylocust,,Fabaceae,Gleditsia,Tree,,Arnold Arboretum living collection (Arboretum Explorer)
Gleditsia triacanthos 'Park',Cultivar of Common Honeylocust,,Fabaceae,Gleditsia,Tree,,Arnold Arboretum living collection (Arboretum Explorer)
Gleditsia triacanthos 'Shademaster',Cultivar of Common Honeylocust,,Fabaceae,Gleditsia,Tree,,Arnold Arboretum living collection (Arboretum Explorer)
Gleditsia triacanthos 'Sieler',Cultivar of Honeylocust,,Fabaceae,Gleditsia,Tree,,Arnold Arboretum living collection (Arboretum Explorer)
Gleditsia triacanthos 'Skyline',Cultivar of Common Honeylocust,,Fabaceae,Gleditsia,Tree,,Arnold Arboretum living collection (Arboretum Explorer)
Gleditsia triacanthos 'Stephens',Cultivar of Common Honeylocust,,Fabaceae,Gleditsia,Tree,,Arnold Arboretum living collection (Arboretum Explorer)
Gleditsia triacanthos 'Sunburst',Cultivar of Honeylocust,,Fabaceae,Gleditsia,Tree,59.0,Arnold Arboretum living collection (Arboretum Explorer)
Gleditsia triacanthos forma inermis,,,Fabaceae,Gleditsia,Tree,,Arnold Arboretum living collection (Arboretum Explorer)
Gleditsia triacanthos var. inermis 'Draves',Cultivar of Honeylocust,,Fabaceae,Gleditsia,Tree,,Arnold Arboretum living collection (Arboretum Explorer)
Gleditsia vestita,,,Fabaceae,Gleditsia,Tree,,Arnold Arboretum living collection (Arboretum Explorer)
Gordonia lasianthus,Loblolly Bay,,Theaceae,Gordonia,Tree,,Arnold Arboretum living collection (Arboretum Explorer)
Grewia biloba,,,Malvaceae,Grewia,Intermediate (shrub/tree),12.5,Arnold Arboretum living collection (Arboretum Explorer)
Grewia biloba var. parviflora,,|Grewia parviflora|,Malvaceae,Grewia,Intermediate (shrub/tree),10.8,Arnold Arboretum living collection (Arboretum Explorer)
Gymnocladus dioicus,Kentucky Coffeetree,,Fabaceae,Gymnocladus,Tree,63.4,Arnold Arboretum living collection (Arboretum Explorer)
Hakonechloa macra 'Aureola',Cultivar of Golden-Variegated Hakone,|Hakonechloa macra var. aureola|,Poaceae,Hakonechloa,Herbaceous,,Arnold Arboretum living collection (Arboretum Explorer)
Hakonechloa macra 'Beni-kaze',Cultivar of Hakone Grass,,Poaceae,Hakonechloa,Herbaceous,,Arnold Arboretum living collection (Arboretum Explorer)
Halesia carolina,Florida Silverbell,|Halesia parviflora|,Styracaceae,Halesia,Intermediate (shrub/tree),6.9,Arnold Arboretum living collection (Arboretum Explorer)
Halesia diptera,Two-Wing Silverbell,,Styracaceae,Halesia,Intermediate (shrub/tree),,Arnold Arboretum living collection (Arboretum Explorer)
Halesia sp.,,,Styracaceae,Halesia,,3.0,Arnold Arboretum living collection (Arboretum Explorer)
Halesia tetraptera,Carolina Silverbell,|Halesia carolina|,Styracaceae,Halesia,Intermediate (shrub/tree),11.5,Arnold Arboretum living collection (Arboretum Explorer)
Halesia tetraptera var. monticola,Mountain Silverbell,|Halesia monticola|,Styracaceae,Halesia,Tree,,Arnold Arboretum living collection (Arboretum Explorer)
Halesia tetraptera var. monticola 'Rosea',Pink Mountain Silverbell,|Halesia monticola forma rosea|Halesia monticola 'Rosea'|,Styracaceae,Halesia,Tree,,Arnold Arboretum living collection (Arboretum Explorer)
Hamamelis 'Brevipetala',Cultivar of Witch-hazel,,Hamamelidaceae,Hamamelis,Tree,,Arnold Arboretum living collection (Arboretum Explorer)
Hamamelis japonica,Japanese Witch-hazel,|Hamamelis arborea|Hamamelis japonica 'Arborea'|,Hamamelidaceae,Hamamelis,Tree,5.2,Arnold Arboretum living collection (Arboretum Explorer)
Hamamelis japonica forma flavopurpurascens,Red Japanese Witch-hazel,,Hamamelidaceae,Hamamelis,Shrub,14.8,Arnold Arboretum living collection (Arboretum Explorer)
Hamamelis mexicana,Mexican Witch-hazel,,Hamamelidaceae,Hamamelis,,,Arnold Arboretum living collection (Arboretum Explorer)
Hamamelis mollis,Chinese Witch-hazel,,Hamamelidaceae,Hamamelis,Shrub,13.8,Arnold Arboretum living collection (Arboretum Explorer)
Hamamelis mollis 'Iwado',Cultivar of Chinese Witch-hazel,,Hamamelidaceae,Hamamelis,Shrub,,Arnold Arboretum living collection (Arboretum Explorer)
Hamamelis mollis 'Princeton Gold',Cultivar of Chinese Witch-hazel,,Hamamelidaceae,Hamamelis,Shrub,,Arnold Arboretum living collection (Arboretum Explorer)
Hamamelis mollis 'Wisley Supreme',Cultivar of Chinese Witch-Hazel,,Hamamelidaceae,Hamamelis,Shrub,,Arnold Arboretum living collection (Arboretum Explorer)
Hamamelis ovalis,,,Hamamelidaceae,Hamamelis,Shrub,11.8,Arnold Arboretum living collection (Arboretum Explorer)
Hamamelis vernalis,Ozark Witch-hazel,,Hamamelidaceae,Hamamelis,Shrub,18.0,Arnold Arboretum living collection (Arboretum Explorer)
Hamamelis vernalis 'Carnea',Cultivar of Ozark Witch-hazel,|Hamamelis vernalis forma carnea|,Hamamelidaceae,Hamamelis,Shrub,11.5,Arnold Arboretum living collection (Arboretum Explorer)
Hamamelis vernalis 'Lombarts Weeping',Cultivar of Ozark Witch-hazel,,Hamamelidaceae,Hamamelis,Shrub,9.8,Arnold Arboretum living collection (Arboretum Explorer)
Hamamelis vernalis 'Orange Glow',Cultivar of Ozark Witch-hazel,,Hamamelidaceae,Hamamelis,Shrub,,Arnold Arboretum living collection (Arboretum Explorer)
Hamamelis vernalis 'Sandra',Cultivar of Ozark Witch-hazel,,Hamamelidaceae,Hamamelis,Shrub,,Arnold Arboretum living collection (Arboretum Explorer)
Hamamelis vernalis forma tomentella,Form of Ozark Witch-hazel,,Hamamelidaceae,Hamamelis,Shrub,15.1,Arnold Arboretum living collection (Arboretum Explorer)
Hamamelis virginiana,Common Witch-hazel,|Hamamelis macrophylla|,Hamamelidaceae,Hamamelis,Shrub,23.3,Arnold Arboretum living collection (Arboretum Explorer)
Hamamelis virginiana 'Champlin's Red',Cultivar of Common Witch-hazel,,Hamamelidaceae,Hamamelis,Shrub,,Arnold Arboretum living collection (Arboretum Explorer)
Hamamelis virginiana 'Winter Champagne',Cultivar of Witch-hazel,,Hamamelidaceae,Hamamelis,Shrub,,Arnold Arboretum living collection (Arboretum Explorer)
Hamamelis virginiana forma rubescens,,,Hamamelidaceae,Hamamelis,Shrub,,Arnold Arboretum living collection (Arboretum Explorer)
Hamamelis virginiana forma rubescens 'Mohonk Red',Cultivar of Common Witch-hazel,,Hamamelidaceae,Hamamelis,Shrub,14.8,Arnold Arboretum living collection (Arboretum Explorer)
Hamamelis x intermedia,,,Hamamelidaceae,Hamamelis,Shrub,13.1,Arnold Arboretum living collection (Arboretum Explorer)
Hamamelis x intermedia 'Angelly',Cultivar of Witch-hazel,,Hamamelidaceae,Hamamelis,Shrub,3.9,Arnold Arboretum living collection (Arboretum Explorer)
Hamamelis x intermedia 'Arnold Promise',Cultivar of Witch-hazel,,Hamamelidaceae,Hamamelis,Shrub,15.7,Arnold Arboretum living collection (Arboretum Explorer)
Hamamelis x intermedia 'Aurora',Cultivar of Witch-hazel,,Hamamelidaceae,Hamamelis,Shrub,2.6,Arnold Arboretum living collection (Arboretum Explorer)
Hamamelis x intermedia 'Barmstedt Gold',Cultivar of Witch-hazel,,Hamamelidaceae,Hamamelis,Shrub,,Arnold Arboretum living collection (Arboretum Explorer)
Hamamelis x intermedia 'Candelit Vigil',Cultivar of Witch-hazel,,Hamamelidaceae,Hamamelis,Shrub,,Arnold Arboretum living collection (Arboretum Explorer)
Hamamelis x intermedia 'Diane',Cultivar of Witch-hazel,,Hamamelidaceae,Hamamelis,Shrub,17.2,Arnold Arboretum living collection (Arboretum Explorer)
Hamamelis x intermedia 'Feuerzauber',Magic Fire Witch-hazel,,Hamamelidaceae,Hamamelis,Shrub,,Arnold Arboretum living collection (Arboretum Explorer)
Hamamelis x intermedia 'Hiltingbury',,,Hamamelidaceae,Hamamelis,Shrub,8.2,Arnold Arboretum living collection (Arboretum Explorer)
Hamamelis x intermedia 'Jelena',Cultivar of Witch-hazel,|Hamamelis x intermedia 'Copper Beauty'|,Hamamelidaceae,Hamamelis,Shrub,,Arnold Arboretum living collection (Arboretum Explorer)
Hamamelis x intermedia 'Moonlight',Cultivar of Hamamelis,,Hamamelidaceae,Hamamelis,Shrub,,Arnold Arboretum living collection (Arboretum Explorer)
Hamamelis x intermedia 'Orange Encore',Cultivar of Witch-hazel,,Hamamelidaceae,Hamamelis,Shrub,4.9,Arnold Arboretum living collection (Arboretum Explorer)
Hamamelis x intermedia 'Pallida',Cultivar of hybrid Witch Hazel,|Hamamelis mollis 'Pallida'|,Hamamelidaceae,Hamamelis,Tree,5.2,Arnold Arboretum living collection (Arboretum Explorer)
Hamamelis x intermedia 'Ruby Glow',Cultivar of Witch-hazel,|Hamamelis japonica 'Rubra Superba'|,Hamamelidaceae,Hamamelis,Shrub,17.1,Arnold Arboretum living collection (Arboretum Explorer)
Hamamelis x intermedia 'Tsukuba no Kurenai',Cultivar of Witch-hazel,|Hamamelis japonica 'Tsukubana-kurenai'|Hamamelis japonica 'Shibamichi'|Hamamelis japonica 'Shibamichi Red'|,Hamamelidaceae,Hamamelis,Shrub,5.2,Arnold Arboretum living collection (Arboretum Explorer)
Hedera colchica,Colchis Ivy,,Araliaceae,Hedera,Vine,,Arnold Arboretum living collection (Arboretum Explorer)
Hedera helix,English Ivy,,Araliaceae,Hedera,Vine,,Arnold Arboretum living collection (Arboretum Explorer)
Hedera helix 'Arborescens',Cultivar of English Ivy,|Hedera helix forma arborescens|,Araliaceae,Hedera,Vine,,Arnold Arboretum living collection (Arboretum Explorer)
Hedera helix 'Baltica',,|Hedera helix forma baltica|,Araliaceae,Hedera,Vine,,Arnold Arboretum living collection (Arboretum Explorer)
Hedera helix 'J. C. Bunch',,|Hedera helix forma baltica 'J. C. Bunch'|,Araliaceae,Hedera,Vine,,Arnold Arboretum living collection (Arboretum Explorer)
Hedera helix 'Rumania',Cultivar of English Ivy,,Araliaceae,Hedera,Vine,4.0,Arnold Arboretum living collection (Arboretum Explorer)
Hedera helix 'Thorndale',Cultivar of English Ivy,,Araliaceae,Hedera,Vine,4.0,Arnold Arboretum living collection (Arboretum Explorer)
Hedera hibernica 'Hibernica',Irish Ivy,|Hedera helix 'Hibernica'|Hedera helix var. hibernica|,Araliaceae,Hedera,Vine,,Arnold Arboretum living collection (Arboretum Explorer)
Hedera pastuchowii,,,Araliaceae,Hedera,Vine,,Arnold Arboretum living collection (Arboretum Explorer)
Helleborus 'Molly's White',White Lenten Rose,,Ranunculaceae,Helleborus,Herbaceous,,Arnold Arboretum living collection (Arboretum Explorer)
Helleborus foetidus,Stinking Hellebore,,Ranunculaceae,Helleborus,Herbaceous,,Arnold Arboretum living collection (Arboretum Explorer)
Helleborus x hybridus Brandywine,Brandywine Hybrids™ Lenten Rose,,Ranunculaceae,Helleborus,Herbaceous,,Arnold Arboretum living collection (Arboretum Explorer)
Heloniopsis orientalis var. breviscapa,,,Melanthiaceae,Heloniopsis,Herbaceous,,Arnold Arboretum living collection (Arboretum Explorer)
Helwingia japonica,Japanese Helwingia,,Helwingiaceae,Helwingia,Shrub,6.6,Arnold Arboretum living collection (Arboretum Explorer)
Hemerocallis 'Autumn Minaret',Cultivar of Daylily,,Liliaceae,Hemerocallis,,,Arnold Arboretum living collection (Arboretum Explorer)
Hemerocallis dumortieri,Early Daylily,,Liliaceae,Hemerocallis,Herbaceous,2.0,Arnold Arboretum living collection (Arboretum Explorer)
Hemerocallis esculenta,,,Liliaceae,Hemerocallis,Herbaceous,,Arnold Arboretum living collection (Arboretum Explorer)
Hemerocallis fulva,Tawny Daylily,,Liliaceae,Hemerocallis,Herbaceous,,Arnold Arboretum living collection (Arboretum Explorer)
Hemerocallis fulva forma maculata,Variety of Tawny Daylily,,Liliaceae,Hemerocallis,Herbaceous,,Arnold Arboretum living collection (Arboretum Explorer)
Hemerocallis fulva var. angustifolia,Orange Daylily,|Hemerocallis fulva var. disticha|,Liliaceae,Hemerocallis,Herbaceous,2.3,Arnold Arboretum living collection (Arboretum Explorer)
Hemerocallis sp.,,,Liliaceae,Hemerocallis,Herbaceous,,Arnold Arboretum living collection (Arboretum Explorer)
Hemerocallis x luteola 'Major',,,Liliaceae,Hemerocallis,Herbaceous,,Arnold Arboretum living collection (Arboretum Explorer)
Hemiptelea davidii,David Hemiptelea,,Ulmaceae,Hemiptelea,Intermediate (shrub/tree),9.8,Arnold Arboretum living collection (Arboretum Explorer)
Heptacodium miconioides,Seven Son Flower,|Heptacodium jasminoides|,Caprifoliaceae,Heptacodium,Shrub,31.2,Arnold Arboretum living collection (Arboretum Explorer)
Hexastylis arifolia,Arum Wild Ginger,|Asarum arifolium|,Aristolochiaceae,Hexastylis,Herbaceous,,Arnold Arboretum living collection (Arboretum Explorer)
Hexastylis speciosa,,|Asarum speciosum|,Aristolochiaceae,Hexastylis,Herbaceous,,Arnold Arboretum living collection (Arboretum Explorer)
Hexastylis virginica,Virginia Wild Ginger,|Asarum virginicum|,Aristolochiaceae,Hexastylis,Herbaceous,0.1,Arnold Arboretum living collection (Arboretum Explorer)
Hibiscus moscheutos ssp. moscheutos,Swamp Rose-Mallow,|Hibiscus moscheutos ssp. palustris|,Malvaceae,Hibiscus,Herbaceous,5.6,Arnold Arboretum living collection (Arboretum Explorer)
Hibiscus syriacus,Rose of Sharon,,Malvaceae,Hibiscus,Shrub,7.5,Arnold Arboretum living collection (Arboretum Explorer)
Hibiscus syriacus 'Blue Bird',Cultivar of Shrub Althea,,Malvaceae,Hibiscus,Shrub,,Arnold Arboretum living collection (Arboretum Explorer)
Hibiscus syriacus 'Collie Mullens',Cultivar of Shrub Althea,,Malvaceae,Hibiscus,Shrub,,Arnold Arboretum living collection (Arboretum Explorer)
Hibiscus syriacus 'Lucy',Cultivar of Shrub Althea,,Malvaceae,Hibiscus,Shrub,,Arnold Arboretum living collection (Arboretum Explorer)
Hibiscus syriacus 'Ruber Plena',Cultivar of Shrub Althea,,Malvaceae,Hibiscus,Shrub,,Arnold Arboretum living collection (Arboretum Explorer)
Hieracium scabrum,Rough Hawkweed,,Asteraceae,Hieracium,Herbaceous,,Arnold Arboretum living collection (Arboretum Explorer)
Hippocrepis emerus,Scorpion Senna,|Coronilla emerus|,Fabaceae,Hippocrepis,Shrub,,Arnold Arboretum living collection (Arboretum Explorer)
Hippophae rhamnoides,Common Sea Buckthorn,,Elaeagnaceae,Hippophae,Intermediate (shrub/tree),7.0,Arnold Arboretum living collection (Arboretum Explorer)
Hippophae salicifolia,Willowleaf Sea Buckthorn,,Elaeagnaceae,Hippophae,Intermediate (shrub/tree),,Arnold Arboretum living collection (Arboretum Explorer)
Holodiscus discolor,Oceanspray,|Spiraea discolor var. ariifolia|,Rosaceae,Holodiscus,Shrub,,Arnold Arboretum living collection (Arboretum Explorer)
Holodiscus discolor var. discolor,Oceanspray,|Holodiscus australis|Spiraea discolor var. ariifolia|Holodiscus discolor var. ariifolius|,Rosaceae,Holodiscus,Shrub,3.9,Arnold Arboretum living collection (Arboretum Explorer)
Hosta montana 'Aurea Marginata',Cultivar of Hosta,,Asparagaceae,Hosta,Herbaceous,,Arnold Arboretum living collection (Arboretum Explorer)
Hosta sieboldiana,,|Hosta crispula|,Asparagaceae,Hosta,Herbaceous,,Arnold Arboretum living collection (Arboretum Explorer)
Hosta tsushimensis,Tsushima Plantain Lily,,Asparagaceae,Hosta,Herbaceous,,Arnold Arboretum living collection (Arboretum Explorer)
Hovenia dulcis,Japanese Raisintree,|Hovenia dulcis var. latifolia|,Rhamnaceae,Hovenia,Tree,,Arnold Arboretum living collection (Arboretum Explorer)
Humulus lupulus,Common Hops,,Cannabaceae,Humulus,Vine,,Arnold Arboretum living collection (Arboretum Explorer)
Humulus lupulus 'Aurea',Cultivar of Common Hops,,Cannabaceae,Humulus,Vine,,Arnold Arboretum living collection (Arboretum Explorer)
Humulus lupulus 'Brewer's Gold',Cultivar of Common Hops,,Cannabaceae,Humulus,Vine,4.3,Arnold Arboretum living collection (Arboretum Explorer)
Humulus lupulus 'Canadian Redvine',Cultivar of Common Hops,,Cannabaceae,Humulus,Vine,14.8,Arnold Arboretum living collection (Arboretum Explorer)
Humulus lupulus 'Cascade',Cultivar of Common Hops,,Cannabaceae,Humulus,Vine,,Arnold Arboretum living collection (Arboretum Explorer)
Humulus lupulus 'Columbia',Cultivar of Common Hops,,Cannabaceae,Humulus,Vine,13.1,Arnold Arboretum living collection (Arboretum Explorer)
Humulus lupulus 'Hallertauer Tradition',Cultivar of Common Hops,,Cannabaceae,Humulus,Vine,2.3,Arnold Arboretum living collection (Arboretum Explorer)
Humulus lupulus 'Northern Brewer',Cultivar of Common Hops,,Cannabaceae,Humulus,Vine,3.3,Arnold Arboretum living collection (Arboretum Explorer)
Humulus lupulus 'Nugget',Cultivar of Common Hops,,Cannabaceae,Humulus,Vine,4.3,Arnold Arboretum living collection (Arboretum Explorer)
Humulus lupulus 'Shinshuwase',Cultivar of Common Hops,,Cannabaceae,Humulus,Vine,4.3,Arnold Arboretum living collection (Arboretum Explorer)
Humulus lupulus 'Swiss Tettnanger',Cultivar of Common Hops,,Cannabaceae,Humulus,Vine,18.0,Arnold Arboretum living collection (Arboretum Explorer)
Hydrangea 'Preziosa',,,Hydrangeaceae,Hydrangea,Shrub,,Arnold Arboretum living collection (Arboretum Explorer)
Hydrangea anomala,Climbing Hydrangea,,Hydrangeaceae,Hydrangea,Vine,3.6,Arnold Arboretum living collection (Arboretum Explorer)
Hydrangea anomala ssp. petiolaris,Climbing Hydrangea,|Hydrangea petiolaris|Hydrangea tilaeifolia|,Hydrangeaceae,Hydrangea,Vine,13.1,Arnold Arboretum living collection (Arboretum Explorer)
Hydrangea anomala ssp. petiolaris 'Miranda',Cultivar of Climbing Hydrangea,,Hydrangeaceae,Hydrangea,Vine,,Arnold Arboretum living collection (Arboretum Explorer)
Hydrangea anomala ssp. petiolaris 'Skylands Giant',Cultivar of Climbing Hydrangea,,Hydrangeaceae,Hydrangea,Vine,5.9,Arnold Arboretum living collection (Arboretum Explorer)
Hydrangea arborescens,Smooth Hydrangea,,Hydrangeaceae,Hydrangea,Shrub,6.2,Arnold Arboretum living collection (Arboretum Explorer)
Hydrangea arborescens 'Annabelle',Cultivar of Smooth Hydrangea,,Hydrangeaceae,Hydrangea,Shrub,,Arnold Arboretum living collection (Arboretum Explorer)
Hydrangea arborescens 'Dardom',Cultivar of Smooth Hydrangea,|Hydrangea arborescens 'White Dome'|,Hydrangeaceae,Hydrangea,Shrub,6.6,Arnold Arboretum living collection (Arboretum Explorer)
Hydrangea arborescens ssp. arborescens,Smooth Hydrangea,,Hydrangeaceae,Hydrangea,Shrub,5.2,Arnold Arboretum living collection (Arboretum Explorer)
Hydrangea aspera,Chinese Hydrangea,|Hydrangea fulvescens|,Hydrangeaceae,Hydrangea,Intermediate (shrub/tree),,Arnold Arboretum living collection (Arboretum Explorer)
Hydrangea bretschneideri,,|Hydrangea heteromalla 'Bretschneideri'|,Hydrangeaceae,Hydrangea,Shrub,10.8,Arnold Arboretum living collection (Arboretum Explorer)
Hydrangea chinensis 'Mon Long Shou',Golden Crane™ Hydrangea,,Hydrangeaceae,Hydrangea,Shrub,,Arnold Arboretum living collection (Arboretum Explorer)
Hydrangea cinerea,,|Hydrangea arborescens ssp. discolor|Hydrangea arborescens var. deamii|,Hydrangeaceae,Hydrangea,Shrub,6.6,Arnold Arboretum living collection (Arboretum Explorer)
Hydrangea heteromalla,Himalayan Hydrangea,,Hydrangeaceae,Hydrangea,Intermediate (shrub/tree),17.1,Arnold Arboretum living collection (Arboretum Explorer)
Hydrangea longipes,,,Hydrangeaceae,Hydrangea,Shrub,3.3,Arnold Arboretum living collection (Arboretum Explorer)
Hydrangea macrophylla,Bigleaf Hydrangea,|Hydrangea hortensis var. stellata|Hydrangea hortensis|Hydrangea japonica|Hydrangea opuloides|,Hydrangeaceae,Hydrangea,Shrub,3.6,Arnold Arboretum living collection (Arboretum Explorer)
Hydrangea macrophylla 'Ayesha',Cultivar of Bigleaf Hydrangea,,Hydrangeaceae,Hydrangea,Shrub,,Arnold Arboretum living collection (Arboretum Explorer)
Hydrangea macrophylla 'Claudie',Cultivar of Bigleaf Hydrangea,,Hydrangeaceae,Hydrangea,Shrub,4.3,Arnold Arboretum living collection (Arboretum Explorer)
Hydrangea macrophylla 'Nigra',Cultivar of Bigleaf Hydrangea,,Hydrangeaceae,Hydrangea,Shrub,,Arnold Arboretum living collection (Arboretum Explorer)
Hydrangea macrophylla ssp. serrata,Saw-tooth Hydrangea,||Hydrangea serrata|Hydrangea japonica var. rosalba|,Hydrangeaceae,Hydrangea,Shrub,2.3,Arnold Arboretum living collection (Arboretum Explorer)
Hydrangea macrophylla ssp. serrata 'Blue Billow',Cultivar of Bigleaf Hydrangea,,Hydrangeaceae,Hydrangea,Shrub,3.3,Arnold Arboretum living collection (Arboretum Explorer)
Hydrangea macrophylla ssp. serrata 'Bluebird',,,Hydrangeaceae,Hydrangea,Shrub,,Arnold Arboretum living collection (Arboretum Explorer)
Hydrangea macrophylla ssp. serrata 'Coerulea Lace',,,Hydrangeaceae,Hydrangea,Shrub,,Arnold Arboretum living collection (Arboretum Explorer)
Hydrangea macrophylla ssp. serrata 'Rosalba',,|Hydrangea hortensis var. rosalba|,Hydrangeaceae,Hydrangea,Shrub,,Arnold Arboretum living collection (Arboretum Explorer)
Hydrangea macrophylla ssp. serrata 'Tokyo Delight',Cultivar of Saw-tooth Hydrangea,,Hydrangeaceae,Hydrangea,Shrub,3.3,Arnold Arboretum living collection (Arboretum Explorer)
Hydrangea paniculata,Panicle Hydrangea,,Hydrangeaceae,Hydrangea,Intermediate (shrub/tree),13.8,Arnold Arboretum living collection (Arboretum Explorer)
Hydrangea paniculata 'Barbara',Cultivar of Panicle Hydrangea,|Hydrangea paniculata 'The Swan'|,Hydrangeaceae,Hydrangea,Shrub,,Arnold Arboretum living collection (Arboretum Explorer)
Hydrangea paniculata 'Bulk',Cultivar of Panicle Hydrangea,,Hydrangeaceae,Hydrangea,Shrub,,Arnold Arboretum living collection (Arboretum Explorer)
Hydrangea paniculata 'Grandiflora',Cultivar of Panicle Hydrangea,|Hydrangea paniculata forma grandiflora|,Hydrangeaceae,Hydrangea,Shrub,3.3,Arnold Arboretum living collection (Arboretum Explorer)
Hydrangea paniculata 'Kyushu',Late Panicle Hydrangea,,Hydrangeaceae,Hydrangea,Intermediate (shrub/tree),3.3,Arnold Arboretum living collection (Arboretum Explorer)
Hydrangea paniculata 'Pink Diamond',Cultivar of Panicle Hydrangea,,Hydrangeaceae,Hydrangea,Shrub,,Arnold Arboretum living collection (Arboretum Explorer)
Hydrangea paniculata 'Praecox',Cultivar of Panicle Hydrangea,|Hydrangea paniculata forma praecox|,Hydrangeaceae,Hydrangea,Shrub,18.0,Arnold Arboretum living collection (Arboretum Explorer)
Hydrangea paniculata 'Tardiva',Cultivar of Panicle Hydrangea,|Hydrangea paniculata var. tardiva|,Hydrangeaceae,Hydrangea,Intermediate (shrub/tree),15.1,Arnold Arboretum living collection (Arboretum Explorer)
Hydrangea quercifolia,Oakleaf Hydrangea,,Hydrangeaceae,Hydrangea,Shrub,6.9,Arnold Arboretum living collection (Arboretum Explorer)
Hydrangea quercifolia 'Pee Wee',Cultivar of Oakleaf Hydrangea,,Hydrangeaceae,Hydrangea,Shrub,4.9,Arnold Arboretum living collection (Arboretum Explorer)
Hydrangea quercifolia 'Ruby Slippers',Cultivar of Oakleaf Hydrangea,,Hydrangeaceae,Hydrangea,Shrub,3.3,Arnold Arboretum living collection (Arboretum Explorer)
Hydrangea quercifolia 'Snow Queen',Cultivar of Oakleaf Hydrangea,,Hydrangeaceae,Hydrangea,Shrub,6.6,Arnold Arboretum living collection (Arboretum Explorer)
Hydrangea radiata,Silverleaf Hydrangea,|Hydrangea arborescens ssp. radiata|,Hydrangeaceae,Hydrangea,Shrub,6.0,Arnold Arboretum living collection (Arboretum Explorer)
Hydrangea robusta,,|Hydrangea aspera ssp. robusta|,Hydrangeaceae,Hydrangea,Shrub,1.8,Arnold Arboretum living collection (Arboretum Explorer)
Hydrangea scandens,,,Hydrangeaceae,Hydrangea,Shrub,1.0,Arnold Arboretum living collection (Arboretum Explorer)
Hydrangea serrata var. acuminata,,,Hydrangeaceae,Hydrangea,Shrub,,Arnold Arboretum living collection (Arboretum Explorer)
Hydrangea sikokiana,,,Hydrangeaceae,Hydrangea,Tree,3.9,Arnold Arboretum living collection (Arboretum Explorer)
Hydrangea sp.,,,Hydrangeaceae,Hydrangea,Shrub,4.9,Arnold Arboretum living collection (Arboretum Explorer)
Hydrastis canadensis,Goldenseal,,Ranunculaceae,Hydrastis,Herbaceous,,Arnold Arboretum living collection (Arboretum Explorer)
Hypericum 'Hidcote',Cultivar of St. Johnswort,,Hypericaceae,Hypericum,Shrub,1.6,Arnold Arboretum living collection (Arboretum Explorer)
Hypericum androsaemum 'Albury Purple',Cultivar of Hypericum,,Hypericaceae,Hypericum,Shrub,,Arnold Arboretum living collection (Arboretum Explorer)
Hypericum androsaemum 'Kolmuni',Cultivar of St. John's wort,,Hypericaceae,Hypericum,Shrub,2.0,Arnold Arboretum living collection (Arboretum Explorer)
Hypericum ascyron,Great St. Johnswort,|Hypericum pyramidatum|,Hypericaceae,Hypericum,Herbaceous,,Arnold Arboretum living collection (Arboretum Explorer)
Hypericum beanii,,|Hypericum patulum var. henryi|,Hypericaceae,Hypericum,Shrub,2.3,Arnold Arboretum living collection (Arboretum Explorer)
Hypericum bellum,,,Hypericaceae,Hypericum,Shrub,,Arnold Arboretum living collection (Arboretum Explorer)
Hypericum buckleyi,Blueridge St. Johnswort,,Hypericaceae,Hypericum,Shrub,0.3,Arnold Arboretum living collection (Arboretum Explorer)
Hypericum calycinum 'Grandiflorum',Cultivar of Hypericum,,Hypericaceae,Hypericum,Shrub,,Arnold Arboretum living collection (Arboretum Explorer)
Hypericum fasciculatum,Sandweed,,Hypericaceae,Hypericum,Shrub,1.6,Arnold Arboretum living collection (Arboretum Explorer)
Hypericum frondosum,Cedar Glade St. Johnswort,|Hypericum aureum|Hypericum splendens|,Hypericaceae,Hypericum,Shrub,,Arnold Arboretum living collection (Arboretum Explorer)
Hypericum frondosum 'Sunburst',Cultivar of St. Johnswort,,Hypericaceae,Hypericum,Shrub,3.3,Arnold Arboretum living collection (Arboretum Explorer)
Hypericum hircinum,,,Hypericaceae,Hypericum,Shrub,,Arnold Arboretum living collection (Arboretum Explorer)
Hypericum hypericoides,St. Andrew's Cross,|Ascyrum hypericoides|,Hypericaceae,Hypericum,,,Arnold Arboretum living collection (Arboretum Explorer)
Hypericum hypericoides ssp. hypericoides,St. Andrew's Cross,,Hypericaceae,Hypericum,Shrub,1.6,Arnold Arboretum living collection (Arboretum Explorer)
Hypericum kalmianum 'Ames',Cultivar of St. Johnswort,,Hypericaceae,Hypericum,Shrub,,Arnold Arboretum living collection (Arboretum Explorer)
Hypericum monogynum,,|Hypericum chinense|,Hypericaceae,Hypericum,Shrub,,Arnold Arboretum living collection (Arboretum Explorer)
Hypericum olympicum,,|Hypericum polyphyllum|,Hypericaceae,Hypericum,,,Arnold Arboretum living collection (Arboretum Explorer)
Hypericum prolificum,Shrubby St. Johnswort,,Hypericaceae,Hypericum,Shrub,4.3,Arnold Arboretum living collection (Arboretum Explorer)
Hypericum spruneri,,,Hypericaceae,Hypericum,,,Arnold Arboretum living collection (Arboretum Explorer)
Hypericum x arnoldianum,,,Hypericaceae,Hypericum,Shrub,,Arnold Arboretum living collection (Arboretum Explorer)
Hypericum x inodorum 'Kolmiglow',,,Hypericaceae,Hypericum,Shrub,,Arnold Arboretum living collection (Arboretum Explorer)
Idesia polycarpa,,,Salicaceae,Idesia,Tree,4.0,Arnold Arboretum living collection (Arboretum Explorer)
Ilex 'Blue Prince',Cultivar of Holly,|Ilex x meserveae 'Blue Prince'|,Aquifoliaceae,Ilex,Intermediate (shrub/tree),7.9,Arnold Arboretum living collection (Arboretum Explorer)
Ilex 'Elegance',,|Ilex (integra x pernyi) 'Elegance'|,Aquifoliaceae,Ilex,,,Arnold Arboretum living collection (Arboretum Explorer)
Ilex 'Howard Dorsett',Cultivar of Holly,,Aquifoliaceae,Ilex,Shrub,,Arnold Arboretum living collection (Arboretum Explorer)
Ilex 'Lydia Morris',Cultivar of Holly,,Aquifoliaceae,Ilex,Shrub,,Arnold Arboretum living collection (Arboretum Explorer)
Ilex 'San Jose',Cultivar of Holly,,Aquifoliaceae,Ilex,Shrub,,Arnold Arboretum living collection (Arboretum Explorer)
Ilex 'Sparkleberry',Cultivar of Holly,,Aquifoliaceae,Ilex,Shrub,13.1,Arnold Arboretum living collection (Arboretum Explorer)
Ilex (aquifolium x cornuta) 'Nellie R. Stevens' x leucoclada,,,Aquifoliaceae,Ilex,,,Arnold Arboretum living collection (Arboretum Explorer)
Ilex (serrata x verticillata) 'Apollo',Cultivar of Ilex,,Aquifoliaceae,Ilex,Shrub,,Arnold Arboretum living collection (Arboretum Explorer)
Ilex ambigua,,,Aquifoliaceae,Ilex,Shrub,,Arnold Arboretum living collection (Arboretum Explorer)
Ilex amelanchier,,,Aquifoliaceae,Ilex,Shrub,,Arnold Arboretum living collection (Arboretum Explorer)
Ilex aquifolium,English Holly,,Aquifoliaceae,Ilex,Tree,9.8,Arnold Arboretum living collection (Arboretum Explorer)
Ilex aquifolium 'J. C. van Tol',,|Ilex x altaclarensis 'Jan Van Tol'|,Aquifoliaceae,Ilex,Tree,,Arnold Arboretum living collection (Arboretum Explorer)
Ilex bioritsensis,,|Ilex pernyi forma veitchii|,Aquifoliaceae,Ilex,Shrub,,Arnold Arboretum living collection (Arboretum Explorer)
Ilex ciliospinosa,,,Aquifoliaceae,Ilex,Shrub,,Arnold Arboretum living collection (Arboretum Explorer)
Ilex ciliospinosa x (aquifolium x pernyi) 'September Gem',,,Aquifoliaceae,Ilex,Shrub,13.1,Arnold Arboretum living collection (Arboretum Explorer)
Ilex colchica,Black Sea Holly,,Aquifoliaceae,Ilex,Shrub,2.1,Arnold Arboretum living collection (Arboretum Explorer)
Ilex collina,Longstalk Holly,|Nemopanthus collinus|,Aquifoliaceae,Ilex,Shrub,13.8,Arnold Arboretum living collection (Arboretum Explorer)
Ilex coriacea,Large Gallberry,,Aquifoliaceae,Ilex,Shrub,9.8,Arnold Arboretum living collection (Arboretum Explorer)
Ilex cornuta 'Burfordii',Cultivar of Chinese Honey,,Aquifoliaceae,Ilex,Shrub,,Arnold Arboretum living collection (Arboretum Explorer)
Ilex crenata,Japanese Holly,|Ilex crenata 'Latifolia'|,Aquifoliaceae,Ilex,Shrub,7.5,Arnold Arboretum living collection (Arboretum Explorer)
Ilex crenata 'Convexa',Convexleaf Japanese Holly,|Ilex crenata forma convexa|,Aquifoliaceae,Ilex,Shrub,7.5,Arnold Arboretum living collection (Arboretum Explorer)
Ilex crenata 'Dwarf Pagoda',Cultivar of Japanese Holly,,Aquifoliaceae,Ilex,Shrub,1.3,Arnold Arboretum living collection (Arboretum Explorer)
Ilex crenata 'Edwin Dozier',Cultivar of Japanese Holly,,Aquifoliaceae,Ilex,Shrub,,Arnold Arboretum living collection (Arboretum Explorer)
Ilex crenata 'Glass',Cultivar of Japanese Holly,,Aquifoliaceae,Ilex,Tree,,Arnold Arboretum living collection (Arboretum Explorer)
Ilex crenata 'Glory',Cultivar of Japanese Holly,,Aquifoliaceae,Ilex,Shrub,,Arnold Arboretum living collection (Arboretum Explorer)
Ilex crenata 'Green Dragon',Cultivar of Japanese Holly,,Aquifoliaceae,Ilex,Shrub,6.2,Arnold Arboretum living collection (Arboretum Explorer)
Ilex crenata 'Green Luster',Cultivar of Japanese Holly,|Ilex crenata 'Green Lustre'|,Aquifoliaceae,Ilex,Shrub,,Arnold Arboretum living collection (Arboretum Explorer)
Ilex crenata 'Helleri',Cultivar of Japanese Holly,,Aquifoliaceae,Ilex,Shrub,,Arnold Arboretum living collection (Arboretum Explorer)
Ilex crenata 'Howard's Compact',,|Ilex crenata 'Howard'|,Aquifoliaceae,Ilex,Shrub,3.0,Arnold Arboretum living collection (Arboretum Explorer)
Ilex crenata 'Ivory Hall',Cultivar of Japanese Holly,,Aquifoliaceae,Ilex,Shrub,5.6,Arnold Arboretum living collection (Arboretum Explorer)
Ilex crenata 'Ivory Tower',Cultivar of Japanese Holly,,Aquifoliaceae,Ilex,Shrub,,Arnold Arboretum living collection (Arboretum Explorer)
Ilex crenata 'Kingsville Green Cushion',Cultivar of Japanese Holly,|Ilex crenata 'Green Cushion'|,Aquifoliaceae,Ilex,Shrub,,Arnold Arboretum living collection (Arboretum Explorer)
Ilex crenata 'Lindleyana',Cultivar of Japanese Holly,,Aquifoliaceae,Ilex,Shrub,,Arnold Arboretum living collection (Arboretum Explorer)
Ilex crenata 'Major',Cultivar of Japanese Holly,,Aquifoliaceae,Ilex,Shrub,,Arnold Arboretum living collection (Arboretum Explorer)
Ilex crenata 'Mariesii',Cultivar of Japanese Holly,,Aquifoliaceae,Ilex,Shrub,2.0,Arnold Arboretum living collection (Arboretum Explorer)
Ilex crenata 'Repandens',Cultivar of Japanese Holly,,Aquifoliaceae,Ilex,Shrub,,Arnold Arboretum living collection (Arboretum Explorer)
Ilex crenata 'Schwoebels Compact',Cultivar of Chinese Holly,,Aquifoliaceae,Ilex,Shrub,6.2,Arnold Arboretum living collection (Arboretum Explorer)
Ilex crenata 'Stokes',Cultivar of Japanese Holly,,Aquifoliaceae,Ilex,Shrub,,Arnold Arboretum living collection (Arboretum Explorer)
Ilex crenata 'Wayne',Cultivar of Japanese Holly,,Aquifoliaceae,Ilex,Shrub,3.0,Arnold Arboretum living collection (Arboretum Explorer)
Ilex crenata forma watanabeana,Form of Japanese Holly,,Aquifoliaceae,Ilex,Shrub,,Arnold Arboretum living collection (Arboretum Explorer)
Ilex crenata var. paludosa,Variety of Japanese Holly,,Aquifoliaceae,Ilex,Shrub,9.8,Arnold Arboretum living collection (Arboretum Explorer)
Ilex crenata x yunnanensis,,,Aquifoliaceae,Ilex,Shrub,7.2,Arnold Arboretum living collection (Arboretum Explorer)
Ilex cristata,,,Aquifoliaceae,Ilex,,,Arnold Arboretum living collection (Arboretum Explorer)
Ilex decidua,Possumhaw,,Aquifoliaceae,Ilex,Shrub,19.7,Arnold Arboretum living collection (Arboretum Explorer)
Ilex fargesii ssp. fargesii,,,Aquifoliaceae,Ilex,Shrub,12.1,Arnold Arboretum living collection (Arboretum Explorer)
Ilex glabra,Inkberry,,Aquifoliaceae,Ilex,Shrub,9.8,Arnold Arboretum living collection (Arboretum Explorer)
Ilex glabra 'Compacta',Cultivar of Inkberry,,Aquifoliaceae,Ilex,Shrub,8.2,Arnold Arboretum living collection (Arboretum Explorer)
Ilex glabra 'Nigra',,,Aquifoliaceae,Ilex,Shrub,,Arnold Arboretum living collection (Arboretum Explorer)
Ilex glabra 'Peggy's Cove',Forever Emerald™ Inkberry,,Aquifoliaceae,Ilex,Shrub,4.6,Arnold Arboretum living collection (Arboretum Explorer)
Ilex glabra 'Viridis',Cultivar of Inkberry,,Aquifoliaceae,Ilex,Shrub,,Arnold Arboretum living collection (Arboretum Explorer)
Ilex glabra forma leucocarpa,Form of Inkberry,,Aquifoliaceae,Ilex,Shrub,2.3,Arnold Arboretum living collection (Arboretum Explorer)
Ilex laevigata,Smooth Winterberry,,Aquifoliaceae,Ilex,Shrub,,Arnold Arboretum living collection (Arboretum Explorer)
Ilex longipes,Georgia Holly,,Aquifoliaceae,Ilex,Intermediate (shrub/tree),9.8,Arnold Arboretum living collection (Arboretum Explorer)
Ilex macrocarpa,,,Aquifoliaceae,Ilex,Tree,2.0,Arnold Arboretum living collection (Arboretum Explorer)
Ilex macropoda,,|Ilex montana var. macropoda|,Aquifoliaceae,Ilex,Tree,,Arnold Arboretum living collection (Arboretum Explorer)
Ilex maximowicziana,,|Ilex mutchagara|,Aquifoliaceae,Ilex,Tree,,Arnold Arboretum living collection (Arboretum Explorer)
Ilex montana,Mountain Winterberry,|Ilex monticola|,Aquifoliaceae,Ilex,Shrub,9.2,Arnold Arboretum living collection (Arboretum Explorer)
Ilex mucronata,Mountain Holly,|Nemopanthus mucronatus|Nemopanthus canadensis|,Aquifoliaceae,Ilex,Shrub,4.9,Arnold Arboretum living collection (Arboretum Explorer)
Ilex opaca,American Holly,,Aquifoliaceae,Ilex,Intermediate (shrub/tree),,Arnold Arboretum living collection (Arboretum Explorer)
Ilex opaca 'Albert Pride',Cultivar of American Holly,,Aquifoliaceae,Ilex,Intermediate (shrub/tree),,Arnold Arboretum living collection (Arboretum Explorer)
Ilex opaca 'Barberry',Cultivar of American Holly,,Aquifoliaceae,Ilex,Intermediate (shrub/tree),,Arnold Arboretum living collection (Arboretum Explorer)
Ilex opaca 'Betty Ann',Cultivar of American Holly,,Aquifoliaceae,Ilex,Intermediate (shrub/tree),,Arnold Arboretum living collection (Arboretum Explorer)
Ilex opaca 'Carol',Cultivar of American Holly,|Ilex opaca 'Carol Wheeler'|,Aquifoliaceae,Ilex,Intermediate (shrub/tree),,Arnold Arboretum living collection (Arboretum Explorer)
Ilex opaca 'Clarissa',Cultivar of American Holly,,Aquifoliaceae,Ilex,Intermediate (shrub/tree),,Arnold Arboretum living collection (Arboretum Explorer)
Ilex opaca 'Dias',Cultivar of American Holly,|Ilex opaca 'Dias No. 1'|,Aquifoliaceae,Ilex,Intermediate (shrub/tree),,Arnold Arboretum living collection (Arboretum Explorer)
Ilex opaca 'Emily',Cultivar of American Holly,,Aquifoliaceae,Ilex,Intermediate (shrub/tree),,Arnold Arboretum living collection (Arboretum Explorer)
Ilex opaca 'Freeman',Cultivar of American Holly,,Aquifoliaceae,Ilex,Intermediate (shrub/tree),,Arnold Arboretum living collection (Arboretum Explorer)
Ilex opaca 'Gee',Cultivar of American Holly,,Aquifoliaceae,Ilex,Intermediate (shrub/tree),,Arnold Arboretum living collection (Arboretum Explorer)
Ilex opaca 'Goldie',Cultivar of American Holly,,Aquifoliaceae,Ilex,Intermediate (shrub/tree),,Arnold Arboretum living collection (Arboretum Explorer)
Ilex opaca 'Jersey Princess',Cultivar of American Holly,,Aquifoliaceae,Ilex,Shrub,,Arnold Arboretum living collection (Arboretum Explorer)
Ilex opaca 'Laura Thomas',Cultivar of American Holly,,Aquifoliaceae,Ilex,Shrub,,Arnold Arboretum living collection (Arboretum Explorer)
Ilex opaca 'Miss Butler',Cultivar of American Holly,,Aquifoliaceae,Ilex,Shrub,,Arnold Arboretum living collection (Arboretum Explorer)
Ilex opaca 'Nelson West',Cultivar of American Holly,,Aquifoliaceae,Ilex,Shrub,,Arnold Arboretum living collection (Arboretum Explorer)
Ilex opaca 'Robin Tree',Cultivar of American Holly,,Aquifoliaceae,Ilex,Shrub,,Arnold Arboretum living collection (Arboretum Explorer)
Ilex opaca 'Sally',Cultivar of American Holly,,Aquifoliaceae,Ilex,Shrub,,Arnold Arboretum living collection (Arboretum Explorer)
Ilex opaca 'Santa Claus',Cultivar of American Holly,,Aquifoliaceae,Ilex,Shrub,,Arnold Arboretum living collection (Arboretum Explorer)
Ilex opaca 'St. Ann',Cultivar of American Holly,,Aquifoliaceae,Ilex,Shrub,,Arnold Arboretum living collection (Arboretum Explorer)
Ilex opaca 'St. Mary',Cultivar of American Holly,,Aquifoliaceae,Ilex,Shrub,12.0,Arnold Arboretum living collection (Arboretum Explorer)
Ilex opaca 'Stumphouse',Cultivar of American Holly,,Aquifoliaceae,Ilex,Shrub,,Arnold Arboretum living collection (Arboretum Explorer)
Ilex opaca 'Vera',Cultivar of American Holly,|Ilex opaca 'Boyden No. 2'|,Aquifoliaceae,Ilex,Shrub,,Arnold Arboretum living collection (Arboretum Explorer)
Ilex opaca 'Yule',Cultivar of American Holly,,Aquifoliaceae,Ilex,Shrub,,Arnold Arboretum living collection (Arboretum Explorer)
Ilex opaca forma xanthocarpa,,|Ilex opaca forma xanthocarpa 'Longwood'|,Aquifoliaceae,Ilex,Shrub,,Arnold Arboretum living collection (Arboretum Explorer)
Ilex pedunculosa,Longstalk Holly,,Aquifoliaceae,Ilex,Intermediate (shrub/tree),16.4,Arnold Arboretum living collection (Arboretum Explorer)
Ilex pedunculosa var. continentalis,Variety of Longstalk Holly,,Aquifoliaceae,Ilex,Shrub,,Arnold Arboretum living collection (Arboretum Explorer)
Ilex pernyi,,,Aquifoliaceae,Ilex,Intermediate (shrub/tree),,Arnold Arboretum living collection (Arboretum Explorer)
Ilex rubra,,,Aquifoliaceae,Ilex,Shrub,,Arnold Arboretum living collection (Arboretum Explorer)
Ilex rugosa,Prostrate Holly,,Aquifoliaceae,Ilex,Shrub,1.6,Arnold Arboretum living collection (Arboretum Explorer)
Ilex rugosa x cornuta 'Mesdob',Cultivar of Hybrid Holly,|Ilex x meserveae 'China Boy'|,Aquifoliaceae,Ilex,Shrub,3.5,Arnold Arboretum living collection (Arboretum Explorer)
Ilex rugosa x cornuta 'Mesog' China Girl®,Cultivar of Hybrid Holly,|Ilex x meserveae 'China Girl'|,Aquifoliaceae,Ilex,Shrub,5.6,Arnold Arboretum living collection (Arboretum Explorer)
Ilex serrata,Japanese Winterberry,,Aquifoliaceae,Ilex,Shrub,13.1,Arnold Arboretum living collection (Arboretum Explorer)
Ilex serrata 'Leucocarpa',Cultivar of Finetooth Holly,,Aquifoliaceae,Ilex,Shrub,,Arnold Arboretum living collection (Arboretum Explorer)
Ilex shennongjiaensis,,,Aquifoliaceae,Ilex,Shrub,6.6,Arnold Arboretum living collection (Arboretum Explorer)
Ilex sp.,,,Aquifoliaceae,Ilex,Shrub,,Arnold Arboretum living collection (Arboretum Explorer)
Ilex sugeroki,,,Aquifoliaceae,Ilex,Shrub,10.2,Arnold Arboretum living collection (Arboretum Explorer)
Ilex verticillata,Common Winterberry,,Aquifoliaceae,Ilex,Shrub,11.8,Arnold Arboretum living collection (Arboretum Explorer)
Ilex verticillata 'Afterglow',Cultivar of Common Winterberry,,Aquifoliaceae,Ilex,Shrub,9.8,Arnold Arboretum living collection (Arboretum Explorer)
Ilex verticillata 'Jim Dandy',Cultivar of Common Winterberry,,Aquifoliaceae,Ilex,Shrub,4.3,Arnold Arboretum living collection (Arboretum Explorer)
Ilex verticillata 'Polycarpa',Cultivar of Common Winterberry,,Aquifoliaceae,Ilex,Shrub,10.5,Arnold Arboretum living collection (Arboretum Explorer)
Ilex verticillata 'Red Sprite',Cultivar of Common Winterberry,,Aquifoliaceae,Ilex,Shrub,6.6,Arnold Arboretum living collection (Arboretum Explorer)
Ilex verticillata 'Southern Gentleman',Cultivar of Common Winterberry,,Aquifoliaceae,Ilex,Shrub,6.9,Arnold Arboretum living collection (Arboretum Explorer)
Ilex verticillata 'Sunsplash',Cultivar of Common Winterberry,,Aquifoliaceae,Ilex,Shrub,10.5,Arnold Arboretum living collection (Arboretum Explorer)
Ilex verticillata 'Winter Gold',Cultivar of Winterberry Holly,,Aquifoliaceae,Ilex,Shrub,5.9,Arnold Arboretum living collection (Arboretum Explorer)
Ilex verticillata 'Winter Red',Cultivar of Common Winterberry,,Aquifoliaceae,Ilex,Shrub,,Arnold Arboretum living collection (Arboretum Explorer)
Ilex verticillata forma aurantiaca,Form of Common Winterberry,,Aquifoliaceae,Ilex,Shrub,5.9,Arnold Arboretum living collection (Arboretum Explorer)
Ilex verticillata forma chrysocarpa,Yellowfruit Common Winterberry,,Aquifoliaceae,Ilex,Shrub,14.1,Arnold Arboretum living collection (Arboretum Explorer)
Ilex x altaclarensis 'Balkans',Cultivar of Hybrid Holly,|Ilex aquifolium 'Balkan Female'|,Aquifoliaceae,Ilex,Intermediate (shrub/tree),7.9,Arnold Arboretum living collection (Arboretum Explorer)
Ilex x altaclarensis 'Hendersonii',,,Aquifoliaceae,Ilex,Shrub,,Arnold Arboretum living collection (Arboretum Explorer)
Ilex x aquipernyi,,,Aquifoliaceae,Ilex,Shrub,,Arnold Arboretum living collection (Arboretum Explorer)
Ilex x attenuata 'Longwood Gold',Cultivar of Holly,,Aquifoliaceae,Ilex,Shrub,4.9,Arnold Arboretum living collection (Arboretum Explorer)
Ilex x meserveae 'Blue Girl',Cultivar of Ilex,,Aquifoliaceae,Ilex,Shrub,8.2,Arnold Arboretum living collection (Arboretum Explorer)
Ilex x wandoensis,,,Aquifoliaceae,Ilex,Shrub,1.3,Arnold Arboretum living collection (Arboretum Explorer)
Ilex yunnanensis,Yunan Holly,,Aquifoliaceae,Ilex,Shrub,15.0,Arnold Arboretum living collection (Arboretum Explorer)
Ilex yunnanensis var. gentilis,,,Aquifoliaceae,Ilex,Shrub,,Arnold Arboretum living collection (Arboretum Explorer)
Indigofera 'Little Pixie',Cultivar of Indigo,,Fabaceae,Indigofera,Shrub,5.9,Arnold Arboretum living collection (Arboretum Explorer)
Indigofera amblyantha,Pink Indigo,|Indigofera amblyantha var. purdomii|,Fabaceae,Indigofera,Shrub,,Arnold Arboretum living collection (Arboretum Explorer)
Indigofera bungeana,,|Indigofera pseudotinctoria|,Fabaceae,Indigofera,Shrub,,Arnold Arboretum living collection (Arboretum Explorer)
Indigofera bungeana 'Rose Carpet',,|Indigofera pseudotinctoria 'Rose Carpet'|,Fabaceae,Indigofera,Herbaceous,,Arnold Arboretum living collection (Arboretum Explorer)
Indigofera decora,,|Indigofera incarnata|,Fabaceae,Indigofera,Shrub,,Arnold Arboretum living collection (Arboretum Explorer)
Indigofera decora 'Rosea',,,Fabaceae,Indigofera,Shrub,3.3,Arnold Arboretum living collection (Arboretum Explorer)
Indigofera decora var. cooperi,,|Indigofera cooperi|,Fabaceae,Indigofera,Shrub,,Arnold Arboretum living collection (Arboretum Explorer)
Indigofera heterantha,Himalayan Indigo,|Indigofera gerardiana|,Fabaceae,Indigofera,Shrub,,Arnold Arboretum living collection (Arboretum Explorer)
Indigofera kirilowii,Kirilow Indigo,|Indigofera macrostachya|,Fabaceae,Indigofera,Shrub,6.6,Arnold Arboretum living collection (Arboretum Explorer)
Indocalamus tessellatus,,|Sasa tessellata|,Poaceae,Indocalamus,Herbaceous,,Arnold Arboretum living collection (Arboretum Explorer)
Ionactis linariifolia,Flax-Leaved Stiff Aster,|Aster linariifolius|,Asteraceae,Ionactis,Herbaceous,,Arnold Arboretum living collection (Arboretum Explorer)
Iris versicolor,Blue Flag,,Iridaceae,Iris,Herbaceous,,Arnold Arboretum living collection (Arboretum Explorer)
Isodon henryi,,,Lamiaceae,Isodon,Herbaceous,0.7,Arnold Arboretum living collection (Arboretum Explorer)
Isodon rubescens,,,Lamiaceae,Isodon,Shrub,0.7,Arnold Arboretum living collection (Arboretum Explorer)
Itea virginica,Virginia-Willow,,Iteaceae,Itea,Shrub,3.9,Arnold Arboretum living collection (Arboretum Explorer)
Itea virginica 'Beppu',Cultivar of Virginia Sweetspire,,Iteaceae,Itea,,,Arnold Arboretum living collection (Arboretum Explorer)
Itea virginica 'Henry's Garnet',Cultivar of Virginia Sweetspire,,Iteaceae,Itea,Shrub,4.9,Arnold Arboretum living collection (Arboretum Explorer)
Itea virginica 'Longspire',Cultivar of Virginia Sweetspire,,Iteaceae,Itea,Shrub,6.9,Arnold Arboretum living collection (Arboretum Explorer)
Itea virginica 'Morton',Cultivar of Sweetspire,,Iteaceae,Itea,Shrub,,Arnold Arboretum living collection (Arboretum Explorer)
Itea virginica 'Sarah Eve',Cultivar of Virginia Sweetspire,,Iteaceae,Itea,Shrub,,Arnold Arboretum living collection (Arboretum Explorer)
Itea virginica 'Saturnalia',Virginia Sweetspire,,Iteaceae,Itea,Shrub,,Arnold Arboretum living collection (Arboretum Explorer)
Itea virginica 'Shirley's Compact',Cultivar of Virginia Sweetspire,,Iteaceae,Itea,Shrub,1.3,Arnold Arboretum living collection (Arboretum Explorer)
Itea virginica 'Sprich',Cultivar of Virginia Sweetspire,|Itea virginica 'Little Henry'|,Iteaceae,Itea,Shrub,,Arnold Arboretum living collection (Arboretum Explorer)
Iva frutescens,Hightide Bush,|Iva frutescens ssp. oraria|Iva oraria|,Asteraceae,Iva,Shrub,0.7,Arnold Arboretum living collection (Arboretum Explorer)
Jasminum fruticans,,,Oleaceae,Jasminum,Shrub,,Arnold Arboretum living collection (Arboretum Explorer)
Jasminum nudiflorum,Winter Jasmine,,Oleaceae,Jasminum,Shrub,3.9,Arnold Arboretum living collection (Arboretum Explorer)
Jeffersonia diphylla,Twinleaf,,Berberidaceae,Jeffersonia,Herbaceous,1.3,Arnold Arboretum living collection (Arboretum Explorer)
Juglans ailantifolia,Japanese Walnut,|Juglans cordiformis var. ailantifolia|Juglans mandshurica var. sieboldiana|Juglans sieboldiana|,Juglandaceae,Juglans,Tree,,Arnold Arboretum living collection (Arboretum Explorer)
Juglans cathayensis,Chinese Walnut,,Juglandaceae,Juglans,Tree,,Arnold Arboretum living collection (Arboretum Explorer)
Juglans cinerea,Butternut,,Juglandaceae,Juglans,Tree,,Arnold Arboretum living collection (Arboretum Explorer)
Juglans major,Arizona Walnut,||,Juglandaceae,Juglans,Tree,,Arnold Arboretum living collection (Arboretum Explorer)
Juglans mandshurica,Manchurian Walnut,|Juglans formosana|Juglans stenocarpa|,Juglandaceae,Juglans,Tree,13.1,Arnold Arboretum living collection (Arboretum Explorer)
Juglans microcarpa,Little Walnut,|Juglans rupestris|,Juglandaceae,Juglans,Intermediate (shrub/tree),7.5,Arnold Arboretum living collection (Arboretum Explorer)
Juglans nigra,Black Walnut,|Juglans 'Cresco'|,Juglandaceae,Juglans,Tree,3.3,Arnold Arboretum living collection (Arboretum Explorer)
Juglans nigra 'Laciniata',Cultivar of Black Walnut,|Juglans nigra forma laciniata|,Juglandaceae,Juglans,Tree,19.7,Arnold Arboretum living collection (Arboretum Explorer)
Juglans regia,Persian Walnut,|Juglans regia var. kamaonia|Juglans regia var. sinensis|Juglans regia var. chinensis|Juglans regia var. kamonia|,Juglandaceae,Juglans,Tree,1.6,Arnold Arboretum living collection (Arboretum Explorer)
Juglans x bixbyi,Hybrid Walnut,,Juglandaceae,Juglans,Tree,,Arnold Arboretum living collection (Arboretum Explorer)
Juniperus 'Grey Owl',,|Juniperus virginiana 'Grey Owl'|,Cupressaceae,Juniperus,Shrub,4.9,Arnold Arboretum living collection (Arboretum Explorer)
Juniperus 'Hermit',,,Cupressaceae,Juniperus,,,Arnold Arboretum living collection (Arboretum Explorer)
Juniperus ashei,Mountain-Cedar,,Cupressaceae,Juniperus,Tree,8.2,Arnold Arboretum living collection (Arboretum Explorer)
Juniperus chinensis,Chinese Juniper,,Cupressaceae,Juniperus,Intermediate (shrub/tree),,Arnold Arboretum living collection (Arboretum Explorer)
Juniperus chinensis 'Aurea',Golden Chinese Juniper,|Juniperus chinensis forma aurea|,Cupressaceae,Juniperus,Tree,,Arnold Arboretum living collection (Arboretum Explorer)
Juniperus chinensis 'Blaauw',Cultivar of Chinese Juniper,,Cupressaceae,Juniperus,Tree,7.5,Arnold Arboretum living collection (Arboretum Explorer)
Juniperus chinensis 'Columnaris Glauca',Blue Columnar Chinese Juniper,,Cupressaceae,Juniperus,Tree,,Arnold Arboretum living collection (Arboretum Explorer)
Juniperus chinensis 'Columnaris',Green Columnar Chinese Juniper,,Cupressaceae,Juniperus,Tree,,Arnold Arboretum living collection (Arboretum Explorer)
Juniperus chinensis 'Dropmore',Cultivar of Chinese Juniper,,Cupressaceae,Juniperus,Shrub,,Arnold Arboretum living collection (Arboretum Explorer)
Juniperus chinensis 'Excelsior',Cultivar of Chinese Juniper,,Cupressaceae,Juniperus,Shrub,,Arnold Arboretum living collection (Arboretum Explorer)
Juniperus chinensis 'Femina',Cultivar of Chinese Juniper,|Juniperus chinensis var. reevesiana|,Cupressaceae,Juniperus,Tree,,Arnold Arboretum living collection (Arboretum Explorer)
Juniperus chinensis 'Globosa',Cultivar of Chinese Juniper,,Cupressaceae,Juniperus,Shrub,,Arnold Arboretum living collection (Arboretum Explorer)
Juniperus chinensis 'Iowa',Cultivar of Chinese Juniper,,Cupressaceae,Juniperus,Tree,9.8,Arnold Arboretum living collection (Arboretum Explorer)
Juniperus chinensis 'Japonica',,|Juniperus chinensis forma japonica|,Cupressaceae,Juniperus,Tree,,Arnold Arboretum living collection (Arboretum Explorer)
Juniperus chinensis 'Kaizuka Variegata',Variegated Hollywood Juniper,,Cupressaceae,Juniperus,Tree,,Arnold Arboretum living collection (Arboretum Explorer)
Juniperus chinensis 'Kaizuka',Hollywood Juniper,,Cupressaceae,Juniperus,Tree,,Arnold Arboretum living collection (Arboretum Explorer)
Juniperus chinensis 'Mas',Cultivar of Chinese Juniper,|Juniperus chinensis forma mas|,Cupressaceae,Juniperus,Tree,,Arnold Arboretum living collection (Arboretum Explorer)
Juniperus chinensis 'Obelisk',Cultivar of Chinese Juniper,,Cupressaceae,Juniperus,Tree,,Arnold Arboretum living collection (Arboretum Explorer)
Juniperus chinensis 'Olympia',Cultivar of Chinese Juniper,,Cupressaceae,Juniperus,Tree,,Arnold Arboretum living collection (Arboretum Explorer)
Juniperus chinensis 'Owen',Cultivar of Chinese Juniper,,Cupressaceae,Juniperus,Tree,,Arnold Arboretum living collection (Arboretum Explorer)
Juniperus chinensis 'Pfitzer Matthews Blue',Cultivar of Chinese Juniper,,Cupressaceae,Juniperus,Tree,3.6,Arnold Arboretum living collection (Arboretum Explorer)
Juniperus chinensis 'Plumosa Aurea',Goldenglobe Chinese Juniper,|Juniperus chinensis forma aureo-globosa|Juniperus chinensis 'Aureo-Globosa'|,Cupressaceae,Juniperus,Shrub,4.9,Arnold Arboretum living collection (Arboretum Explorer)
Juniperus chinensis 'Pyramidalis Nana',Cultivar of Chinese Juniper,,Cupressaceae,Juniperus,Shrub,,Arnold Arboretum living collection (Arboretum Explorer)
Juniperus chinensis 'San Jose',San Jose Juniper,,Cupressaceae,Juniperus,Shrub,2.0,Arnold Arboretum living collection (Arboretum Explorer)
Juniperus chinensis 'Sheppardii',Variety of Chinese Juniper,|Juniperus chinensis var. sheppardii|,Cupressaceae,Juniperus,Shrub,,Arnold Arboretum living collection (Arboretum Explorer)
Juniperus chinensis 'Shimpaku',Shimpaku Chinese Juniper,,Cupressaceae,Juniperus,Shrub,,Arnold Arboretum living collection (Arboretum Explorer)
Juniperus chinensis 'Spartan',Cultivar of Chinese Juniper,,Cupressaceae,Juniperus,Shrub,15.0,Arnold Arboretum living collection (Arboretum Explorer)
Juniperus chinensis 'Story',Cultivar of Chinese Juniper,,Cupressaceae,Juniperus,Shrub,,Arnold Arboretum living collection (Arboretum Explorer)
Juniperus chinensis 'Veroides',Cultivar of Chinese Juniper,,Cupressaceae,Juniperus,Tree,,Arnold Arboretum living collection (Arboretum Explorer)
Juniperus chinensis 'Watereri',Cultivar of Chinese Juniper,,Cupressaceae,Juniperus,Tree,,Arnold Arboretum living collection (Arboretum Explorer)
Juniperus chinensis var. procumbens,Japanese Garden Juniper,|Juniperus procumbens|,Cupressaceae,Juniperus,Shrub,,Arnold Arboretum living collection (Arboretum Explorer)
Juniperus chinensis var. procumbens 'Nana Glauca',,|Juniperus procumbens 'Nana Glauca'|,Cupressaceae,Juniperus,Shrub,,Arnold Arboretum living collection (Arboretum Explorer)
Juniperus chinensis var. procumbens 'Nana',Cultivar of Japanese Garden Juniper,|Juniperus procumbens 'Nana'|,Cupressaceae,Juniperus,Shrub,,Arnold Arboretum living collection (Arboretum Explorer)
Juniperus chinensis var. sargentii,Sargent's Juniper,|Juniperus sargentii|,Cupressaceae,Juniperus,Shrub,2.6,Arnold Arboretum living collection (Arboretum Explorer)
Juniperus chinensis var. sargentii 'Glauca',Cultivar of Chinese Juniper,|Juniperus sargentii 'Glauca'|,Cupressaceae,Juniperus,Shrub,1.6,Arnold Arboretum living collection (Arboretum Explorer)
Juniperus communis,Common Juniper,|Juniperus oblonga|,Cupressaceae,Juniperus,Intermediate (shrub/tree),9.8,Arnold Arboretum living collection (Arboretum Explorer)
Juniperus communis 'Ashfordii',Ashford Common Juniper,,Cupressaceae,Juniperus,Tree,,Arnold Arboretum living collection (Arboretum Explorer)
Juniperus communis 'Berkshire',Cultivar of Common Juniper,|Juniperus communis 'Blackshire'|,Cupressaceae,Juniperus,Shrub,2.0,Arnold Arboretum living collection (Arboretum Explorer)
Juniperus communis 'Bruns',Cultivar of Common Juniper,,Cupressaceae,Juniperus,Shrub,7.5,Arnold Arboretum living collection (Arboretum Explorer)
Juniperus communis 'Candelabriformis',Cultivar of Common Juniper,,Cupressaceae,Juniperus,Shrub,,Arnold Arboretum living collection (Arboretum Explorer)
Juniperus communis 'Cream Ball',,,Cupressaceae,Juniperus,,,Arnold Arboretum living collection (Arboretum Explorer)
Juniperus communis 'Laxa',Cultivar of Common Juniper,,Cupressaceae,Juniperus,Tree,10.5,Arnold Arboretum living collection (Arboretum Explorer)
Juniperus communis 'Oblonga Pendula',Weeping Common Juniper,,Cupressaceae,Juniperus,Tree,,Arnold Arboretum living collection (Arboretum Explorer)
Juniperus communis 'Pendula',,|Juniperus communis forma pendula|,Cupressaceae,Juniperus,Tree,8.9,Arnold Arboretum living collection (Arboretum Explorer)
Juniperus communis forma oblonga,Form of Common Juniper,,Cupressaceae,Juniperus,Tree,7.2,Arnold Arboretum living collection (Arboretum Explorer)
Juniperus communis var. depressa,Canadian Juniper,,Cupressaceae,Juniperus,Shrub,2.6,Arnold Arboretum living collection (Arboretum Explorer)
Juniperus communis var. suecica 'Pencil Point',Cultivar of Common Juniper,,Cupressaceae,Juniperus,Tree,1.3,Arnold Arboretum living collection (Arboretum Explorer)
Juniperus conferta,Shore Juniper,,Cupressaceae,Juniperus,Shrub,,Arnold Arboretum living collection (Arboretum Explorer)
Juniperus conferta 'Akebono',Cultivar of Shore Juniper,,Cupressaceae,Juniperus,Tree,,Arnold Arboretum living collection (Arboretum Explorer)
Juniperus conferta 'Silver Mist',Cultivar of Shore Juniper,,Cupressaceae,Juniperus,Shrub,,Arnold Arboretum living collection (Arboretum Explorer)
Juniperus davurica 'Expansa Variegata',Variety of Dahurian Juniper,|Juniperus dahurica var. parsonsii forma variegata|,Cupressaceae,Juniperus,Shrub,,Arnold Arboretum living collection (Arboretum Explorer)
Juniperus deppeana,Alligator Juniper,,Cupressaceae,Juniperus,Tree,,Arnold Arboretum living collection (Arboretum Explorer)
Juniperus excelsa,Grecian Juniper,,Cupressaceae,Juniperus,Tree,,Arnold Arboretum living collection (Arboretum Explorer)
Juniperus formosana,Taiwan Juniper,,Cupressaceae,Juniperus,Intermediate (shrub/tree),6.6,Arnold Arboretum living collection (Arboretum Explorer)
Juniperus horizontalis,Creeping Juniper,|Juniperus horizontalis variegata|,Cupressaceae,Juniperus,Shrub,,Arnold Arboretum living collection (Arboretum Explorer)
Juniperus horizontalis 'Alpina',Cultivar of Creeping Juniper,|Juniperus horizontalis forma alpina|,Cupressaceae,Juniperus,Shrub,,Arnold Arboretum living collection (Arboretum Explorer)
Juniperus horizontalis 'Bar Harbor',Cultivar of Creeping Juniper,,Cupressaceae,Juniperus,Shrub,,Arnold Arboretum living collection (Arboretum Explorer)
Juniperus horizontalis 'Blue Mat',Cultivar of Creeping Juniper,,Cupressaceae,Juniperus,Shrub,,Arnold Arboretum living collection (Arboretum Explorer)
Juniperus horizontalis 'Douglasii',,|Malus x ranetka|,Cupressaceae,Juniperus,Shrub,,Arnold Arboretum living collection (Arboretum Explorer)
Juniperus horizontalis 'Glomerulata',,|Juniperus horizontalis forma glomerulata|,Cupressaceae,Juniperus,Tree,,Arnold Arboretum living collection (Arboretum Explorer)
Juniperus horizontalis 'Plumosa Compacta',Cultivar of Creeping Juniper,,Cupressaceae,Juniperus,Shrub,,Arnold Arboretum living collection (Arboretum Explorer)
Juniperus horizontalis 'Plumosa',Cultivar of Creeping Juniper,|Juniperus horizontalis forma plumosa|,Cupressaceae,Juniperus,Shrub,,Arnold Arboretum living collection (Arboretum Explorer)
Juniperus horizontalis 'Wiltonii',Cultivar of Creeping Juniper,,Cupressaceae,Juniperus,Shrub,,Arnold Arboretum living collection (Arboretum Explorer)
Juniperus horizontalis 'Wisconsin',Cultivar of Creeping Juniper,,Cupressaceae,Juniperus,Shrub,,Arnold Arboretum living collection (Arboretum Explorer)
Juniperus horizontalis 'Youngstown',Cultivar of Creeping Juniper,,Cupressaceae,Juniperus,Shrub,,Arnold Arboretum living collection (Arboretum Explorer)
Juniperus morrisonicola 'Wilsonii',,|Juniperus squamata 'Wilsonii'|Juniperus pingii var. wilsonii|Juniperus squamata forma wilsonii|,Cupressaceae,Juniperus,Intermediate (shrub/tree),6.6,Arnold Arboretum living collection (Arboretum Explorer)
Juniperus occidentalis,Western Juniper,,Cupressaceae,Juniperus,Tree,5.2,Arnold Arboretum living collection (Arboretum Explorer)
Juniperus occidentalis 'Sierra Silver',,,Cupressaceae,Juniperus,Tree,2.0,Arnold Arboretum living collection (Arboretum Explorer)
Juniperus osteosperma,Utah Juniper,|Juniperus utahensis|,Cupressaceae,Juniperus,Intermediate (shrub/tree),6.0,Arnold Arboretum living collection (Arboretum Explorer)
Juniperus pinchotii,Pinchot Juniper,,Cupressaceae,Juniperus,Intermediate (shrub/tree),6.6,Arnold Arboretum living collection (Arboretum Explorer)
Juniperus polycarpos,,,Cupressaceae,Juniperus,Tree,3.3,Arnold Arboretum living collection (Arboretum Explorer)
Juniperus rigida,Needle Juniper,,Cupressaceae,Juniperus,Intermediate (shrub/tree),5.9,Arnold Arboretum living collection (Arboretum Explorer)
Juniperus sabina,Savin Juniper,,Cupressaceae,Juniperus,Shrub,,Arnold Arboretum living collection (Arboretum Explorer)
Juniperus sabina 'Blue Danube',Cultivar of Savin Juniper,,Cupressaceae,Juniperus,Shrub,,Arnold Arboretum living collection (Arboretum Explorer)
Juniperus sabina 'Cupressifolia',,|Juniperus sabina forma cupressifolia|,Cupressaceae,Juniperus,Tree,5.2,Arnold Arboretum living collection (Arboretum Explorer)
Juniperus sabina 'Fastigiata',Cultivar of Savin Juniper,|Juniperus sabina forma fastigiata|,Cupressaceae,Juniperus,Tree,,Arnold Arboretum living collection (Arboretum Explorer)
Juniperus sabina 'Mas',Cultivar of Savin Juniper,,Cupressaceae,Juniperus,Tree,,Arnold Arboretum living collection (Arboretum Explorer)
Juniperus sabina var. tamariscifolia,Variety of Savin Juniper,,Cupressaceae,Juniperus,Shrub,,Arnold Arboretum living collection (Arboretum Explorer)
Juniperus scopulorum,Rocky Mountain Juniper,,Cupressaceae,Juniperus,Tree,,Arnold Arboretum living collection (Arboretum Explorer)
Juniperus scopulorum 'Hill's Silver',Cultivar of Western Red Cedar,|Juniperus scopulorum forma argentea|,Cupressaceae,Juniperus,Tree,20.0,Arnold Arboretum living collection (Arboretum Explorer)
Juniperus scopulorum 'Moffettii',Cultivar of Western Red Cedar,,Cupressaceae,Juniperus,Tree,,Arnold Arboretum living collection (Arboretum Explorer)
Juniperus scopulorum 'Moonlight',Cultivar of Western Red Cedar,,Cupressaceae,Juniperus,Tree,,Arnold Arboretum living collection (Arboretum Explorer)
Juniperus scopulorum 'Pathfinder',Cultivar of Western Red Cedar,,Cupressaceae,Juniperus,Tree,,Arnold Arboretum living collection (Arboretum Explorer)
Juniperus scopulorum 'Silver Glow',Cultivar of Western Red Cedar,,Cupressaceae,Juniperus,Tree,7.0,Arnold Arboretum living collection (Arboretum Explorer)
Juniperus semiglobosa,Semiglobose Juniper,,Cupressaceae,Juniperus,Tree,,Arnold Arboretum living collection (Arboretum Explorer)
Juniperus sp.,,,Cupressaceae,Juniperus,Tree,8.2,Arnold Arboretum living collection (Arboretum Explorer)
Juniperus squamata 'Meyeri',Cultivar of Singleseed Juniper,|Juniperus squamata var. meyeri|,Cupressaceae,Juniperus,Intermediate (shrub/tree),9.8,Arnold Arboretum living collection (Arboretum Explorer)
Juniperus virginiana,Eastern Red Cedar,,Cupressaceae,Juniperus,Tree,6.6,Arnold Arboretum living collection (Arboretum Explorer)
Juniperus virginiana 'Blue Cloud',Cultivar of Eastern Red Cedar,|Juniperus chinensis 'Blue Cloud'|,Cupressaceae,Juniperus,Shrub,20.0,Arnold Arboretum living collection (Arboretum Explorer)
Juniperus virginiana 'Burkii',Cultivar of Eastern Red Cedar,,Cupressaceae,Juniperus,Shrub,,Arnold Arboretum living collection (Arboretum Explorer)
Juniperus virginiana 'Canaertii',Cultivar of Eastern Red Cedar,|Juniperus virginiana forma canaertii|,Cupressaceae,Juniperus,Tree,15.0,Arnold Arboretum living collection (Arboretum Explorer)
Juniperus virginiana 'Cinerascens',Cultivar of Eastern Red Cedar,,Cupressaceae,Juniperus,Tree,,Arnold Arboretum living collection (Arboretum Explorer)
Juniperus virginiana 'Cupressifolia',Cultivar of Eastern Red Cedar,,Cupressaceae,Juniperus,Tree,,Arnold Arboretum living collection (Arboretum Explorer)
Juniperus virginiana 'Deforest Green',Cultivar of Eastern Red Cedar,,Cupressaceae,Juniperus,Tree,,Arnold Arboretum living collection (Arboretum Explorer)
Juniperus virginiana 'Elegantissima',Cultivar of Eastern Red Cedar,|Juniperus virginiana forma elegantissima|,Cupressaceae,Juniperus,Tree,,Arnold Arboretum living collection (Arboretum Explorer)
Juniperus virginiana 'Fastigiata',Cultivar of Eastern Red Cedar,,Cupressaceae,Juniperus,Tree,,Arnold Arboretum living collection (Arboretum Explorer)
Juniperus virginiana 'Filifera',Cultivar of Eastern Red Cedar,|Juniperus virginiana forma filifera|,Cupressaceae,Juniperus,Tree,,Arnold Arboretum living collection (Arboretum Explorer)
Juniperus virginiana 'Glauca',Cultivar of Eastern Red Cedar,|Juniperus virginiana forma glauca|,Cupressaceae,Juniperus,Tree,,Arnold Arboretum living collection (Arboretum Explorer)
Juniperus virginiana 'Globosa',Globose Eastern Red Cedar,|Juniperus virginiana forma globosa|,Cupressaceae,Juniperus,Shrub,6.0,Arnold Arboretum living collection (Arboretum Explorer)
Juniperus virginiana 'Hillii',Hills Eastern Red Cedar,|Juniperus virginiana forma hillii|,Cupressaceae,Juniperus,Tree,,Arnold Arboretum living collection (Arboretum Explorer)
Juniperus virginiana 'Hillspire',Cultivar of Eastern Red Cedar,,Cupressaceae,Juniperus,Tree,12.0,Arnold Arboretum living collection (Arboretum Explorer)
Juniperus virginiana 'Kosteri',Cultivar of Eastern Red Cedar,|Juniperus virginiana forma kosteri|,Cupressaceae,Juniperus,Shrub,5.2,Arnold Arboretum living collection (Arboretum Explorer)
Juniperus virginiana 'Manhattan Blue',Cultivar of Eastern Red Cedar,,Cupressaceae,Juniperus,Tree,6.0,Arnold Arboretum living collection (Arboretum Explorer)
Juniperus virginiana 'Nevin's Blue',Cultivar of Eastern Red Cedar,,Cupressaceae,Juniperus,Tree,,Arnold Arboretum living collection (Arboretum Explorer)
Juniperus virginiana 'Pendula',Cultivar of Eastern Red Cedar,|Juniperus virginiana forma pendula|,Cupressaceae,Juniperus,Tree,7.5,Arnold Arboretum living collection (Arboretum Explorer)
Juniperus virginiana 'Pyramidalis',Cultivar of Eastern Red Cedar,|Juniperus virginiana forma pyramidalis|,Cupressaceae,Juniperus,Tree,,Arnold Arboretum living collection (Arboretum Explorer)
Juniperus virginiana 'Reptans',Cultivar of Eastern Red Cedar,|Juniperus virginiana forma reptans|,Cupressaceae,Juniperus,Tree,11.5,Arnold Arboretum living collection (Arboretum Explorer)
Juniperus virginiana 'Schottii',Cultivar of Eastern Red Cedar,|Juniperus virginiana forma schottii|,Cupressaceae,Juniperus,Tree,,Arnold Arboretum living collection (Arboretum Explorer)
Juniperus virginiana 'Tripartita',Cultivar of Eastern Red Cedar,|Juniperus virginiana forma tripartita|,Cupressaceae,Juniperus,Shrub,4.0,Arnold Arboretum living collection (Arboretum Explorer)
Juniperus virginiana var. lebretonii,Variety of Eastern Red Cedar,,Cupressaceae,Juniperus,Tree,,Arnold Arboretum living collection (Arboretum Explorer)
Juniperus x media 'Armstrongii',Armstrong Juniper,|Juniperus chinensis 'Armstrongii'|,Cupressaceae,Juniperus,Tree,,Arnold Arboretum living collection (Arboretum Explorer)
Juniperus x media 'Fruitland',Cultivar of Chinese Juniper,|Juniperus chinensis 'Fruitland'|,Cupressaceae,Juniperus,Tree,,Arnold Arboretum living collection (Arboretum Explorer)
Juniperus x media 'Gold Coast',Cultivar of Chinese Juniper,|Juniperus chinensis 'Gold Coast'|,Cupressaceae,Juniperus,Tree,,Arnold Arboretum living collection (Arboretum Explorer)
Juniperus x media 'Mint Julep',Cultivar of Chinese Juniper,|Juniperus chinensis 'Mint Julep'|,Cupressaceae,Juniperus,Tree,6.6,Arnold Arboretum living collection (Arboretum Explorer)
Juniperus x media 'Old Gold',Cultivar of Chinese Juniper,|Juniperus chinensis 'Old Gold'|,Cupressaceae,Juniperus,Tree,5.2,Arnold Arboretum living collection (Arboretum Explorer)
Juniperus x media 'Ozark Compact',Compact Ozark Pfitzer Juniper,|Juniperus chinensis 'Pfitzeriana Ozark Compact'|,Cupressaceae,Juniperus,Shrub,5.2,Arnold Arboretum living collection (Arboretum Explorer)
Juniperus x media 'Pfitzeriana Argentea',Cultivar of Pfitzer Juniper,|Juniperus chinensis 'Pfitzeriana Argentea'|,Cupressaceae,Juniperus,Shrub,7.5,Arnold Arboretum living collection (Arboretum Explorer)
Juniperus x media 'Pfitzeriana Aurea',Cultivar of Pfitzer Juniper,|Juniperus x media var. pfitzeriana forma aurea|,Cupressaceae,Juniperus,Shrub,4.9,Arnold Arboretum living collection (Arboretum Explorer)
Juniperus x media 'Pfitzeriana Compacta',Compact Pfitzer Juniper,|Juniperus chinensis 'Pfitzeriana Compacta'|Juniperus x media var. pfitzeriana forma compacta|,Cupressaceae,Juniperus,Shrub,,Arnold Arboretum living collection (Arboretum Explorer)
Juniperus x media 'Pfitzeriana Hetzii',Hetz Pfitzer Juniper,|Juniperus chinensis 'Pfitzeriana Hetzii'|,Cupressaceae,Juniperus,Shrub,7.9,Arnold Arboretum living collection (Arboretum Explorer)
Juniperus x media 'Pfitzeriana Hugh's',Hugh's Pfitzer Juniper,|Juniperus chinensis 'Pfitzeriana Hugh's'|,Cupressaceae,Juniperus,Shrub,,Arnold Arboretum living collection (Arboretum Explorer)
Juniperus x media 'Pfitzeriana Nelson',Nelson Pfitzer Juniper,|Juniperus chinensis 'Pfitzeriana Nelson'|,Cupressaceae,Juniperus,Shrub,,Arnold Arboretum living collection (Arboretum Explorer)
Juniperus x media 'Pfitzeriana',Pfitzer Juniper,|Juniperus x media var. pfitzeriana|Juniperus chinensis 'Pfitzeriana'|,Cupressaceae,Juniperus,Shrub,7.5,Arnold Arboretum living collection (Arboretum Explorer)
Juniperus x media 'Richeson',Richeson's Pfitzer Juniper,|Juniperus chinensis 'Richeson'|,Cupressaceae,Juniperus,Shrub,3.0,Arnold Arboretum living collection (Arboretum Explorer)
Juniperus x media 'Sea Green',Sea Green Pfitzer Juniper,|Juniperus chinensis 'Pfitzeriana Sea Green'|,Cupressaceae,Juniperus,Shrub,,Arnold Arboretum living collection (Arboretum Explorer)
Kalmia 'Rocky Top',,,Ericaceae,Kalmia,Shrub,,Arnold Arboretum living collection (Arboretum Explorer)
Kalmia angustifolia,Sheep Laurel,|Kalmia intermedia|,Ericaceae,Kalmia,Shrub,,Arnold Arboretum living collection (Arboretum Explorer)
Kalmia angustifolia 'Pumila',,,Ericaceae,Kalmia,Shrub,,Arnold Arboretum living collection (Arboretum Explorer)
Kalmia angustifolia var. angustifolia,Sheep Laurel,,Ericaceae,Kalmia,Shrub,,Arnold Arboretum living collection (Arboretum Explorer)
Kalmia angustifolia var. carolina,Carolina Bog Myrtle,|Kalmia carolina|,Ericaceae,Kalmia,Shrub,,Arnold Arboretum living collection (Arboretum Explorer)
Kalmia buxifolia,Sandmyrtle,|Leiophyllum buxifolium|Leiophyllum buxifolium var. prostratum|Leiophyllum lyoni|,Ericaceae,Kalmia,Shrub,,Arnold Arboretum living collection (Arboretum Explorer)
Kalmia cuneata,White Wicky,,Ericaceae,Kalmia,Shrub,,Arnold Arboretum living collection (Arboretum Explorer)
Kalmia latifolia,Mountain Laurel,,Ericaceae,Kalmia,Shrub,17.1,Arnold Arboretum living collection (Arboretum Explorer)
Kalmia latifolia 'Elf',Cultivar of Mountain Laurel,,Ericaceae,Kalmia,Shrub,,Arnold Arboretum living collection (Arboretum Explorer)
Kalmia latifolia 'Firecracker',Cultivar of Mountain Laurel,,Ericaceae,Kalmia,Shrub,2.6,Arnold Arboretum living collection (Arboretum Explorer)
Kalmia latifolia 'Fuscata',Banded Mountain Laurel,|Kalmia latifolia forma fuscata|,Ericaceae,Kalmia,Shrub,16.4,Arnold Arboretum living collection (Arboretum Explorer)
Kalmia latifolia 'Madeline',,,Ericaceae,Kalmia,Shrub,,Arnold Arboretum living collection (Arboretum Explorer)
Kalmia latifolia 'Nathan Hale',Cultivar of Mountain Laurel,,Ericaceae,Kalmia,Shrub,,Arnold Arboretum living collection (Arboretum Explorer)
Kalmia latifolia 'Obtusata',Hedge Mountain Laurel,|Kalmia latifolia forma obtusata|,Ericaceae,Kalmia,Shrub,,Arnold Arboretum living collection (Arboretum Explorer)
Kalmia latifolia 'Polypetala',Cultivar of Mountain Laurel,|Kalmia latifolia forma polypetala|,Ericaceae,Kalmia,Shrub,14.1,Arnold Arboretum living collection (Arboretum Explorer)
Kalmia latifolia 'Red Bud',Cultivar of Mountain Laurel,,Ericaceae,Kalmia,Shrub,5.2,Arnold Arboretum living collection (Arboretum Explorer)
Kalmia latifolia 'Shooting Star',Cultivar of Mountain Laurel,,Ericaceae,Kalmia,Shrub,,Arnold Arboretum living collection (Arboretum Explorer)
Kalmia latifolia 'Silver Dollar',Cultivar of Mountain Laurel,,Ericaceae,Kalmia,Shrub,11.2,Arnold Arboretum living collection (Arboretum Explorer)
Kalmia latifolia 'Twenty',Cultivar of Mountain Laurel,,Ericaceae,Kalmia,Shrub,8.2,Arnold Arboretum living collection (Arboretum Explorer)
Kalmia latifolia 'Willowcrest',Cultivar of Mountain Laurel,,Ericaceae,Kalmia,Shrub,,Arnold Arboretum living collection (Arboretum Explorer)
Kalmia latifolia forma rubra,Red Mountain Laurel,|Kalmia latifolia 'Rubra'|,Ericaceae,Kalmia,Shrub,17.1,Arnold Arboretum living collection (Arboretum Explorer)
Kalmia polifolia,Bog Laurel,,Ericaceae,Kalmia,Shrub,,Arnold Arboretum living collection (Arboretum Explorer)
Kalopanax septemlobus,Castor Aralia,|Kalopanax pictus|Kalopanax pictus var. maximowizcii|Kalopanax pictus var. pictus|Acanthopanax ricinifolius|Acanthopanax ricinifolium|Aralia maximowiczii|Acanthopanax septemlobus var. maximowiczii|,Araliaceae,Kalopanax,Tree,24.9,Arnold Arboretum living collection (Arboretum Explorer)
Kerria japonica,Japanese Kerria,,Rosaceae,Kerria,Shrub,5.6,Arnold Arboretum living collection (Arboretum Explorer)
Kerria japonica 'Golden Guinea',Cultivar of Japanese Kerria,,Rosaceae,Kerria,Shrub,,Arnold Arboretum living collection (Arboretum Explorer)
Kerria japonica 'Picta',White Edge Japanese Kerria,|Kerria japonica forma picta|,Rosaceae,Kerria,Shrub,,Arnold Arboretum living collection (Arboretum Explorer)
Kerria japonica 'Pleniflora',Double Japanese Kerria,|Kerria japonica forma pleniflora|,Rosaceae,Kerria,Shrub,,Arnold Arboretum living collection (Arboretum Explorer)
Kerria japonica 'Variegata',,,Rosaceae,Kerria,Shrub,,Arnold Arboretum living collection (Arboretum Explorer)
Koelreuteria paniculata,Golden Rain Tree,|Koelreuteria paniculata var. apiculata|Koelreuteria apiculata|,Sapindaceae,Koelreuteria,Tree,9.2,Arnold Arboretum living collection (Arboretum Explorer)
Koelreuteria paniculata 'Fastigiata',Cultivar of Golden Rain Tree,|Koelreuteria paniculata forma fastigiata|,Sapindaceae,Koelreuteria,Tree,,Arnold Arboretum living collection (Arboretum Explorer)
Koelreuteria paniculata 'Rose Lantern',Cultivar of Golden Rain Tree,,Sapindaceae,Koelreuteria,Tree,,Arnold Arboretum living collection (Arboretum Explorer)
Koelreuteria paniculata 'September' x Koelreuteria bipinnata,,,Sapindaceae,Koelreuteria,Tree,,Arnold Arboretum living collection (Arboretum Explorer)
Koelreuteria paniculata forma laciniata,,,Sapindaceae,Koelreuteria,Tree,16.8,Arnold Arboretum living collection (Arboretum Explorer)
Kolkwitzia amabilis,Beauty Bush,,Caprifoliaceae,Kolkwitzia,Shrub,12.8,Arnold Arboretum living collection (Arboretum Explorer)
Kolkwitzia amabilis 'Maradco',,,Caprifoliaceae,Kolkwitzia,Shrub,,Arnold Arboretum living collection (Arboretum Explorer)
Kolkwitzia amabilis 'Pink Cloud',Cultivar of Beauty Bush,,Caprifoliaceae,Kolkwitzia,Shrub,,Arnold Arboretum living collection (Arboretum Explorer)
Kolkwitzia amabilis 'Rosea',Cultivar of Beauty Bush,,Caprifoliaceae,Kolkwitzia,Shrub,7.5,Arnold Arboretum living collection (Arboretum Explorer)
Laburnum alpinum,Scots Laburnum,,Fabaceae,Laburnum,Intermediate (shrub/tree),11.8,Arnold Arboretum living collection (Arboretum Explorer)
Laburnum anagyroides,Goldenchain Tree,,Fabaceae,Laburnum,Intermediate (shrub/tree),,Arnold Arboretum living collection (Arboretum Explorer)
Laburnum anagyroides 'Serotinum',Autumn Goldenchain Tree,|Laburnum anagyroides forma semperflorens|,Fabaceae,Laburnum,Tree,,Arnold Arboretum living collection (Arboretum Explorer)
Laburnum anagyroides var. alschingeri,Alschinger Goldenchain Tree,,Fabaceae,Laburnum,Tree,,Arnold Arboretum living collection (Arboretum Explorer)
Laburnum x watereri,Waterer Laburnum,,Fabaceae,Laburnum,,,Arnold Arboretum living collection (Arboretum Explorer)
Laburnum x watereri 'Vossii',Cultivar of Waterer Laburnum,,Fabaceae,Laburnum,Tree,,Arnold Arboretum living collection (Arboretum Explorer)
Lagerstroemia 'Chickasaw',Dwarf Crape Myrtle,,Lythraceae,Lagerstroemia,Shrub,,Arnold Arboretum living collection (Arboretum Explorer)
Larix decidua 'Pendula',Weeping European Larch,|Larix decidua forma pendula|,Pinaceae,Larix,Tree,,Arnold Arboretum living collection (Arboretum Explorer)
Larix decidua var. decidua,European Larch,,Pinaceae,Larix,Tree,,Arnold Arboretum living collection (Arboretum Explorer)
Larix decidua var. polonica,Polish Larch,|Larix decidua ssp. polonica|Larix polonica|,Pinaceae,Larix,Tree,,Arnold Arboretum living collection (Arboretum Explorer)
Larix gmelinii var. japonica,Dahurian Larch,|Larix dahurica|Larix dahurica 'Japonica'|,Pinaceae,Larix,Tree,,Arnold Arboretum living collection (Arboretum Explorer)
Larix gmelinii var. olgensis,Olga Bay Larch,|Larix olgensis|,Pinaceae,Larix,Tree,,Arnold Arboretum living collection (Arboretum Explorer)
Larix gmelinii var. principis-rupprechtii,Prince Rupprecht Dahurian Larch,,Pinaceae,Larix,Tree,,Arnold Arboretum living collection (Arboretum Explorer)
Larix kaempferi,Japanese Larch,|Larix leptolepis|,Pinaceae,Larix,Tree,5.2,Arnold Arboretum living collection (Arboretum Explorer)
Larix kaempferi 'Pendula',Cultivar of Japanese Larch,,Pinaceae,Larix,Tree,3.9,Arnold Arboretum living collection (Arboretum Explorer)
Larix laricina,Tamarack,,Pinaceae,Larix,Tree,6.6,Arnold Arboretum living collection (Arboretum Explorer)
Larix laricina 'Blue Sparkler',Cultivar of Tamarack,,Pinaceae,Larix,Tree,,Arnold Arboretum living collection (Arboretum Explorer)
Larix occidentalis,Western Larch,,Pinaceae,Larix,Tree,4.6,Arnold Arboretum living collection (Arboretum Explorer)
Larix sibirica,Siberian Larch,|Larix russica|,Pinaceae,Larix,Tree,,Arnold Arboretum living collection (Arboretum Explorer)
Larix sp.,,,Pinaceae,Larix,Tree,,Arnold Arboretum living collection (Arboretum Explorer)
Larix x marschlinsii,Dunkeld Larch,|Larix x henryana|Larix x eurolepis|,Pinaceae,Larix,Tree,,Arnold Arboretum living collection (Arboretum Explorer)
Lavandula angustifolia,English Lavender,|Lavandula officinalis|Lavandula spica|,Lamiaceae,Lavandula,Shrub,1.6,Arnold Arboretum living collection (Arboretum Explorer)
Ledum groenlandicum 'Compactum',Cultivar of Labrador Tea Ledum,,Ericaceae,Ledum,Shrub,,Arnold Arboretum living collection (Arboretum Explorer)
Ledum nipponicum,,,Ericaceae,Ledum,,,Arnold Arboretum living collection (Arboretum Explorer)
Ledum palustre var. dilatatum,Broad Leaf Ledum,,Ericaceae,Ledum,Shrub,,Arnold Arboretum living collection (Arboretum Explorer)
Ledum palustre var. diversipilosum,Variety of Crystal Tea Ledum,,Ericaceae,Ledum,Shrub,,Arnold Arboretum living collection (Arboretum Explorer)
Leitneria floridana,Florida Corkwood,,Simaroubaceae,Leitneria,Intermediate (shrub/tree),13.8,Arnold Arboretum living collection (Arboretum Explorer)
Leptodermis oblonga,,,Rubiaceae,Leptodermis,Shrub,,Arnold Arboretum living collection (Arboretum Explorer)
Leptopus chinensis,,|Andrachne colchica|Andrachne colchica|,Euphorbiaceae,Leptopus,Shrub,3.6,Arnold Arboretum living collection (Arboretum Explorer)
Lespedeza 'Avalanche',Cultivar of Bush Clover,,Fabaceae,Lespedeza,Shrub,,Arnold Arboretum living collection (Arboretum Explorer)
Lespedeza bicolor,Two-Colored Bushclover,,Fabaceae,Lespedeza,Shrub,7.0,Arnold Arboretum living collection (Arboretum Explorer)
Lespedeza bicolor 'Alba',,,Fabaceae,Lespedeza,Shrub,,Arnold Arboretum living collection (Arboretum Explorer)
Lespedeza bicolor 'Natob',Cultivar of Shrub Bushclover,,Fabaceae,Lespedeza,Shrub,9.8,Arnold Arboretum living collection (Arboretum Explorer)
Lespedeza cyrtobotrya,,,Fabaceae,Lespedeza,Shrub,,Arnold Arboretum living collection (Arboretum Explorer)
Lespedeza davidii,,,Fabaceae,Lespedeza,Shrub,,Arnold Arboretum living collection (Arboretum Explorer)
Lespedeza floribunda,,,Fabaceae,Lespedeza,Shrub,,Arnold Arboretum living collection (Arboretum Explorer)
Lespedeza homoloba,,,Fabaceae,Lespedeza,Shrub,,Arnold Arboretum living collection (Arboretum Explorer)
Lespedeza maximowiczii,Maximowicz Bushclover,,Fabaceae,Lespedeza,Shrub,6.6,Arnold Arboretum living collection (Arboretum Explorer)
Lespedeza thunbergii,Thunberg's Bushclover,,Fabaceae,Lespedeza,Shrub,,Arnold Arboretum living collection (Arboretum Explorer)
Lespedeza thunbergii 'Albiflora',Cultivar of Purple Bushclover,,Fabaceae,Lespedeza,Shrub,,Arnold Arboretum living collection (Arboretum Explorer)
Lespedeza thunbergii ssp. formosa,,|Lespedeza japonica|Lespedeza formosa|Lespedeza japonica var. japonica|Lespedeza sieboldii|,Fabaceae,Lespedeza,Shrub,,Arnold Arboretum living collection (Arboretum Explorer)
Lespedeza tomentosa,,,Fabaceae,Lespedeza,Shrub,,Arnold Arboretum living collection (Arboretum Explorer)
Lespedeza x angustifolioides,,,Fabaceae,Lespedeza,Shrub,,Arnold Arboretum living collection (Arboretum Explorer)
Leucosceptrum stellipilum,,,Lamiaceae,Leucosceptrum,Shrub,2.0,Arnold Arboretum living collection (Arboretum Explorer)
Leucothoe axillaris,Coast Leucothoe,,Ericaceae,Leucothoe,Shrub,4.9,Arnold Arboretum living collection (Arboretum Explorer)
Leucothoe fontanesiana,Drooping Leucothoe,|Leucothoe catesbaei|Leucothoe axillaris var. editorum|,Ericaceae,Leucothoe,Shrub,4.9,Arnold Arboretum living collection (Arboretum Explorer)
Leucothoe fontanesiana 'Girard's Rainbow',,|Leucothoe fontanesiana 'Rainbow'|,Ericaceae,Leucothoe,Shrub,,Arnold Arboretum living collection (Arboretum Explorer)
Leucothoe fontanesiana 'Nana',Cultivar of Drooping Leucothoe,,Ericaceae,Leucothoe,Shrub,,Arnold Arboretum living collection (Arboretum Explorer)
Leucothoe fontanesiana 'Trivar',Cultivar of Drooping Leucothoe,,Ericaceae,Leucothoe,Shrub,,Arnold Arboretum living collection (Arboretum Explorer)
Leucothoe sp.,,,Ericaceae,Leucothoe,Shrub,,Arnold Arboretum living collection (Arboretum Explorer)
Leycesteria formosa,,,Caprifoliaceae,Leycesteria,Shrub,3.3,Arnold Arboretum living collection (Arboretum Explorer)
Liatris compacta,Arkansas Gayfeather,,Asteraceae,Liatris,Herbaceous,1.0,Arnold Arboretum living collection (Arboretum Explorer)
Liatris scariosa var. novaeangliae,New England Blazing Star,|Liatris novaeangliae|,Asteraceae,Liatris,Herbaceous,,Arnold Arboretum living collection (Arboretum Explorer)
Ligularia dentata,,,Asteraceae,Ligularia,Herbaceous,,Arnold Arboretum living collection (Arboretum Explorer)
Ligustrum amurense,Amur Privet,,Oleaceae,Ligustrum,Shrub,10.5,Arnold Arboretum living collection (Arboretum Explorer)
Ligustrum compactum,,|Ligustrum chenaultii|,Oleaceae,Ligustrum,Intermediate (shrub/tree),13.8,Arnold Arboretum living collection (Arboretum Explorer)
Ligustrum foliosum,,,Oleaceae,Ligustrum,Shrub,11.8,Arnold Arboretum living collection (Arboretum Explorer)
Ligustrum ibota,Ibota Privet,|Ligustrum ciliatum|,Oleaceae,Ligustrum,Shrub,17.1,Arnold Arboretum living collection (Arboretum Explorer)
Ligustrum japonicum,,,Oleaceae,Ligustrum,Intermediate (shrub/tree),,Arnold Arboretum living collection (Arboretum Explorer)
Ligustrum leucanthum,,|Ligustrum acutissimum|,Oleaceae,Ligustrum,Shrub,19.7,Arnold Arboretum living collection (Arboretum Explorer)
Ligustrum lindleyi,,|Ligustrum massalongianum|,Oleaceae,Ligustrum,Shrub,7.9,Arnold Arboretum living collection (Arboretum Explorer)
Ligustrum obtusifolium,Border Privet,|Ligustrum ibota var. obovata|,Oleaceae,Ligustrum,Shrub,19.7,Arnold Arboretum living collection (Arboretum Explorer)
Ligustrum obtusifolium var. regelianum,Regel's Privet,,Oleaceae,Ligustrum,Shrub,13.8,Arnold Arboretum living collection (Arboretum Explorer)
Ligustrum ovalifolium,California Privet,,Oleaceae,Ligustrum,Tree,18.0,Arnold Arboretum living collection (Arboretum Explorer)
Ligustrum quihoui,Quihou Privet,,Oleaceae,Ligustrum,Shrub,,Arnold Arboretum living collection (Arboretum Explorer)
Ligustrum salicinum,,,Oleaceae,Ligustrum,Tree,14.1,Arnold Arboretum living collection (Arboretum Explorer)
Ligustrum sinense,Chinese Privet,,Oleaceae,Ligustrum,Intermediate (shrub/tree),7.7,Arnold Arboretum living collection (Arboretum Explorer)
Ligustrum sp.,,,Oleaceae,Ligustrum,Shrub,,Arnold Arboretum living collection (Arboretum Explorer)
Ligustrum tschonoskii,Sharpleaf Privet,|Ligustrum acuminatum|Ligustrum ciliatum|,Oleaceae,Ligustrum,Shrub,13.8,Arnold Arboretum living collection (Arboretum Explorer)
Ligustrum tschonoskii var. macrocarpum,Bigberry Privet,|Ligustrum acuminatum var. macrocarpum|,Oleaceae,Ligustrum,Shrub,,Arnold Arboretum living collection (Arboretum Explorer)
Ligustrum vulgare,European Privet,|Ligustrum angustifolium|Ligustrum insulare|Ligustrum vulgare var. insulense|Ligustrum vulgare 'Insulense'|,Oleaceae,Ligustrum,Shrub,13.1,Arnold Arboretum living collection (Arboretum Explorer)
Ligustrum vulgare 'Cheyenne',Cultivar of European Privet,,Oleaceae,Ligustrum,Shrub,,Arnold Arboretum living collection (Arboretum Explorer)
Ligustrum vulgare 'Lodense',Cultivar of European Privet,|Ligustrum vulgare forma nanum|,Oleaceae,Ligustrum,Shrub,,Arnold Arboretum living collection (Arboretum Explorer)
Ligustrum vulgare 'Pyramidale',Cultivar of European Privet,|Ligustrum vulgare forma pyramidale|,Oleaceae,Ligustrum,Shrub,,Arnold Arboretum living collection (Arboretum Explorer)
Ligustrum vulgare var. italicum,Form of European Privet,,Oleaceae,Ligustrum,Shrub,9.5,Arnold Arboretum living collection (Arboretum Explorer)
Ligustrum x ibolium,Ibolium Privet,,Oleaceae,Ligustrum,Shrub,11.2,Arnold Arboretum living collection (Arboretum Explorer)
Ligustrum x vicaryi,Vicary Golden Privet,,Oleaceae,Ligustrum,Shrub,,Arnold Arboretum living collection (Arboretum Explorer)
Lilium henryi,Henry's Lily,,Liliaceae,Lilium,Herbaceous,,Arnold Arboretum living collection (Arboretum Explorer)
Lilium leucanthum,Chinese White Lily,,Liliaceae,Lilium,Herbaceous,3.6,Arnold Arboretum living collection (Arboretum Explorer)
Lilium regale,Royal Lily,,Liliaceae,Lilium,Geophyte,1.3,Arnold Arboretum living collection (Arboretum Explorer)
Lilium superbum,Turk's Cap Lily,,Liliaceae,Lilium,Herbaceous,7.5,Arnold Arboretum living collection (Arboretum Explorer)
Lindera angustifolia,Narrowleaf Spicebush,,Lauraceae,Lindera,Intermediate (shrub/tree),8.2,Arnold Arboretum living collection (Arboretum Explorer)
Lindera benzoin,Common Spicebush,|Lindera benzoin var. pubescens|,Lauraceae,Lindera,Shrub,13.8,Arnold Arboretum living collection (Arboretum Explorer)
Lindera benzoin forma rubra,Red Flowered Common Spicebush,,Lauraceae,Lindera,Shrub,5.6,Arnold Arboretum living collection (Arboretum Explorer)
Lindera benzoin forma xanthocarpa,,|Lindera benzoin var. benzoin 'Xanthocarpa'|,Lauraceae,Lindera,Shrub,,Arnold Arboretum living collection (Arboretum Explorer)
Lindera benzoin var. benzoin,Common Spicebush,,Lauraceae,Lindera,Shrub,7.5,Arnold Arboretum living collection (Arboretum Explorer)
Lindera erythrocarpa,,,Lauraceae,Lindera,Intermediate (shrub/tree),13.0,Arnold Arboretum living collection (Arboretum Explorer)
Lindera glauca,,,Lauraceae,Lindera,Intermediate (shrub/tree),7.2,Arnold Arboretum living collection (Arboretum Explorer)
Lindera obtusiloba,Japanese Spicebush,,Lauraceae,Lindera,Intermediate (shrub/tree),16.4,Arnold Arboretum living collection (Arboretum Explorer)
Lindera obtusiloba var. obtusiloba,Japanese Spicebush,,Lauraceae,Lindera,Intermediate (shrub/tree),8.2,Arnold Arboretum living collection (Arboretum Explorer)
Lindera praecox,February Spicebush,|Parabenzoin praecox|,Lauraceae,Lindera,Shrub,13.1,Arnold Arboretum living collection (Arboretum Explorer)
Lindera salicifolia,,,Lauraceae,Lindera,Shrub,,Arnold Arboretum living collection (Arboretum Explorer)
Lindera umbellata,,,Lauraceae,Lindera,Shrub,6.9,Arnold Arboretum living collection (Arboretum Explorer)
Linnaea borealis ssp. americana,American Twinflower,,Caprifoliaceae,Linnaea,Shrub,0.2,Arnold Arboretum living collection (Arboretum Explorer)
Liquidambar acalycina,,,Altingiaceae,Liquidambar,Tree,6.6,Arnold Arboretum living collection (Arboretum Explorer)
Liquidambar formosana,CHINESE SWEET GUM,,Altingiaceae,Liquidambar,Tree,8.0,Arnold Arboretum living collection (Arboretum Explorer)
Liquidambar orientalis,,,Altingiaceae,Liquidambar,Intermediate (shrub/tree),6.5,Arnold Arboretum living collection (Arboretum Explorer)
Liquidambar sp.,,,Altingiaceae,Liquidambar,Tree,3.3,Arnold Arboretum living collection (Arboretum Explorer)
Liquidambar styraciflua,American Sweet Gum,,Altingiaceae,Liquidambar,Tree,13.1,Arnold Arboretum living collection (Arboretum Explorer)
Liquidambar styraciflua 'Aurea',Cultivar of American Sweetgum,|Liquidambar styraciflua var. aurea|,Altingiaceae,Liquidambar,Tree,,Arnold Arboretum living collection (Arboretum Explorer)
Liquidambar styraciflua 'Lane Roberts',Cultivar of American Sweetgum,|Liquidambar styraciflua 'Roberts'|,Altingiaceae,Liquidambar,Tree,,Arnold Arboretum living collection (Arboretum Explorer)
Liriodendron chinense,Chinese Tulip Tree,,Magnoliaceae,Liriodendron,Tree,,Arnold Arboretum living collection (Arboretum Explorer)
Liriodendron tulipifera,Tulip Tree,,Magnoliaceae,Liriodendron,Tree,,Arnold Arboretum living collection (Arboretum Explorer)
Liriodendron tulipifera 'Aureomarginatum',Cultivar of Tulip Tree,|Liriodendron tulipifera 'Aureomarginatum'|,Magnoliaceae,Liriodendron,Tree,,Arnold Arboretum living collection (Arboretum Explorer)
Liriodendron tulipifera 'Contorta',Cultivar of Yellow-Poplar,,Magnoliaceae,Liriodendron,Tree,5.5,Arnold Arboretum living collection (Arboretum Explorer)
Liriodendron tulipifera 'Fastigiatum',Cultivar of Yellow-Poplar,|Liriodendron tulipifera forma fastigiatum|Liriodendron tulipifera 'Arnold'|,Magnoliaceae,Liriodendron,Tree,,Arnold Arboretum living collection (Arboretum Explorer)
Liriodendron x sinoamericanum,,|Liriodendron tulipifera x chinense|Liriodendron x sino-americanum|,Magnoliaceae,Liriodendron,Tree,,Arnold Arboretum living collection (Arboretum Explorer)
Liriope muscari,Lilyturf,|Liriope muscari var. communis|,Asparagaceae,Liriope,Herbaceous,3.6,Arnold Arboretum living collection (Arboretum Explorer)
Liriope muscari 'Peter's Pick',Cultivar of Lilyturf,,Asparagaceae,Liriope,Herbaceous,1.0,Arnold Arboretum living collection (Arboretum Explorer)
Liriope spicata,Creeping Lilyturf,,Asparagaceae,Liriope,Herbaceous,,Arnold Arboretum living collection (Arboretum Explorer)
Lithocarpus henryi,,,Fagaceae,Lithocarpus,Tree,6.6,Arnold Arboretum living collection (Arboretum Explorer)
Lonicera alpigena,Alpine Honeysuckle,,Caprifoliaceae,Lonicera,Shrub,,Arnold Arboretum living collection (Arboretum Explorer)
Lonicera alpigena forma nana,Dwarf Alps Honeysuckle,,Caprifoliaceae,Lonicera,Shrub,6.2,Arnold Arboretum living collection (Arboretum Explorer)
Lonicera altmannii var. pilosiuscula,,,Caprifoliaceae,Lonicera,Shrub,,Arnold Arboretum living collection (Arboretum Explorer)
Lonicera bracteolaris,,,Caprifoliaceae,Lonicera,Shrub,8.2,Arnold Arboretum living collection (Arboretum Explorer)
Lonicera buschiorum,,,Caprifoliaceae,Lonicera,Shrub,,Arnold Arboretum living collection (Arboretum Explorer)
Lonicera caerulea,,|Lonicera coerulea|,Caprifoliaceae,Lonicera,Shrub,,Arnold Arboretum living collection (Arboretum Explorer)
Lonicera caerulea var. altaica,Variety of Sweetberry Honeysuckle,,Caprifoliaceae,Lonicera,Shrub,5.9,Arnold Arboretum living collection (Arboretum Explorer)
Lonicera caerulea var. dependens,Variety of Sweetberry Honeysuckle,|Lonicera stenantha|Lonicera caerulea forma graciliflora|,Caprifoliaceae,Lonicera,Shrub,,Arnold Arboretum living collection (Arboretum Explorer)
Lonicera caerulea var. edulis,Variety of Sweetberry Honeysuckle,,Caprifoliaceae,Lonicera,Shrub,6.9,Arnold Arboretum living collection (Arboretum Explorer)
Lonicera canadensis,American Honeysuckle,,Caprifoliaceae,Lonicera,Shrub,3.3,Arnold Arboretum living collection (Arboretum Explorer)
Lonicera chrysantha,Coralline Honeysuckle,,Caprifoliaceae,Lonicera,Shrub,10.5,Arnold Arboretum living collection (Arboretum Explorer)
Lonicera chrysantha forma regeliana,,,Caprifoliaceae,Lonicera,Shrub,23.0,Arnold Arboretum living collection (Arboretum Explorer)
Lonicera chrysantha forma villosa,Variety of Coralline Honeysuckle,,Caprifoliaceae,Lonicera,Shrub,2.0,Arnold Arboretum living collection (Arboretum Explorer)
Lonicera chrysantha var. longipes,Variety of Coralline Honeysuckle,,Caprifoliaceae,Lonicera,Shrub,6.2,Arnold Arboretum living collection (Arboretum Explorer)
Lonicera cytisoides,,,Caprifoliaceae,Lonicera,Shrub,,Arnold Arboretum living collection (Arboretum Explorer)
Lonicera deflexicalyx,,|Lonicera trichosantha var. deflexicalyx|,Caprifoliaceae,Lonicera,Shrub,19.7,Arnold Arboretum living collection (Arboretum Explorer)
Lonicera demissa,,,Caprifoliaceae,Lonicera,Shrub,6.6,Arnold Arboretum living collection (Arboretum Explorer)
Lonicera dioica,Wild Honeysuckle,,Caprifoliaceae,Lonicera,Shrub,,Arnold Arboretum living collection (Arboretum Explorer)
Lonicera etrusca,Etruscan Honeysuckle,|Lonicera dimorpha|,Caprifoliaceae,Lonicera,Vine,,Arnold Arboretum living collection (Arboretum Explorer)
Lonicera ferdinandi,Ferdinand Honeysuckle,|Lonicera ferdinandi var. leycesterioides|Lonicera ferdinandi var. induta|,Caprifoliaceae,Lonicera,Shrub,17.2,Arnold Arboretum living collection (Arboretum Explorer)
Lonicera floribunda,,,Caprifoliaceae,Lonicera,Shrub,7.5,Arnold Arboretum living collection (Arboretum Explorer)
Lonicera fragrantissima,Winter Honeysuckle,|Lonicera standishii|,Caprifoliaceae,Lonicera,Shrub,,Arnold Arboretum living collection (Arboretum Explorer)
Lonicera graebneri,,,Caprifoliaceae,Lonicera,Shrub,17.1,Arnold Arboretum living collection (Arboretum Explorer)
Lonicera gynochlamydea,,,Caprifoliaceae,Lonicera,Shrub,13.8,Arnold Arboretum living collection (Arboretum Explorer)
Lonicera hemsleyana,,,Caprifoliaceae,Lonicera,Shrub,,Arnold Arboretum living collection (Arboretum Explorer)
Lonicera henryi,Henry Honeysuckle,,Caprifoliaceae,Lonicera,Vine,4.3,Arnold Arboretum living collection (Arboretum Explorer)
Lonicera heteroloba,,,Caprifoliaceae,Lonicera,Shrub,12.3,Arnold Arboretum living collection (Arboretum Explorer)
Lonicera iberica,,,Caprifoliaceae,Lonicera,Shrub,7.5,Arnold Arboretum living collection (Arboretum Explorer)
Lonicera involucrata,Bearberry Honeysuckle,|Lonicera involucrata var. flavescens|,Caprifoliaceae,Lonicera,Shrub,,Arnold Arboretum living collection (Arboretum Explorer)
Lonicera japonica 'Aureo-reticulata',Yellownet Honeysuckle,|Lonicera japonica forma aureo-reticulata|,Caprifoliaceae,Lonicera,Shrub,,Arnold Arboretum living collection (Arboretum Explorer)
Lonicera japonica var. japonica,,|Lonicera japonica var. repens|,Caprifoliaceae,Lonicera,Shrub,,Arnold Arboretum living collection (Arboretum Explorer)
Lonicera kamtschatica 'Blue Belle',Cultivar of Honeysuckle,,Caprifoliaceae,Lonicera,Shrub,,Arnold Arboretum living collection (Arboretum Explorer)
Lonicera kamtschatica 'Blue Velvet',Cultivar of Honeysuckle,,Caprifoliaceae,Lonicera,Shrub,,Arnold Arboretum living collection (Arboretum Explorer)
Lonicera koehneana,Koehne Honeysuckle,,Caprifoliaceae,Lonicera,Shrub,9.8,Arnold Arboretum living collection (Arboretum Explorer)
Lonicera korolkowii,Blueleaf Honeysuckle,,Caprifoliaceae,Lonicera,Shrub,17.6,Arnold Arboretum living collection (Arboretum Explorer)
Lonicera korolkowii var. aurora,Variety of Blueleaf Honeysuckle,,Caprifoliaceae,Lonicera,Shrub,6.4,Arnold Arboretum living collection (Arboretum Explorer)
Lonicera ligustrina cf. var. yunnanensis,,|Lonicera cf. nitida|,Caprifoliaceae,Lonicera,Shrub,,Arnold Arboretum living collection (Arboretum Explorer)
Lonicera ligustrina var. yunnanensis,,|Lonicera pileata forma yunnanensis|Lonicera nitida|,Caprifoliaceae,Lonicera,Shrub,1.3,Arnold Arboretum living collection (Arboretum Explorer)
Lonicera maackii,Amur Honeysuckle,,Caprifoliaceae,Lonicera,Shrub,24.0,Arnold Arboretum living collection (Arboretum Explorer)
Lonicera maackii var. podocarpa,Late Honeysuckle,,Caprifoliaceae,Lonicera,Shrub,19.7,Arnold Arboretum living collection (Arboretum Explorer)
Lonicera maximowiczii,Maximowicz Honeysuckle,,Caprifoliaceae,Lonicera,Shrub,,Arnold Arboretum living collection (Arboretum Explorer)
Lonicera maximowiczii var. sachalinensis,Sakhalin Honeysuckle,,Caprifoliaceae,Lonicera,Shrub,9.2,Arnold Arboretum living collection (Arboretum Explorer)
Lonicera microphylla,Littleleaf Honeysuckle,,Caprifoliaceae,Lonicera,Shrub,,Arnold Arboretum living collection (Arboretum Explorer)
Lonicera modesta var. lushanensis,,,Caprifoliaceae,Lonicera,Shrub,,Arnold Arboretum living collection (Arboretum Explorer)
Lonicera morrowii,Morrow Honeysuckle,|Lonicera insularis|,Caprifoliaceae,Lonicera,Shrub,11.5,Arnold Arboretum living collection (Arboretum Explorer)
Lonicera morrowii var. xanthocarpa,Yellowfruit Morrow Honeysuckle,,Caprifoliaceae,Lonicera,Shrub,8.5,Arnold Arboretum living collection (Arboretum Explorer)
Lonicera nervosa,,,Caprifoliaceae,Lonicera,Shrub,5.2,Arnold Arboretum living collection (Arboretum Explorer)
Lonicera nigra,,,Caprifoliaceae,Lonicera,Shrub,,Arnold Arboretum living collection (Arboretum Explorer)
Lonicera nitida 'Elegantissima',,,Caprifoliaceae,Lonicera,Vine,,Arnold Arboretum living collection (Arboretum Explorer)
Lonicera nummulariifolia,,|Lonicera arborea var. persica|,Caprifoliaceae,Lonicera,Shrub,,Arnold Arboretum living collection (Arboretum Explorer)
Lonicera oblongifolia,Swamp honeysuckle,,Caprifoliaceae,Lonicera,Shrub,,Arnold Arboretum living collection (Arboretum Explorer)
Lonicera orientalis var. caucasica,Variety of Buckthorn Honeysuckle,|Lonicera caucasica|,Caprifoliaceae,Lonicera,Shrub,7.9,Arnold Arboretum living collection (Arboretum Explorer)
Lonicera orientalis var. longifolia,Variety of Buckthorn Honeysuckle,,Caprifoliaceae,Lonicera,Shrub,4.9,Arnold Arboretum living collection (Arboretum Explorer)
Lonicera periclymenum,Woodbine Honeysuckle,,Caprifoliaceae,Lonicera,Vine,,Arnold Arboretum living collection (Arboretum Explorer)
Lonicera periclymenum 'Graham Thomas',Cultivar of Woodbine Honeysuckle,,Caprifoliaceae,Lonicera,Shrub,,Arnold Arboretum living collection (Arboretum Explorer)
Lonicera pileata,Privet Honeysuckle,|Lonicera ligustrina var. pileata|,Caprifoliaceae,Lonicera,Shrub,1.0,Arnold Arboretum living collection (Arboretum Explorer)
Lonicera praeflorens,,,Caprifoliaceae,Lonicera,Shrub,8.2,Arnold Arboretum living collection (Arboretum Explorer)
Lonicera quinquelocularis,Mistletoe Honeysuckle,,Caprifoliaceae,Lonicera,Shrub,11.2,Arnold Arboretum living collection (Arboretum Explorer)
Lonicera ramosissima,,,Caprifoliaceae,Lonicera,Shrub,10.5,Arnold Arboretum living collection (Arboretum Explorer)
Lonicera rupicola var. syringantha,,|Lonicera syringantha|Lonicera syringantha var. wolfii|,Caprifoliaceae,Lonicera,Shrub,,Arnold Arboretum living collection (Arboretum Explorer)
Lonicera ruprechtiana,Manchurian Honeysuckle,,Caprifoliaceae,Lonicera,Shrub,20.3,Arnold Arboretum living collection (Arboretum Explorer)
Lonicera ruprechtiana var. calvescens,,,Caprifoliaceae,Lonicera,Shrub,6.6,Arnold Arboretum living collection (Arboretum Explorer)
Lonicera sempervirens,Trumpet Honeysuckle,,Caprifoliaceae,Lonicera,Vine,,Arnold Arboretum living collection (Arboretum Explorer)
Lonicera sempervirens 'Magnifica',Cultivar of Trumpet Honeysuckle,,Caprifoliaceae,Lonicera,Vine,,Arnold Arboretum living collection (Arboretum Explorer)
Lonicera similis,,,Caprifoliaceae,Lonicera,Shrub,0.7,Arnold Arboretum living collection (Arboretum Explorer)
Lonicera sovetkiniae,,,Caprifoliaceae,Lonicera,Shrub,,Arnold Arboretum living collection (Arboretum Explorer)
Lonicera standishii,Standish Honeysuckle,,Caprifoliaceae,Lonicera,Shrub,8.2,Arnold Arboretum living collection (Arboretum Explorer)
Lonicera standishii 'Rosea',Cultivar of Standish Honeysuckle,,Caprifoliaceae,Lonicera,Shrub,13.1,Arnold Arboretum living collection (Arboretum Explorer)
Lonicera standishii forma lancifolia,Narrowleaf Standish Honeysuckle,|Lonicera standishii forma lanceifolia|Lonicera standishii var. lancifolia|,Caprifoliaceae,Lonicera,Shrub,7.2,Arnold Arboretum living collection (Arboretum Explorer)
Lonicera steveniana,,,Caprifoliaceae,Lonicera,Shrub,5.6,Arnold Arboretum living collection (Arboretum Explorer)
Lonicera subsessilis,,,Caprifoliaceae,Lonicera,Shrub,13.1,Arnold Arboretum living collection (Arboretum Explorer)
Lonicera tatarica,Tatarian Honeysuckle,,Caprifoliaceae,Lonicera,Shrub,7.2,Arnold Arboretum living collection (Arboretum Explorer)
Lonicera tatarica 'Alba',,|Lonicera tatarica forma alba|,Caprifoliaceae,Lonicera,Shrub,,Arnold Arboretum living collection (Arboretum Explorer)
Lonicera tatarica 'Angustifolia',,|Lonicera tatarica forma angustifolia|,Caprifoliaceae,Lonicera,Shrub,7.9,Arnold Arboretum living collection (Arboretum Explorer)
Lonicera tatarica 'Arnold Red',Cultivar of Tatarian Honeysuckle,,Caprifoliaceae,Lonicera,Shrub,13.9,Arnold Arboretum living collection (Arboretum Explorer)
Lonicera tatarica 'Elegans',Cultivar of Tatarian Honeysuckle,|Lonicera tatarica forma elegans|,Caprifoliaceae,Lonicera,Shrub,16.4,Arnold Arboretum living collection (Arboretum Explorer)
Lonicera tatarica 'Fenzlii',Cultivar of Lonicera,|Lonicera tatarica forma fenzlii|,Caprifoliaceae,Lonicera,Shrub,,Arnold Arboretum living collection (Arboretum Explorer)
Lonicera tatarica 'Louis Leroy',,|Lonicera tatarica forma leroyana|,Caprifoliaceae,Lonicera,Shrub,,Arnold Arboretum living collection (Arboretum Explorer)
Lonicera tatarica 'Lutea',,|Lonicera tatarica forma lutea|,Caprifoliaceae,Lonicera,,,Arnold Arboretum living collection (Arboretum Explorer)
Lonicera tatarica 'Nana',,|Lonicera tatarica forma nana|,Caprifoliaceae,Lonicera,Shrub,,Arnold Arboretum living collection (Arboretum Explorer)
Lonicera tatarica 'Sibirica',Cultivar of Tatarian Honeysuckle,|Lonicera tatarica forma sibirica|,Caprifoliaceae,Lonicera,Shrub,12.8,Arnold Arboretum living collection (Arboretum Explorer)
Lonicera tatarica forma roseo-alba,Form of Tatarian Honeysuckle,|Lonicera tatarica 'Roseo-Alba'|,Caprifoliaceae,Lonicera,Shrub,14.8,Arnold Arboretum living collection (Arboretum Explorer)
Lonicera tatarica var. pallens,Variety of Tatarian Honeysuckle,,Caprifoliaceae,Lonicera,Shrub,5.9,Arnold Arboretum living collection (Arboretum Explorer)
Lonicera tatarinowii,,,Caprifoliaceae,Lonicera,Shrub,,Arnold Arboretum living collection (Arboretum Explorer)
Lonicera tatsienensis,,,Caprifoliaceae,Lonicera,Shrub,6.6,Arnold Arboretum living collection (Arboretum Explorer)
Lonicera vesicaria,,,Caprifoliaceae,Lonicera,Shrub,7.5,Arnold Arboretum living collection (Arboretum Explorer)
Lonicera webbiana,Webb Honeysuckle,|Lonicera heterophylla|Lonicera karelinii|Lonicera mupinensis|Lonicera heterophylla var. karelinii|Lonicera karelini|,Caprifoliaceae,Lonicera,Shrub,5.6,Arnold Arboretum living collection (Arboretum Explorer)
Lonicera x amoena,Gotha Honeysuckle,,Caprifoliaceae,Lonicera,Shrub,13.1,Arnold Arboretum living collection (Arboretum Explorer)
Lonicera x bella,Belle Honeysuckle,,Caprifoliaceae,Lonicera,Shrub,13.1,Arnold Arboretum living collection (Arboretum Explorer)
Lonicera x bella 'Atrorosea',,|Lonicera x bella forma atrorosea|,Caprifoliaceae,Lonicera,Shrub,18.0,Arnold Arboretum living collection (Arboretum Explorer)
Lonicera x bella 'Candida',Cultivar of Belle Honeysuckle,,Caprifoliaceae,Lonicera,Shrub,13.1,Arnold Arboretum living collection (Arboretum Explorer)
Lonicera x heckrottii 'Goldflame',Cultivar of Everblooming Honeysuckle,|Lonicera x heckrottii 'Gold Flame'|,Caprifoliaceae,Lonicera,Shrub,,Arnold Arboretum living collection (Arboretum Explorer)
Lonicera x minutiflora,Bunchberry Honeysuckle,,Caprifoliaceae,Lonicera,Shrub,16.4,Arnold Arboretum living collection (Arboretum Explorer)
Lonicera x muendeniensis,Muenden Honeysuckle,,Caprifoliaceae,Lonicera,Shrub,13.8,Arnold Arboretum living collection (Arboretum Explorer)
Lonicera x muscaviensis,Muscavy Honeysuckle,,Caprifoliaceae,Lonicera,Shrub,11.8,Arnold Arboretum living collection (Arboretum Explorer)
Lonicera x notha,Rutarian Honeysuckle,,Caprifoliaceae,Lonicera,Shrub,,Arnold Arboretum living collection (Arboretum Explorer)
Lonicera x notha 'Alba',Cultivar of Rutarian Honeysuckle,,Caprifoliaceae,Lonicera,Shrub,13.1,Arnold Arboretum living collection (Arboretum Explorer)
Lonicera x notha 'Carnea',Cultivar of Rutarian Honeysuckle,,Caprifoliaceae,Lonicera,Shrub,8.2,Arnold Arboretum living collection (Arboretum Explorer)
Lonicera x notha 'Carneo-rosea',Cultivar of Rutarian Honeysuckle,,Caprifoliaceae,Lonicera,Shrub,20.0,Arnold Arboretum living collection (Arboretum Explorer)
Lonicera x purpusii,Purpus Honeysuckle,,Caprifoliaceae,Lonicera,Shrub,9.2,Arnold Arboretum living collection (Arboretum Explorer)
Lonicera x salicifolia,Willowleaf Honeysuckle,,Caprifoliaceae,Lonicera,Shrub,6.9,Arnold Arboretum living collection (Arboretum Explorer)
Lonicera x xylosteoides,Vienna Honeysuckle,,Caprifoliaceae,Lonicera,Shrub,,Arnold Arboretum living collection (Arboretum Explorer)
Lonicera xylosteum,European Fly Honeysuckle,,Caprifoliaceae,Lonicera,Shrub,5.9,Arnold Arboretum living collection (Arboretum Explorer)
Lonicera xylosteum 'Claveyi',Cultivar of European Fly Honeysuckle,|Lonicera clayvei|,Caprifoliaceae,Lonicera,Shrub,7.1,Arnold Arboretum living collection (Arboretum Explorer)
Lonicera xylosteum 'Nana',Variety of European Fly Honeysuckle,,Caprifoliaceae,Lonicera,Shrub,,Arnold Arboretum living collection (Arboretum Explorer)
Loropetalum chinense,Fringe Flower,,Hamamelidaceae,Loropetalum,Intermediate (shrub/tree),,Arnold Arboretum living collection (Arboretum Explorer)
Lupinus perennis,Sundial Lupine,,Fabaceae,Lupinus,,,Arnold Arboretum living collection (Arboretum Explorer)
Lycium barbarum,Matrimony Vine,|Lycium halimifolium|Lycium halimifolium var. lanceolatum|,Solanaceae,Lycium,Shrub,4.0,Arnold Arboretum living collection (Arboretum Explorer)
Lycium chinense var. chinense,Chinese Matrimony Vine,|Lycium chinense var. ovatum|Lycium ovatum|,Solanaceae,Lycium,Shrub,,Arnold Arboretum living collection (Arboretum Explorer)
Lycium ruthenicum,Black Wolfberry,,Solanaceae,Lycium,Shrub,,Arnold Arboretum living collection (Arboretum Explorer)
Lyonia ligustrina,Maleberry,,Ericaceae,Lyonia,Shrub,8.5,Arnold Arboretum living collection (Arboretum Explorer)
Lyonia ligustrina var. ligustrina,Maleberry,,Ericaceae,Lyonia,Shrub,7.9,Arnold Arboretum living collection (Arboretum Explorer)
Lyonia lucida,Fetterbush,|Pieris nitida|,Ericaceae,Lyonia,Shrub,,Arnold Arboretum living collection (Arboretum Explorer)
Lyonia mariana,Staggerbush,,Ericaceae,Lyonia,Shrub,3.0,Arnold Arboretum living collection (Arboretum Explorer)
Lysimachia quadrifolia,Whorled Loosestrife,,Primulaceae,Lysimachia,Herbaceous,,Arnold Arboretum living collection (Arboretum Explorer)
Maackia amurensis,Amur Maackia,|Maackia amurensis var. buergeri|,Fabaceae,Maackia,Tree,,Arnold Arboretum living collection (Arboretum Explorer)
Maackia amurensis var. buergeri x amurensis,,,Fabaceae,Maackia,Tree,,Arnold Arboretum living collection (Arboretum Explorer)
Maackia fauriei,,,Fabaceae,Maackia,Tree,12.0,Arnold Arboretum living collection (Arboretum Explorer)
Maackia hupehensis,,,Fabaceae,Maackia,Tree,,Arnold Arboretum living collection (Arboretum Explorer)
Maclura pomifera,Osage Orange,,Moraceae,Maclura,Intermediate (shrub/tree),8.2,Arnold Arboretum living collection (Arboretum Explorer)
Maclura tricuspidata,Mandarin Melon Berry,|Cudrania tricuspidata|,Moraceae,Maclura,Shrub,,Arnold Arboretum living collection (Arboretum Explorer)
Maddenia hypoleuca,Maddencherry,,Rosaceae,Maddenia,Tree,7.2,Arnold Arboretum living collection (Arboretum Explorer)
Magnolia 'Ann',Hybrid Magnolia Cultivar,,Magnoliaceae,Magnolia,Intermediate (shrub/tree),,Arnold Arboretum living collection (Arboretum Explorer)
Magnolia 'Betty',Cultivar of Magnolia,,Magnoliaceae,Magnolia,Intermediate (shrub/tree),,Arnold Arboretum living collection (Arboretum Explorer)
Magnolia 'Big Dude',,,Magnoliaceae,Magnolia,,,Arnold Arboretum living collection (Arboretum Explorer)
Magnolia 'Butterflies',Hybrid Magnolia Cultivar,,Magnoliaceae,Magnolia,Tree,,Arnold Arboretum living collection (Arboretum Explorer)
Magnolia 'Cairn Croft' x Magnolia 'Satellite',Cultivar of Magnolia,,Magnoliaceae,Magnolia,Tree,10.5,Arnold Arboretum living collection (Arboretum Explorer)
Magnolia 'Elizabeth',Cultivar of Magnolia,,Magnoliaceae,Magnolia,Tree,,Arnold Arboretum living collection (Arboretum Explorer)
Magnolia 'Freeman',,,Magnoliaceae,Magnolia,Tree,,Arnold Arboretum living collection (Arboretum Explorer)
Magnolia 'Galaxy',Cultivar of Magnolia,,Magnoliaceae,Magnolia,Tree,,Arnold Arboretum living collection (Arboretum Explorer)
Magnolia 'Judy Zuk',Cultivar of Magnolia,,Magnoliaceae,Magnolia,Tree,9.8,Arnold Arboretum living collection (Arboretum Explorer)
Magnolia 'Judy',Hybrid Magnolia Cultivar,,Magnoliaceae,Magnolia,Intermediate (shrub/tree),,Arnold Arboretum living collection (Arboretum Explorer)
Magnolia 'Pastel Beauty',Cultivar of Magnolia,,Magnoliaceae,Magnolia,Tree,,Arnold Arboretum living collection (Arboretum Explorer)
Magnolia 'Pegasus' x Magnolia dawsoniana,,,Magnoliaceae,Magnolia,Tree,,Arnold Arboretum living collection (Arboretum Explorer)
Magnolia 'Pegasus' x Magnolia sprengeri,,,Magnoliaceae,Magnolia,Tree,,Arnold Arboretum living collection (Arboretum Explorer)
Magnolia 'Randy',Cultivar of Magnolia,,Magnoliaceae,Magnolia,Intermediate (shrub/tree),,Arnold Arboretum living collection (Arboretum Explorer)
Magnolia 'Silver Parasol',Cultivar of Magnolia,,Magnoliaceae,Magnolia,Tree,,Arnold Arboretum living collection (Arboretum Explorer)
Magnolia 'Snowflake',,,Magnoliaceae,Magnolia,Tree,,Arnold Arboretum living collection (Arboretum Explorer)
Magnolia 'Solar Flair',,,Magnoliaceae,Magnolia,Tree,,Arnold Arboretum living collection (Arboretum Explorer)
Magnolia 'Spectrum',Hybrid Magnolia Cultivar,,Magnoliaceae,Magnolia,Tree,,Arnold Arboretum living collection (Arboretum Explorer)
Magnolia 'Wada's Memory',Cultivar of Magnolia,|Magnolia salicifolia 'Wada's Memory'|Magnolia kobus 'Wada's Memory'|,Magnoliaceae,Magnolia,Tree,,Arnold Arboretum living collection (Arboretum Explorer)
Magnolia (undetermined hybrid),,,Magnoliaceae,Magnolia,Tree,5.2,Arnold Arboretum living collection (Arboretum Explorer)
Magnolia acuminata,Cucumbertree,|Magnolia acuminata var. cordata|Magnolia acuminata var. subcordata|,Magnoliaceae,Magnolia,Tree,15.6,Arnold Arboretum living collection (Arboretum Explorer)
Magnolia acuminata 'Miss Honeybee' x Magnolia figo,Hybrid Magnolia,|Magnolia acuminata var. subcordata 'Miss Honeybee' x Magnolia figo|Magnolia acuminata var. subcordata 'Miss Honeybee' x Michelia figo|,Magnoliaceae,Magnolia,Tree,9.8,Arnold Arboretum living collection (Arboretum Explorer)
Magnolia amoena,,|Yulania amoena|,Magnoliaceae,Magnolia,Tree,6.6,Arnold Arboretum living collection (Arboretum Explorer)
Magnolia biondii,Biond's Magnolia,|Magnolia aulacosperma|Magnolia conspicua var. fargesii|Magnolia fargesii|Yulania pilocarpa var. ellipticifolia|Magnolia funiushanensis|Magnolia axilliflora|Magnolia henanensis|Yulania biondii|,Magnoliaceae,Magnolia,Tree,7.5,Arnold Arboretum living collection (Arboretum Explorer)
Magnolia cylindrica,Huangshan Magnolia,,Magnoliaceae,Magnolia,Intermediate (shrub/tree),,Arnold Arboretum living collection (Arboretum Explorer)
Magnolia dawsoniana,,,Magnoliaceae,Magnolia,Tree,,Arnold Arboretum living collection (Arboretum Explorer)
Magnolia denudata,Yulan Magnolia,|Magnolia heptapeta|,Magnoliaceae,Magnolia,Tree,8.2,Arnold Arboretum living collection (Arboretum Explorer)
Magnolia denudata 'Banana',Cultivar of Yulan Magnolia,,Magnoliaceae,Magnolia,Tree,,Arnold Arboretum living collection (Arboretum Explorer)
Magnolia denudata 'Lamp',,,Magnoliaceae,Magnolia,Tree,,Arnold Arboretum living collection (Arboretum Explorer)
Magnolia fraseri,Mountain Magnolia,,Magnoliaceae,Magnolia,Tree,,Arnold Arboretum living collection (Arboretum Explorer)
Magnolia grandiflora,Southern Magnolia,,Magnoliaceae,Magnolia,Tree,4.3,Arnold Arboretum living collection (Arboretum Explorer)
Magnolia grandiflora '24 Below',,,Magnoliaceae,Magnolia,Tree,,Arnold Arboretum living collection (Arboretum Explorer)
Magnolia grandiflora 'Bracken's Brown Beauty',Cultivar of Southern Magnolia,,Magnoliaceae,Magnolia,Tree,,Arnold Arboretum living collection (Arboretum Explorer)
Magnolia grandiflora 'Pendarvis',Cultivar of Southern Magnolia,,Magnoliaceae,Magnolia,Tree,,Arnold Arboretum living collection (Arboretum Explorer)
Magnolia grandiflora 'Tulsa',,,Magnoliaceae,Magnolia,Tree,,Arnold Arboretum living collection (Arboretum Explorer)
Magnolia kobus,Kobus Magnolia,,Magnoliaceae,Magnolia,Tree,,Arnold Arboretum living collection (Arboretum Explorer)
Magnolia liliiflora,,|Magnolia quinquepeta|Magnolia atropurpurea|,Magnoliaceae,Magnolia,Intermediate (shrub/tree),3.3,Arnold Arboretum living collection (Arboretum Explorer)
Magnolia liliiflora 'Nigra',Cultivar of Magnolia,|Magnolia quinquepeta 'Nigra'|,Magnoliaceae,Magnolia,Intermediate (shrub/tree),,Arnold Arboretum living collection (Arboretum Explorer)
Magnolia liliiflora 'O'Neill',,,Magnoliaceae,Magnolia,,,Arnold Arboretum living collection (Arboretum Explorer)
Magnolia macrophylla,Bigleaf Magnolia,,Magnoliaceae,Magnolia,Tree,6.7,Arnold Arboretum living collection (Arboretum Explorer)
Magnolia macrophylla ssp. ashei,Ashe's Magnolia,|Magnolia ashei|,Magnoliaceae,Magnolia,Intermediate (shrub/tree),,Arnold Arboretum living collection (Arboretum Explorer)
Magnolia macrophylla ssp. macrophylla,Bigleaf Magnolia,,Magnoliaceae,Magnolia,Tree,,Arnold Arboretum living collection (Arboretum Explorer)
Magnolia obovata,Whiteleaf Japanese Magnolia,|Magnolia hypoleuca|,Magnoliaceae,Magnolia,Tree,,Arnold Arboretum living collection (Arboretum Explorer)
Magnolia officinalis,,,Magnoliaceae,Magnolia,Tree,7.2,Arnold Arboretum living collection (Arboretum Explorer)
Magnolia officinalis var. biloba,,,Magnoliaceae,Magnolia,Tree,5.9,Arnold Arboretum living collection (Arboretum Explorer)
Magnolia pyramidata,Pyramid Magnolia,,Magnoliaceae,Magnolia,Tree,,Arnold Arboretum living collection (Arboretum Explorer)
Magnolia salicifolia,Anise Magnolia,|Magnolia x proctoriana|,Magnoliaceae,Magnolia,Intermediate (shrub/tree),,Arnold Arboretum living collection (Arboretum Explorer)
Magnolia salicifolia 'Grape Expectations',Cultivar of Willowleaf Magnolia,,Magnoliaceae,Magnolia,Intermediate (shrub/tree),11.5,Arnold Arboretum living collection (Arboretum Explorer)
Magnolia sieboldii,Oyama Magnolia,,Magnoliaceae,Magnolia,Intermediate (shrub/tree),14.1,Arnold Arboretum living collection (Arboretum Explorer)
Magnolia sinensis,,,Magnoliaceae,Magnolia,Intermediate (shrub/tree),,Arnold Arboretum living collection (Arboretum Explorer)
Magnolia sp.,,,Magnoliaceae,Magnolia,Intermediate (shrub/tree),5.2,Arnold Arboretum living collection (Arboretum Explorer)
Magnolia sprengeri,Sprenger Magnolia,,Magnoliaceae,Magnolia,Tree,5.9,Arnold Arboretum living collection (Arboretum Explorer)
Magnolia stellata,Star Magnolia,|Magnolia kobus var. stellata|Magnolia halleana|,Magnoliaceae,Magnolia,Tree,8.2,Arnold Arboretum living collection (Arboretum Explorer)
Magnolia stellata 'Centennial',Cultivar of Star Magnolia,|Magnolia kobus var. stellata 'Centennial'|,Magnoliaceae,Magnolia,Tree,,Arnold Arboretum living collection (Arboretum Explorer)
Magnolia stellata 'Rosea',Cultivar of Star Magnolia,|Magnolia kobus var. stellata 'Rosea'|,Magnoliaceae,Magnolia,Intermediate (shrub/tree),27.9,Arnold Arboretum living collection (Arboretum Explorer)
Magnolia stellata 'Rubra',Cultivar of Magnolia,|Magnolia kobus var. stellata 'Rubra'|,Magnoliaceae,Magnolia,Intermediate (shrub/tree),,Arnold Arboretum living collection (Arboretum Explorer)
Magnolia stellata 'Waterlily',Cultivar of Star Magnolia,|Magnolia kobus var. stellata 'Waterlily'|,Magnoliaceae,Magnolia,Tree,,Arnold Arboretum living collection (Arboretum Explorer)
Magnolia stellata 'White Star',Cultivar of Star Magnolia,,Magnoliaceae,Magnolia,Tree,,Arnold Arboretum living collection (Arboretum Explorer)
Magnolia tripetala,Umbrella-Tree,,Magnoliaceae,Magnolia,Tree,17.4,Arnold Arboretum living collection (Arboretum Explorer)
Magnolia virginiana,Sweetbay Magnolia,|Magnolia glauca|,Magnoliaceae,Magnolia,Intermediate (shrub/tree),8.2,Arnold Arboretum living collection (Arboretum Explorer)
Magnolia virginiana 'Satellite',Cultivar of Sweetbay Magnolia,,Magnoliaceae,Magnolia,Tree,,Arnold Arboretum living collection (Arboretum Explorer)
Magnolia virginiana (undetermined hybrid),,,Magnoliaceae,Magnolia,Tree,7.5,Arnold Arboretum living collection (Arboretum Explorer)
Magnolia virginiana var. australis,Evergreen Sweetbay Magnolia,,Magnoliaceae,Magnolia,Intermediate (shrub/tree),,Arnold Arboretum living collection (Arboretum Explorer)
Magnolia virginiana var. australis 'Milton',Cultivar of Evergreen Sweetbay Magnolia,,Magnoliaceae,Magnolia,Tree,,Arnold Arboretum living collection (Arboretum Explorer)
Magnolia wilsonii,,,Magnoliaceae,Magnolia,Intermediate (shrub/tree),1.3,Arnold Arboretum living collection (Arboretum Explorer)
Magnolia x loebneri,Loebner Magnolia,|Magnolia kobus var. loebneri|,Magnoliaceae,Magnolia,Tree,,Arnold Arboretum living collection (Arboretum Explorer)
Magnolia x loebneri 'Fastigiata',,,Magnoliaceae,Magnolia,Tree,,Arnold Arboretum living collection (Arboretum Explorer)
Magnolia x loebneri 'Leonard Messel',Cultivar of Loebner Magnolia,|Magnolia kobus var. loebneri 'Leonard Messel'|,Magnoliaceae,Magnolia,Tree,,Arnold Arboretum living collection (Arboretum Explorer)
Magnolia x loebneri 'Merrill',Cultivar of Loebner Magnolia,|Magnolia kobus var. loebneri 'Merrill'|,Magnoliaceae,Magnolia,Tree,8.0,Arnold Arboretum living collection (Arboretum Explorer)
Magnolia x loebneri 'Spring Snow',,,Magnoliaceae,Magnolia,Tree,,Arnold Arboretum living collection (Arboretum Explorer)
Magnolia x soulangeana,Hybrid Magnolia,|Magnolia x soulangiana|,Magnoliaceae,Magnolia,Intermediate (shrub/tree),6.6,Arnold Arboretum living collection (Arboretum Explorer)
Magnolia x soulangeana 'Alexandrina',Cultivar of Saucer Magnolia,,Magnoliaceae,Magnolia,Intermediate (shrub/tree),20.0,Arnold Arboretum living collection (Arboretum Explorer)
Magnolia x soulangeana 'Amabilis',Cultivar of Saucer Magnolia,|Magnolia x soulangeana 'Amabilis Alba'|,Magnoliaceae,Magnolia,Intermediate (shrub/tree),,Arnold Arboretum living collection (Arboretum Explorer)
Magnolia x soulangeana 'Andre Leroy',Cultivar of Saucer Magnolia,,Magnoliaceae,Magnolia,Intermediate (shrub/tree),,Arnold Arboretum living collection (Arboretum Explorer)
Magnolia x soulangeana 'Brozzonii',Cultivar of Saucer Magnolia,,Magnoliaceae,Magnolia,Intermediate (shrub/tree),44.9,Arnold Arboretum living collection (Arboretum Explorer)
Magnolia x soulangeana 'Candolleana',Cultivar of Saucer Magnolia,,Magnoliaceae,Magnolia,Intermediate (shrub/tree),3.3,Arnold Arboretum living collection (Arboretum Explorer)
Magnolia x soulangeana 'Rustica Rubra',Cultivar of Saucer Magnolia,|Magnolia x soulangeana forma rubra|,Magnoliaceae,Magnolia,Intermediate (shrub/tree),,Arnold Arboretum living collection (Arboretum Explorer)
Magnolia x soulangeana 'Speciosa',Cultivar of Saucer Magnolia,,Magnoliaceae,Magnolia,Intermediate (shrub/tree),,Arnold Arboretum living collection (Arboretum Explorer)
Magnolia x soulangeana 'Verbanica',Cultivar of Saucer Magnolia,,Magnoliaceae,Magnolia,Intermediate (shrub/tree),,Arnold Arboretum living collection (Arboretum Explorer)
Magnolia x thompsoniana 'Cairn Croft',Hybrid Magnolia Cultivar,,Magnoliaceae,Magnolia,Tree,,Arnold Arboretum living collection (Arboretum Explorer)
Magnolia zenii,Zen Magnolia,,Magnoliaceae,Magnolia,Tree,5.6,Arnold Arboretum living collection (Arboretum Explorer)
Magnolia zenii 'Pink Parchment',Cultivar of Zen Magnolia,,Magnoliaceae,Magnolia,Tree,,Arnold Arboretum living collection (Arboretum Explorer)
Mahonia aquifolium,Oregon Grapeholly,|Berberis aquifolium|,Berberidaceae,Mahonia,Shrub,1.6,Arnold Arboretum living collection (Arboretum Explorer)
Mahonia aquifolium 'Compactum',Cultivar of Oregon Hollygrape,,Berberidaceae,Mahonia,Shrub,,Arnold Arboretum living collection (Arboretum Explorer)
Mahonia aquifolium 'Donewellii',Cultivar of Oregon Hollygrape,,Berberidaceae,Mahonia,Shrub,,Arnold Arboretum living collection (Arboretum Explorer)
Mahonia aquifolium 'Vicarii',Cultivar of Oregon Hollygrape,,Berberidaceae,Mahonia,Shrub,,Arnold Arboretum living collection (Arboretum Explorer)
Mahonia aquifolium (variant),,,Berberidaceae,Mahonia,Shrub,,Arnold Arboretum living collection (Arboretum Explorer)
Mahonia aquifolium var. juglandifolia,Purple Oregon Hollygrape,,Berberidaceae,Mahonia,Shrub,,Arnold Arboretum living collection (Arboretum Explorer)
Mahonia aquifolium x repens,,,Berberidaceae,Mahonia,Shrub,,Arnold Arboretum living collection (Arboretum Explorer)
Mahonia bealei,,|Mahonia japonica var. bealei|,Berberidaceae,Mahonia,Intermediate (shrub/tree),4.9,Arnold Arboretum living collection (Arboretum Explorer)
Mahonia japonica,Japanese Mahonia,,Berberidaceae,Mahonia,Shrub,5.6,Arnold Arboretum living collection (Arboretum Explorer)
Mahonia pinnata,,,Berberidaceae,Mahonia,Shrub,,Arnold Arboretum living collection (Arboretum Explorer)
Mahonia piperiana,,|Berberis piperiana|,Berberidaceae,Mahonia,Shrub,,Arnold Arboretum living collection (Arboretum Explorer)
Mahonia repens,Creeping Grapeholly,|Berberis repens|,Berberidaceae,Mahonia,Shrub,,Arnold Arboretum living collection (Arboretum Explorer)
Mahonia repens 'Rotundifolia',Creeping Hollygrape,|Mahonia repens var. rotundifolia|,Berberidaceae,Mahonia,Shrub,,Arnold Arboretum living collection (Arboretum Explorer)
Mahonia x wagneri,Wagner Mahonia,,Berberidaceae,Mahonia,Shrub,,Arnold Arboretum living collection (Arboretum Explorer)
"Malus ""Giant""",,,Rosaceae,Malus,Tree,,Arnold Arboretum living collection (Arboretum Explorer)
Malus 'Abundance',Cultivar of Flowering Crabapple,,Rosaceae,Malus,Intermediate (shrub/tree),,Arnold Arboretum living collection (Arboretum Explorer)
Malus 'Adams',Cultivar of Flowering Crabapple,,Rosaceae,Malus,Intermediate (shrub/tree),9.2,Arnold Arboretum living collection (Arboretum Explorer)
Malus 'Adirondack',Cultivar of Malus,,Rosaceae,Malus,Tree,,Arnold Arboretum living collection (Arboretum Explorer)
Malus 'Almey',Cultivar of Flowering Crabapple,,Rosaceae,Malus,Intermediate (shrub/tree),,Arnold Arboretum living collection (Arboretum Explorer)
Malus 'Ames White',Cultivar of Flowering Crabapple,,Rosaceae,Malus,Intermediate (shrub/tree),,Arnold Arboretum living collection (Arboretum Explorer)
Malus 'Arrow',Cultivar of Flowering Crabapple,,Rosaceae,Malus,Intermediate (shrub/tree),,Arnold Arboretum living collection (Arboretum Explorer)
Malus 'Barbara Ann',Cultivar of Flowering Crabapple,,Rosaceae,Malus,Intermediate (shrub/tree),,Arnold Arboretum living collection (Arboretum Explorer)
Malus 'Beauty',Cultivar of Flowering Crabapple,,Rosaceae,Malus,Intermediate (shrub/tree),,Arnold Arboretum living collection (Arboretum Explorer)
Malus 'Beverly',Cultivar of Flowering Crabapple,,Rosaceae,Malus,Tree,,Arnold Arboretum living collection (Arboretum Explorer)
Malus 'Blanche Ames',Cultivar of Flowering Crabapple,,Rosaceae,Malus,Intermediate (shrub/tree),5.2,Arnold Arboretum living collection (Arboretum Explorer)
Malus 'Bob White',Cultivar of Flowering Crabapple,,Rosaceae,Malus,Intermediate (shrub/tree),,Arnold Arboretum living collection (Arboretum Explorer)
Malus 'Burton's Yellow Fruited',Cultivar of Flowering Crabapple,,Rosaceae,Malus,Intermediate (shrub/tree),,Arnold Arboretum living collection (Arboretum Explorer)
Malus 'Callaway',Cultivar of Flowering Crabapple,,Rosaceae,Malus,Tree,,Arnold Arboretum living collection (Arboretum Explorer)
Malus 'Caramel',,|Malus 'Carmel'|,Rosaceae,Malus,Intermediate (shrub/tree),,Arnold Arboretum living collection (Arboretum Explorer)
Malus 'Cascole',Cultivar of Malus,,Rosaceae,Malus,Tree,,Arnold Arboretum living collection (Arboretum Explorer)
Malus 'Case Seedling',Cultivar of Flowering Crabapple,,Rosaceae,Malus,,,Arnold Arboretum living collection (Arboretum Explorer)
Malus 'Cashmere',Cultivar of Flowering Crabapple,,Rosaceae,Malus,Intermediate (shrub/tree),,Arnold Arboretum living collection (Arboretum Explorer)
Malus 'Centennial',Cultivar of Flowering Crabapple,,Rosaceae,Malus,Intermediate (shrub/tree),,Arnold Arboretum living collection (Arboretum Explorer)
Malus 'Cheal's Crimson',Cultivar of Flowering Crabapple,,Rosaceae,Malus,Intermediate (shrub/tree),8.0,Arnold Arboretum living collection (Arboretum Explorer)
Malus 'Chestnut',Cultivar of Flowering Crabapple,,Rosaceae,Malus,Intermediate (shrub/tree),,Arnold Arboretum living collection (Arboretum Explorer)
Malus 'Chilko',Cultivar of Flowering Crabapple,,Rosaceae,Malus,Intermediate (shrub/tree),,Arnold Arboretum living collection (Arboretum Explorer)
Malus 'Cowichan',Cultivar of Flowering Crabapple,,Rosaceae,Malus,Tree,,Arnold Arboretum living collection (Arboretum Explorer)
Malus 'Dauphin',Cultivar of Flowering Crabapple,,Rosaceae,Malus,Intermediate (shrub/tree),,Arnold Arboretum living collection (Arboretum Explorer)
Malus 'David',Cultivar of Flowering Crabapple,,Rosaceae,Malus,Intermediate (shrub/tree),,Arnold Arboretum living collection (Arboretum Explorer)
Malus 'Dolgo',Cultivar of Flowering Crabapple,,Rosaceae,Malus,Intermediate (shrub/tree),,Arnold Arboretum living collection (Arboretum Explorer)
Malus 'Donald Wyman',Cultivar of Flowering Crabapple,,Rosaceae,Malus,Intermediate (shrub/tree),10.7,Arnold Arboretum living collection (Arboretum Explorer)
Malus 'Dorothea',Cultivar of Flowering Crabapple,,Rosaceae,Malus,Intermediate (shrub/tree),,Arnold Arboretum living collection (Arboretum Explorer)
Malus 'Doubloons',Cultivar of Malus,,Rosaceae,Malus,Tree,,Arnold Arboretum living collection (Arboretum Explorer)
Malus 'E. H. Wilson',Cultivar of Flowering Crabapple,,Rosaceae,Malus,Intermediate (shrub/tree),7.5,Arnold Arboretum living collection (Arboretum Explorer)
Malus 'Elise Rathke',Cultivar of Flowering Crabapple,,Rosaceae,Malus,Intermediate (shrub/tree),,Arnold Arboretum living collection (Arboretum Explorer)
Malus 'Ellwangeriana',Ellwanger Crabapple,,Rosaceae,Malus,Intermediate (shrub/tree),,Arnold Arboretum living collection (Arboretum Explorer)
Malus 'Evelyn',Cultivar of Flowering Crabapple,,Rosaceae,Malus,Intermediate (shrub/tree),,Arnold Arboretum living collection (Arboretum Explorer)
Malus 'Flame',Cultivar of Flowering Crabapple,,Rosaceae,Malus,Intermediate (shrub/tree),,Arnold Arboretum living collection (Arboretum Explorer)
Malus 'Florence',Cultivar of Flowering Crabapple,,Rosaceae,Malus,Intermediate (shrub/tree),,Arnold Arboretum living collection (Arboretum Explorer)
Malus 'Frau Luise Dittman',Cultivar of Flowering Crabapple,,Rosaceae,Malus,Intermediate (shrub/tree),,Arnold Arboretum living collection (Arboretum Explorer)
Malus 'Golden Hornet',Cultivar of Flowering Crabapple,,Rosaceae,Malus,Intermediate (shrub/tree),,Arnold Arboretum living collection (Arboretum Explorer)
Malus 'Goldfinch',Cultivar of Flowering Crabapple,,Rosaceae,Malus,Intermediate (shrub/tree),,Arnold Arboretum living collection (Arboretum Explorer)
Malus 'Henrietta Crosby',Cultivar of Flowering Crabapple,,Rosaceae,Malus,Tree,6.9,Arnold Arboretum living collection (Arboretum Explorer)
Malus 'Henry F. DuPont',Cultivar of Flowering Crabapple,,Rosaceae,Malus,Intermediate (shrub/tree),,Arnold Arboretum living collection (Arboretum Explorer)
Malus 'Henry Kohankie',Cultivar of Flowering Crabapple,,Rosaceae,Malus,Intermediate (shrub/tree),,Arnold Arboretum living collection (Arboretum Explorer)
Malus 'Hillier',Cultivar of Flowering Crabapple,|Malus 'Hillieri'|,Rosaceae,Malus,Intermediate (shrub/tree),,Arnold Arboretum living collection (Arboretum Explorer)
Malus 'Honeywood #7',Cultivar of Flowering Crabapple,,Rosaceae,Malus,Intermediate (shrub/tree),,Arnold Arboretum living collection (Arboretum Explorer)
Malus 'Hopa',Cultivar of Flowering Crabapple,,Rosaceae,Malus,Intermediate (shrub/tree),,Arnold Arboretum living collection (Arboretum Explorer)
Malus 'Hyslop Sport',Cultivar of Flowering Crabapple,,Rosaceae,Malus,Intermediate (shrub/tree),,Arnold Arboretum living collection (Arboretum Explorer)
Malus 'Improved Bechtel',,,Rosaceae,Malus,,,Arnold Arboretum living collection (Arboretum Explorer)
Malus 'Indian Summer',,,Rosaceae,Malus,Tree,,Arnold Arboretum living collection (Arboretum Explorer)
Malus 'Jay Darling',Cultivar of Flowering Crabapple,,Rosaceae,Malus,Tree,,Arnold Arboretum living collection (Arboretum Explorer)
Malus 'Jenison',Cultivar of Flowering Crabapple,,Rosaceae,Malus,Intermediate (shrub/tree),,Arnold Arboretum living collection (Arboretum Explorer)
Malus 'Jewelberry',Cultivar of Malus,,Rosaceae,Malus,Tree,,Arnold Arboretum living collection (Arboretum Explorer)
Malus 'Joan',Cultivar of Flowering Crabapple,,Rosaceae,Malus,Intermediate (shrub/tree),,Arnold Arboretum living collection (Arboretum Explorer)
Malus 'John Downie',Cultivar of Flowering Crabapple,,Rosaceae,Malus,Intermediate (shrub/tree),,Arnold Arboretum living collection (Arboretum Explorer)
Malus 'Jubilee',Cultivar of Flowering Crabapple,,Rosaceae,Malus,Tree,,Arnold Arboretum living collection (Arboretum Explorer)
Malus 'Katherine',Cultivar of Flowering Crabapple,,Rosaceae,Malus,Intermediate (shrub/tree),,Arnold Arboretum living collection (Arboretum Explorer)
Malus 'Kerr',Cultivar of Flowering Crabapple,,Rosaceae,Malus,Intermediate (shrub/tree),,Arnold Arboretum living collection (Arboretum Explorer)
Malus 'Lady Northcliffe',Cultivar of Flowering Crabapple,,Rosaceae,Malus,Intermediate (shrub/tree),,Arnold Arboretum living collection (Arboretum Explorer)
Malus 'Louisa',Cultivar of Flowering Crabapple,,Rosaceae,Malus,Tree,6.2,Arnold Arboretum living collection (Arboretum Explorer)
Malus 'MacIntosh' x M. 'Blanche Ames',,,Rosaceae,Malus,Tree,20.0,Arnold Arboretum living collection (Arboretum Explorer)
Malus 'Makamik',Cultivar of Flowering Crabapple,,Rosaceae,Malus,Intermediate (shrub/tree),,Arnold Arboretum living collection (Arboretum Explorer)
Malus 'Marshall Oyama',Cultivar of Flowering Crabapple,,Rosaceae,Malus,Intermediate (shrub/tree),,Arnold Arboretum living collection (Arboretum Explorer)
Malus 'Mary Potter',Cultivar of Flowering Crabapple,,Rosaceae,Malus,Intermediate (shrub/tree),6.6,Arnold Arboretum living collection (Arboretum Explorer)
Malus 'Masek',Cultivar of Flowering Crabapple,,Rosaceae,Malus,Intermediate (shrub/tree),,Arnold Arboretum living collection (Arboretum Explorer)
Malus 'MN#1711',Honeycrisp Apple,,Rosaceae,Malus,Tree,9.0,Arnold Arboretum living collection (Arboretum Explorer)
Malus 'Morden Rosy Bloom',Flowering Crabapple,,Rosaceae,Malus,Intermediate (shrub/tree),,Arnold Arboretum living collection (Arboretum Explorer)
Malus 'Mrs. Bayard Thayer',Cultivar of Flowering Crabapple,,Rosaceae,Malus,Tree,,Arnold Arboretum living collection (Arboretum Explorer)
Malus 'Oakes',Cultivar of Flowering Crabapple,,Rosaceae,Malus,Intermediate (shrub/tree),,Arnold Arboretum living collection (Arboretum Explorer)
Malus 'Oekonomierat Echtermeyer',Cultivar of Flowering Crabapple,,Rosaceae,Malus,Tree,10.0,Arnold Arboretum living collection (Arboretum Explorer)
Malus 'Oporto',Cultivar of Flowering Crabapple,,Rosaceae,Malus,Intermediate (shrub/tree),,Arnold Arboretum living collection (Arboretum Explorer)
Malus 'Peachblow',Cultivar of Flowering Crabapple,,Rosaceae,Malus,Intermediate (shrub/tree),,Arnold Arboretum living collection (Arboretum Explorer)
Malus 'Pink Perfection',Cultivar of Flowering Crabapple,,Rosaceae,Malus,Intermediate (shrub/tree),,Arnold Arboretum living collection (Arboretum Explorer)
Malus 'Piotosh',Cultivar of Flowering Crabapple,,Rosaceae,Malus,Intermediate (shrub/tree),,Arnold Arboretum living collection (Arboretum Explorer)
Malus 'Prairie Rose',Cultivar of Flowering Crabapple,,Rosaceae,Malus,Intermediate (shrub/tree),,Arnold Arboretum living collection (Arboretum Explorer)
Malus 'Prairifire',,,Rosaceae,Malus,Tree,,Arnold Arboretum living collection (Arboretum Explorer)
Malus 'Pretty Marjory',Cultivar of Flowering Crabapple,,Rosaceae,Malus,Intermediate (shrub/tree),,Arnold Arboretum living collection (Arboretum Explorer)
Malus 'Prince Georges',Cultivar of Flowering Crabapple,,Rosaceae,Malus,Tree,6.2,Arnold Arboretum living collection (Arboretum Explorer)
Malus 'Professor Sprenger',,,Rosaceae,Malus,Tree,,Arnold Arboretum living collection (Arboretum Explorer)
Malus 'Profusion',Cultivar of Flowering Crabapple,,Rosaceae,Malus,Intermediate (shrub/tree),,Arnold Arboretum living collection (Arboretum Explorer)
Malus 'Purple Prince',Cultivar of Malus,,Rosaceae,Malus,Tree,,Arnold Arboretum living collection (Arboretum Explorer)
Malus 'Quaker Beauty',Cultivar of Flowering Crabapple,,Rosaceae,Malus,Intermediate (shrub/tree),,Arnold Arboretum living collection (Arboretum Explorer)
Malus 'Queen's Choice',Cultivar of Flowering Crabapple,,Rosaceae,Malus,Intermediate (shrub/tree),,Arnold Arboretum living collection (Arboretum Explorer)
Malus 'Rambo',Rambo Apple Tree,,Rosaceae,Malus,Tree,,Arnold Arboretum living collection (Arboretum Explorer)
Malus 'Red Barron',Cultivar of Flowering Crabapple,|Malus 'Red Baron'|,Rosaceae,Malus,Tree,,Arnold Arboretum living collection (Arboretum Explorer)
Malus 'Red Jade',Cultivar of Flowering Crabapple,,Rosaceae,Malus,Intermediate (shrub/tree),,Arnold Arboretum living collection (Arboretum Explorer)
Malus 'Red Splendor',Cultivar of Flowering Crabapple,,Rosaceae,Malus,Intermediate (shrub/tree),,Arnold Arboretum living collection (Arboretum Explorer)
Malus 'Red Tip',Cultivar of Flowering Crabapple,,Rosaceae,Malus,Intermediate (shrub/tree),,Arnold Arboretum living collection (Arboretum Explorer)
Malus 'Redflesh',Cultivar of Flowering Crabapple,,Rosaceae,Malus,Tree,,Arnold Arboretum living collection (Arboretum Explorer)
Malus 'Redford',Cultivar of Flowering Crabapple,,Rosaceae,Malus,Tree,,Arnold Arboretum living collection (Arboretum Explorer)
Malus 'Rescue',Cultivar of Flowering Crabapple,,Rosaceae,Malus,Tree,,Arnold Arboretum living collection (Arboretum Explorer)
Malus 'Rosseau',Cultivar of Flowering Crabapple,,Rosaceae,Malus,Intermediate (shrub/tree),,Arnold Arboretum living collection (Arboretum Explorer)
Malus 'Roxbury',Roxbury Russet Apple,|Malus 'Roxbury Russet'|,Rosaceae,Malus,Tree,8.9,Arnold Arboretum living collection (Arboretum Explorer)
Malus 'Rudolph',,,Rosaceae,Malus,Intermediate (shrub/tree),,Arnold Arboretum living collection (Arboretum Explorer)
Malus 'Scugog',Cultivar of Flowering Crabapple,,Rosaceae,Malus,Intermediate (shrub/tree),,Arnold Arboretum living collection (Arboretum Explorer)
Malus 'Silvia',Cultivar of Flowering Crabapple,,Rosaceae,Malus,Intermediate (shrub/tree),,Arnold Arboretum living collection (Arboretum Explorer)
Malus 'Snowbank',Cultivar of Flowering Crabapple,,Rosaceae,Malus,Intermediate (shrub/tree),,Arnold Arboretum living collection (Arboretum Explorer)
Malus 'Snowcloud',Cultivar of Flowering Crabapple,,Rosaceae,Malus,Intermediate (shrub/tree),,Arnold Arboretum living collection (Arboretum Explorer)
Malus 'Snowdrift',Cultivar of Flowering Crabapple,,Rosaceae,Malus,Tree,,Arnold Arboretum living collection (Arboretum Explorer)
Malus 'Spring Snow',Cultivar of Flowering Crabapple,,Rosaceae,Malus,Intermediate (shrub/tree),,Arnold Arboretum living collection (Arboretum Explorer)
Malus 'Strathmore',Cultivar of Flowering Crabapple,,Rosaceae,Malus,Intermediate (shrub/tree),,Arnold Arboretum living collection (Arboretum Explorer)
Malus 'Strawberry Parfait',Cultivar of Malus,,Rosaceae,Malus,Tree,,Arnold Arboretum living collection (Arboretum Explorer)
Malus 'Timiskaming',Cultivar of Flowering Crabapple,,Rosaceae,Malus,Intermediate (shrub/tree),,Arnold Arboretum living collection (Arboretum Explorer)
Malus 'Tolsteme',Cultivar of Flowering Crabapple,,Rosaceae,Malus,Intermediate (shrub/tree),,Arnold Arboretum living collection (Arboretum Explorer)
Malus 'Tomiko',Cultivar of Flowering Crabapple,,Rosaceae,Malus,Intermediate (shrub/tree),,Arnold Arboretum living collection (Arboretum Explorer)
Malus 'Turesi',Cultivar of Flowering Crabapple,,Rosaceae,Malus,Intermediate (shrub/tree),,Arnold Arboretum living collection (Arboretum Explorer)
Malus 'Van Eseltine',Cultivar of Flowering Crabapple,,Rosaceae,Malus,Intermediate (shrub/tree),,Arnold Arboretum living collection (Arboretum Explorer)
Malus 'Veitch's Scarlet',Cultivar of Flowering Crabapple,,Rosaceae,Malus,Intermediate (shrub/tree),,Arnold Arboretum living collection (Arboretum Explorer)
Malus 'Wabiskaw',Cultivar of Flowering Crabapple,,Rosaceae,Malus,Intermediate (shrub/tree),,Arnold Arboretum living collection (Arboretum Explorer)
Malus 'White Angel',Cultivar of Flowering Crabapple,,Rosaceae,Malus,Intermediate (shrub/tree),,Arnold Arboretum living collection (Arboretum Explorer)
Malus 'Whitney',Cultivar of Flowering Crabapple,,Rosaceae,Malus,Intermediate (shrub/tree),,Arnold Arboretum living collection (Arboretum Explorer)
Malus 'Wynema',Cultivar of Flowering Crabapple,,Rosaceae,Malus,Intermediate (shrub/tree),,Arnold Arboretum living collection (Arboretum Explorer)
Malus 'Young America',Cultivar of Flowering Crabapple,,Rosaceae,Malus,Intermediate (shrub/tree),,Arnold Arboretum living collection (Arboretum Explorer)
Malus [Sugar Tyme] = 'Sutyzam',Cultivar of Flowering Crabapple,,Rosaceae,Malus,Tree,,Arnold Arboretum living collection (Arboretum Explorer)
Malus angustifolia,,,Rosaceae,Malus,Intermediate (shrub/tree),6.2,Arnold Arboretum living collection (Arboretum Explorer)
Malus asiatica,,|Malus prunifolia var. rinkii|Malus x asiatica|Malus ringo|Malus 'Ringo'|,Rosaceae,Malus,Tree,,Arnold Arboretum living collection (Arboretum Explorer)
Malus baccata,Siberian Crabapple,|Pyrus baccata|,Rosaceae,Malus,Tree,,Arnold Arboretum living collection (Arboretum Explorer)
Malus baccata 'Alexis',Cultivar of Siberian Crabapple,,Rosaceae,Malus,Intermediate (shrub/tree),,Arnold Arboretum living collection (Arboretum Explorer)
Malus baccata 'Columnaris',,|Malus baccata forma columnaris|,Rosaceae,Malus,Intermediate (shrub/tree),,Arnold Arboretum living collection (Arboretum Explorer)
Malus baccata 'Gracilis',,|Malus baccata forma gracilis|Malus baccata var. gracilis|,Rosaceae,Malus,Tree,8.0,Arnold Arboretum living collection (Arboretum Explorer)
Malus baccata 'Jackii',Cultivar of Siberian Crabapple,|Malus baccata forma jackii|Malus baccata var. jackii|,Rosaceae,Malus,Intermediate (shrub/tree),9.8,Arnold Arboretum living collection (Arboretum Explorer)
Malus baccata 'Yellow Siberian',,|Malus argentea|,Rosaceae,Malus,Tree,,Arnold Arboretum living collection (Arboretum Explorer)
Malus baccata var. flavescens,Variety of Siberian Crabapple,|Malus baccata 'Flavescens'|,Rosaceae,Malus,Tree,,Arnold Arboretum living collection (Arboretum Explorer)
Malus baccata var. gracilis,,|Malus baccata 'Gracilis'|,Rosaceae,Malus,Tree,,Arnold Arboretum living collection (Arboretum Explorer)
Malus brevipes,Nippon Crabapple,,Rosaceae,Malus,Tree,,Arnold Arboretum living collection (Arboretum Explorer)
Malus coronaria,American Crabapple,|Malus bracteata|Malus glabrata|Malus glaucescens|Pyrus coronaria|Malus lancifolia|Malus coronaria var. dasycalyx|Malus coronaria var. elongata|,Rosaceae,Malus,Intermediate (shrub/tree),5.7,Arnold Arboretum living collection (Arboretum Explorer)
Malus coronaria (undetermined hybrid),American Crabapple Hybrid,|Malus glabrata (undetermined hybrid)|,Rosaceae,Malus,Tree,,Arnold Arboretum living collection (Arboretum Explorer)
Malus coronaria x sylvestris,Hybrid Crabapple,|Malus lancifolia x sylvestris|,Rosaceae,Malus,Tree,4.3,Arnold Arboretum living collection (Arboretum Explorer)
Malus domestica 'Pink Pearl',Cultivar of apple,,Rosaceae,Malus,Tree,6.6,Arnold Arboretum living collection (Arboretum Explorer)
Malus florentina,Italian Crabapple,|x Malosorbus florentina|,Rosaceae,Malus,Intermediate (shrub/tree),,Arnold Arboretum living collection (Arboretum Explorer)
Malus floribunda,Japanese Flowering Crabapple,,Rosaceae,Malus,Intermediate (shrub/tree),,Arnold Arboretum living collection (Arboretum Explorer)
Malus fusca,Oregon Crabapple,|Pyrus fusca|,Rosaceae,Malus,Intermediate (shrub/tree),,Arnold Arboretum living collection (Arboretum Explorer)
Malus fusca x 'Wagner',,,Rosaceae,Malus,Tree,,Arnold Arboretum living collection (Arboretum Explorer)
Malus halliana,Hall's Crabapple,,Rosaceae,Malus,Tree,,Arnold Arboretum living collection (Arboretum Explorer)
Malus halliana 'Parkmanii',Cultivar of Hall's Crabapple,|Malus halliana forma parkmanii|,Rosaceae,Malus,Intermediate (shrub/tree),,Arnold Arboretum living collection (Arboretum Explorer)
Malus hupehensis,Tea Crabapple,|Malus theifera|,Rosaceae,Malus,Tree,8.5,Arnold Arboretum living collection (Arboretum Explorer)
Malus hupehensis var. rosea,,,Rosaceae,Malus,Tree,,Arnold Arboretum living collection (Arboretum Explorer)
Malus ioensis,Prairie Crabapple,|Malus ioensis var. spinosa|Malus ioensis var. bushii|Malus ioensis var. palmeri|,Rosaceae,Malus,Intermediate (shrub/tree),7.5,Arnold Arboretum living collection (Arboretum Explorer)
Malus ioensis 'Dwarf Bechtel',Cultivar of Prairie Crabapple,,Rosaceae,Malus,Tree,,Arnold Arboretum living collection (Arboretum Explorer)
Malus ioensis 'Klehm's',Cultivar of Flowering Crabapple,,Rosaceae,Malus,,,Arnold Arboretum living collection (Arboretum Explorer)
Malus ioensis 'Plena',Bechtel Crabapple,,Rosaceae,Malus,Intermediate (shrub/tree),,Arnold Arboretum living collection (Arboretum Explorer)
Malus kansuensis,Kansu Crabapple,,Rosaceae,Malus,Intermediate (shrub/tree),5.2,Arnold Arboretum living collection (Arboretum Explorer)
Malus kansuensis var. calva,Variety of Kansu Crabapple,|Malus kansuensis forma calva|,Rosaceae,Malus,Intermediate (shrub/tree),,Arnold Arboretum living collection (Arboretum Explorer)
Malus kirghisorum,,|Malus sieversii var. kirghisorum|,Rosaceae,Malus,Tree,,Arnold Arboretum living collection (Arboretum Explorer)
Malus mandshurica,Manchurian Crabapple,|Malus baccata var. mandshurica|,Rosaceae,Malus,Tree,,Arnold Arboretum living collection (Arboretum Explorer)
Malus oblongata,,,Rosaceae,Malus,,,Arnold Arboretum living collection (Arboretum Explorer)
Malus orientalis,,,Rosaceae,Malus,Tree,,Arnold Arboretum living collection (Arboretum Explorer)
Malus orthocarpa,,,Rosaceae,Malus,Tree,,Arnold Arboretum living collection (Arboretum Explorer)
Malus prattii,Pratt's Crabapple,,Rosaceae,Malus,Tree,,Arnold Arboretum living collection (Arboretum Explorer)
Malus prunifolia,Plumleaf Crabapple,|Pyrus prunifolia|,Rosaceae,Malus,Tree,20.7,Arnold Arboretum living collection (Arboretum Explorer)
Malus prunifolia 'Fastigiata',Cultivar of Plumleaf Crabapple,|Malus prunifolia forma fastigiata|,Rosaceae,Malus,Intermediate (shrub/tree),,Arnold Arboretum living collection (Arboretum Explorer)
Malus prunifolia 'Microcarpa Lutea',Cultivar of Pearleaf Crabapple,,Rosaceae,Malus,Tree,,Arnold Arboretum living collection (Arboretum Explorer)
Malus prunifolia 'Xanthocarpa',,|Malus prunifolia var. xanthocarpa|,Rosaceae,Malus,Tree,,Arnold Arboretum living collection (Arboretum Explorer)
Malus prunifolia var. costata,Variety of Pearleaf Crabapple,,Rosaceae,Malus,Tree,,Arnold Arboretum living collection (Arboretum Explorer)
Malus pumila,Common Crabapple,|Malus pumila var. paradisiaca|Malus domestica|Malus domestica|Pyrus malus|Malus dasyphylla|,Rosaceae,Malus,Tree,,Arnold Arboretum living collection (Arboretum Explorer)
Malus pumila 'Apetala',,|Malus pumila forma apetala|,Rosaceae,Malus,Intermediate (shrub/tree),,Arnold Arboretum living collection (Arboretum Explorer)
Malus pumila 'Cortland',,,Rosaceae,Malus,Tree,8.2,Arnold Arboretum living collection (Arboretum Explorer)
Malus pumila 'Translucens',,,Rosaceae,Malus,Intermediate (shrub/tree),,Arnold Arboretum living collection (Arboretum Explorer)
Malus pumila var. niedzwetzkyana,Redvein Crabapple,,Rosaceae,Malus,Shrub,,Arnold Arboretum living collection (Arboretum Explorer)
Malus sargentii,Sargent Crabapple,,Rosaceae,Malus,Shrub,7.2,Arnold Arboretum living collection (Arboretum Explorer)
Malus sargentii 'Rosea',Pink Sargent Crabapple,,Rosaceae,Malus,Shrub,,Arnold Arboretum living collection (Arboretum Explorer)
Malus sargentii 'Rosea' x M. 'Hopa',Hybrid Crabapple,,Rosaceae,Malus,Tree,,Arnold Arboretum living collection (Arboretum Explorer)
Malus sargentii 'Rosea' x M. 'MacIntosh',Hybrid Crabapple,,Rosaceae,Malus,Tree,,Arnold Arboretum living collection (Arboretum Explorer)
Malus sargentii x atrosanguinea,Hybrid Crabapple,,Rosaceae,Malus,Tree,,Arnold Arboretum living collection (Arboretum Explorer)
Malus sieboldii,Toringo Crabapple,|Malus toringo|Malus sieboldii var. arborescens|Pyrus toringo|,Rosaceae,Malus,Shrub,7.5,Arnold Arboretum living collection (Arboretum Explorer)
Malus sieboldii 'Fuji',Cultivar of Toringo Crabapple,,Rosaceae,Malus,Tree,,Arnold Arboretum living collection (Arboretum Explorer)
Malus sieboldii var. zumi,,,Rosaceae,Malus,Tree,,Arnold Arboretum living collection (Arboretum Explorer)
Malus sieversii,,,Rosaceae,Malus,Tree,19.7,Arnold Arboretum living collection (Arboretum Explorer)
Malus sikkimensis,Sikkim Crabapple,,Rosaceae,Malus,Tree,,Arnold Arboretum living collection (Arboretum Explorer)
Malus sp.,,,Rosaceae,Malus,Intermediate (shrub/tree),,Arnold Arboretum living collection (Arboretum Explorer)
Malus spectabilis,Chinese Flowering Crabapple,||,Rosaceae,Malus,Tree,8.0,Arnold Arboretum living collection (Arboretum Explorer)
Malus spectabilis forma albiplena,,,Rosaceae,Malus,Intermediate (shrub/tree),,Arnold Arboretum living collection (Arboretum Explorer)
Malus spectabilis var. plena,Variety of Chinese Flowering Crabapple,,Rosaceae,Malus,Intermediate (shrub/tree),,Arnold Arboretum living collection (Arboretum Explorer)
Malus spectabilis var. riversii,Rivers Crabapple,,Rosaceae,Malus,Intermediate (shrub/tree),,Arnold Arboretum living collection (Arboretum Explorer)
Malus spontanea,,|Malus halliana var. spontanea|Malus halliana var. spontanea (variant)|,Rosaceae,Malus,Shrub,7.7,Arnold Arboretum living collection (Arboretum Explorer)
Malus sylvestris,,,Rosaceae,Malus,Shrub,9.8,Arnold Arboretum living collection (Arboretum Explorer)
Malus toringoides,Cutleaf Crabapple,,Rosaceae,Malus,Intermediate (shrub/tree),8.2,Arnold Arboretum living collection (Arboretum Explorer)
Malus transitoria,,,Rosaceae,Malus,Intermediate (shrub/tree),,Arnold Arboretum living collection (Arboretum Explorer)
Malus transitoria 'Schmidtcutleaf',,,Rosaceae,Malus,Tree,,Arnold Arboretum living collection (Arboretum Explorer)
Malus tschonoskii,Tschonoski Crabapple,,Rosaceae,Malus,Tree,,Arnold Arboretum living collection (Arboretum Explorer)
Malus x adstringens 'Rodney',Cultivar of Flowering Crabapple,|Malus 'Rodney'|,Rosaceae,Malus,Intermediate (shrub/tree),,Arnold Arboretum living collection (Arboretum Explorer)
Malus x arnoldiana,Arnold Crabapple,,Rosaceae,Malus,Shrub,,Arnold Arboretum living collection (Arboretum Explorer)
Malus x arnoldiana x M. pumila var. niedzwetzkyana,,,Rosaceae,Malus,Shrub,,Arnold Arboretum living collection (Arboretum Explorer)
Malus x astracanica,Hybrid Crabapple,,Rosaceae,Malus,Tree,,Arnold Arboretum living collection (Arboretum Explorer)
Malus x atrosanguinea,Carmine Crabapple,,Rosaceae,Malus,,,Arnold Arboretum living collection (Arboretum Explorer)
Malus x dawsoniana,Dawson Crabapple,,Rosaceae,Malus,Intermediate (shrub/tree),,Arnold Arboretum living collection (Arboretum Explorer)
Malus x gloriosa,Hybrid Crabapple,,Rosaceae,Malus,Tree,,Arnold Arboretum living collection (Arboretum Explorer)
Malus x hartwigii,Hartwig Crabapple,,Rosaceae,Malus,Tree,,Arnold Arboretum living collection (Arboretum Explorer)
Malus x magdeburgensis,Magdeburg Crabapple,,Rosaceae,Malus,Intermediate (shrub/tree),9.0,Arnold Arboretum living collection (Arboretum Explorer)
Malus x micromalus,Hybrid Crabapple,,Rosaceae,Malus,Tree,,Arnold Arboretum living collection (Arboretum Explorer)
Malus x moerlandsii (variant),,,Rosaceae,Malus,Shrub,,Arnold Arboretum living collection (Arboretum Explorer)
Malus x platycarpa (pro sp.),,|Malus platycarpa|Malus platycarpa var. hoopesii|Malus coronaria var. hoopesii|,Rosaceae,Malus,Tree,,Arnold Arboretum living collection (Arboretum Explorer)
Malus x purpurea,Purple Crabapple,,Rosaceae,Malus,Intermediate (shrub/tree),15.0,Arnold Arboretum living collection (Arboretum Explorer)
Malus x purpurea 'Aldenhamensis',,|Malus x purpurea forma aldenhamensis|,Rosaceae,Malus,Intermediate (shrub/tree),,Arnold Arboretum living collection (Arboretum Explorer)
Malus x purpurea 'Eleyi',Cultivar of Purple Crabapple,,Rosaceae,Malus,Intermediate (shrub/tree),,Arnold Arboretum living collection (Arboretum Explorer)
Malus x purpurea 'Kornicensis',Cultivar of Purple Crabapple,,Rosaceae,Malus,Intermediate (shrub/tree),,Arnold Arboretum living collection (Arboretum Explorer)
Malus x purpurea 'Lemoinei',,|Malus purpurea forma lemoinei|,Rosaceae,Malus,Intermediate (shrub/tree),,Arnold Arboretum living collection (Arboretum Explorer)
Malus x robusta,Cherry Crabapple,|Malus flexilis|,Rosaceae,Malus,Intermediate (shrub/tree),,Arnold Arboretum living collection (Arboretum Explorer)
Malus x robusta 'Arnold-Canada',Cultivar of Cherry Crabapple,|Malus x robusta 'No. 5'|Malus 'Ottawa 524'|,Rosaceae,Malus,Intermediate (shrub/tree),49.9,Arnold Arboretum living collection (Arboretum Explorer)
Malus x robusta 'Erecta',Cultivar of Crabapple,|Malus x robusta forma erecta|,Rosaceae,Malus,Intermediate (shrub/tree),7.2,Arnold Arboretum living collection (Arboretum Explorer)
Malus x robusta (variant),Variant of Cherry Crabapple,,Rosaceae,Malus,Tree,,Arnold Arboretum living collection (Arboretum Explorer)
Malus x robusta var. persicifolia,Peachleaf Crabapple,|Malus x robusta 'Persicifolia'|,Rosaceae,Malus,Shrub,14.1,Arnold Arboretum living collection (Arboretum Explorer)
Malus x robusta var. xanthocarpa,Variety of Cherry Crabapple,,Rosaceae,Malus,Tree,,Arnold Arboretum living collection (Arboretum Explorer)
Malus x scheideckeri,Scheidecker Crabapple,,Rosaceae,Malus,Tree,6.6,Arnold Arboretum living collection (Arboretum Explorer)
Malus x soulardii,Soulard Crabapple,,Rosaceae,Malus,Shrub,4.1,Arnold Arboretum living collection (Arboretum Explorer)
Malus x sublobata,Yellow Autumn Crabapple,,Rosaceae,Malus,Tree,,Arnold Arboretum living collection (Arboretum Explorer)
Malus x zumi,Zumi Crabapple,,Rosaceae,Malus,Tree,,Arnold Arboretum living collection (Arboretum Explorer)
Malus x zumi (variant),Hybrid Crabapple,,Rosaceae,Malus,Tree,4.0,Arnold Arboretum living collection (Arboretum Explorer)
Malus x zumi var. calocarpa,Redbud Crabapple,|Malus zumi 'Calocarpa'|,Rosaceae,Malus,Tree,,Arnold Arboretum living collection (Arboretum Explorer)
Malus yunnanensis,Yunnan Crabapple,,Rosaceae,Malus,Tree,,Arnold Arboretum living collection (Arboretum Explorer)
Malus yunnanensis var. veitchii,Variety of Yunnan Crabapple,,Rosaceae,Malus,Tree,3.8,Arnold Arboretum living collection (Arboretum Explorer)
Malus zhaojiaoensis,,,Rosaceae,Malus,Tree,5.2,Arnold Arboretum living collection (Arboretum Explorer)
Manglietia decidua,,,Magnoliaceae,Manglietia,Tree,5.9,Arnold Arboretum living collection (Arboretum Explorer)
Meliosma arnottiana ssp. oldhamii,,|Meliosma oldhamii|,Sabiaceae,Meliosma,Tree,3.0,Arnold Arboretum living collection (Arboretum Explorer)
Meliosma dilleniifolia ssp. cuneifolia,,,Sabiaceae,Meliosma,Shrub,6.0,Arnold Arboretum living collection (Arboretum Explorer)
Meliosma dilleniifolia ssp. tenuis,,|Meliosma tenuis|,Sabiaceae,Meliosma,Shrub,9.8,Arnold Arboretum living collection (Arboretum Explorer)
Menispermum canadense,Canada Moonseed,,Menispermaceae,Menispermum,Vine,7.9,Arnold Arboretum living collection (Arboretum Explorer)
Menispermum dauricum,Asiatic Moonseed,,Menispermaceae,Menispermum,Vine,,Arnold Arboretum living collection (Arboretum Explorer)
Mespilus germanica,Common Medlar,,Rosaceae,Mespilus,Intermediate (shrub/tree),18.4,Arnold Arboretum living collection (Arboretum Explorer)
Metasequoia glyptostroboides,Dawn Redwood,,Cupressaceae,Metasequoia,Tree,9.8,Arnold Arboretum living collection (Arboretum Explorer)
Metasequoia glyptostroboides 'National',Cultivar of Dawn Redwood,,Cupressaceae,Metasequoia,Tree,,Arnold Arboretum living collection (Arboretum Explorer)
Microbiota decussata,Microbiota,,Cupressaceae,Microbiota,Shrub,,Arnold Arboretum living collection (Arboretum Explorer)
Miscanthus japonicus,Japanese Silvergrass,|Miscanthus floridulus|,Poaceae,Miscanthus,Herbaceous,7.2,Arnold Arboretum living collection (Arboretum Explorer)
Miscanthus sinensis,Eulalia,,Poaceae,Miscanthus,Herbaceous,3.3,Arnold Arboretum living collection (Arboretum Explorer)
Miscanthus sinensis 'Gracillimus',Cultivar of Maidengrass,,Poaceae,Miscanthus,Herbaceous,,Arnold Arboretum living collection (Arboretum Explorer)
Miscanthus sinensis 'Morning Light',,,Poaceae,Miscanthus,Herbaceous,,Arnold Arboretum living collection (Arboretum Explorer)
Miscanthus sinensis 'Variegatus',Cultivar of Eulalia,,Poaceae,Miscanthus,Herbaceous,5.2,Arnold Arboretum living collection (Arboretum Explorer)
Miscanthus sinensis 'Zebrinus',Cultivar of Eulalia,,Poaceae,Miscanthus,Herbaceous,,Arnold Arboretum living collection (Arboretum Explorer)
Mitchella repens,Partridgeberry,,Rubiaceae,Mitchella,Shrub,,Arnold Arboretum living collection (Arboretum Explorer)
Mitchella repens forma leucocarpa,Partridgeberry,,Rubiaceae,Mitchella,Shrub,,Arnold Arboretum living collection (Arboretum Explorer)
Monarda didyma,Scarlet Bee-Balm,,Lamiaceae,Monarda,Herbaceous,2.0,Arnold Arboretum living collection (Arboretum Explorer)
Monarda fistulosa,Wild Bergamot,,Lamiaceae,Monarda,Herbaceous,,Arnold Arboretum living collection (Arboretum Explorer)
Morus alba,White Mulberry,|Morus mongolica|Morus japonica|,Moraceae,Morus,Intermediate (shrub/tree),17.7,Arnold Arboretum living collection (Arboretum Explorer)
Morus alba 'Pendula',Cultivar of White Mulberry,|Morus alba forma pendula|,Moraceae,Morus,Tree,,Arnold Arboretum living collection (Arboretum Explorer)
Morus alba 'Stribling',Cultivar of White Mulberry,,Moraceae,Morus,Tree,,Arnold Arboretum living collection (Arboretum Explorer)
Morus alba 'Venosa',Cultivar of White Mulberry,|Morus alba forma venosa|,Moraceae,Morus,Tree,,Arnold Arboretum living collection (Arboretum Explorer)
Morus alba var. tatarica,Variant of White Mulberry,|Morus alba forma romana|,Moraceae,Morus,Intermediate (shrub/tree),36.8,Arnold Arboretum living collection (Arboretum Explorer)
Morus australis,Acid Mulberry,,Moraceae,Morus,Intermediate (shrub/tree),,Arnold Arboretum living collection (Arboretum Explorer)
Morus bombycis 'Unryu',Cultivar of Mulberry,,Moraceae,Morus,Tree,,Arnold Arboretum living collection (Arboretum Explorer)
Morus kagayamae,Mulberry,|Morus bombycis|,Moraceae,Morus,Tree,,Arnold Arboretum living collection (Arboretum Explorer)
Morus rubra,Red Mulberry,,Moraceae,Morus,Intermediate (shrub/tree),,Arnold Arboretum living collection (Arboretum Explorer)
Mukdenia rossii,,|Aceriphyllum rosii|,Saxifragaceae,Mukdenia,Herbaceous,1.0,Arnold Arboretum living collection (Arboretum Explorer)
Myrica cerifera,Southern Bayberry,|Myrica pusilla|Myrica cerifera var. pumila|Myrica pumila|Morella cerifera|,Myricaceae,Myrica,Shrub,4.5,Arnold Arboretum living collection (Arboretum Explorer)
Myrica gale,Sweetgale,|Myrica gale var. tomentosa|,Myricaceae,Myrica,Shrub,5.2,Arnold Arboretum living collection (Arboretum Explorer)
Myrica heterophylla,Small Bayberry,|Myrica carolinensis|Myrica heterophylla var. heterophylla|,Myricaceae,Myrica,Intermediate (shrub/tree),,Arnold Arboretum living collection (Arboretum Explorer)
Myrica pensylvanica,Northern Bayberry,||Morella pensylvanica|Morella caroliniensis|,Myricaceae,Myrica,Shrub,9.8,Arnold Arboretum living collection (Arboretum Explorer)
Nandina domestica,,,Berberidaceae,Nandina,Shrub,1.6,Arnold Arboretum living collection (Arboretum Explorer)
Neillia ribesioides,,|Neillia sinensis var. ribesioides|,Rosaceae,Neillia,Shrub,5.6,Arnold Arboretum living collection (Arboretum Explorer)
Neillia sinensis,Chinese Neillia,,Rosaceae,Neillia,Shrub,6.9,Arnold Arboretum living collection (Arboretum Explorer)
Neillia thibetica,Tibet Neillia,|Neillia longiracemosa|,Rosaceae,Neillia,Shrub,5.9,Arnold Arboretum living collection (Arboretum Explorer)
Neillia uekii,,|Neillia uyekii|,Rosaceae,Neillia,Shrub,5.9,Arnold Arboretum living collection (Arboretum Explorer)
Neviusia alabamensis,Alabama Snow-Wreath,,Rosaceae,Neviusia,Shrub,4.9,Arnold Arboretum living collection (Arboretum Explorer)
Nipponanthemum nipponicum,Nippon Daisy,|Chrysanthemum nipponicum|Nipponanthemum nipponicum|,Asteraceae,Nipponanthemum,Herbaceous,,Arnold Arboretum living collection (Arboretum Explorer)
Nyssa aquatica,Water Tupelo,,Nyssaceae,Nyssa,Tree,,Arnold Arboretum living collection (Arboretum Explorer)
Nyssa biflora,Swamp Black Gum,|Nyssa sylvatica var. biflora|,Nyssaceae,Nyssa,Tree,4.3,Arnold Arboretum living collection (Arboretum Explorer)
Nyssa sinensis,,,Nyssaceae,Nyssa,Tree,,Arnold Arboretum living collection (Arboretum Explorer)
Nyssa sylvatica,Black Tupelo,,Nyssaceae,Nyssa,Tree,5.9,Arnold Arboretum living collection (Arboretum Explorer)
Nyssa sylvatica 'Autumn Cascades',Cultivar of Black Tupelo,,Nyssaceae,Nyssa,Tree,,Arnold Arboretum living collection (Arboretum Explorer)
Nyssa sylvatica 'Pendula',Cultivar of Black Tupelo,,Nyssaceae,Nyssa,Tree,,Arnold Arboretum living collection (Arboretum Explorer)
Nyssa sylvatica 'Zydico Twist',,,Nyssaceae,Nyssa,,,Arnold Arboretum living collection (Arboretum Explorer)
Nyssa sylvatica var. sylvatica,Black Tupelo,,Nyssaceae,Nyssa,Tree,,Arnold Arboretum living collection (Arboretum Explorer)
Oemleria cerasiformis,Osoberry,|Osmaronia cerasiformis|,Rosaceae,Oemleria,Intermediate (shrub/tree),6.6,Arnold Arboretum living collection (Arboretum Explorer)
Onoclea sensibilis,Sensitive Fern,,Woodsiaceae,Onoclea,Herbaceous,,Arnold Arboretum living collection (Arboretum Explorer)
Ophiopogon chekiangensis,,,Asparagaceae,Ophiopogon,Herbaceous,,Arnold Arboretum living collection (Arboretum Explorer)
Ophiopogon planiscapus 'Arabicus',Cultivar of Ophiopogon,,Asparagaceae,Ophiopogon,Herbaceous,,Arnold Arboretum living collection (Arboretum Explorer)
Oplopanax horridus,Devil's Club,,Araliaceae,Oplopanax,,,Arnold Arboretum living collection (Arboretum Explorer)
Opuntia humifusa,Eastern Prickly Pear,,Cactaceae,Opuntia,Shrub,0.8,Arnold Arboretum living collection (Arboretum Explorer)
Orixa japonica,Japanese Orixa,,Rutaceae,Orixa,Shrub,9.8,Arnold Arboretum living collection (Arboretum Explorer)
Osmanthus americanus,Wild Olive,,Oleaceae,Osmanthus,Intermediate (shrub/tree),7.9,Arnold Arboretum living collection (Arboretum Explorer)
Osmanthus heterophyllus 'Sasaba',Cultivar of Holly Tea Olive,,Oleaceae,Osmanthus,Tree,,Arnold Arboretum living collection (Arboretum Explorer)
Osmanthus heterophyllus 'sPg-3-021',Party Lights™ Holly Tea Olive,,Oleaceae,Osmanthus,Tree,,Arnold Arboretum living collection (Arboretum Explorer)
Osmanthus yunnanensis,,,Oleaceae,Osmanthus,Intermediate (shrub/tree),2.0,Arnold Arboretum living collection (Arboretum Explorer)
Osmunda japonica,,,Osmundaceae,Osmunda,,,Arnold Arboretum living collection (Arboretum Explorer)
Osmundastrum cinnamomeum,Cinnamon Fern,|Osmunda cinnamomea|Osmunda cinnamomeum var. fokiense|,Osmundaceae,Osmundastrum,,,Arnold Arboretum living collection (Arboretum Explorer)
Ostrya carpinifolia,European Hop-Hornbeam,,Betulaceae,Ostrya,Tree,5.6,Arnold Arboretum living collection (Arboretum Explorer)
Ostrya japonica,East Asian Hophornbeam,,Betulaceae,Ostrya,Tree,16.4,Arnold Arboretum living collection (Arboretum Explorer)
Ostrya knowltonii,,,Betulaceae,Ostrya,Tree,,Arnold Arboretum living collection (Arboretum Explorer)
Ostrya rehderiana,,,Betulaceae,Ostrya,Tree,3.3,Arnold Arboretum living collection (Arboretum Explorer)
Ostrya virginiana,Eastern Hophornbeam,,Betulaceae,Ostrya,Tree,13.8,Arnold Arboretum living collection (Arboretum Explorer)
Ostrya virginiana forma glandulosa,Form of Eastern Hophornbeam,|Ostrya virginiana var. glandulosa|,Betulaceae,Ostrya,Tree,,Arnold Arboretum living collection (Arboretum Explorer)
Ostrya virginiana var. virginiana,Eastern Hophornbeam,,Betulaceae,Ostrya,Tree,34.0,Arnold Arboretum living collection (Arboretum Explorer)
Ostryopsis davidiana,,,Betulaceae,Ostryopsis,Shrub,5.9,Arnold Arboretum living collection (Arboretum Explorer)
Oxydendrum arboreum,Sourwood,||,Ericaceae,Oxydendrum,Tree,13.5,Arnold Arboretum living collection (Arboretum Explorer)
Pachysandra procumbens,Allegheny Pachysandra,,Buxaceae,Pachysandra,Shrub,1.3,Arnold Arboretum living collection (Arboretum Explorer)
Pachysandra terminalis,Pachysandra,,Buxaceae,Pachysandra,Shrub,0.5,Arnold Arboretum living collection (Arboretum Explorer)
Pachysandra terminalis 'Cabbage Leaf',Cultivar of Japanese Pachysandra,,Buxaceae,Pachysandra,Vine,0.7,Arnold Arboretum living collection (Arboretum Explorer)
Pachysandra terminalis 'Green Carpet',Cultivar of Japanese Pachysandra,,Buxaceae,Pachysandra,Vine,1.0,Arnold Arboretum living collection (Arboretum Explorer)
Packera aurea,Golden Ragwort,|Senecio aureus|,Asteraceae,Packera,Herbaceous,,Arnold Arboretum living collection (Arboretum Explorer)
Paeonia 'Adzuma-Shibori' (Dappled Pattern of the East),Cultivar of Tree Peony,,Ranunculaceae,Paeonia,Shrub,1.3,Arnold Arboretum living collection (Arboretum Explorer)
Paeonia 'Alice Harding',Cultivar of Tree Peony,,Ranunculaceae,Paeonia,Shrub,1.3,Arnold Arboretum living collection (Arboretum Explorer)
Paeonia 'Athena',Cultivar of Peony,,Ranunculaceae,Paeonia,Shrub,,Arnold Arboretum living collection (Arboretum Explorer)
Paeonia 'Black Douglas',Cultivar of Tree Peony,,Ranunculaceae,Paeonia,Shrub,2.0,Arnold Arboretum living collection (Arboretum Explorer)
Paeonia 'Chromatella',Cultivar of Tree Peony,,Ranunculaceae,Paeonia,Shrub,,Arnold Arboretum living collection (Arboretum Explorer)
Paeonia 'Coral Charm',Cultivar of Peony,,Ranunculaceae,Paeonia,Shrub,,Arnold Arboretum living collection (Arboretum Explorer)
Paeonia 'Crinkled Linens',Cultivar of Peony,,Ranunculaceae,Paeonia,Shrub,,Arnold Arboretum living collection (Arboretum Explorer)
Paeonia 'Dr. Robert Smirnow',Cultivar of Tree Peony,,Ranunculaceae,Paeonia,Shrub,,Arnold Arboretum living collection (Arboretum Explorer)
Paeonia 'Flambeau',Cultivar of Tree Peony,,Ranunculaceae,Paeonia,Shrub,,Arnold Arboretum living collection (Arboretum Explorer)
Paeonia 'Fushakkin',Cultivar of Tree Peony,,Ranunculaceae,Paeonia,Shrub,2.3,Arnold Arboretum living collection (Arboretum Explorer)
Paeonia 'Gold Sovereign',Cultivar of Tree Peony,,Ranunculaceae,Paeonia,Shrub,2.0,Arnold Arboretum living collection (Arboretum Explorer)
Paeonia 'Gyoku-shokaku' (Palace where Jewels are Kept),Cultivar of Tree Peony,,Ranunculaceae,Paeonia,Shrub,,Arnold Arboretum living collection (Arboretum Explorer)
Paeonia 'Haku-gan' (White Wild Geese),Cultivar of Tree Peony,,Ranunculaceae,Paeonia,Shrub,1.6,Arnold Arboretum living collection (Arboretum Explorer)
Paeonia 'Hakuo-jishi' (White Tailed Lion),Cultivar of Tree Peony,,Ranunculaceae,Paeonia,Shrub,1.0,Arnold Arboretum living collection (Arboretum Explorer)
Paeonia 'Harlequin',Cultivar of Tree Peony,,Ranunculaceae,Paeonia,Shrub,4.6,Arnold Arboretum living collection (Arboretum Explorer)
Paeonia 'Hatsu-hinode',Cultivar of Tree Peony,,Ranunculaceae,Paeonia,Shrub,,Arnold Arboretum living collection (Arboretum Explorer)
Paeonia 'Hira-no-yuki' (Snow of Hira),Cultivar of Tree Peony,,Ranunculaceae,Paeonia,Shrub,2.0,Arnold Arboretum living collection (Arboretum Explorer)
Paeonia 'Horei',Cultivar of Tree Peony,,Ranunculaceae,Paeonia,Shrub,,Arnold Arboretum living collection (Arboretum Explorer)
Paeonia 'Hozan' (Treasure Mountain),Cultivar of Tree Peony,|Paeonia 'Howzan'|,Ranunculaceae,Paeonia,Shrub,3.3,Arnold Arboretum living collection (Arboretum Explorer)
Paeonia 'Impu-mon' (Gate of Impu),Cultivar of Tree Peony,,Ranunculaceae,Paeonia,Shrub,2.3,Arnold Arboretum living collection (Arboretum Explorer)
Paeonia 'Kagura-jishi',Cultivar of Tree Peony,,Ranunculaceae,Paeonia,Shrub,,Arnold Arboretum living collection (Arboretum Explorer)
Paeonia 'Kamada Fryr',Cultivar of Tree Peony,,Ranunculaceae,Paeonia,Shrub,,Arnold Arboretum living collection (Arboretum Explorer)
Paeonia 'Kamada-fuji',Cultivar of Tree Peony,,Ranunculaceae,Paeonia,Shrub,,Arnold Arboretum living collection (Arboretum Explorer)
Paeonia 'Kinda Cute' (double flowered form),Cultivar of Peony,,Ranunculaceae,Paeonia,Shrub,,Arnold Arboretum living collection (Arboretum Explorer)
Paeonia 'Kintajio',Cultivar of Tree Peony,,Ranunculaceae,Paeonia,Shrub,3.0,Arnold Arboretum living collection (Arboretum Explorer)
Paeonia 'Konron-koku' (Land of Konron),Cultivar of Tree Peony,,Ranunculaceae,Paeonia,Shrub,,Arnold Arboretum living collection (Arboretum Explorer)
Paeonia 'La Lorraine',Cultivar of Tree Peony,,Ranunculaceae,Paeonia,Shrub,2.0,Arnold Arboretum living collection (Arboretum Explorer)
Paeonia 'Nike' (Goddess of Victory),Cultivar of Paeonia,,Ranunculaceae,Paeonia,Shrub,,Arnold Arboretum living collection (Arboretum Explorer)
Paeonia 'Ori-hime' (Princess Ori),Cultivar of Tree Peony,,Ranunculaceae,Paeonia,Shrub,,Arnold Arboretum living collection (Arboretum Explorer)
Paeonia 'Osiris',Cultivar of Tree Peony,,Ranunculaceae,Paeonia,Shrub,,Arnold Arboretum living collection (Arboretum Explorer)
Paeonia 'Raspberry Sundae',Cultivar of Peony,,Ranunculaceae,Paeonia,Shrub,,Arnold Arboretum living collection (Arboretum Explorer)
Paeonia 'Rimpo',Cultivar of Tree Peony,,Ranunculaceae,Paeonia,Shrub,,Arnold Arboretum living collection (Arboretum Explorer)
Paeonia 'Roman Gold',Cultivar of Peony,,Ranunculaceae,Paeonia,Shrub,3.3,Arnold Arboretum living collection (Arboretum Explorer)
Paeonia 'Shuygo-kuden',Cultivar of Tree Peony,,Ranunculaceae,Paeonia,Shrub,,Arnold Arboretum living collection (Arboretum Explorer)
Paeonia 'Suisho-haku' (Crystal Palace),Cultivar of Tree Peony,,Ranunculaceae,Paeonia,Shrub,3.3,Arnold Arboretum living collection (Arboretum Explorer)
Paeonia 'Suma-no-ichi' (Deepest Ink),Cultivar of Tree Peony,,Ranunculaceae,Paeonia,Shrub,,Arnold Arboretum living collection (Arboretum Explorer)
Paeonia 'Taiyo Sun' (Great Emperor),Cultivar of Tree Peony,,Ranunculaceae,Paeonia,Shrub,,Arnold Arboretum living collection (Arboretum Explorer)
Paeonia 'Tama-midori' (Green Jade),Cultivar of Tree Peony,,Ranunculaceae,Paeonia,Shrub,,Arnold Arboretum living collection (Arboretum Explorer)
Paeonia 'Velours Rouge',Cultivar of Tree Peony,,Ranunculaceae,Paeonia,Shrub,2.6,Arnold Arboretum living collection (Arboretum Explorer)
Paeonia 'White Charm',Cultivar of Peony,,Ranunculaceae,Paeonia,Shrub,,Arnold Arboretum living collection (Arboretum Explorer)
Paeonia 'Yachiyotsubaki',Cultivar of Tree Peony,,Ranunculaceae,Paeonia,Shrub,,Arnold Arboretum living collection (Arboretum Explorer)
Paeonia 'Yachyo-tsubaki' (Long Head of Camellias),Cultivar of Tree Peony,,Ranunculaceae,Paeonia,Shrub,,Arnold Arboretum living collection (Arboretum Explorer)
Paeonia 'Yellow Emperor',Cultivar of Peony,,Ranunculaceae,Paeonia,Shrub,1.6,Arnold Arboretum living collection (Arboretum Explorer)
Paeonia lactiflora 'Duchesse de Nemours',Cultivar of Chinese Peony,,Ranunculaceae,Paeonia,Herbaceous,,Arnold Arboretum living collection (Arboretum Explorer)
Paeonia lactiflora 'Felix Crousse',Cultivar of Chinese Peony,,Ranunculaceae,Paeonia,Herbaceous,,Arnold Arboretum living collection (Arboretum Explorer)
Paeonia lactiflora 'Festiva Maxima',Cultivar of Chinese Peony,,Ranunculaceae,Paeonia,Herbaceous,,Arnold Arboretum living collection (Arboretum Explorer)
Paeonia ludlowii,Tibetan Peony,|Paeonia lutea var. ludlowii|Paeonia 'Ludlowii'|,Ranunculaceae,Paeonia,Shrub,4.6,Arnold Arboretum living collection (Arboretum Explorer)
Paeonia ostii,Tree Peony,,Ranunculaceae,Paeonia,Shrub,3.0,Arnold Arboretum living collection (Arboretum Explorer)
Paeonia peregrina,,,Ranunculaceae,Paeonia,Herbaceous,,Arnold Arboretum living collection (Arboretum Explorer)
Paeonia rockii (doubled flowered form),Cultivar of Tree Peony,|Paeonia suffruticosa 'Joseph Rock'|Paeonia suffruticosa 'Rock's Double'|,Ranunculaceae,Paeonia,Shrub,,Arnold Arboretum living collection (Arboretum Explorer)
Paeonia suffruticosa,Tree Peony,,Ranunculaceae,Paeonia,Shrub,3.6,Arnold Arboretum living collection (Arboretum Explorer)
Paeonia suffruticosa 'Airway',Cultivar of Tree Peony,,Ranunculaceae,Paeonia,Shrub,,Arnold Arboretum living collection (Arboretum Explorer)
Paeonia suffruticosa 'Angelet',Cultivar of Tree Peony,,Ranunculaceae,Paeonia,Shrub,1.6,Arnold Arboretum living collection (Arboretum Explorer)
Paeonia suffruticosa 'Bijou de Chusan',Cultivar of Tree Peony,,Ranunculaceae,Paeonia,Shrub,1.3,Arnold Arboretum living collection (Arboretum Explorer)
Paeonia suffruticosa 'Boreas' (God of North Wind),Cultivar of Tree Peony,,Ranunculaceae,Paeonia,Shrub,,Arnold Arboretum living collection (Arboretum Explorer)
Paeonia suffruticosa 'Mrs. Anna Smirnow',Cultivar of Tree Peony,,Ranunculaceae,Paeonia,Shrub,3.6,Arnold Arboretum living collection (Arboretum Explorer)
Paeonia suffruticosa 'Vesuvian',Cultivar of Tree Peony,,Ranunculaceae,Paeonia,Shrub,2.3,Arnold Arboretum living collection (Arboretum Explorer)
Paeonia suffruticosa ssp. rockii,,|Paeonia suffruticosa 'Joseph Rock'|Paeonia suffruticosa 'Rock's Variety'|,Ranunculaceae,Paeonia,Shrub,,Arnold Arboretum living collection (Arboretum Explorer)
Paeonia suffruticosa var. papaveracea,,,Ranunculaceae,Paeonia,Shrub,5.6,Arnold Arboretum living collection (Arboretum Explorer)
Paeonia x lemoinei 'Satin Rouge',Cultivar of Tree Peony,,Ranunculaceae,Paeonia,Shrub,,Arnold Arboretum living collection (Arboretum Explorer)
Parrotia persica,Persian Parrotia,,Hamamelidaceae,Parrotia,Tree,7.2,Arnold Arboretum living collection (Arboretum Explorer)
Parrotia persica 'Pendula',Weeping Persian Parrotia,,Hamamelidaceae,Parrotia,Tree,,Arnold Arboretum living collection (Arboretum Explorer)
Parrotia persica 'Vanessa',Cultivar of Persian Ironwood,,Hamamelidaceae,Parrotia,Tree,,Arnold Arboretum living collection (Arboretum Explorer)
Parrotia subaequalis,,|Parrotia subaquile|,Hamamelidaceae,Parrotia,Tree,17.1,Arnold Arboretum living collection (Arboretum Explorer)
Parrotiopsis jacquemontiana,,,Hamamelidaceae,Parrotiopsis,Intermediate (shrub/tree),8.2,Arnold Arboretum living collection (Arboretum Explorer)
Parthenocissus henryana,Henry's Woodbine,,Vitaceae,Parthenocissus,Vine,,Arnold Arboretum living collection (Arboretum Explorer)
Parthenocissus inserta,Thicket Creeper,|Parthenocissus vitacea|Parthenocissus vitaceae|,Vitaceae,Parthenocissus,Vine,8.0,Arnold Arboretum living collection (Arboretum Explorer)
Parthenocissus quinquefolia,Virginia Creeper,|Ampelopsis quinquefolia|,Vitaceae,Parthenocissus,Vine,,Arnold Arboretum living collection (Arboretum Explorer)
Parthenocissus quinquefolia 'Engelmannii',,|Parthenocissus quinquefolia forma engelmannii|,Vitaceae,Parthenocissus,Vine,,Arnold Arboretum living collection (Arboretum Explorer)
Parthenocissus quinquefolia var. hirsuta,,,Vitaceae,Parthenocissus,Vine,0.7,Arnold Arboretum living collection (Arboretum Explorer)
Parthenocissus quinquefolia var. saint-paulii,St. Paul Virginia Creeper,,Vitaceae,Parthenocissus,Vine,,Arnold Arboretum living collection (Arboretum Explorer)
Parthenocissus tricuspidata,Boston Ivy,,Vitaceae,Parthenocissus,Vine,8.2,Arnold Arboretum living collection (Arboretum Explorer)
Parthenocissus tricuspidata 'Fenway Park',Cultivar of Boston Ivy,,Vitaceae,Parthenocissus,Vine,,Arnold Arboretum living collection (Arboretum Explorer)
Parthenocissus tricuspidata 'Purpurea',Purple Creeper,|Parthenocissus tricuspidata forma purpurea|,Vitaceae,Parthenocissus,Vine,,Arnold Arboretum living collection (Arboretum Explorer)
Parthenocissus tricuspidata 'Veitchii Robusta',Cultivar of Boston Ivy,,Vitaceae,Parthenocissus,Vine,,Arnold Arboretum living collection (Arboretum Explorer)
Paulownia tomentosa,Royal Paulownia,,Scrophulariaceae,Paulownia,Tree,,Arnold Arboretum living collection (Arboretum Explorer)
Paulownia tomentosa 'Coreana',Korean Paulownia,|Paulownia coreana|,Scrophulariaceae,Paulownia,Tree,,Arnold Arboretum living collection (Arboretum Explorer)
Paxistima canbyi,Canby's Mountain-Lover,,Celastraceae,Paxistima,Shrub,,Arnold Arboretum living collection (Arboretum Explorer)
Paxistima myrsinites,Myrtle Boxwood,,Celastraceae,Paxistima,Shrub,0.8,Arnold Arboretum living collection (Arboretum Explorer)
Penstemon digitalis,Foxglove Beardtongue,,Plantaginaceae,Penstemon,Herbaceous,,Arnold Arboretum living collection (Arboretum Explorer)
Perkinsiodendron macgregorii,,|Halesia macgregorii|,Styracaceae,Perkinsiodendron,Tree,,Arnold Arboretum living collection (Arboretum Explorer)
Perovskia 'Filagran',,,Lamiaceae,Perovskia,Herbaceous,,Arnold Arboretum living collection (Arboretum Explorer)
Perovskia 'Longin',Cultivar of Perovskia,,Lamiaceae,Perovskia,Shrub,,Arnold Arboretum living collection (Arboretum Explorer)
Perovskia atriplicifolia,,,Lamiaceae,Perovskia,Shrub,,Arnold Arboretum living collection (Arboretum Explorer)
Persea palustris,Swamp Redbay,,Lauraceae,Persea,Tree,3.9,Arnold Arboretum living collection (Arboretum Explorer)
Persicaria careyi,Carey's Smartweed,,Polygonaceae,Persicaria,Herbaceous,,Arnold Arboretum living collection (Arboretum Explorer)
Pertya sinensis,,,Asteraceae,Pertya,Shrub,,Arnold Arboretum living collection (Arboretum Explorer)
Petasites hybridus,Butterbur,,Asteraceae,Petasites,Herbaceous,3.3,Arnold Arboretum living collection (Arboretum Explorer)
Petasites japonicus,Giant Butterbur,,Asteraceae,Petasites,Herbaceous,4.6,Arnold Arboretum living collection (Arboretum Explorer)
Petteria ramentacea,Dalmatian Laburnum,,Fabaceae,Petteria,Shrub,7.5,Arnold Arboretum living collection (Arboretum Explorer)
Phellodendron amurense,Amur Corktree,|Phellodendron amurense var. amurense|Phellodendron amurense var. lavallei|Phellodendron amurense var. sachalinense|Phellodendron amurense var. wilsonii|Phellodendron insulare|Phellodendron japonicum|Phellodendron lavallei|Phellodendron molle|Phellodendron piriforme|Phellodendron sachalinense|,Rutaceae,Phellodendron,Tree,,Arnold Arboretum living collection (Arboretum Explorer)
Phellodendron chinense,Chinese Cork Tree,|Phellodendron chinense var. glabriusculum|,Rutaceae,Phellodendron,Tree,,Arnold Arboretum living collection (Arboretum Explorer)
Philadelphus 'Miniature Snowflake',Cultivar of Mockorange,,Hydrangeaceae,Philadelphus,Shrub,6.9,Arnold Arboretum living collection (Arboretum Explorer)
Philadelphus 'Slavinii',,,Hydrangeaceae,Philadelphus,Shrub,12.1,Arnold Arboretum living collection (Arboretum Explorer)
Philadelphus caucasicus,Caucasus Mockorage,,Hydrangeaceae,Philadelphus,Shrub,8.5,Arnold Arboretum living collection (Arboretum Explorer)
Philadelphus coronarius,Sweet Mockorange,,Hydrangeaceae,Philadelphus,Shrub,8.2,Arnold Arboretum living collection (Arboretum Explorer)
Philadelphus coronarius 'Aureum',Golden Sweet Mockorange,|Philadelphus caucasicus 'Aureus'|Philadelphus coronarius forma aureus|,Hydrangeaceae,Philadelphus,Shrub,,Arnold Arboretum living collection (Arboretum Explorer)
Philadelphus coronarius 'Primulaeflorus',Cultivar of Mockorange,|Philadelphus coronarius forma primulaeflorus|,Hydrangeaceae,Philadelphus,Shrub,8.2,Arnold Arboretum living collection (Arboretum Explorer)
Philadelphus coronarius 'Pumilus',Cultivar of Sweet Mockorange,|Philadelphus coronarius 'Duplex'|Philadelphus coronarius forma pumilus|,Hydrangeaceae,Philadelphus,Shrub,,Arnold Arboretum living collection (Arboretum Explorer)
Philadelphus coronarius 'Zeyheri',Cultivar of Sweet Mockorange,|Philadelphus zeyheri|,Hydrangeaceae,Philadelphus,Shrub,6.6,Arnold Arboretum living collection (Arboretum Explorer)
Philadelphus coulteri,,,Hydrangeaceae,Philadelphus,Shrub,6.2,Arnold Arboretum living collection (Arboretum Explorer)
Philadelphus delavayi,,,Hydrangeaceae,Philadelphus,Shrub,8.5,Arnold Arboretum living collection (Arboretum Explorer)
Philadelphus edsonii,,,Hydrangeaceae,Philadelphus,Shrub,9.5,Arnold Arboretum living collection (Arboretum Explorer)
Philadelphus hirsutus,Hairy Mockorange,|Philadelphus godohokeri|,Hydrangeaceae,Philadelphus,Shrub,,Arnold Arboretum living collection (Arboretum Explorer)
Philadelphus incanus,Gray Mockorange,,Hydrangeaceae,Philadelphus,Shrub,16.4,Arnold Arboretum living collection (Arboretum Explorer)
Philadelphus inodorus,Scentless Mockorange,|Philadelphus floridus var. faxonii|Philadelphus laxus|Philadelphus inodorus var. grandiflorus|Philadelphus inodorus var. laxus|,Hydrangeaceae,Philadelphus,Shrub,12.8,Arnold Arboretum living collection (Arboretum Explorer)
Philadelphus kansuensis,,|Philadelphus pekinensis var. kansuensis|,Hydrangeaceae,Philadelphus,Shrub,10.5,Arnold Arboretum living collection (Arboretum Explorer)
Philadelphus lewisii,Lewis' Mock Orange,|Philadelphus confusus|Philadelphus gordonianus|Philadelphus gordonianus var. columbianus|Philadelphus californicus|,Hydrangeaceae,Philadelphus,Shrub,6.9,Arnold Arboretum living collection (Arboretum Explorer)
Philadelphus lewisii 'Waterton',,,Hydrangeaceae,Philadelphus,Shrub,7.0,Arnold Arboretum living collection (Arboretum Explorer)
Philadelphus microphyllus,,,Hydrangeaceae,Philadelphus,Shrub,,Arnold Arboretum living collection (Arboretum Explorer)
Philadelphus pekinensis,Peking Mockorange,,Hydrangeaceae,Philadelphus,Shrub,7.9,Arnold Arboretum living collection (Arboretum Explorer)
Philadelphus pubescens,Hoary Mockorange,|Philadelphus latifolius|Philadelphus intectus|Philadelphus pubescens var. intectus|Philadelphus pubescens var. verrucosus|Philadelphus verrucosus|,Hydrangeaceae,Philadelphus,Shrub,4.6,Arnold Arboretum living collection (Arboretum Explorer)
Philadelphus purpurascens,Purplecup Mockorange,,Hydrangeaceae,Philadelphus,Shrub,11.3,Arnold Arboretum living collection (Arboretum Explorer)
Philadelphus satsumi,Satsuma Mockorange,|Philadelphus satsumanus|Philadelphus sanguineus|Philadelphus acuminatus|Philadelphus satsumi var. acuminatus|Philadelphus satsumanus var. nikoensis|Philadelphus shikokianus|Philadelphus speciosus|Philadelphus pekinensis|,Hydrangeaceae,Philadelphus,Shrub,9.5,Arnold Arboretum living collection (Arboretum Explorer)
Philadelphus schrenkii,Schrenk Mockorange,,Hydrangeaceae,Philadelphus,Shrub,10.2,Arnold Arboretum living collection (Arboretum Explorer)
Philadelphus schrenkii var. jackii,Variety of Schrenk Mockorange,,Hydrangeaceae,Philadelphus,Shrub,9.5,Arnold Arboretum living collection (Arboretum Explorer)
Philadelphus sericanthus,Silk Mockorange,,Hydrangeaceae,Philadelphus,Shrub,14.8,Arnold Arboretum living collection (Arboretum Explorer)
Philadelphus sp.,,,Hydrangeaceae,Philadelphus,Shrub,,Arnold Arboretum living collection (Arboretum Explorer)
Philadelphus subcanus,,|Philadelphus subcanus var. wilsonii|,Hydrangeaceae,Philadelphus,Shrub,13.5,Arnold Arboretum living collection (Arboretum Explorer)
Philadelphus subcanus var. magdalenae,,|Philadelphus magdalenae|,Hydrangeaceae,Philadelphus,Shrub,10.8,Arnold Arboretum living collection (Arboretum Explorer)
Philadelphus tenuifolius,,,Hydrangeaceae,Philadelphus,Shrub,7.9,Arnold Arboretum living collection (Arboretum Explorer)
Philadelphus texensis,Texas Mockorange,|Philadelphus texensis var. coryanus|,Hydrangeaceae,Philadelphus,Shrub,9.0,Arnold Arboretum living collection (Arboretum Explorer)
Philadelphus triflorus,Nepal Mockorange,|Philadelphus nepalensis|,Hydrangeaceae,Philadelphus,Shrub,6.9,Arnold Arboretum living collection (Arboretum Explorer)
Philadelphus x congestus,,,Hydrangeaceae,Philadelphus,Shrub,3.3,Arnold Arboretum living collection (Arboretum Explorer)
Philadelphus x cymosus 'Umbellatus',,|Philadelphus zeyheri 'Umbellatus'|,Hydrangeaceae,Philadelphus,Shrub,,Arnold Arboretum living collection (Arboretum Explorer)
Philadelphus x falconeri,Falconers Mockorange,,Hydrangeaceae,Philadelphus,Shrub,5.6,Arnold Arboretum living collection (Arboretum Explorer)
Philadelphus x maximus,Maximus Mockorange,,Hydrangeaceae,Philadelphus,Shrub,7.2,Arnold Arboretum living collection (Arboretum Explorer)
Philadelphus x monstrosus,,,Hydrangeaceae,Philadelphus,Shrub,8.9,Arnold Arboretum living collection (Arboretum Explorer)
Philadelphus x polyanthus 'Gerbe de Neige',Cultivar of Mock Orange,,Hydrangeaceae,Philadelphus,Shrub,10.8,Arnold Arboretum living collection (Arboretum Explorer)
Philadelphus x virginalis 'Le Roi',Cultivar of Philadelphus,|Philadelphus x virginalis 'Le Roy'|,Hydrangeaceae,Philadelphus,Shrub,,Arnold Arboretum living collection (Arboretum Explorer)
Philadelphus x virginalis 'Minnesota Snowflake',,,Hydrangeaceae,Philadelphus,Shrub,,Arnold Arboretum living collection (Arboretum Explorer)
Philadelphus x virginalis 'Virginal',Cultivar of Philadelphus,|Philadelphus 'Virginal'|,Hydrangeaceae,Philadelphus,Shrub,,Arnold Arboretum living collection (Arboretum Explorer)
Phoebe faberi,,,Lauraceae,Phoebe,Tree,1.1,Arnold Arboretum living collection (Arboretum Explorer)
Photinia amphidoxa,,|Stranvaesia amphidoxa|,Rosaceae,Photinia,Shrub,4.3,Arnold Arboretum living collection (Arboretum Explorer)
Photinia beauverdiana,,,Rosaceae,Photinia,Intermediate (shrub/tree),,Arnold Arboretum living collection (Arboretum Explorer)
Photinia davidiana,,|Stranvaesia davidiana|Stranvaesia davidiana var. undulata|Photinia niitakayamensis|Stranvaesia davidiana var. davidiana|Stranvaesia niitakayamensis|,Rosaceae,Photinia,Shrub,7.5,Arnold Arboretum living collection (Arboretum Explorer)
Photinia parvifolia,Littleleaf Photinia,,Rosaceae,Photinia,Shrub,18.0,Arnold Arboretum living collection (Arboretum Explorer)
Photinia schneideriana var. parviflora,,|Photinia parviflora|,Rosaceae,Photinia,Intermediate (shrub/tree),,Arnold Arboretum living collection (Arboretum Explorer)
Photinia sp.,,,Rosaceae,Photinia,Shrub,11.5,Arnold Arboretum living collection (Arboretum Explorer)
Photinia villosa,Smooth Photinia,|Photinia villosa var. longipes|Pourthiaea villosa|,Rosaceae,Photinia,Shrub,,Arnold Arboretum living collection (Arboretum Explorer)
Photinia villosa var. laevis,Variety of Smooth Photinia,,Rosaceae,Photinia,Intermediate (shrub/tree),,Arnold Arboretum living collection (Arboretum Explorer)
Photinia villosa var. sinica,Variety of Smooth Photinia,,Rosaceae,Photinia,Intermediate (shrub/tree),8.5,Arnold Arboretum living collection (Arboretum Explorer)
Photinia villosa var. villosa,Smooth Photinia,,Rosaceae,Photinia,Intermediate (shrub/tree),19.7,Arnold Arboretum living collection (Arboretum Explorer)
Photinia villosa var. zollingeri,Variety of Smooth Photinia,,Rosaceae,Photinia,Shrub,18.0,Arnold Arboretum living collection (Arboretum Explorer)
Phyllostachys angusta,Stone Bamboo,,Poaceae,Phyllostachys,Herbaceous,,Arnold Arboretum living collection (Arboretum Explorer)
Phyllostachys aurea,,,Poaceae,Phyllostachys,Herbaceous,,Arnold Arboretum living collection (Arboretum Explorer)
Phyllostachys aureosulcata,Yellow-Groove Bamboo,,Poaceae,Phyllostachys,Herbaceous,14.8,Arnold Arboretum living collection (Arboretum Explorer)
Phyllostachys bambusoides,Giant Timber Bamboo,,Poaceae,Phyllostachys,Herbaceous,,Arnold Arboretum living collection (Arboretum Explorer)
Phyllostachys bissetii,David Bisset Bamboo,,Poaceae,Phyllostachys,Herbaceous,13.8,Arnold Arboretum living collection (Arboretum Explorer)
Phyllostachys dulcis,Sweetshoot Bamboo,,Poaceae,Phyllostachys,Herbaceous,18.4,Arnold Arboretum living collection (Arboretum Explorer)
Phyllostachys flexuosa,,,Poaceae,Phyllostachys,Herbaceous,,Arnold Arboretum living collection (Arboretum Explorer)
Phyllostachys glauca,Glaucous Bamboo,,Poaceae,Phyllostachys,Herbaceous,,Arnold Arboretum living collection (Arboretum Explorer)
Phyllostachys heteroclada,,|Phyllostachys congesta|,Poaceae,Phyllostachys,Herbaceous,,Arnold Arboretum living collection (Arboretum Explorer)
Phyllostachys makinoi,Makino Bamboo,,Poaceae,Phyllostachys,Herbaceous,,Arnold Arboretum living collection (Arboretum Explorer)
Phyllostachys meyeri,Meyer Bamboo,,Poaceae,Phyllostachys,Herbaceous,6.9,Arnold Arboretum living collection (Arboretum Explorer)
Phyllostachys nidularia,Bignode Bamboo,,Poaceae,Phyllostachys,Herbaceous,,Arnold Arboretum living collection (Arboretum Explorer)
Phyllostachys nigra 'Hale',Cultivar of Black Bamboo,,Poaceae,Phyllostachys,Herbaceous,,Arnold Arboretum living collection (Arboretum Explorer)
Phyllostachys nigra 'Henon',Cultivar of Black Bamboo,,Poaceae,Phyllostachys,Herbaceous,4.8,Arnold Arboretum living collection (Arboretum Explorer)
Phyllostachys nuda,Naked Bamboo,,Poaceae,Phyllostachys,Herbaceous,,Arnold Arboretum living collection (Arboretum Explorer)
Phyllostachys sp.,,,Poaceae,Phyllostachys,Herbaceous,,Arnold Arboretum living collection (Arboretum Explorer)
Phyllostachys viridis,,,Poaceae,Phyllostachys,Herbaceous,,Arnold Arboretum living collection (Arboretum Explorer)
Physocarpus amurensis,Amur Ninebark,,Rosaceae,Physocarpus,Shrub,5.9,Arnold Arboretum living collection (Arboretum Explorer)
Physocarpus bracteatus,Twinpod Ninebark,,Rosaceae,Physocarpus,Shrub,5.6,Arnold Arboretum living collection (Arboretum Explorer)
Physocarpus capitatus,Pacific Ninebark,|Neillia capitata|Physocarpus opulifolius var. tomentellus|,Rosaceae,Physocarpus,Shrub,9.8,Arnold Arboretum living collection (Arboretum Explorer)
Physocarpus malvaceus,Mallow Ninebark,,Rosaceae,Physocarpus,Shrub,3.9,Arnold Arboretum living collection (Arboretum Explorer)
Physocarpus opulifolius,Common Ninebark,|Physocarpus stellatus|Physocarpus australis|,Rosaceae,Physocarpus,Shrub,11.2,Arnold Arboretum living collection (Arboretum Explorer)
Physocarpus opulifolius 'Dart's Gold',Cultivar of Goldleaf Ninebark,|Physocarpus opulifolius forma luteus 'Dart's Gold'|,Rosaceae,Physocarpus,Shrub,6.2,Arnold Arboretum living collection (Arboretum Explorer)
Physocarpus opulifolius 'Luteus',Cultivar of Common Ninebark,|Physocarpus opulifolius forma luteus|,Rosaceae,Physocarpus,Shrub,5.6,Arnold Arboretum living collection (Arboretum Explorer)
Physocarpus opulifolius 'SMPOWTW',Tiny Wine® Common Ninebark,,Rosaceae,Physocarpus,Shrub,5.6,Arnold Arboretum living collection (Arboretum Explorer)
Physocarpus opulifolius var. intermedius,Illinois Ninebark,|Physocarpus intermedius|,Rosaceae,Physocarpus,Shrub,8.2,Arnold Arboretum living collection (Arboretum Explorer)
Physocarpus opulifolius var. nanus,,,Rosaceae,Physocarpus,Shrub,6.9,Arnold Arboretum living collection (Arboretum Explorer)
Picea abies,Norway Spruce,|Picea excelsa|,Pinaceae,Picea,Tree,87.9,Arnold Arboretum living collection (Arboretum Explorer)
Picea abies 'Aurescens',Cultivar of Norway Spruce,,Pinaceae,Picea,Tree,,Arnold Arboretum living collection (Arboretum Explorer)
Picea abies 'Barnes',,,Pinaceae,Picea,Tree,,Arnold Arboretum living collection (Arboretum Explorer)
Picea abies 'Barryi',Barry Norway Spruce,|Picea abies forma barryi|,Pinaceae,Picea,Shrub,,Arnold Arboretum living collection (Arboretum Explorer)
Picea abies 'Clanbrassiliana',Dwarf Norway Spruce,|Picea abies forma clanbrassiliana|,Pinaceae,Picea,Shrub,,Arnold Arboretum living collection (Arboretum Explorer)
Picea abies 'Crippsii',Cultivar of Norway Spruce,,Pinaceae,Picea,Tree,,Arnold Arboretum living collection (Arboretum Explorer)
Picea abies 'Cupressina',Cypress Norway Spruce,|Picea abies forma cupressina|,Pinaceae,Picea,Tree,,Arnold Arboretum living collection (Arboretum Explorer)
Picea abies 'Echiniformis',Hedgehog Norway Spruce,,Pinaceae,Picea,Shrub,,Arnold Arboretum living collection (Arboretum Explorer)
Picea abies 'Elegantissima',Cultivar of Norway Spruce,,Pinaceae,Picea,Tree,,Arnold Arboretum living collection (Arboretum Explorer)
Picea abies 'Finedonensis',Finedon Norway Spruce,|Picea abies forma finedonensis|,Pinaceae,Picea,Tree,,Arnold Arboretum living collection (Arboretum Explorer)
Picea abies 'Gregoryana Parsonsii',Parsons' Norway Spruce,|Picea abies forma parsonsii|,Pinaceae,Picea,Shrub,,Arnold Arboretum living collection (Arboretum Explorer)
Picea abies 'Gregoryana Veitchii',Veitch's Norway Spruce,|Picea abies forma veitchii|,Pinaceae,Picea,Shrub,,Arnold Arboretum living collection (Arboretum Explorer)
Picea abies 'Gregoryana',Gregory Norway Spruce,|Picea abies forma gregoryana|,Pinaceae,Picea,Shrub,,Arnold Arboretum living collection (Arboretum Explorer)
Picea abies 'Highlandia',Cultivar of Norway Spruce,,Pinaceae,Picea,Tree,,Arnold Arboretum living collection (Arboretum Explorer)
Picea abies 'Humilis',Cultivar of Norway Spruce,,Pinaceae,Picea,Tree,2.0,Arnold Arboretum living collection (Arboretum Explorer)
Picea abies 'Inversa',Drooping Norway Spruce,|Picea abies forma inversa|,Pinaceae,Picea,Tree,9.2,Arnold Arboretum living collection (Arboretum Explorer)
Picea abies 'Maxwellii',Maxwell Norway Spruce,,Pinaceae,Picea,Shrub,,Arnold Arboretum living collection (Arboretum Explorer)
Picea abies 'Microsperma',Smallcone Norway Spruce,|Picea abies forma microsperma|,Pinaceae,Picea,Shrub,,Arnold Arboretum living collection (Arboretum Explorer)
Picea abies 'Minima',Cultivar of Norway Spruce,,Pinaceae,Picea,Tree,,Arnold Arboretum living collection (Arboretum Explorer)
Picea abies 'Mucronata',Sharpleaf Norway Spruce,|Picea abies forma mucronata|,Pinaceae,Picea,Tree,,Arnold Arboretum living collection (Arboretum Explorer)
Picea abies 'Nastoides',Cultivar of Norway Spruce,,Pinaceae,Picea,Tree,,Arnold Arboretum living collection (Arboretum Explorer)
Picea abies 'Nidiformis',Bird's Nest Spruce,,Pinaceae,Picea,Tree,,Arnold Arboretum living collection (Arboretum Explorer)
Picea abies 'Parviformis',Minute Norway Spruce,|Picea abies forma parviformis|,Pinaceae,Picea,Shrub,,Arnold Arboretum living collection (Arboretum Explorer)
Picea abies 'Pendula',,|Picea abies forma pendula|,Pinaceae,Picea,Tree,40.0,Arnold Arboretum living collection (Arboretum Explorer)
Picea abies 'Procumbens',Prostrate Norway Spruce,|Picea abies forma procumbens|,Pinaceae,Picea,Shrub,,Arnold Arboretum living collection (Arboretum Explorer)
Picea abies 'Pseudoprostrata',Cultivar of Norway Spruce,,Pinaceae,Picea,Tree,,Arnold Arboretum living collection (Arboretum Explorer)
Picea abies 'Pumila',Dwarf Norway Spruce,|Picea abies forma pumila|,Pinaceae,Picea,Shrub,,Arnold Arboretum living collection (Arboretum Explorer)
Picea abies 'Pygmaea',Pygmy Norway Spruce,|Picea abies forma pygmaea|,Pinaceae,Picea,Tree,,Arnold Arboretum living collection (Arboretum Explorer)
Picea abies 'Pyramidalis Gracilis',Cultivar of Norway Spruce,,Pinaceae,Picea,Tree,,Arnold Arboretum living collection (Arboretum Explorer)
Picea abies 'Reflexa',Cultivar of Norway Spruce,,Pinaceae,Picea,Tree,,Arnold Arboretum living collection (Arboretum Explorer)
Picea abies 'Remontii',Remont Norway Spruce,|Picea abies forma remontii|,Pinaceae,Picea,Tree,,Arnold Arboretum living collection (Arboretum Explorer)
Picea abies 'Repens',Creeping Norway Spruce,,Pinaceae,Picea,Shrub,2.5,Arnold Arboretum living collection (Arboretum Explorer)
Picea abies 'Sherwood Gem',Cultivar of Norway Spruce,,Pinaceae,Picea,Tree,,Arnold Arboretum living collection (Arboretum Explorer)
Picea abies 'Stricta',Cultivar of Norway Spruce,,Pinaceae,Picea,Tree,,Arnold Arboretum living collection (Arboretum Explorer)
Picea abies 'Tabuliformis',,|Picea abies forma tabulaeformis|,Pinaceae,Picea,Tree,,Arnold Arboretum living collection (Arboretum Explorer)
Picea abies 'Virgata',Cultivar of Norway Spruce,,Pinaceae,Picea,Tree,,Arnold Arboretum living collection (Arboretum Explorer)
Picea abies (variant),Variant of Norway Spruce,,Pinaceae,Picea,Tree,,Arnold Arboretum living collection (Arboretum Explorer)
Picea abies forma acrocona,Form of Norway Spruce,|Picea abies 'Acrocona'|,Pinaceae,Picea,Shrub,,Arnold Arboretum living collection (Arboretum Explorer)
Picea abies forma compacta,Globe Norway Spruce,|Picea abies 'Compacta'|,Pinaceae,Picea,Shrub,3.0,Arnold Arboretum living collection (Arboretum Explorer)
Picea abies forma conica,Arrowhead Norway Spruce,|Picea abies 'Conica'|,Pinaceae,Picea,Shrub,,Arnold Arboretum living collection (Arboretum Explorer)
Picea abies forma recurvata,Form of Norway Spruce,,Pinaceae,Picea,Tree,,Arnold Arboretum living collection (Arboretum Explorer)
Picea alcoquiana,Alcock Spruce,|Picea bicolor|,Pinaceae,Picea,Tree,,Arnold Arboretum living collection (Arboretum Explorer)
Picea alcoquiana var. acicularis,Wholescale Alcock Spruce,|Picea bicolor var. acicularis|Picea shirasawae|,Pinaceae,Picea,Tree,,Arnold Arboretum living collection (Arboretum Explorer)
Picea alcoquiana var. reflexa,Variety of Alcock Spruce,|Picea bicolor var. reflexa|,Pinaceae,Picea,Tree,,Arnold Arboretum living collection (Arboretum Explorer)
Picea asperata,Dragon Spruce,,Pinaceae,Picea,Tree,1.5,Arnold Arboretum living collection (Arboretum Explorer)
Picea asperata var. aurantiaca,Yellowtwig Spruce,|Picea aurantiaca|,Pinaceae,Picea,Tree,,Arnold Arboretum living collection (Arboretum Explorer)
Picea asperata var. heterolepis,Redtwig Dragon Spruce,,Pinaceae,Picea,Tree,24.6,Arnold Arboretum living collection (Arboretum Explorer)
Picea asperata var. notabilis,Narrowscale Dragon Spruce,,Pinaceae,Picea,Tree,2.0,Arnold Arboretum living collection (Arboretum Explorer)
Picea asperata var. ponderosa,Bigcone Dragon Spruce,|Picea asperata var. asperata|,Pinaceae,Picea,Tree,,Arnold Arboretum living collection (Arboretum Explorer)
Picea brachytyla,,,Pinaceae,Picea,Tree,,Arnold Arboretum living collection (Arboretum Explorer)
Picea breweriana,Brewer Spruce,,Pinaceae,Picea,Tree,18.0,Arnold Arboretum living collection (Arboretum Explorer)
Picea chihuahuana,,|Picea martinezii|,Pinaceae,Picea,Tree,,Arnold Arboretum living collection (Arboretum Explorer)
Picea crassifolia,Qinghai Spruce,,Pinaceae,Picea,Tree,,Arnold Arboretum living collection (Arboretum Explorer)
Picea engelmannii,Engelmann Spruce,,Pinaceae,Picea,Tree,,Arnold Arboretum living collection (Arboretum Explorer)
Picea engelmannii 'Vanderwolf's Blue Pyramid',Cultivar of Engelmann Spruce,,Pinaceae,Picea,Tree,,Arnold Arboretum living collection (Arboretum Explorer)
Picea engelmannii x glauca var. albertiana,,,Pinaceae,Picea,Tree,,Arnold Arboretum living collection (Arboretum Explorer)
Picea engelmannii x pungens,,|Picea x hurstii|,Pinaceae,Picea,Tree,,Arnold Arboretum living collection (Arboretum Explorer)
Picea glauca,White Spruce,,Pinaceae,Picea,Tree,19.0,Arnold Arboretum living collection (Arboretum Explorer)
Picea glauca 'Echiniformis',Cultivar of White Spruce,,Pinaceae,Picea,Tree,5.6,Arnold Arboretum living collection (Arboretum Explorer)
Picea glauca 'Hillside Dwarf',Cultivar of White Spruce,,Pinaceae,Picea,Tree,,Arnold Arboretum living collection (Arboretum Explorer)
Picea glauca 'Nana Compacta',Cultivar of White Spruce,,Pinaceae,Picea,Tree,,Arnold Arboretum living collection (Arboretum Explorer)
Picea glauca 'Nana',White Spruce,|Picea glauca forma nana|,Pinaceae,Picea,Tree,,Arnold Arboretum living collection (Arboretum Explorer)
Picea glauca var. albertiana forma conica,Dwarf White Spruce,|Picea glauca forma conica|Picea glauca 'Conica'|,Pinaceae,Picea,Tree,15.0,Arnold Arboretum living collection (Arboretum Explorer)
Picea glauca var. densata,Black Hills Spruce,,Pinaceae,Picea,Tree,,Arnold Arboretum living collection (Arboretum Explorer)
Picea glauca x mariana,,,Pinaceae,Picea,Tree,,Arnold Arboretum living collection (Arboretum Explorer)
Picea glehnii,Sakhalin Spruce,,Pinaceae,Picea,Tree,,Arnold Arboretum living collection (Arboretum Explorer)
Picea jezoensis,Yeddo Spruce,|Picea ajanensis|,Pinaceae,Picea,Tree,,Arnold Arboretum living collection (Arboretum Explorer)
Picea jezoensis var. komarovii,,,Pinaceae,Picea,Tree,,Arnold Arboretum living collection (Arboretum Explorer)
Picea koraiensis,,|Picea tonaiensis|,Pinaceae,Picea,Tree,,Arnold Arboretum living collection (Arboretum Explorer)
Picea koyamae,Koyama Spruce,|Picea koyamai|,Pinaceae,Picea,Tree,,Arnold Arboretum living collection (Arboretum Explorer)
Picea likiangensis,Lijiang Spruce,,Pinaceae,Picea,Tree,,Arnold Arboretum living collection (Arboretum Explorer)
Picea likiangensis var. montigena,Candelabra Spruce,|Picea montigena|,Pinaceae,Picea,Tree,12.1,Arnold Arboretum living collection (Arboretum Explorer)
Picea mariana,Black Spruce,,Pinaceae,Picea,Tree,,Arnold Arboretum living collection (Arboretum Explorer)
Picea mariana 'Beissneri',Cultivar of Black Spruce,|Picea mariana forma beissneri|,Pinaceae,Picea,Tree,,Arnold Arboretum living collection (Arboretum Explorer)
Picea mariana 'Doumetii',Doumet Black Spruce,,Pinaceae,Picea,Tree,,Arnold Arboretum living collection (Arboretum Explorer)
Picea mariana 'Ericoides',Heath Black Spruce,|Picea mariana forma ericoides|,Pinaceae,Picea,Shrub,10.5,Arnold Arboretum living collection (Arboretum Explorer)
Picea mariana 'Nana',Dwarf Black Spruce,|Picea mariana forma nana|,Pinaceae,Picea,Shrub,3.6,Arnold Arboretum living collection (Arboretum Explorer)
Picea mariana (variant),,,Pinaceae,Picea,Tree,,Arnold Arboretum living collection (Arboretum Explorer)
Picea mexicana,,,Pinaceae,Picea,Tree,,Arnold Arboretum living collection (Arboretum Explorer)
Picea meyeri,Meyer Spruce,,Pinaceae,Picea,Tree,,Arnold Arboretum living collection (Arboretum Explorer)
Picea neoveitchii,,,Pinaceae,Picea,Tree,2.1,Arnold Arboretum living collection (Arboretum Explorer)
Picea obovata,Siberian Spruce,|Picea obovata var. coerulea|,Pinaceae,Picea,Tree,52.5,Arnold Arboretum living collection (Arboretum Explorer)
Picea omorika,Serbian Spruce,,Pinaceae,Picea,Tree,,Arnold Arboretum living collection (Arboretum Explorer)
Picea omorika 'Expansa',Cultivar of Serbian Spruce,,Pinaceae,Picea,Shrub,,Arnold Arboretum living collection (Arboretum Explorer)
Picea omorika 'Nana',Cultivar of Serbian Spruce,,Pinaceae,Picea,Tree,,Arnold Arboretum living collection (Arboretum Explorer)
Picea omorika 'Pendula',Cultivar of Serbian Spruce,,Pinaceae,Picea,Tree,,Arnold Arboretum living collection (Arboretum Explorer)
Picea orientalis,Caucasian Spruce,,Pinaceae,Picea,Tree,,Arnold Arboretum living collection (Arboretum Explorer)
Picea orientalis 'Atrovirens',Cultivar of Caucasian Spruce,|Picea orientalis 'Aurea Spicata'|,Pinaceae,Picea,Tree,,Arnold Arboretum living collection (Arboretum Explorer)
Picea orientalis 'Aurea Compacta',Cultivar of Caucasian Spruce,|Picea orientalis 'Compacta Aurea'|,Pinaceae,Picea,Shrub,2.0,Arnold Arboretum living collection (Arboretum Explorer)
Picea orientalis 'Aurea',Cultivar of Caucasian Spruce,|Picea orientalis forma aurea|,Pinaceae,Picea,Tree,,Arnold Arboretum living collection (Arboretum Explorer)
Picea orientalis 'Compacta',Cultivar of Caucasian Spruce,,Pinaceae,Picea,Tree,,Arnold Arboretum living collection (Arboretum Explorer)
Picea orientalis 'Gowdy',Cultivar of Caucasian Spruce,,Pinaceae,Picea,Tree,,Arnold Arboretum living collection (Arboretum Explorer)
Picea orientalis 'Nutans',Cultivar of Caucasian Spruce,,Pinaceae,Picea,Tree,,Arnold Arboretum living collection (Arboretum Explorer)
Picea orientalis (variant),Variant of Caucasian Spruce,,Pinaceae,Picea,Tree,,Arnold Arboretum living collection (Arboretum Explorer)
Picea polita,Tiger-tail Spruce,|Picea torano|,Pinaceae,Picea,Tree,,Arnold Arboretum living collection (Arboretum Explorer)
Picea pungens,Colorado Blue Spruce,,Pinaceae,Picea,Tree,,Arnold Arboretum living collection (Arboretum Explorer)
Picea pungens 'Argentea',Cultivar of Colorado Spruce,,Pinaceae,Picea,Tree,,Arnold Arboretum living collection (Arboretum Explorer)
Picea pungens 'Compacta',Dwarf Colorado Spruce,|Picea pungens forma compacta|,Pinaceae,Picea,Tree,5.2,Arnold Arboretum living collection (Arboretum Explorer)
Picea pungens 'Glauca',Blue Colorado Spruce,,Pinaceae,Picea,Tree,,Arnold Arboretum living collection (Arboretum Explorer)
Picea pungens 'Hoopsii',Cultivar of Colorado Spruce,,Pinaceae,Picea,Tree,,Arnold Arboretum living collection (Arboretum Explorer)
Picea pungens 'Hunnewelliana',Hunnewell Colorado Blue Spruce,|Picea pungens forma hunnewelliana|Picea hunnewelliana|,Pinaceae,Picea,Tree,,Arnold Arboretum living collection (Arboretum Explorer)
Picea pungens 'Iseli's Fastigiate',Cultivar of Colorado Spruce,,Pinaceae,Picea,Tree,,Arnold Arboretum living collection (Arboretum Explorer)
Picea pungens 'Koster',Koster's Colorado Spruce,|Picea pungens var. kosteri|Picea pungens 'Glauca Compacta'|,Pinaceae,Picea,Tree,,Arnold Arboretum living collection (Arboretum Explorer)
Picea pungens 'Moerheimii',Morheim Colorado Spruce,,Pinaceae,Picea,Tree,,Arnold Arboretum living collection (Arboretum Explorer)
Picea pungens 'Montgomery',Cultivar of Colorado Spruce,,Pinaceae,Picea,Shrub,,Arnold Arboretum living collection (Arboretum Explorer)
Picea pungens 'Pendula',Cultivar of Colorado Spruce,|Picea pungens forma pendens|,Pinaceae,Picea,Tree,,Arnold Arboretum living collection (Arboretum Explorer)
Picea pungens 'Royal Blue',Cultivar of Colorado Spruce,,Pinaceae,Picea,Tree,,Arnold Arboretum living collection (Arboretum Explorer)
Picea pungens 'Speks',Cultivar of Colorado Spruce,,Pinaceae,Picea,Tree,,Arnold Arboretum living collection (Arboretum Explorer)
Picea pungens 'Thomsen',Cultivar of Colorado Spruce,|Picea pungens 'Thompson Blue'|Picea pungens 'Thomson'|,Pinaceae,Picea,Tree,,Arnold Arboretum living collection (Arboretum Explorer)
Picea pungens (variant),,,Pinaceae,Picea,Tree,,Arnold Arboretum living collection (Arboretum Explorer)
Picea purpurea,Purplecone Spruce,|Picea likiangensis var. purpurea|,Pinaceae,Picea,Tree,,Arnold Arboretum living collection (Arboretum Explorer)
Picea rubens,Red Spruce,,Pinaceae,Picea,Tree,,Arnold Arboretum living collection (Arboretum Explorer)
Picea schrenkiana,Schrenk Spruce,|Picea schrenkiana var. tianschanica|,Pinaceae,Picea,Tree,7.9,Arnold Arboretum living collection (Arboretum Explorer)
Picea sitchensis,Sitka Spruce,,Pinaceae,Picea,Tree,9.8,Arnold Arboretum living collection (Arboretum Explorer)
Picea smithiana,Indian Spruce,,Pinaceae,Picea,Tree,2.3,Arnold Arboretum living collection (Arboretum Explorer)
Picea sp.,Spruce,,Pinaceae,Picea,Tree,1.6,Arnold Arboretum living collection (Arboretum Explorer)
Picea wilsonii,Wilson Spruce,|Picea wilsonii var. shanxiensis|,Pinaceae,Picea,Tree,,Arnold Arboretum living collection (Arboretum Explorer)
Picea x fennica,Finnish Spruce,|Picea obovata var. fennica|,Pinaceae,Picea,Tree,2.0,Arnold Arboretum living collection (Arboretum Explorer)
Picea x mariorika,Mariorika Spruce,|Picea omorika 'Borealis'|,Pinaceae,Picea,Tree,,Arnold Arboretum living collection (Arboretum Explorer)
Picea x notha,Notha Spruce,,Pinaceae,Picea,Tree,,Arnold Arboretum living collection (Arboretum Explorer)
Picea x saaghyi 'Walter Kohler',Cultivar of Spruce,,Pinaceae,Picea,Tree,,Arnold Arboretum living collection (Arboretum Explorer)
Picrasma quassioides,India Quassiawood,,Simaroubaceae,Picrasma,Tree,,Arnold Arboretum living collection (Arboretum Explorer)
Pieris 'Brouwer's Beauty',Cultivar of Japanese Andromeda,,Ericaceae,Pieris,Shrub,9.2,Arnold Arboretum living collection (Arboretum Explorer)
Pieris floribunda,Fetterbush,,Ericaceae,Pieris,Shrub,6.6,Arnold Arboretum living collection (Arboretum Explorer)
Pieris floribunda 'Millstream',Cultivar of Mountain Pieris,,Ericaceae,Pieris,Shrub,,Arnold Arboretum living collection (Arboretum Explorer)
Pieris japonica,Japanese Andromeda,|Pieris taiwanensis|Pieris taiwaniana|Pieris polita|,Ericaceae,Pieris,Intermediate (shrub/tree),8.2,Arnold Arboretum living collection (Arboretum Explorer)
Pieris japonica 'Compacta',Cultivar of Japanese Pieris,,Ericaceae,Pieris,Shrub,5.9,Arnold Arboretum living collection (Arboretum Explorer)
Pieris japonica 'Daisen',Cultivar of Japanese Pieris,,Ericaceae,Pieris,Shrub,,Arnold Arboretum living collection (Arboretum Explorer)
Pieris japonica 'Dorothy Wyckoff',Cultivar of Japanese Pieris,|Pieris japonica 'Dorothy Wyckhoff'|Pieris japonica 'Dorothy Wycoff'|,Ericaceae,Pieris,Shrub,9.8,Arnold Arboretum living collection (Arboretum Explorer)
Pieris japonica 'Flamingo',Cultivar of Japanese Pieris,,Ericaceae,Pieris,Shrub,,Arnold Arboretum living collection (Arboretum Explorer)
Pieris japonica 'Geisha',Cultivar of Japanese Andromeda,,Ericaceae,Pieris,Shrub,3.9,Arnold Arboretum living collection (Arboretum Explorer)
Pieris japonica 'Mountain Fire',Cultivar of Japanese Pieris,,Ericaceae,Pieris,Shrub,,Arnold Arboretum living collection (Arboretum Explorer)
Pieris japonica 'Scarlet O'Hara',Cultivar of Japanese Pieris,,Ericaceae,Pieris,Shrub,13.1,Arnold Arboretum living collection (Arboretum Explorer)
Pieris japonica 'Valley Rose',Cultivar of Japanese Pieris,,Ericaceae,Pieris,Shrub,,Arnold Arboretum living collection (Arboretum Explorer)
Pieris japonica 'Variegata',Variegated Japanese Pieris,|Pieris japonica forma variegata|,Ericaceae,Pieris,Shrub,9.8,Arnold Arboretum living collection (Arboretum Explorer)
Pieris japonica 'White Cascade',Cultivar of Japanese Pieris,,Ericaceae,Pieris,Shrub,9.8,Arnold Arboretum living collection (Arboretum Explorer)
Pieris japonica 'Yakusimanum',Cultivar of Japanese Pieris,,Ericaceae,Pieris,Shrub,,Arnold Arboretum living collection (Arboretum Explorer)
Pieris phillyreifolia,Climbing Fetterbush,,Ericaceae,Pieris,Shrub,,Arnold Arboretum living collection (Arboretum Explorer)
Pinus aristata,Colorado Bristlecone Pine,,Pinaceae,Pinus,Tree,,Arnold Arboretum living collection (Arboretum Explorer)
Pinus arizonica,Arizona Pine,|Pinus ponderosa var. arizonica|,Pinaceae,Pinus,Tree,,Arnold Arboretum living collection (Arboretum Explorer)
Pinus arizonica var. stormiae,Pino Real,,Pinaceae,Pinus,Tree,,Arnold Arboretum living collection (Arboretum Explorer)
Pinus armandii,Armand Pine,,Pinaceae,Pinus,Tree,54.8,Arnold Arboretum living collection (Arboretum Explorer)
Pinus armandii x lambertiana,,,Pinaceae,Pinus,Tree,,Arnold Arboretum living collection (Arboretum Explorer)
Pinus ayacahuite var. brachyptera,Mexican White Pine,,Pinaceae,Pinus,Tree,,Arnold Arboretum living collection (Arboretum Explorer)
Pinus banatica,,,Pinaceae,Pinus,Tree,,Arnold Arboretum living collection (Arboretum Explorer)
Pinus banksiana,Jack Pine,|Pinus divaricata|,Pinaceae,Pinus,Tree,,Arnold Arboretum living collection (Arboretum Explorer)
Pinus banksiana 'Neponset',Cultivar of Jack Pine,,Pinaceae,Pinus,Tree,,Arnold Arboretum living collection (Arboretum Explorer)
Pinus banksiana 'Schoodic',Cultivar of Jack Pine,,Pinaceae,Pinus,Tree,,Arnold Arboretum living collection (Arboretum Explorer)
Pinus banksiana 'Wisconsin',Cultivar of Jack Pine,,Pinaceae,Pinus,Tree,,Arnold Arboretum living collection (Arboretum Explorer)
Pinus bungeana,Lacebark Pine,,Pinaceae,Pinus,Tree,,Arnold Arboretum living collection (Arboretum Explorer)
Pinus bungeana 'Silver Ghost',Cultivar of Lacebark Pine,,Pinaceae,Pinus,Tree,,Arnold Arboretum living collection (Arboretum Explorer)
Pinus cembra,Swiss Stone Pine,,Pinaceae,Pinus,Tree,4.9,Arnold Arboretum living collection (Arboretum Explorer)
Pinus cembra 'Columnaris',Cultivar of Swiss Stone Pine,,Pinaceae,Pinus,Tree,5.5,Arnold Arboretum living collection (Arboretum Explorer)
Pinus contorta,Lodgepole Pine,,Pinaceae,Pinus,Tree,,Arnold Arboretum living collection (Arboretum Explorer)
Pinus contorta var. contorta,Shore Pine,,Pinaceae,Pinus,Tree,,Arnold Arboretum living collection (Arboretum Explorer)
Pinus contorta var. latifolia,Lodgepole Pine,,Pinaceae,Pinus,Tree,8.2,Arnold Arboretum living collection (Arboretum Explorer)
Pinus contorta var. murrayana,Sierra Lodgepole Pine,,Pinaceae,Pinus,Tree,,Arnold Arboretum living collection (Arboretum Explorer)
Pinus coulteri,Coulter Pine,,Pinaceae,Pinus,Tree,,Arnold Arboretum living collection (Arboretum Explorer)
Pinus densata,,|Pinus tabuliformis var. densata|Pinus tabulaeformis var. densata|,Pinaceae,Pinus,Tree,,Arnold Arboretum living collection (Arboretum Explorer)
Pinus densiflora,Japanese Red Pine,,Pinaceae,Pinus,Tree,,Arnold Arboretum living collection (Arboretum Explorer)
Pinus densiflora 'Oculus-draconis',Dragon-eye Pine,|Pinus densiflora forma oculus-draconis|,Pinaceae,Pinus,Tree,30.0,Arnold Arboretum living collection (Arboretum Explorer)
Pinus densiflora 'Pendula',Weeping Japanese Red Pine,,Pinaceae,Pinus,Shrub,,Arnold Arboretum living collection (Arboretum Explorer)
Pinus densiflora 'Pumila',Cultivar of Japanese Red Pine,,Pinaceae,Pinus,Tree,,Arnold Arboretum living collection (Arboretum Explorer)
Pinus densiflora 'Umbraculifera',Cultivar of Japanese Red Pine,|Pinus densiflora 'Tanyosho'|,Pinaceae,Pinus,Tree,,Arnold Arboretum living collection (Arboretum Explorer)
Pinus densiflora var. multicaulis,,,Pinaceae,Pinus,Tree,,Arnold Arboretum living collection (Arboretum Explorer)
Pinus densiflora x nigra ssp. nigra,,|Pinus densiflora x nigra var. austriaca|,Pinaceae,Pinus,Tree,,Arnold Arboretum living collection (Arboretum Explorer)
Pinus echinata,Shortleaf Pine,,Pinaceae,Pinus,Tree,4.6,Arnold Arboretum living collection (Arboretum Explorer)
Pinus edulis,Pinyon,,Pinaceae,Pinus,Intermediate (shrub/tree),15.0,Arnold Arboretum living collection (Arboretum Explorer)
Pinus flexilis,Limber Pine,,Pinaceae,Pinus,Tree,,Arnold Arboretum living collection (Arboretum Explorer)
Pinus flexilis 'Glauca Pendula',,,Pinaceae,Pinus,Shrub,5.9,Arnold Arboretum living collection (Arboretum Explorer)
Pinus flexilis 'Glauca',Cultivar of Limber Pine,,Pinaceae,Pinus,Tree,,Arnold Arboretum living collection (Arboretum Explorer)
Pinus flexilis 'Glenmore Dwarf',Cultivar of Limber Pine,,Pinaceae,Pinus,Shrub,,Arnold Arboretum living collection (Arboretum Explorer)
Pinus flexilis 'Pendula',Cultivar of Limber Pine,,Pinaceae,Pinus,Tree,,Arnold Arboretum living collection (Arboretum Explorer)
Pinus flexilis 'Vanderwolf's Pyramid',Cultivar of Limber Pine,,Pinaceae,Pinus,Tree,,Arnold Arboretum living collection (Arboretum Explorer)
Pinus gerardiana,Gerard's Pine,,Pinaceae,Pinus,Tree,3.9,Arnold Arboretum living collection (Arboretum Explorer)
Pinus hartwegii,Mexican Mountain Pine,|Pinus rudis|,Pinaceae,Pinus,Tree,,Arnold Arboretum living collection (Arboretum Explorer)
Pinus heldreichii,Heldreich Pine,,Pinaceae,Pinus,Tree,,Arnold Arboretum living collection (Arboretum Explorer)
Pinus hwangshanensis,Huangshan (Yellow Mountain) Pine,,Pinaceae,Pinus,Tree,,Arnold Arboretum living collection (Arboretum Explorer)
Pinus jeffreyi,Jeffrey Pine,,Pinaceae,Pinus,Tree,,Arnold Arboretum living collection (Arboretum Explorer)
Pinus koraiensis,Korean Pine,,Pinaceae,Pinus,Tree,15.0,Arnold Arboretum living collection (Arboretum Explorer)
Pinus koraiensis 'Silveray',Cultivar of Korean Pine,,Pinaceae,Pinus,Tree,,Arnold Arboretum living collection (Arboretum Explorer)
Pinus lambertiana,Sugar Pine,,Pinaceae,Pinus,Tree,7.2,Arnold Arboretum living collection (Arboretum Explorer)
Pinus leucodermis,Bosnian Pine,|Pinus heldreichii var. leucodermis|,Pinaceae,Pinus,Tree,,Arnold Arboretum living collection (Arboretum Explorer)
Pinus monophylla,Singleleaf Pinyon,|Pinus cembroides var. monophylla|,Pinaceae,Pinus,Tree,,Arnold Arboretum living collection (Arboretum Explorer)
Pinus monticola,Western White Pine,,Pinaceae,Pinus,Tree,2.6,Arnold Arboretum living collection (Arboretum Explorer)
Pinus monticola x parviflora var. himekomatsu,,,Pinaceae,Pinus,Tree,74.2,Arnold Arboretum living collection (Arboretum Explorer)
Pinus monticola x strobus,,,Pinaceae,Pinus,Tree,,Arnold Arboretum living collection (Arboretum Explorer)
Pinus mugo,Dwarf Mountain Pine,,Pinaceae,Pinus,Tree,6.6,Arnold Arboretum living collection (Arboretum Explorer)
Pinus mugo ssp. mugo,Dwarf Mountain Pine,|Pinus mugo var. mugo|Pinus mugo var. mughus|,Pinaceae,Pinus,Shrub,8.2,Arnold Arboretum living collection (Arboretum Explorer)
Pinus mugo ssp. mugo 'Prostrata',Prostrate Swiss Mountain Pine,|Pinus mugo 'Prostrata'|Pinus mugo var. mugo 'Prostrata'|,Pinaceae,Pinus,Shrub,18.0,Arnold Arboretum living collection (Arboretum Explorer)
Pinus mugo ssp. rotundata,Subspecies of Dwarf Mountain Pine,|Pinus mugo var. rotundata|,Pinaceae,Pinus,Intermediate (shrub/tree),,Arnold Arboretum living collection (Arboretum Explorer)
Pinus nigra,Austrian Pine,|Pinus nigra austriaca|,Pinaceae,Pinus,Tree,,Arnold Arboretum living collection (Arboretum Explorer)
Pinus nigra 'Arnold Sentinel',Cultivar of Austrian Pine,,Pinaceae,Pinus,Tree,,Arnold Arboretum living collection (Arboretum Explorer)
Pinus nigra 'Hornibrookiana',Cultivar of Austrian Pine,,Pinaceae,Pinus,Shrub,,Arnold Arboretum living collection (Arboretum Explorer)
Pinus nigra 'Pyramidalis',Pyramid Austrian Pine,|Pinus nigra forma pyramidalis|,Pinaceae,Pinus,Tree,,Arnold Arboretum living collection (Arboretum Explorer)
Pinus nigra (variant),Variant of Austrian Pine,,Pinaceae,Pinus,Tree,,Arnold Arboretum living collection (Arboretum Explorer)
Pinus nigra ssp. nigra,Austrian Pine,,Pinaceae,Pinus,Tree,,Arnold Arboretum living collection (Arboretum Explorer)
Pinus nigra ssp. pallasiana,Crimean Pine,|Pinus nigra var. caramanica|,Pinaceae,Pinus,Tree,,Arnold Arboretum living collection (Arboretum Explorer)
Pinus nigra ssp. salzmannii,Cevennes Pine,|Pinus nigra var. cebennensis|Pinus nigra ssp. salzmanii|,Pinaceae,Pinus,Tree,,Arnold Arboretum living collection (Arboretum Explorer)
Pinus parviflora,Japanese White Pine,,Pinaceae,Pinus,Tree,48.0,Arnold Arboretum living collection (Arboretum Explorer)
Pinus parviflora 'Ara Kawa',,,Pinaceae,Pinus,Tree,,Arnold Arboretum living collection (Arboretum Explorer)
Pinus parviflora 'Gimborn's Ideal',Cultivar of Japanese White Pine,,Pinaceae,Pinus,Shrub,10.5,Arnold Arboretum living collection (Arboretum Explorer)
Pinus parviflora 'Glauca',Cultivar of Japanese White Pine,|Pinus parviflora forma glauca|,Pinaceae,Pinus,Tree,,Arnold Arboretum living collection (Arboretum Explorer)
Pinus parviflora var. himekomatsu,,,Pinaceae,Pinus,Tree,,Arnold Arboretum living collection (Arboretum Explorer)
Pinus parviflora var. pentaphylla,Variety of Japanese White Pine,|Pinus pentaphylla|,Pinaceae,Pinus,Tree,,Arnold Arboretum living collection (Arboretum Explorer)
Pinus parviflora x strobus,Hybrid Pine,,Pinaceae,Pinus,Tree,,Arnold Arboretum living collection (Arboretum Explorer)
Pinus peuce,Macedonia Pine,,Pinaceae,Pinus,Tree,,Arnold Arboretum living collection (Arboretum Explorer)
Pinus peuce 'Glauca',Cultivar of Macedonian Pine,,Pinaceae,Pinus,Tree,,Arnold Arboretum living collection (Arboretum Explorer)
Pinus peuce 'Jeddeloh',Cultivar of Macedonian Pine,,Pinaceae,Pinus,Tree,,Arnold Arboretum living collection (Arboretum Explorer)
Pinus peuce 'Westbury',Cultivar of Macedonian Pine,,Pinaceae,Pinus,Tree,,Arnold Arboretum living collection (Arboretum Explorer)
Pinus pinaster 'Aberdoniae',Lord Aberdeen's Pine,|Pinus pinaster var. hamiltonii|,Pinaceae,Pinus,Tree,,Arnold Arboretum living collection (Arboretum Explorer)
Pinus pinaster ssp. hamiltoniana,,,Pinaceae,Pinus,Tree,,Arnold Arboretum living collection (Arboretum Explorer)
Pinus ponderosa,Ponderosa Pine,,Pinaceae,Pinus,Tree,,Arnold Arboretum living collection (Arboretum Explorer)
Pinus ponderosa var. ponderosa,Ponderosa Pine,,Pinaceae,Pinus,Tree,,Arnold Arboretum living collection (Arboretum Explorer)
Pinus ponderosa var. scopulorum,Rocky Mountain Ponderosa Pine,,Pinaceae,Pinus,Tree,,Arnold Arboretum living collection (Arboretum Explorer)
Pinus pumila,Japanese Stone Pine,|Pinus cembra var. pumila|Pinus cembra var. pumila|,Pinaceae,Pinus,Shrub,5.9,Arnold Arboretum living collection (Arboretum Explorer)
Pinus pumila 'Chlorocarpa',Dwarf Japanese Stone Pine,|Pinus pumila forma compacta|,Pinaceae,Pinus,Shrub,,Arnold Arboretum living collection (Arboretum Explorer)
Pinus pumila 'Dwarf Blue',Cultivar of Japanese Stone Pine,|Pinus pumila 'Glauca'|,Pinaceae,Pinus,Shrub,,Arnold Arboretum living collection (Arboretum Explorer)
Pinus pumila 'Typica',Cultivar of Japanese Stone Pine,,Pinaceae,Pinus,Tree,,Arnold Arboretum living collection (Arboretum Explorer)
Pinus pungens,Table Mountain Pine,,Pinaceae,Pinus,Tree,,Arnold Arboretum living collection (Arboretum Explorer)
Pinus resinosa,Red Pine,,Pinaceae,Pinus,Tree,6.9,Arnold Arboretum living collection (Arboretum Explorer)
Pinus rigida,Pitch Pine,,Pinaceae,Pinus,Tree,,Arnold Arboretum living collection (Arboretum Explorer)
Pinus rigida 'Sherman Eddy',Cultivar of Pitch Pine,|Pinus rigida 'Little Giant'|,Pinaceae,Pinus,Tree,6.5,Arnold Arboretum living collection (Arboretum Explorer)
Pinus sabiniana,Gray Pine,,Pinaceae,Pinus,Tree,,Arnold Arboretum living collection (Arboretum Explorer)
Pinus sibirica,Siberian Stone Pine,|Pinus cembra var. sibirica|,Pinaceae,Pinus,Tree,,Arnold Arboretum living collection (Arboretum Explorer)
Pinus sp.,,,Pinaceae,Pinus,Tree,,Arnold Arboretum living collection (Arboretum Explorer)
Pinus strobiformis,Southwestern White Pine,,Pinaceae,Pinus,Tree,7.9,Arnold Arboretum living collection (Arboretum Explorer)
Pinus strobus,Eastern White Pine,,Pinaceae,Pinus,Tree,12.5,Arnold Arboretum living collection (Arboretum Explorer)
Pinus strobus 'Alba',Cultivar of Eastern White Pine,,Pinaceae,Pinus,Tree,,Arnold Arboretum living collection (Arboretum Explorer)
Pinus strobus 'Bennett's Contorted',Cultivar of Eastern White Pine,,Pinaceae,Pinus,Tree,,Arnold Arboretum living collection (Arboretum Explorer)
Pinus strobus 'Blue Shag',Cultivar of Eastern White Pine,,Pinaceae,Pinus,Tree,,Arnold Arboretum living collection (Arboretum Explorer)
Pinus strobus 'Brevifolia',Cultivar of Eastern While Pine,,Pinaceae,Pinus,Tree,5.2,Arnold Arboretum living collection (Arboretum Explorer)
Pinus strobus 'Contorta',Contorted Eastern White Pine,,Pinaceae,Pinus,Tree,,Arnold Arboretum living collection (Arboretum Explorer)
Pinus strobus 'Fastigiata',Pyramidal Eastern White Pine,,Pinaceae,Pinus,Tree,15.0,Arnold Arboretum living collection (Arboretum Explorer)
Pinus strobus 'Globosa',Cultivar of Eastern White Pine,,Pinaceae,Pinus,Tree,,Arnold Arboretum living collection (Arboretum Explorer)
Pinus strobus 'Merrimack',Cultivar of Eastern White Pine,,Pinaceae,Pinus,Tree,,Arnold Arboretum living collection (Arboretum Explorer)
Pinus strobus 'Ontario',Cultivar of Eastern White Pine,,Pinaceae,Pinus,Tree,,Arnold Arboretum living collection (Arboretum Explorer)
Pinus strobus 'Pendula',Weeping Eastern White Pine,,Pinaceae,Pinus,Tree,,Arnold Arboretum living collection (Arboretum Explorer)
Pinus strobus 'Reflexa',Cultivar of Eastern White Pine,,Pinaceae,Pinus,Tree,30.0,Arnold Arboretum living collection (Arboretum Explorer)
Pinus strobus 'Umbraculifera',Umbrella Eastern White Pine,,Pinaceae,Pinus,Tree,,Arnold Arboretum living collection (Arboretum Explorer)
Pinus strobus 'Uncatena',Cultivar of Eastern White Pine,,Pinaceae,Pinus,Tree,,Arnold Arboretum living collection (Arboretum Explorer)
Pinus strobus 'White Mountain',Cultivar of Eastern White Pine,,Pinaceae,Pinus,Tree,,Arnold Arboretum living collection (Arboretum Explorer)
Pinus sylvestris,Scots Pine,,Pinaceae,Pinus,Tree,,Arnold Arboretum living collection (Arboretum Explorer)
Pinus sylvestris 'Compressa',Cultivar of Scots Pine,,Pinaceae,Pinus,Tree,10.0,Arnold Arboretum living collection (Arboretum Explorer)
Pinus sylvestris 'Glauca Compacta',Cultivar of Scots Pine,,Pinaceae,Pinus,Tree,,Arnold Arboretum living collection (Arboretum Explorer)
Pinus sylvestris 'Glauca Nana',Cultivar of Scots Pine,,Pinaceae,Pinus,Tree,,Arnold Arboretum living collection (Arboretum Explorer)
Pinus sylvestris 'Hillside Creeper',Cultivar of Scots Pine,,Pinaceae,Pinus,Tree,,Arnold Arboretum living collection (Arboretum Explorer)
Pinus sylvestris 'Moseri',Cultivar of Scots Pine,|Pinus nigra 'Pygmaea'|Pinus nigra forma pygmaea|,Pinaceae,Pinus,Tree,,Arnold Arboretum living collection (Arboretum Explorer)
Pinus sylvestris 'Nana',Cultivar of Scots Pine,,Pinaceae,Pinus,Tree,,Arnold Arboretum living collection (Arboretum Explorer)
Pinus sylvestris 'Riverside Gem',Cultivar of Scots Pine,,Pinaceae,Pinus,Tree,,Arnold Arboretum living collection (Arboretum Explorer)
Pinus sylvestris 'Viridis Compacta',Cultivar of Scots Pine,,Pinaceae,Pinus,Tree,,Arnold Arboretum living collection (Arboretum Explorer)
Pinus sylvestris 'Watereri',Cultivar of Scots Pine,,Pinaceae,Pinus,Tree,13.1,Arnold Arboretum living collection (Arboretum Explorer)
Pinus sylvestris forma hamata,Baltic Pine,|Pinus sylvestris var. hamata|,Pinaceae,Pinus,Tree,9.5,Arnold Arboretum living collection (Arboretum Explorer)
Pinus sylvestris var. lapponica,Variety of Scots Pine,,Pinaceae,Pinus,Tree,51.8,Arnold Arboretum living collection (Arboretum Explorer)
Pinus sylvestris var. mongolica,Variety of Scots Pine,,Pinaceae,Pinus,Tree,,Arnold Arboretum living collection (Arboretum Explorer)
Pinus sylvestris var. sylvestriformis,,,Pinaceae,Pinus,Tree,,Arnold Arboretum living collection (Arboretum Explorer)
Pinus tabuliformis,Tabletop Pine,|Pinus tabulaeformis|,Pinaceae,Pinus,Tree,15.0,Arnold Arboretum living collection (Arboretum Explorer)
Pinus tabuliformis var. henryi,,|Pinus henryi|,Pinaceae,Pinus,Tree,27.9,Arnold Arboretum living collection (Arboretum Explorer)
Pinus thunbergii,Japanese Black Pine,|Pinus thunbergiana|,Pinaceae,Pinus,Tree,,Arnold Arboretum living collection (Arboretum Explorer)
Pinus torreyana,Torrey Pine,,Pinaceae,Pinus,Tree,6.6,Arnold Arboretum living collection (Arboretum Explorer)
Pinus uncinata,,|Pinus mugo ssp. uncinata|,Pinaceae,Pinus,Tree,7.9,Arnold Arboretum living collection (Arboretum Explorer)
Pinus uncinata var. rotundata,,,Pinaceae,Pinus,Tree,,Arnold Arboretum living collection (Arboretum Explorer)
Pinus virginiana,Virginia Pine,,Pinaceae,Pinus,Tree,10.5,Arnold Arboretum living collection (Arboretum Explorer)
Pinus wallichiana,Himalayan Pine,|Pinus griffithii|,Pinaceae,Pinus,Tree,28.2,Arnold Arboretum living collection (Arboretum Explorer)
Pinus x holfordiana,Holford Pine,,Pinaceae,Pinus,Tree,,Arnold Arboretum living collection (Arboretum Explorer)
Pinus x holfordiana x parviflora,,,Pinaceae,Pinus,Tree,,Arnold Arboretum living collection (Arboretum Explorer)
Pinus x rhaetica,,,Pinaceae,Pinus,Tree,25.0,Arnold Arboretum living collection (Arboretum Explorer)
Pinus x schwerinii,Schwerin Pine,|Pinus strobus x wallichiana|Pinus wallichiana x strobus|Pinus griffithii x strobus|,Pinaceae,Pinus,Tree,,Arnold Arboretum living collection (Arboretum Explorer)
Pistacia chinensis,,,Anacardiaceae,Pistacia,Tree,13.1,Arnold Arboretum living collection (Arboretum Explorer)
Planera aquatica,Water-Elm,|Zelkova aquatica|,Ulmaceae,Planera,Tree,3.0,Arnold Arboretum living collection (Arboretum Explorer)
Platanus occidentalis,Sycamore,,Platanaceae,Platanus,Tree,3.4,Arnold Arboretum living collection (Arboretum Explorer)
Platanus orientalis,,|Platanus cretica|Platanus palmata|,Platanaceae,Platanus,Tree,6.6,Arnold Arboretum living collection (Arboretum Explorer)
Platanus orientalis forma digitata,,|Platanus cashmeriana|,Platanaceae,Platanus,Tree,3.9,Arnold Arboretum living collection (Arboretum Explorer)
Platanus wrightii,Arizona Sycamore,,Platanaceae,Platanus,Tree,3.9,Arnold Arboretum living collection (Arboretum Explorer)
Platanus x acerifolia,London Planetree,|Platanus x hybrida|,Platanaceae,Platanus,Tree,,Arnold Arboretum living collection (Arboretum Explorer)
Platanus x acerifolia 'Pyramidalis',Cultivar of London Planetree,|Platanus x hybrida 'Pyramidalis'|,Platanaceae,Platanus,Tree,,Arnold Arboretum living collection (Arboretum Explorer)
Platanus x acerifolia 'Suttneri',Cultivar of London Planetree,|Platanus x hybrida 'Suttneri'|Platanus 'Suttneri'|,Platanaceae,Platanus,Tree,,Arnold Arboretum living collection (Arboretum Explorer)
Platycarya strobilacea,,,Juglandaceae,Platycarya,Intermediate (shrub/tree),5.6,Arnold Arboretum living collection (Arboretum Explorer)
Platycladus orientalis,,|Thuja orientalis|,Cupressaceae,Platycladus,Tree,30.0,Arnold Arboretum living collection (Arboretum Explorer)
Platycladus orientalis 'Aurea Nana Raffels',,|Thuja orientalis 'Aurea Nana Raffels'|,Cupressaceae,Platycladus,Tree,5.9,Arnold Arboretum living collection (Arboretum Explorer)
Platycladus orientalis 'Aurea Nana',,|Thuja orientalis 'Aurea Nana'|Thuja orientalis 'Aurea Densa'|Thuja orientalis 'Aurea Compacta'|Thuja orientalis 'Miller's Gold'|Thuja orientalis 'Minima Aurea'|Thuja orientalis 'Aurea Globosa'|,Cupressaceae,Platycladus,,,Arnold Arboretum living collection (Arboretum Explorer)
Platycladus orientalis 'Burtoni',,|Thuja orientalis 'Burtoni'|,Cupressaceae,Platycladus,Tree,,Arnold Arboretum living collection (Arboretum Explorer)
Platycladus orientalis 'Fruitlandii',,|Thuja orientalis 'Fruitlandii'|,Cupressaceae,Platycladus,,,Arnold Arboretum living collection (Arboretum Explorer)
Platycladus orientalis 'Goodwin',,|Thuja orientalis 'Goodwin'|,Cupressaceae,Platycladus,Tree,11.5,Arnold Arboretum living collection (Arboretum Explorer)
Platyosprion platycarpum,,|Cladrastis platycarpa|,Fabaceae,Platyosprion,Tree,,Arnold Arboretum living collection (Arboretum Explorer)
Pleioblastus 'Okinisasa',,,Poaceae,Pleioblastus,Herbaceous,,Arnold Arboretum living collection (Arboretum Explorer)
Pleioblastus simonii var. heterophylla,,,Poaceae,Pleioblastus,Herbaceous,,Arnold Arboretum living collection (Arboretum Explorer)
Podocarpus nivalis,,,Podocarpaceae,Podocarpus,Shrub,,Arnold Arboretum living collection (Arboretum Explorer)
Poliothyrsis sinensis,,,Salicaceae,Poliothyrsis,Tree,4.9,Arnold Arboretum living collection (Arboretum Explorer)
Polygonatum cirrhifolium,,,Asparagaceae,Polygonatum,Herbaceous,,Arnold Arboretum living collection (Arboretum Explorer)
Polygonatum filipes,Slender Stalk Solomon's Seal,,Asparagaceae,Polygonatum,Herbaceous,0.5,Arnold Arboretum living collection (Arboretum Explorer)
Polygonatum kingianum,Cultivar of Solomon's seal,,Asparagaceae,Polygonatum,,,Arnold Arboretum living collection (Arboretum Explorer)
Polygonatum kingianum ssp. kingianum,Orange Flower Solomon's Seal,,Asparagaceae,Polygonatum,Herbaceous,1.3,Arnold Arboretum living collection (Arboretum Explorer)
Polygonatum latifolium,,,Asparagaceae,Polygonatum,,,Arnold Arboretum living collection (Arboretum Explorer)
Polygonatum multiflorum 'Weihenstefan',Cultivar of Common Solomon's Seal,,Asparagaceae,Polygonatum,Herbaceous,,Arnold Arboretum living collection (Arboretum Explorer)
Polygonatum odoratum 'Angel Wing',Cultivar of Angular Solomon's Seal,,Asparagaceae,Polygonatum,Herbaceous,1.6,Arnold Arboretum living collection (Arboretum Explorer)
Polygonatum zanlanscianense,Giant Chinese Solomon's Seal,,Asparagaceae,Polygonatum,Herbaceous,,Arnold Arboretum living collection (Arboretum Explorer)
Polystichum acrostichoides,Christmas Fern,,Polypodiaceae,Polystichum,,,Arnold Arboretum living collection (Arboretum Explorer)
Poncirus trifoliata,Trifoliate Orange,,Rutaceae,Poncirus,Tree,10.8,Arnold Arboretum living collection (Arboretum Explorer)
Populus 'Androscoggin',Cultivar of Poplar,,Salicaceae,Populus,Tree,,Arnold Arboretum living collection (Arboretum Explorer)
Populus 'Roxbury',Cultivar of Poplar,,Salicaceae,Populus,Tree,,Arnold Arboretum living collection (Arboretum Explorer)
Populus alba,White Poplar,,Salicaceae,Populus,Tree,,Arnold Arboretum living collection (Arboretum Explorer)
Populus balsamifera,Balsam Poplar,|Populus tacamahacca|Populus tristis|Populus candicans|Populus tacamahaca var. michauxii|,Salicaceae,Populus,Tree,,Arnold Arboretum living collection (Arboretum Explorer)
Populus cathayana,Mongolian Poplar,,Salicaceae,Populus,Tree,,Arnold Arboretum living collection (Arboretum Explorer)
Populus deltoides,Eastern Cottonwood,|Populus palmeri|,Salicaceae,Populus,Tree,,Arnold Arboretum living collection (Arboretum Explorer)
Populus deltoides 'Siouxland',Cultivar of Southern Cottonwood,,Salicaceae,Populus,Tree,,Arnold Arboretum living collection (Arboretum Explorer)
Populus deltoides ssp. deltoides,Eastern Cottonwood,|Populus virginiana|Populus angulata|Populus angulata var. missouriensis|,Salicaceae,Populus,Tree,,Arnold Arboretum living collection (Arboretum Explorer)
Populus deltoides ssp. monilifera,Plains Cottonwood,|Populus monilifera Aiton|Populus deltoides var. occidentalis|Populus sargentii|Populus deltoides var. monilifera|Populus texana|,Salicaceae,Populus,Tree,,Arnold Arboretum living collection (Arboretum Explorer)
Populus grandidentata,Bigtooth Aspen,,Salicaceae,Populus,Tree,14.3,Arnold Arboretum living collection (Arboretum Explorer)
Populus koreana,Korean Poplar,,Salicaceae,Populus,Tree,,Arnold Arboretum living collection (Arboretum Explorer)
Populus maximowiczii,Japanese Poplar,,Salicaceae,Populus,Tree,,Arnold Arboretum living collection (Arboretum Explorer)
Populus nigra 'Afghanica',Theves Poplar,|Populus nigra 'Thevestina'|Populus thevestina|Populus kanjilaliana|,Salicaceae,Populus,Tree,,Arnold Arboretum living collection (Arboretum Explorer)
Populus tremula,European Aspen,,Salicaceae,Populus,Tree,,Arnold Arboretum living collection (Arboretum Explorer)
Populus tremula 'Erecta',Form of European Aspen,|Populus tremula var. erecta|,Salicaceae,Populus,Tree,,Arnold Arboretum living collection (Arboretum Explorer)
Populus tremuloides,Quaking Aspen,|Populus tremuloides var. aurea|Populus tremuloides var. vancouveriana|,Salicaceae,Populus,Tree,18.0,Arnold Arboretum living collection (Arboretum Explorer)
Populus tremuloides 'Kaibab',,,Salicaceae,Populus,Tree,,Arnold Arboretum living collection (Arboretum Explorer)
Populus trichocarpa,Western Balsam Poplar,|Populus trichocarpa var. hastata|,Salicaceae,Populus,Tree,8.2,Arnold Arboretum living collection (Arboretum Explorer)
Populus ussuriensis,,,Salicaceae,Populus,Tree,35.0,Arnold Arboretum living collection (Arboretum Explorer)
Populus x berolinensis,Berlin Poplar,,Salicaceae,Populus,Tree,,Arnold Arboretum living collection (Arboretum Explorer)
Populus x canadensis,Canadian Poplar,"|Populus monilifera auct., non Aiton|Populus x canadensis var. regenerata|Populus regenerata|Populus x canadensis var. marilandica|Populus gelrica|Populus x canadensis 'Gelrico'|Populus x canadensis var. serotina aurea|Populus x canadensis 'Serotina Wilsoni'|",Salicaceae,Populus,Tree,,Arnold Arboretum living collection (Arboretum Explorer)
Populus x canadensis 'Aurea',Form of Canadian Poplar,|Populus x canadensis forma aurea|,Salicaceae,Populus,Tree,,Arnold Arboretum living collection (Arboretum Explorer)
Populus x canadensis 'Robusta',,|Populus x robusta|,Salicaceae,Populus,Tree,,Arnold Arboretum living collection (Arboretum Explorer)
Populus x canadensis 'Vernirubens',Cultivar of Canadian Poplar,,Salicaceae,Populus,Tree,,Arnold Arboretum living collection (Arboretum Explorer)
Populus x canadensis forma erecta,Form of Canadian Poplar,,Salicaceae,Populus,Tree,,Arnold Arboretum living collection (Arboretum Explorer)
Populus x generosa,Hybrid Poplar,,Salicaceae,Populus,Tree,20.8,Arnold Arboretum living collection (Arboretum Explorer)
Populus x jackii,,,Salicaceae,Populus,,,Arnold Arboretum living collection (Arboretum Explorer)
Potentilla dickinsii,,,Rosaceae,Potentilla,Herbaceous,,Arnold Arboretum living collection (Arboretum Explorer)
Potentilla fruticosa,Bush Cinquefoil,|Potentilla fructicosa|Potentilla fruticosa var. mandschurica|Potentilla fructicosa var. mandshurica|,Rosaceae,Potentilla,Shrub,3.0,Arnold Arboretum living collection (Arboretum Explorer)
Potentilla fruticosa 'Abbotswood',Cultivar of Bush Cinquefoil,|Potentilla fruticosa 'Abbottswood'|,Rosaceae,Potentilla,Shrub,1.6,Arnold Arboretum living collection (Arboretum Explorer)
Potentilla fruticosa 'Bowles' Variety',Cultivar of Bush Cinquefoil,,Rosaceae,Potentilla,Shrub,,Arnold Arboretum living collection (Arboretum Explorer)
Potentilla fruticosa 'Coronation Triumph',Cultivar of Bush Cinquefoil,,Rosaceae,Potentilla,Shrub,,Arnold Arboretum living collection (Arboretum Explorer)
Potentilla fruticosa 'Friesengold',Cultivar of Bush Cinquefoil,,Rosaceae,Potentilla,Shrub,4.0,Arnold Arboretum living collection (Arboretum Explorer)
Potentilla fruticosa 'Gold Drop',Cultivar of Bush Cinquefoil,|Potentilla fruticosa 'Farreri'|,Rosaceae,Potentilla,Shrub,,Arnold Arboretum living collection (Arboretum Explorer)
Potentilla fruticosa 'Goldfinger',Cultivar of Bush Cinquefoil,,Rosaceae,Potentilla,Shrub,,Arnold Arboretum living collection (Arboretum Explorer)
Potentilla fruticosa 'Goldstar',Cultivar of Bush Cinquefoil,,Rosaceae,Potentilla,Shrub,,Arnold Arboretum living collection (Arboretum Explorer)
Potentilla fruticosa 'Hurstborne',Cultivar of Bush Ciquefoil,,Rosaceae,Potentilla,Shrub,,Arnold Arboretum living collection (Arboretum Explorer)
Potentilla fruticosa 'Katherine Dykes',Cultivar of Bush Cinquefoil,,Rosaceae,Potentilla,Shrub,,Arnold Arboretum living collection (Arboretum Explorer)
Potentilla fruticosa 'Micrandra',,|Potentilla fruticosa forma micrandra|Potentilla fruticosa 'Micrantha'|,Rosaceae,Potentilla,Shrub,,Arnold Arboretum living collection (Arboretum Explorer)
Potentilla fruticosa 'Moonlight',Cultivar of Bush Cinquefoil,|Potentilla fruticosa 'Maanelys'||,Rosaceae,Potentilla,Shrub,,Arnold Arboretum living collection (Arboretum Explorer)
Potentilla fruticosa 'Mount Everest',Cultivar of Bush Cinquefoil,,Rosaceae,Potentilla,Shrub,,Arnold Arboretum living collection (Arboretum Explorer)
Potentilla fruticosa 'Ochroleuca',Creamy Bush Cinquefoil,|Potentilla fruticosa forma ochroleuca|,Rosaceae,Potentilla,Shrub,,Arnold Arboretum living collection (Arboretum Explorer)
Potentilla fruticosa 'Pink Beauty',Cultivar of Bush Ciquefoil,,Rosaceae,Potentilla,Shrub,,Arnold Arboretum living collection (Arboretum Explorer)
Potentilla fruticosa 'Primrose Beauty',Cultivar of Bush Cinquefoil,,Rosaceae,Potentilla,Shrub,2.0,Arnold Arboretum living collection (Arboretum Explorer)
Potentilla fruticosa 'Pumila',Cultivar of Potentilla,,Rosaceae,Potentilla,Shrub,3.6,Arnold Arboretum living collection (Arboretum Explorer)
Potentilla fruticosa 'Tangerine',Cultivar of Bush Cinquefoil,,Rosaceae,Potentilla,Shrub,,Arnold Arboretum living collection (Arboretum Explorer)
Potentilla fruticosa var. fruticosa,Bush Cinquefoil,|Potentilla fruticosa var. rigida|Potentilla rigida|,Rosaceae,Potentilla,Shrub,,Arnold Arboretum living collection (Arboretum Explorer)
Potentilla glabra var. veitchii,,|Potentilla davurica var. veitchii|Potentilla fruticosa 'Veitchii'|Potentilla fruticosa var. veitchii|,Rosaceae,Potentilla,Shrub,,Arnold Arboretum living collection (Arboretum Explorer)
Potentilla parvifolia var. parvifolia,,|Potentilla fruticosa var. parvifolia|Potentilla fruticosa var. grandiflora|Potentilla fruticosa 'Grandiflora'|Potentilla fruticosa var. purdomii|Potentilla fruticosa 'Purdomii'|Potentilla rehderiana|,Rosaceae,Potentilla,,,Arnold Arboretum living collection (Arboretum Explorer)
Prinsepia sinensis,Cherry Prinsepia,,Rosaceae,Prinsepia,Shrub,6.6,Arnold Arboretum living collection (Arboretum Explorer)
Prinsepia uniflora,White Prinsepia,,Rosaceae,Prinsepia,Shrub,1.6,Arnold Arboretum living collection (Arboretum Explorer)
Prunella vulgaris,Common Selfheal,,Lamiaceae,Prunella,Herbaceous,1.3,Arnold Arboretum living collection (Arboretum Explorer)
Prunus 'Accolade',Cultivar of Cherry,,Rosaceae,Prunus,Tree,,Arnold Arboretum living collection (Arboretum Explorer)
Prunus 'Ama-no-gawa',Cultivar of Japanese Cherry,|Prunus serrulata 'Amanogawa'|,Rosaceae,Prunus,Tree,,Arnold Arboretum living collection (Arboretum Explorer)
Prunus 'Autumn Royal',Cultivar of Cherry,,Rosaceae,Prunus,Tree,,Arnold Arboretum living collection (Arboretum Explorer)
Prunus 'Gyoiko',Cultivar of Japanese Cherry,|Prunus serrulata 'Gyoiko'|,Rosaceae,Prunus,Tree,7.2,Arnold Arboretum living collection (Arboretum Explorer)
Prunus 'Hally Jolivette',,,Rosaceae,Prunus,Shrub,,Arnold Arboretum living collection (Arboretum Explorer)
Prunus 'Kanzan',Cultivar of Japanese Cherry,|Prunus serrulata 'Kwanzan'|Prunus serrulata 'Sekiyama'|,Rosaceae,Prunus,Tree,18.0,Arnold Arboretum living collection (Arboretum Explorer)
Prunus 'Karl Sax',Cultivar of Cherry,,Rosaceae,Prunus,Tree,6.9,Arnold Arboretum living collection (Arboretum Explorer)
Prunus 'Okame',Cultivar of Japanese Cherry,,Rosaceae,Prunus,Tree,20.0,Arnold Arboretum living collection (Arboretum Explorer)
Prunus 'Shirotae',Cultivar of Japanese Cherry,|Prunus serrulata 'Shirotae'|,Rosaceae,Prunus,Tree,,Arnold Arboretum living collection (Arboretum Explorer)
Prunus 'Shogetsu',,,Rosaceae,Prunus,Tree,,Arnold Arboretum living collection (Arboretum Explorer)
Prunus 'Tai-Haku',Cultivar of Japanese Cherry,|Prunus 'Tai Haku'|,Rosaceae,Prunus,Tree,,Arnold Arboretum living collection (Arboretum Explorer)
Prunus 'Washi-no-o',Cultivar of Japanese Cherry,|Prunus serrulata 'Washi-no-o'|,Rosaceae,Prunus,Tree,,Arnold Arboretum living collection (Arboretum Explorer)
Prunus alleghaniensis,Allegheny Plum,|Prunus alleghaniensis var. porter|,Rosaceae,Prunus,Shrub,5.9,Arnold Arboretum living collection (Arboretum Explorer)
Prunus alleghaniensis var. davisii,Variety of Allegheny Plum,,Rosaceae,Prunus,Shrub,,Arnold Arboretum living collection (Arboretum Explorer)
Prunus americana,American Plum,|Prunus lanata|Prunus americana var. lanata|,Rosaceae,Prunus,Intermediate (shrub/tree),12.5,Arnold Arboretum living collection (Arboretum Explorer)
Prunus amygdalus 'Skinneri',Cultivar of Prunus,,Rosaceae,Prunus,,,Arnold Arboretum living collection (Arboretum Explorer)
Prunus angustifolia,Chickasaw Plum,|Prunus angustifolia var. watsonii|Prunus angustifolia ssp. varians|,Rosaceae,Prunus,Shrub,3.8,Arnold Arboretum living collection (Arboretum Explorer)
Prunus apetala,Clove Cherry,,Rosaceae,Prunus,Intermediate (shrub/tree),,Arnold Arboretum living collection (Arboretum Explorer)
Prunus armeniaca,Apricot,,Rosaceae,Prunus,Tree,,Arnold Arboretum living collection (Arboretum Explorer)
Prunus armeniaca 'Mikado',Cultivar of Apricot,,Rosaceae,Prunus,Intermediate (shrub/tree),,Arnold Arboretum living collection (Arboretum Explorer)
Prunus armeniaca var. ansu,Ansu Apricot,|Prunus ansu|,Rosaceae,Prunus,Tree,,Arnold Arboretum living collection (Arboretum Explorer)
Prunus avium 'Hardy Giant',,|Prunus avium|,Rosaceae,Prunus,Tree,,Arnold Arboretum living collection (Arboretum Explorer)
Prunus avium 'Plena',Double Mazzard Cherry,|Prunus avium forma plena|,Rosaceae,Prunus,Tree,,Arnold Arboretum living collection (Arboretum Explorer)
Prunus caroliniana,Carolina Cherry Laurel,,Rosaceae,Prunus,Tree,,Arnold Arboretum living collection (Arboretum Explorer)
Prunus cerasifera,Cherry Plum,|Prunus myrobalana|,Rosaceae,Prunus,Intermediate (shrub/tree),,Arnold Arboretum living collection (Arboretum Explorer)
Prunus cerasifera 'Atropurpurea',Purple-leaf Cherry Plum,|Prunus cerasifera forma atropurpurea|Prunus cerasifera var. pissardii|,Rosaceae,Prunus,Intermediate (shrub/tree),16.0,Arnold Arboretum living collection (Arboretum Explorer)
Prunus cerasifera 'Drupis Atroviolaceis',Cultivar of Myrobalan Plum,,Rosaceae,Prunus,Intermediate (shrub/tree),,Arnold Arboretum living collection (Arboretum Explorer)
Prunus cerasifera 'Hollywood',Cultivar of Myrobalan Plum,|Prunus cerasifera 'Trail Blazer'|,Rosaceae,Prunus,Intermediate (shrub/tree),,Arnold Arboretum living collection (Arboretum Explorer)
Prunus cerasifera 'Kok-Sultan',Cultivar of Myrobalan Plum,,Rosaceae,Prunus,Intermediate (shrub/tree),,Arnold Arboretum living collection (Arboretum Explorer)
Prunus cerasifera 'Lindsayae',Cultivar of Myrobalan Plum,,Rosaceae,Prunus,Intermediate (shrub/tree),,Arnold Arboretum living collection (Arboretum Explorer)
Prunus cerasifera 'Newport',Cultivar of Myrobalan Plum,,Rosaceae,Prunus,Intermediate (shrub/tree),,Arnold Arboretum living collection (Arboretum Explorer)
Prunus cerasifera 'Vesuvius',Cultivar of Myrobalan Plum,,Rosaceae,Prunus,Intermediate (shrub/tree),,Arnold Arboretum living collection (Arboretum Explorer)
Prunus cerasifera forma fastigiata,,,Rosaceae,Prunus,Shrub,6.0,Arnold Arboretum living collection (Arboretum Explorer)
Prunus cerasifera var. divaricata,Alucha,|Prunus divaricata|Prunus monticola|,Rosaceae,Prunus,Intermediate (shrub/tree),,Arnold Arboretum living collection (Arboretum Explorer)
Prunus cerasifera var. divaricata x spinosa,,,Rosaceae,Prunus,Tree,,Arnold Arboretum living collection (Arboretum Explorer)
Prunus cerasus 'Montmorency',Cultivar of Sour Cherry,,Rosaceae,Prunus,Tree,5.9,Arnold Arboretum living collection (Arboretum Explorer)
Prunus cerasus 'Plena',Double Sour Cherry,|Prunus cerasus forma plena|Prunus cerasus forma semiplena|,Rosaceae,Prunus,Tree,,Arnold Arboretum living collection (Arboretum Explorer)
Prunus cerasus var. frutescens,Shrubby Sour Cherry,,Rosaceae,Prunus,Shrub,,Arnold Arboretum living collection (Arboretum Explorer)
Prunus conradinae,,,Rosaceae,Prunus,Tree,3.3,Arnold Arboretum living collection (Arboretum Explorer)
Prunus cyclamina,Cyclamen Cherry,,Rosaceae,Prunus,Tree,,Arnold Arboretum living collection (Arboretum Explorer)
Prunus davidiana,David Peach,,Rosaceae,Prunus,Tree,,Arnold Arboretum living collection (Arboretum Explorer)
Prunus emarginata,Bitter Cherry,|Prunus emarginata var. emarginata|Prunus emarginata var. mollis|,Rosaceae,Prunus,Intermediate (shrub/tree),,Arnold Arboretum living collection (Arboretum Explorer)
Prunus fruticosa,Steppe Cherry,,Rosaceae,Prunus,Shrub,,Arnold Arboretum living collection (Arboretum Explorer)
Prunus glandulosa,Almond Cherry,,Rosaceae,Prunus,Shrub,5.2,Arnold Arboretum living collection (Arboretum Explorer)
Prunus glandulosa forma rosea,Pink Almond Cherry,,Rosaceae,Prunus,Shrub,,Arnold Arboretum living collection (Arboretum Explorer)
Prunus grayana,Gray's Bird Cherry,,Rosaceae,Prunus,Tree,,Arnold Arboretum living collection (Arboretum Explorer)
Prunus hortulana,Wild Goose Plum,,Rosaceae,Prunus,Tree,7.5,Arnold Arboretum living collection (Arboretum Explorer)
Prunus incisa,Fuji Cherry,,Rosaceae,Prunus,Intermediate (shrub/tree),,Arnold Arboretum living collection (Arboretum Explorer)
Prunus incisa forma serrata,Form of Fuji Cherry,,Rosaceae,Prunus,Intermediate (shrub/tree),,Arnold Arboretum living collection (Arboretum Explorer)
Prunus insititia,Bullace Plum,|Prunus institia|,Rosaceae,Prunus,Intermediate (shrub/tree),,Arnold Arboretum living collection (Arboretum Explorer)
Prunus japonica,Chinese Bushcherry,,Rosaceae,Prunus,Shrub,,Arnold Arboretum living collection (Arboretum Explorer)
Prunus kansuensis,Gansu Almond,,Rosaceae,Prunus,Intermediate (shrub/tree),,Arnold Arboretum living collection (Arboretum Explorer)
Prunus laurocerasus,Laurel Cherry,,Rosaceae,Prunus,Intermediate (shrub/tree),4.9,Arnold Arboretum living collection (Arboretum Explorer)
Prunus laurocerasus 'Chestnut Hill',Cultivar of Cherry Laurel,,Rosaceae,Prunus,Shrub,2.6,Arnold Arboretum living collection (Arboretum Explorer)
Prunus laurocerasus 'Otto Luyken',Cultivar of Cherry Laurel,,Rosaceae,Prunus,Shrub,,Arnold Arboretum living collection (Arboretum Explorer)
Prunus laurocerasus 'Schipkaensis',Cultivar of Laurel Cherry,|Prunus laurocerasus forma schipkaensis|,Rosaceae,Prunus,Shrub,,Arnold Arboretum living collection (Arboretum Explorer)
Prunus maackii,Amur Cherry,,Rosaceae,Prunus,Tree,6.9,Arnold Arboretum living collection (Arboretum Explorer)
Prunus mahaleb,St. Lucie Cherry,,Rosaceae,Prunus,Intermediate (shrub/tree),,Arnold Arboretum living collection (Arboretum Explorer)
Prunus mahaleb 'Monstrosa',,,Rosaceae,Prunus,Tree,,Arnold Arboretum living collection (Arboretum Explorer)
Prunus mandshurica,Manchurian Apricot,,Rosaceae,Prunus,Tree,,Arnold Arboretum living collection (Arboretum Explorer)
Prunus maritima,Beach Plum,,Rosaceae,Prunus,Shrub,8.0,Arnold Arboretum living collection (Arboretum Explorer)
Prunus maritima 'Brier Sunshine',,,Rosaceae,Prunus,Tree,,Arnold Arboretum living collection (Arboretum Explorer)
Prunus maritima forma flava,,,Rosaceae,Prunus,Tree,,Arnold Arboretum living collection (Arboretum Explorer)
Prunus maritima var. gravesii,,|Prunus gravesii|Prunus maritima 'Gravesii'|,Rosaceae,Prunus,Tree,3.3,Arnold Arboretum living collection (Arboretum Explorer)
Prunus maritima var. plena,Double Beach Plum,,Rosaceae,Prunus,Shrub,,Arnold Arboretum living collection (Arboretum Explorer)
Prunus maximowiczii,Miyama Cherry,,Rosaceae,Prunus,Tree,,Arnold Arboretum living collection (Arboretum Explorer)
Prunus mume,Japanese Apricot,,Rosaceae,Prunus,Tree,,Arnold Arboretum living collection (Arboretum Explorer)
Prunus munsoniana,Wild Goose Plum,,Rosaceae,Prunus,Tree,,Arnold Arboretum living collection (Arboretum Explorer)
Prunus nigra,Canada Plum,,Rosaceae,Prunus,Intermediate (shrub/tree),,Arnold Arboretum living collection (Arboretum Explorer)
Prunus nipponica,Japanese Alpine Cherry,,Rosaceae,Prunus,Shrub,,Arnold Arboretum living collection (Arboretum Explorer)
Prunus obtusata,,|Prunus pubigera|Prunus pubigera var. prattii|Prunus vaniotii var. potaninii|Prunus vaniotii var. obovata|Padus obtusata|Prunus vanioti 'Potaninii'|,Rosaceae,Prunus,,,Arnold Arboretum living collection (Arboretum Explorer)
Prunus padus,European Bird Cherry,|Prunus padus var. seoulensis|Prunus racemosa|Prunus padus var. pendula|Prunus padus var. pubescens|,Rosaceae,Prunus,Tree,,Arnold Arboretum living collection (Arboretum Explorer)
Prunus padus 'DTR 117',,,Rosaceae,Prunus,Tree,,Arnold Arboretum living collection (Arboretum Explorer)
Prunus padus 'Watereri',Longcluster Bird Cherry,|Prunus padus forma watereri|,Rosaceae,Prunus,Tree,8.9,Arnold Arboretum living collection (Arboretum Explorer)
Prunus padus var. glauca,Variety of European Bird Cherry,,Rosaceae,Prunus,Tree,,Arnold Arboretum living collection (Arboretum Explorer)
Prunus padus var. sibirica,,,Rosaceae,Prunus,Tree,,Arnold Arboretum living collection (Arboretum Explorer)
Prunus pensylvanica,Pin Cherry,|Prunus corymbulosa|Prunus pensylvanica var. saximontana|,Rosaceae,Prunus,Intermediate (shrub/tree),,Arnold Arboretum living collection (Arboretum Explorer)
Prunus pilosiuscula,,|Prunus venusta|,Rosaceae,Prunus,Intermediate (shrub/tree),27.6,Arnold Arboretum living collection (Arboretum Explorer)
Prunus prostrata,Rock Cherry,,Rosaceae,Prunus,Shrub,,Arnold Arboretum living collection (Arboretum Explorer)
Prunus pseudocerasus,,|Prunus involucrata|Prunus scopulorum|,Rosaceae,Prunus,Tree,,Arnold Arboretum living collection (Arboretum Explorer)
Prunus pumila var. depressa,Eastern Sand Cherry,|Prunus depressa|,Rosaceae,Prunus,Herbaceous,,Arnold Arboretum living collection (Arboretum Explorer)
Prunus pumila var. depressa 'Gus Mehlquist',Cultivar of Eastern Sand Cherry,|Prunus depressa 'Gus Mehlquist'|,Rosaceae,Prunus,Shrub,1.6,Arnold Arboretum living collection (Arboretum Explorer)
Prunus salicina,Japanese Plum,|Prunus triflora|,Rosaceae,Prunus,Tree,,Arnold Arboretum living collection (Arboretum Explorer)
Prunus sargentii,Sargent Cherry,|Prunus serrulata var. sachalinensis|,Rosaceae,Prunus,Tree,10.0,Arnold Arboretum living collection (Arboretum Explorer)
Prunus sargentii 'Columnaris',Cultivar of Sargent Cherry,,Rosaceae,Prunus,Tree,,Arnold Arboretum living collection (Arboretum Explorer)
Prunus serotina,Black Cherry,,Rosaceae,Prunus,Tree,7.5,Arnold Arboretum living collection (Arboretum Explorer)
Prunus serotina 'Cartilaginea',Cultivar of Black Cherry,|Prunus serotina forma cartilaginea|,Rosaceae,Prunus,Tree,,Arnold Arboretum living collection (Arboretum Explorer)
Prunus serotina var. alabamensis,Alabama Black Cherry,|Prunus alabamensis|Prunus australis|Prunus cuthbertii|,Rosaceae,Prunus,Intermediate (shrub/tree),,Arnold Arboretum living collection (Arboretum Explorer)
Prunus serrula,,|Prunus serrula var. tibetica|Prunus thibetica|,Rosaceae,Prunus,Tree,,Arnold Arboretum living collection (Arboretum Explorer)
Prunus serrulata,East Asian Cherry,,Rosaceae,Prunus,Tree,,Arnold Arboretum living collection (Arboretum Explorer)
Prunus serrulata 'Jo-nioi',,|Prunus serrulata forma affinis|Prunus lannesiana var. affinis|,Rosaceae,Prunus,Tree,,Arnold Arboretum living collection (Arboretum Explorer)
Prunus serrulata var. sibirica,Variety of East Asian Cherry,,Rosaceae,Prunus,Tree,,Arnold Arboretum living collection (Arboretum Explorer)
Prunus serrulata var. spontanea,Japanese Mountain Cherry,|Prunus jamasakura|Prunus jamasakura forma humilis|,Rosaceae,Prunus,Tree,,Arnold Arboretum living collection (Arboretum Explorer)
Prunus simonii,Apricot Plum,|Prunus persica var. nectarina|,Rosaceae,Prunus,Tree,,Arnold Arboretum living collection (Arboretum Explorer)
Prunus sogdiana,,,Rosaceae,Prunus,Tree,,Arnold Arboretum living collection (Arboretum Explorer)
Prunus sp.,,,Rosaceae,Prunus,Intermediate (shrub/tree),8.2,Arnold Arboretum living collection (Arboretum Explorer)
Prunus speciosa,Oshima Cherry,|Prunus serrulata var. lannesiana|Prunus lannesiana var. albida|Prunus serrulata forma albida|Prunus lannesiana var. speciosa|,Rosaceae,Prunus,Tree,,Arnold Arboretum living collection (Arboretum Explorer)
Prunus spinosa,Blackthorn,|Prunus kurdica|,Rosaceae,Prunus,Intermediate (shrub/tree),7.5,Arnold Arboretum living collection (Arboretum Explorer)
Prunus spinosa 'Purpurea',Purpleleaf Blackthorn,|Prunus spinosa forma purpurea|,Rosaceae,Prunus,Intermediate (shrub/tree),,Arnold Arboretum living collection (Arboretum Explorer)
Prunus ssiori,Japanese Bird Cherry,,Rosaceae,Prunus,Tree,,Arnold Arboretum living collection (Arboretum Explorer)
Prunus stepposa,,,Rosaceae,Prunus,Tree,,Arnold Arboretum living collection (Arboretum Explorer)
Prunus subhirtella,Higan Cherry,,Rosaceae,Prunus,Tree,31.0,Arnold Arboretum living collection (Arboretum Explorer)
Prunus subhirtella 'Autumnalis Rosea',Cultivar of Higan Cherry,,Rosaceae,Prunus,Tree,,Arnold Arboretum living collection (Arboretum Explorer)
Prunus subhirtella 'Autumnalis',Autumn Higan Cherry,|Prunus subhirtella var. autumnalis|,Rosaceae,Prunus,Tree,20.7,Arnold Arboretum living collection (Arboretum Explorer)
Prunus subhirtella 'Pendula Plena Rosea',Sendai Spring Cherry,|Prunus subhirtella 'Pendula Plena'|,Rosaceae,Prunus,Tree,,Arnold Arboretum living collection (Arboretum Explorer)
Prunus subhirtella 'Pendula Rubra',Cultivar of Weeping Higan Cherry,,Rosaceae,Prunus,Tree,18.0,Arnold Arboretum living collection (Arboretum Explorer)
Prunus subhirtella 'Pendula',Weeping Higan Cherry,|Prunus subhirtella var. pendula|,Rosaceae,Prunus,Tree,,Arnold Arboretum living collection (Arboretum Explorer)
Prunus subhirtella var. ascendens,Variant of Higan Cherry,|Prunus spachiana forma ascendens|,Rosaceae,Prunus,Tree,,Arnold Arboretum living collection (Arboretum Explorer)
Prunus subhirtella var. pendula 'Park Weeping',Cultivar of Weeping Higan Cherry,,Rosaceae,Prunus,Tree,,Arnold Arboretum living collection (Arboretum Explorer)
Prunus subhirtella x yedoensis,,,Rosaceae,Prunus,Tree,,Arnold Arboretum living collection (Arboretum Explorer)
Prunus tenella forma gessleriana,Variant of Russian Almond,,Rosaceae,Prunus,Shrub,,Arnold Arboretum living collection (Arboretum Explorer)
Prunus tomentosa,Nanking Cherry,|Prunus tomentosa var. endotricha|Prunus tomentosa var. soulei|,Rosaceae,Prunus,Shrub,,Arnold Arboretum living collection (Arboretum Explorer)
Prunus tomentosa 'Leucocarpa',Whitefruited Nanking Cherry,|Prunus tomentosa forma leucocarpa|,Rosaceae,Prunus,Shrub,,Arnold Arboretum living collection (Arboretum Explorer)
Prunus triloba,Flowering Almond,|Prunus triloba var. plena|,Rosaceae,Prunus,Intermediate (shrub/tree),,Arnold Arboretum living collection (Arboretum Explorer)
Prunus triloba 'Multiplex',,,Rosaceae,Prunus,Shrub,,Arnold Arboretum living collection (Arboretum Explorer)
Prunus virginiana,Chokecherry,,Rosaceae,Prunus,Intermediate (shrub/tree),18.0,Arnold Arboretum living collection (Arboretum Explorer)
Prunus virginiana 'Schubert',,|Prunus virginiana var. melanocarpa 'Shubert'|,Rosaceae,Prunus,Intermediate (shrub/tree),4.3,Arnold Arboretum living collection (Arboretum Explorer)
Prunus virginiana var. demissa,Western Chokecherry,|Prunus virginiana var. melanocarpa|Prunus virginiana forma melanocarpa|Prunus virginiana var. padus|,Rosaceae,Prunus,Intermediate (shrub/tree),,Arnold Arboretum living collection (Arboretum Explorer)
Prunus x blireiana,,|Prunus blieriana|,Rosaceae,Prunus,Shrub,2.3,Arnold Arboretum living collection (Arboretum Explorer)
Prunus x cistena,Purple-Leaf Sandcherry,,Rosaceae,Prunus,Intermediate (shrub/tree),,Arnold Arboretum living collection (Arboretum Explorer)
Prunus x dasycarpa,Purple Apricot,,Rosaceae,Prunus,Tree,,Arnold Arboretum living collection (Arboretum Explorer)
Prunus x dasycarpa forma persicifolia,Form of Purple Apricot,,Rosaceae,Prunus,Tree,,Arnold Arboretum living collection (Arboretum Explorer)
Prunus x dunbarii,Dunbar Plum,,Rosaceae,Prunus,Shrub,,Arnold Arboretum living collection (Arboretum Explorer)
Prunus x fontanesiana,Desfontaines Cherry,,Rosaceae,Prunus,Tree,,Arnold Arboretum living collection (Arboretum Explorer)
Prunus x gondouinii 'Schnee',Cultivar of Prunus,|Prunus cerasus var. schnee|,Rosaceae,Prunus,Intermediate (shrub/tree),,Arnold Arboretum living collection (Arboretum Explorer)
Prunus x hillieri,Hillier Cherry,,Rosaceae,Prunus,Tree,,Arnold Arboretum living collection (Arboretum Explorer)
Prunus x hillieri 'Spire',Cultivar of Hillier Cherry,,Rosaceae,Prunus,Tree,7.9,Arnold Arboretum living collection (Arboretum Explorer)
Prunus x juddii,Judd Cherry,,Rosaceae,Prunus,Tree,11.8,Arnold Arboretum living collection (Arboretum Explorer)
Prunus x orthosepala,,,Rosaceae,Prunus,Tree,,Arnold Arboretum living collection (Arboretum Explorer)
Prunus x yedoensis,Yoshino Cherry,,Rosaceae,Prunus,Tree,,Arnold Arboretum living collection (Arboretum Explorer)
Prunus x yedoensis 'Akebono',Cultivar of Yoshino Cherry,|Prunus yedoensis 'Akebono'|,Rosaceae,Prunus,Tree,,Arnold Arboretum living collection (Arboretum Explorer)
Prunus x yedoensis 'Awanui',Cultivar of Yoshino Cherry,,Rosaceae,Prunus,Tree,4.9,Arnold Arboretum living collection (Arboretum Explorer)
Prunus x yedoensis forma perpendens,Form of Yoshino Cherry,|Prunus x yedoensis forma purpendens|Prunus x yedoensis 'Shidare Yoshino'|,Rosaceae,Prunus,Tree,,Arnold Arboretum living collection (Arboretum Explorer)
Pseudognaphalium obtusifolium,Eastern Rabbit-Tobacco,|Gnaphalium obtusifolium|,Asteraceae,Pseudognaphalium,Herbaceous,,Arnold Arboretum living collection (Arboretum Explorer)
Pseudolarix amabilis,Golden Larch,|Pseudolarix kaempferi|Chrysolarix amabilis|,Pinaceae,Pseudolarix,Tree,,Arnold Arboretum living collection (Arboretum Explorer)
Pseudosasa japonica,Metake,|Sasa japonica|,Poaceae,Pseudosasa,Herbaceous,,Arnold Arboretum living collection (Arboretum Explorer)
Pseudosasa japonica var. tsutsumiana,Variety of Metake,,Poaceae,Pseudosasa,Herbaceous,,Arnold Arboretum living collection (Arboretum Explorer)
Pseudotaxus chienii,False Yew,|Pseudotaxus liana|,Taxaceae,Pseudotaxus,Shrub,3.0,Arnold Arboretum living collection (Arboretum Explorer)
Pseudotsuga japonica,Japanese Douglas Fir,,Pinaceae,Pseudotsuga,Tree,,Arnold Arboretum living collection (Arboretum Explorer)
Pseudotsuga menziesii,Douglas Fir,|Pseudotsuga taxifolia|,Pinaceae,Pseudotsuga,Tree,2.7,Arnold Arboretum living collection (Arboretum Explorer)
Pseudotsuga menziesii 'Hillside Pride',,,Pinaceae,Pseudotsuga,Shrub,,Arnold Arboretum living collection (Arboretum Explorer)
Pseudotsuga menziesii var. glauca,Blue Douglas Fir,|Pseudotsuga flahaultii|,Pinaceae,Pseudotsuga,Tree,,Arnold Arboretum living collection (Arboretum Explorer)
Pseudotsuga menziesii var. glauca 'Big Flats',Cultivar of Douglas Fir,,Pinaceae,Pseudotsuga,Tree,,Arnold Arboretum living collection (Arboretum Explorer)
Pseudotsuga menziesii var. glauca 'Fretsii',Cultivar of Douglas Fir,,Pinaceae,Pseudotsuga,Tree,,Arnold Arboretum living collection (Arboretum Explorer)
Pseudotsuga menziesii var. glauca 'Glauca Pendula',Pendulous Douglas Fir,|Pseudotsuga menziesii 'Pendula'|,Pinaceae,Pseudotsuga,Tree,,Arnold Arboretum living collection (Arboretum Explorer)
Pseudotsuga menziesii var. glauca forma caesia,Grey Douglas Fir,,Pinaceae,Pseudotsuga,Tree,,Arnold Arboretum living collection (Arboretum Explorer)
Pseudotsuga menziesii var. menziesii,Douglas Fir,|Pseudotsuga taxifolia|,Pinaceae,Pseudotsuga,Tree,11.5,Arnold Arboretum living collection (Arboretum Explorer)
Pseudotsuga menziesii var. menziesii 'Fastigiata',Columnar Douglas Fir,|Pseudotsuga menziesii forma fastigiata|Pseudotsuga menziesii 'Fastigiata'|,Pinaceae,Pseudotsuga,Tree,,Arnold Arboretum living collection (Arboretum Explorer)
Pseudotsuga menziesii var. menziesii 'Pumila',Dwarf Douglas Fir,|Pseudotsuga menziesii forma pumila|,Pinaceae,Pseudotsuga,Shrub,6.6,Arnold Arboretum living collection (Arboretum Explorer)
Pseudotsuga wilsoniana,,,Pinaceae,Pseudotsuga,Tree,1.8,Arnold Arboretum living collection (Arboretum Explorer)
Ptelea trifoliata,Hop-Tree,|Ptelea isophylla|,Rutaceae,Ptelea,Intermediate (shrub/tree),,Arnold Arboretum living collection (Arboretum Explorer)
Ptelea trifoliata ssp. angustifolia var. cognata,Common Hop-Tree,|Ptelea isophylla|,Rutaceae,Ptelea,Intermediate (shrub/tree),18.9,Arnold Arboretum living collection (Arboretum Explorer)
Ptelea trifoliata ssp. trifoliata 'Aurea',Golden Hop-Tree,|Ptelea trifoliata forma aurea|,Rutaceae,Ptelea,Tree,13.1,Arnold Arboretum living collection (Arboretum Explorer)
Ptelea trifoliata ssp. trifoliata var. trifoliata,Common Hop-Tree,|Ptelea isophylla|Ptelea baldwinii|,Rutaceae,Ptelea,Intermediate (shrub/tree),11.2,Arnold Arboretum living collection (Arboretum Explorer)
Pteridium aquilinum,Bracken Fern,,Dennstaedtiaceae,Pteridium,,,Arnold Arboretum living collection (Arboretum Explorer)
Pterocarya fraxinifolia,Caucasian Wingnut,|Pterocarya pterocarpa|Pterocarya pterocarpa|,Juglandaceae,Pterocarya,Tree,17.4,Arnold Arboretum living collection (Arboretum Explorer)
Pterocarya hupehensis,Hubei Wingnut,,Juglandaceae,Pterocarya,Tree,5.9,Arnold Arboretum living collection (Arboretum Explorer)
Pterocarya macroptera,Wingnut,,Juglandaceae,Pterocarya,Tree,7.5,Arnold Arboretum living collection (Arboretum Explorer)
Pterocarya macroptera var. insignis,,|Pterocarya insignis|,Juglandaceae,Pterocarya,Tree,,Arnold Arboretum living collection (Arboretum Explorer)
Pterocarya rhoifolia,Japanese Wingnut,,Juglandaceae,Pterocarya,Tree,,Arnold Arboretum living collection (Arboretum Explorer)
Pterocarya stenoptera,,,Juglandaceae,Pterocarya,Tree,,Arnold Arboretum living collection (Arboretum Explorer)
Pterocarya tonkinensis,,,Juglandaceae,Pterocarya,Tree,,Arnold Arboretum living collection (Arboretum Explorer)
Pterocarya x rehderiana,Rehder Wingnut,,Juglandaceae,Pterocarya,Tree,,Arnold Arboretum living collection (Arboretum Explorer)
Pteroceltis tatarinowii,,,Cannabaceae,Pteroceltis,Tree,2.1,Arnold Arboretum living collection (Arboretum Explorer)
Pterostyrax corymbosus,Little Epaulette-Tree,,Styracaceae,Pterostyrax,Tree,,Arnold Arboretum living collection (Arboretum Explorer)
Pterostyrax hispidus,Epaulette Tree,|Pterostyrax hispida|,Styracaceae,Pterostyrax,Intermediate (shrub/tree),19.7,Arnold Arboretum living collection (Arboretum Explorer)
Pueraria montana var. lobata,,|Pueraria lobata|Pueraria thunbergiana|,Fabaceae,Pueraria,,,Arnold Arboretum living collection (Arboretum Explorer)
Pycnanthemum muticum,Clustered Mountain Mint,,Lamiaceae,Pycnanthemum,Herbaceous,,Arnold Arboretum living collection (Arboretum Explorer)
Pycnanthemum tenuifolium,Narrow-Leaved Mountain Mint,,Lamiaceae,Pycnanthemum,Herbaceous,,Arnold Arboretum living collection (Arboretum Explorer)
Pycnanthemum virginianum,Virginia Mountainmint,,Lamiaceae,Pycnanthemum,Herbaceous,,Arnold Arboretum living collection (Arboretum Explorer)
Pyracantha coccinea 'Lalandei',Cultivar of Scarlet Firethorn,|Pyracantha coccinea var. lalandei|Pyracantha coccinea 'Lalandii'|,Rosaceae,Pyracantha,Shrub,6.6,Arnold Arboretum living collection (Arboretum Explorer)
Pyracantha coccinea 'Royal',Cultivar of Firethorn,|Pyracantha coccinea 'Royalii'|,Rosaceae,Pyracantha,Shrub,,Arnold Arboretum living collection (Arboretum Explorer)
Pyracantha coccinea 'Runyan',Cultivar of Firethorn,,Rosaceae,Pyracantha,Shrub,,Arnold Arboretum living collection (Arboretum Explorer)
Pyracantha coccinea var. lalandei x Cotoneaster tomentosa,,|Pyracantha coccinea 'Lalandei' x Cotoneaster tomentosa|,Rosaceae,Pyracantha,Shrub,13.1,Arnold Arboretum living collection (Arboretum Explorer)
Pyrularia pubera,Oil-nut,|Pyrularia oleifera|,Santalaceae,Pyrularia,Shrub,,Arnold Arboretum living collection (Arboretum Explorer)
Pyrus amygdaliformis,Almond Pear,,Rosaceae,Pyrus,Intermediate (shrub/tree),,Arnold Arboretum living collection (Arboretum Explorer)
Pyrus amygdaliformis var. persica,Variety of Almond Pear,|Pyrus persica|,Rosaceae,Pyrus,Tree,,Arnold Arboretum living collection (Arboretum Explorer)
Pyrus balansae,,,Rosaceae,Pyrus,Tree,,Arnold Arboretum living collection (Arboretum Explorer)
Pyrus betulifolia,Birchleaf Pear,|Pyrus betulaefolia|,Rosaceae,Pyrus,Tree,,Arnold Arboretum living collection (Arboretum Explorer)
Pyrus bretschneideri,Bretschneider Pear,,Rosaceae,Pyrus,Tree,,Arnold Arboretum living collection (Arboretum Explorer)
Pyrus calleryana,Callery Pear,|Pyrus dimorphophylla|,Rosaceae,Pyrus,Tree,,Arnold Arboretum living collection (Arboretum Explorer)
Pyrus calleryana 'Aristocrat',Cultivar of Callery Pear,,Rosaceae,Pyrus,Tree,,Arnold Arboretum living collection (Arboretum Explorer)
Pyrus calleryana 'Bradford',Cultivar of Callery Pear,,Rosaceae,Pyrus,Tree,,Arnold Arboretum living collection (Arboretum Explorer)
Pyrus calleryana 'Chanticleer',Cultivar of Callery Pear,|Pyrus calleryana 'Select'|,Rosaceae,Pyrus,Tree,,Arnold Arboretum living collection (Arboretum Explorer)
Pyrus calleryana var. dimorphophylla,Variety of Callery Pear,,Rosaceae,Pyrus,Tree,,Arnold Arboretum living collection (Arboretum Explorer)
Pyrus calleryana var. fauriei,Korean Callery Pear,|Pyrus fauriei|,Rosaceae,Pyrus,Intermediate (shrub/tree),,Arnold Arboretum living collection (Arboretum Explorer)
Pyrus caucasica,,,Rosaceae,Pyrus,Tree,9.8,Arnold Arboretum living collection (Arboretum Explorer)
Pyrus communis,Common Pear,,Rosaceae,Pyrus,Tree,,Arnold Arboretum living collection (Arboretum Explorer)
Pyrus communis 'Bartlett',,,Rosaceae,Pyrus,Tree,14.1,Arnold Arboretum living collection (Arboretum Explorer)
Pyrus communis var. cordata,Variety of Common Pear,|Pyrus cordata|,Rosaceae,Pyrus,Shrub,,Arnold Arboretum living collection (Arboretum Explorer)
Pyrus communis var. pyraster,,|Pyrus pyraster|Pyrus achras|,Rosaceae,Pyrus,Tree,,Arnold Arboretum living collection (Arboretum Explorer)
Pyrus cossonii,,|Pyrus longipes|,Rosaceae,Pyrus,Tree,,Arnold Arboretum living collection (Arboretum Explorer)
Pyrus elaeagrifolia,Oleaster Pear,|Pyrus elaeagnifolia|,Rosaceae,Pyrus,Intermediate (shrub/tree),,Arnold Arboretum living collection (Arboretum Explorer)
Pyrus korshinskyi,,|Pyrus bucharica|,Rosaceae,Pyrus,Tree,,Arnold Arboretum living collection (Arboretum Explorer)
Pyrus nivalis,Snow Pear,,Rosaceae,Pyrus,Tree,,Arnold Arboretum living collection (Arboretum Explorer)
Pyrus phaeocarpa,Dusky Pear,,Rosaceae,Pyrus,Tree,7.5,Arnold Arboretum living collection (Arboretum Explorer)
Pyrus phaeocarpa forma globosa,Globe Dusky Pear,,Rosaceae,Pyrus,Tree,,Arnold Arboretum living collection (Arboretum Explorer)
Pyrus pyrifolia,Sand Pear,|Pyrus serotina|Pyrus serotina|,Rosaceae,Pyrus,Tree,9.8,Arnold Arboretum living collection (Arboretum Explorer)
Pyrus pyrifolia var. stapfiana,Form of Sand Pear,,Rosaceae,Pyrus,Tree,,Arnold Arboretum living collection (Arboretum Explorer)
Pyrus salicifolia,,,Rosaceae,Pyrus,Tree,7.0,Arnold Arboretum living collection (Arboretum Explorer)
Pyrus serrulata,Serrulate Pear,,Rosaceae,Pyrus,Tree,,Arnold Arboretum living collection (Arboretum Explorer)
Pyrus sp.,,,Rosaceae,Pyrus,Intermediate (shrub/tree),7.9,Arnold Arboretum living collection (Arboretum Explorer)
Pyrus syriaca,Syrian Pear,,Rosaceae,Pyrus,Tree,,Arnold Arboretum living collection (Arboretum Explorer)
Pyrus ussuriensis,Ussuri Pear,,Rosaceae,Pyrus,Tree,,Arnold Arboretum living collection (Arboretum Explorer)
Pyrus ussuriensis 'Pin-li',Cultivar of Ussurian Pear,,Rosaceae,Pyrus,Tree,,Arnold Arboretum living collection (Arboretum Explorer)
Pyrus ussuriensis 'Shinchu',Cultivar of Ussurian Pear,,Rosaceae,Pyrus,Tree,,Arnold Arboretum living collection (Arboretum Explorer)
Pyrus ussuriensis 'Shu-li',Cultivar of Ussurian Pear,,Rosaceae,Pyrus,Tree,,Arnold Arboretum living collection (Arboretum Explorer)
Pyrus ussuriensis var. hondoensis,Hondo Pear,|Pyrus hondoensis|,Rosaceae,Pyrus,Tree,4.9,Arnold Arboretum living collection (Arboretum Explorer)
Pyrus x canescens,Hybrid Pear,,Rosaceae,Pyrus,Tree,,Arnold Arboretum living collection (Arboretum Explorer)
Pyrus x lecontei,Leconte Pear,,Rosaceae,Pyrus,Tree,7.5,Arnold Arboretum living collection (Arboretum Explorer)
Pyrus x michauxii,Michaux Pear,,Rosaceae,Pyrus,Tree,,Arnold Arboretum living collection (Arboretum Explorer)
Quercus acerifolia,Maple-Leaf Oak,|Quercus shumardii var. acerifolia|,Fagaceae,Quercus,Intermediate (shrub/tree),4.9,Arnold Arboretum living collection (Arboretum Explorer)
Quercus acutissima,Sawtooth Oak,,Fagaceae,Quercus,Tree,,Arnold Arboretum living collection (Arboretum Explorer)
Quercus alba,White Oak,,Fagaceae,Quercus,Tree,55.5,Arnold Arboretum living collection (Arboretum Explorer)
Quercus aliena,Galcham Oak,|Quercus aliena forma calvescens|Quercus acutidentata|,Fagaceae,Quercus,Tree,,Arnold Arboretum living collection (Arboretum Explorer)
Quercus aliena var. acutiserrata,Variety of Galcham Oak,|Quercus acutidentata|,Fagaceae,Quercus,Tree,24.6,Arnold Arboretum living collection (Arboretum Explorer)
Quercus arkansana,Arkansas Oak,|Quercus x arkansana|,Fagaceae,Quercus,Tree,4.4,Arnold Arboretum living collection (Arboretum Explorer)
Quercus baronii,,,Fagaceae,Quercus,Intermediate (shrub/tree),7.2,Arnold Arboretum living collection (Arboretum Explorer)
Quercus bicolor,Swamp White Oak,,Fagaceae,Quercus,Tree,13.1,Arnold Arboretum living collection (Arboretum Explorer)
Quercus bicolor x montana,,|Quercus bicolor x prinus|,Fagaceae,Quercus,Tree,,Arnold Arboretum living collection (Arboretum Explorer)
Quercus castaneifolia,Chestnutleaf Oak,|Quercus castaneaefolia|,Fagaceae,Quercus,Tree,73.3,Arnold Arboretum living collection (Arboretum Explorer)
Quercus cerris,Turkey Oak,,Fagaceae,Quercus,Tree,16.4,Arnold Arboretum living collection (Arboretum Explorer)
Quercus cerris x acutissima,Hybrid Oak,,Fagaceae,Quercus,Tree,,Arnold Arboretum living collection (Arboretum Explorer)
Quercus chenii,,,Fagaceae,Quercus,Tree,35.0,Arnold Arboretum living collection (Arboretum Explorer)
Quercus coccinea,Scarlet Oak,,Fagaceae,Quercus,Tree,14.1,Arnold Arboretum living collection (Arboretum Explorer)
Quercus coccinea 'Splendens',Cultivar of Scarlet Oak,,Fagaceae,Quercus,Tree,,Arnold Arboretum living collection (Arboretum Explorer)
Quercus dentata,Daimyo Oak,|Quercus daimio|Quercus koreana|,Fagaceae,Quercus,Tree,,Arnold Arboretum living collection (Arboretum Explorer)
Quercus dentata 'Pinnatifida',Form of Daimyo Oak,|Quercus dentata forma pinnatifida|Quercus pinnatifida|,Fagaceae,Quercus,Tree,,Arnold Arboretum living collection (Arboretum Explorer)
Quercus dentata x mongolica,,,Fagaceae,Quercus,,,Arnold Arboretum living collection (Arboretum Explorer)
Quercus ellipsoidalis,Northern Pin Oak,,Fagaceae,Quercus,Tree,3.3,Arnold Arboretum living collection (Arboretum Explorer)
Quercus fabri,,,Fagaceae,Quercus,Tree,,Arnold Arboretum living collection (Arboretum Explorer)
Quercus falcata,Southern Red Oak,,Fagaceae,Quercus,Tree,1.9,Arnold Arboretum living collection (Arboretum Explorer)
Quercus frainetto,Hungarian Oak,|Quercus conferta|,Fagaceae,Quercus,Tree,,Arnold Arboretum living collection (Arboretum Explorer)
Quercus gambelii,Gambel Oak,|Quercus utahensis|Quercus novomexicana|Quercus utahensis var. submollis|,Fagaceae,Quercus,Intermediate (shrub/tree),2.6,Arnold Arboretum living collection (Arboretum Explorer)
Quercus garryana,Oregon White Oak,,Fagaceae,Quercus,Intermediate (shrub/tree),,Arnold Arboretum living collection (Arboretum Explorer)
Quercus hartwissiana,,,Fagaceae,Quercus,Tree,,Arnold Arboretum living collection (Arboretum Explorer)
Quercus ilicifolia,Scrub Oak,,Fagaceae,Quercus,Intermediate (shrub/tree),4.9,Arnold Arboretum living collection (Arboretum Explorer)
Quercus imbricaria,Shingle Oak,,Fagaceae,Quercus,Tree,6.6,Arnold Arboretum living collection (Arboretum Explorer)
Quercus laevis,Turkey Oak,|Quercus catesbaei|,Fagaceae,Quercus,Intermediate (shrub/tree),1.7,Arnold Arboretum living collection (Arboretum Explorer)
Quercus laurifolia,Swamp Laurel Oak,,Fagaceae,Quercus,Tree,,Arnold Arboretum living collection (Arboretum Explorer)
Quercus liaotungensis,,,Fagaceae,Quercus,Tree,13.1,Arnold Arboretum living collection (Arboretum Explorer)
Quercus libani,Lebanon Oak,,Fagaceae,Quercus,Intermediate (shrub/tree),,Arnold Arboretum living collection (Arboretum Explorer)
Quercus lyrata,Overcup Oak,||,Fagaceae,Quercus,Tree,7.9,Arnold Arboretum living collection (Arboretum Explorer)
Quercus macranthera,Persian Oak,,Fagaceae,Quercus,Tree,2.8,Arnold Arboretum living collection (Arboretum Explorer)
Quercus macrocarpa,Bur Oak,,Fagaceae,Quercus,Tree,7.7,Arnold Arboretum living collection (Arboretum Explorer)
Quercus margarettae,Sand Post Oak,|Quercus stellata var. margarettae|,Fagaceae,Quercus,Intermediate (shrub/tree),1.3,Arnold Arboretum living collection (Arboretum Explorer)
Quercus marilandica,Blackjack Oak,,Fagaceae,Quercus,Tree,5.2,Arnold Arboretum living collection (Arboretum Explorer)
Quercus michauxii,Basket Oak,|Quercus prinus|,Fagaceae,Quercus,Tree,,Arnold Arboretum living collection (Arboretum Explorer)
Quercus mongolica,Mongolian Oak,,Fagaceae,Quercus,Tree,3.6,Arnold Arboretum living collection (Arboretum Explorer)
Quercus mongolica var. grosseserrata,Shallowcup Mongolian Oak,|Quercus crispula|,Fagaceae,Quercus,Tree,4.3,Arnold Arboretum living collection (Arboretum Explorer)
Quercus montana,Mountain Chestnut Oak,|Quercus prinus|,Fagaceae,Quercus,Tree,13.8,Arnold Arboretum living collection (Arboretum Explorer)
Quercus muehlenbergii,Chinkapin Oak,,Fagaceae,Quercus,Tree,2.6,Arnold Arboretum living collection (Arboretum Explorer)
Quercus muehlenbergii var. alexanderi,Variant of Chinkapin Oak,,Fagaceae,Quercus,Tree,,Arnold Arboretum living collection (Arboretum Explorer)
Quercus nigra,Water Oak,|Quercus nigra var. tridentifera|,Fagaceae,Quercus,Tree,3.3,Arnold Arboretum living collection (Arboretum Explorer)
Quercus oglethorpensis,Oglethorpe Oak,,Fagaceae,Quercus,Tree,2.5,Arnold Arboretum living collection (Arboretum Explorer)
Quercus pagoda,Cherrybark Oak,|Quercus falcata var. pagodaefolia|Quercus pagoda 'LaRue'|,Fagaceae,Quercus,Tree,,Arnold Arboretum living collection (Arboretum Explorer)
Quercus palustris,Pin Oak,,Fagaceae,Quercus,Tree,5.6,Arnold Arboretum living collection (Arboretum Explorer)
Quercus palustris 'Pringreen',Cultivar of Pin Oak,|Quercus palustris 'Green Pillar'|,Fagaceae,Quercus,Tree,,Arnold Arboretum living collection (Arboretum Explorer)
Quercus palustris 'Sovereign',Cultivar of Pin Oak,,Fagaceae,Quercus,Tree,,Arnold Arboretum living collection (Arboretum Explorer)
Quercus petraea,Durmast Oak,,Fagaceae,Quercus,Tree,5.6,Arnold Arboretum living collection (Arboretum Explorer)
Quercus petraea 'Mespilifolia',Medlar Durmast Oak,|Quercus petraea forma mespilifolia|,Fagaceae,Quercus,Tree,13.8,Arnold Arboretum living collection (Arboretum Explorer)
Quercus petraea ssp. iberica,,|Quercus iberica|,Fagaceae,Quercus,Tree,5.9,Arnold Arboretum living collection (Arboretum Explorer)
Quercus phellos,Willow Oak,,Fagaceae,Quercus,Tree,102.2,Arnold Arboretum living collection (Arboretum Explorer)
Quercus prinoides,Dwarf Chestnut Oak,|Quercus prinoides var. rufescens|Quercus prinoides rufescens|,Fagaceae,Quercus,Intermediate (shrub/tree),7.2,Arnold Arboretum living collection (Arboretum Explorer)
Quercus robur,English Oak,,Fagaceae,Quercus,Tree,,Arnold Arboretum living collection (Arboretum Explorer)
Quercus robur 'Concordia',,,Fagaceae,Quercus,,,Arnold Arboretum living collection (Arboretum Explorer)
Quercus robur 'Salicifolia',Form of English Oak,|Quercus robur forma laurifolia|Quercus robur var. heterophylla|,Fagaceae,Quercus,Tree,,Arnold Arboretum living collection (Arboretum Explorer)
Quercus robur forma fastigiata,Columnar English Oak,|Quercus robur 'Fastigiata'|,Fagaceae,Quercus,Tree,,Arnold Arboretum living collection (Arboretum Explorer)
Quercus robur forma heterophylla,Longleaf English Oak,,Fagaceae,Quercus,Tree,9.8,Arnold Arboretum living collection (Arboretum Explorer)
Quercus robur ssp. imeretina,,,Fagaceae,Quercus,Tree,6.6,Arnold Arboretum living collection (Arboretum Explorer)
Quercus robur ssp. robur,,|Quercus haas|,Fagaceae,Quercus,,,Arnold Arboretum living collection (Arboretum Explorer)
Quercus rubra,Northern Red Oak,|Quercus rubra var. rubra|Quercus rubra var. borealis|Quercus rubra var. maxima|Quercus borealis|Quercus borealis var. maxima|,Fagaceae,Quercus,Tree,,Arnold Arboretum living collection (Arboretum Explorer)
Quercus rubra 'Aurea',Cultivar of Northern Red Oak,,Fagaceae,Quercus,Tree,,Arnold Arboretum living collection (Arboretum Explorer)
Quercus serrata,Konara Oak,|Quercus glandulifera|,Fagaceae,Quercus,Tree,4.1,Arnold Arboretum living collection (Arboretum Explorer)
Quercus serrata ssp. serrata var. brevipetiolata,Variety of Konara Oak,|Quercus glandulifera var. brevipedunculata|Quercus glandulifera var. brevipetiolata|,Fagaceae,Quercus,Tree,29.5,Arnold Arboretum living collection (Arboretum Explorer)
Quercus shumardii,Shumard Oak,,Fagaceae,Quercus,Tree,,Arnold Arboretum living collection (Arboretum Explorer)
Quercus shumardii var. schneckii,Variant of Shumard Oak,,Fagaceae,Quercus,Tree,,Arnold Arboretum living collection (Arboretum Explorer)
Quercus sp.,Oak,,Fagaceae,Quercus,Intermediate (shrub/tree),,Arnold Arboretum living collection (Arboretum Explorer)
Quercus stellata,Post Oak,,Fagaceae,Quercus,Tree,,Arnold Arboretum living collection (Arboretum Explorer)
Quercus texana,Texas Red Oak,|Quercus nuttallii|,Fagaceae,Quercus,Tree,,Arnold Arboretum living collection (Arboretum Explorer)
Quercus trojana,,|Quercus macedonica|,Fagaceae,Quercus,Intermediate (shrub/tree),,Arnold Arboretum living collection (Arboretum Explorer)
Quercus variabilis,Cork Oak,|Quercus chinensis|,Fagaceae,Quercus,Tree,,Arnold Arboretum living collection (Arboretum Explorer)
Quercus velutina,Black Oak,|Quercus velutina var. missouriensis|,Fagaceae,Quercus,Tree,23.6,Arnold Arboretum living collection (Arboretum Explorer)
Quercus velutina 'Rubrifolia',Cultivar of Black Oak,,Fagaceae,Quercus,Tree,,Arnold Arboretum living collection (Arboretum Explorer)
Quercus velutina var. missouriensis,,|Quercus velutina|,Fagaceae,Quercus,Tree,,Arnold Arboretum living collection (Arboretum Explorer)
Quercus virginiana,Southern Live Oak,,Fagaceae,Quercus,Tree,8.0,Arnold Arboretum living collection (Arboretum Explorer)
Quercus x bebbiana,Bebb Oak,,Fagaceae,Quercus,Tree,,Arnold Arboretum living collection (Arboretum Explorer)
Quercus x benderi,Bender Oak,,Fagaceae,Quercus,Tree,,Arnold Arboretum living collection (Arboretum Explorer)
Quercus x bimundorum,Oak of Two Worlds,|Quercus x bumindorum|,Fagaceae,Quercus,Tree,,Arnold Arboretum living collection (Arboretum Explorer)
Quercus x comptonae,Compton oak,,Fagaceae,Quercus,Tree,6.9,Arnold Arboretum living collection (Arboretum Explorer)
Quercus x deamii,Deam Oak,,Fagaceae,Quercus,Tree,6.6,Arnold Arboretum living collection (Arboretum Explorer)
Quercus x exacta,Hybrid Oak,,Fagaceae,Quercus,Tree,,Arnold Arboretum living collection (Arboretum Explorer)
Quercus x fernowii,Hybrid of White Oak,,Fagaceae,Quercus,Tree,,Arnold Arboretum living collection (Arboretum Explorer)
Quercus x filialis,Hybrid Oak,,Fagaceae,Quercus,Tree,,Arnold Arboretum living collection (Arboretum Explorer)
Quercus x heterophylla,Variable Oak,,Fagaceae,Quercus,Tree,,Arnold Arboretum living collection (Arboretum Explorer)
Quercus x jackiana,Jack Oak,,Fagaceae,Quercus,Tree,,Arnold Arboretum living collection (Arboretum Explorer)
Quercus x leana,Lea Oak,,Fagaceae,Quercus,Tree,,Arnold Arboretum living collection (Arboretum Explorer)
Quercus x major,,|Quercus aliena x serrata|,Fagaceae,Quercus,Tree,,Arnold Arboretum living collection (Arboretum Explorer)
Quercus x megaleia,Hybrid Oak,,Fagaceae,Quercus,Tree,7.5,Arnold Arboretum living collection (Arboretum Explorer)
Quercus x mutabilis,Hybrid Oak,,Fagaceae,Quercus,Tree,,Arnold Arboretum living collection (Arboretum Explorer)
Quercus x porteri,Porter Oak,|Quercus x hawkinsii|,Fagaceae,Quercus,Tree,,Arnold Arboretum living collection (Arboretum Explorer)
Quercus x rehderi,,,Fagaceae,Quercus,Tree,,Arnold Arboretum living collection (Arboretum Explorer)
Quercus x robbinsii,Robbins Oak,,Fagaceae,Quercus,Tree,,Arnold Arboretum living collection (Arboretum Explorer)
Quercus x runcinata,Bottom Oak,,Fagaceae,Quercus,Tree,,Arnold Arboretum living collection (Arboretum Explorer)
Quercus x sargentii,Sargent Oak,,Fagaceae,Quercus,Tree,,Arnold Arboretum living collection (Arboretum Explorer)
Quercus x saulii,Saul Oak,,Fagaceae,Quercus,Tree,,Arnold Arboretum living collection (Arboretum Explorer)
Quercus x schuettei,Schuett Oak,|Quercus x hillii|,Fagaceae,Quercus,Tree,,Arnold Arboretum living collection (Arboretum Explorer)
Quercus x undulata,Wavy-Leaf Oak,|Quercus x fendleri|,Fagaceae,Quercus,Intermediate (shrub/tree),3.1,Arnold Arboretum living collection (Arboretum Explorer)
Quercus x warei 'Chimney Fire',,,Fagaceae,Quercus,Tree,,Arnold Arboretum living collection (Arboretum Explorer)
Quercus x warei 'Long',Cultivar of Ware's Oak,,Fagaceae,Quercus,Tree,,Arnold Arboretum living collection (Arboretum Explorer)
Quercus x warei 'Nadler',Cultivar of Ware's Oak,,Fagaceae,Quercus,Tree,,Arnold Arboretum living collection (Arboretum Explorer)
Rhamnella franguloides,,,Rhamnaceae,Rhamnella,Intermediate (shrub/tree),,Arnold Arboretum living collection (Arboretum Explorer)
Rhamnus caroliniana,Carolina Buckthorn,|Frangula caroliniana|,Rhamnaceae,Rhamnus,Intermediate (shrub/tree),,Arnold Arboretum living collection (Arboretum Explorer)
Rhamnus cathartica,Common Buckthorn,|Rhamnus willdenowiana|,Rhamnaceae,Rhamnus,Intermediate (shrub/tree),5.0,Arnold Arboretum living collection (Arboretum Explorer)
Rhamnus costata,,,Rhamnaceae,Rhamnus,Shrub,,Arnold Arboretum living collection (Arboretum Explorer)
Rhamnus crenata,,,Rhamnaceae,Rhamnus,Intermediate (shrub/tree),,Arnold Arboretum living collection (Arboretum Explorer)
Rhamnus davurica,Dahurian Buckthorn,|Rhamnus mandshurica|,Rhamnaceae,Rhamnus,Intermediate (shrub/tree),10.8,Arnold Arboretum living collection (Arboretum Explorer)
Rhamnus frangula,Glossy Buckthorn,|Frangula alnus|Rhamnus korolkowii|,Rhamnaceae,Rhamnus,Intermediate (shrub/tree),3.3,Arnold Arboretum living collection (Arboretum Explorer)
Rhamnus frangula 'Asplenifolia',Feathery Buckthorn,|Rhamnus frangula forma aspleniifolia|,Rhamnaceae,Rhamnus,Shrub,,Arnold Arboretum living collection (Arboretum Explorer)
Rhamnus frangula 'Tallhedge',Cultivar of Glossy Buckthorn,|Rhamnus frangula var. columnaris 'Tallhedge'|Rhamnus frangula 'Columnaris'|Rhamnus frangula var. columnaris|,Rhamnaceae,Rhamnus,Shrub,15.0,Arnold Arboretum living collection (Arboretum Explorer)
Rhamnus hupehensis,,,Rhamnaceae,Rhamnus,Shrub,,Arnold Arboretum living collection (Arboretum Explorer)
Rhamnus koraiensis,Korean Buckthorn,,Rhamnaceae,Rhamnus,Shrub,,Arnold Arboretum living collection (Arboretum Explorer)
Rhamnus leptophylla,Slenderleaf Buckthorn,,Rhamnaceae,Rhamnus,Shrub,,Arnold Arboretum living collection (Arboretum Explorer)
Rhamnus purshiana,Cascara Sagrada,|Frangula purshiana|,Rhamnaceae,Rhamnus,Intermediate (shrub/tree),,Arnold Arboretum living collection (Arboretum Explorer)
Rhamnus sp.,,,Rhamnaceae,Rhamnus,,,Arnold Arboretum living collection (Arboretum Explorer)
Rheum tanguticum var. tanguticum,Chinese Rhubarb,|Rheum palmatum var. tanguticum|,Polygonaceae,Rheum,Herbaceous,,Arnold Arboretum living collection (Arboretum Explorer)
Rhexia virginica,Handsome Harry,,Melastomataceae,Rhexia,Herbaceous,,Arnold Arboretum living collection (Arboretum Explorer)
Rhododendron 'Adalbert',Elepidote Rhododendron Cultivar,,Ericaceae,Rhododendron,Shrub,8.0,Arnold Arboretum living collection (Arboretum Explorer)
Rhododendron 'Albert Close',Elepidote Rhododendron Cultivar,,Ericaceae,Rhododendron,Shrub,7.5,Arnold Arboretum living collection (Arboretum Explorer)
Rhododendron 'Albert',Elepidote Rhododendron Cultivar,,Ericaceae,Rhododendron,Shrub,8.0,Arnold Arboretum living collection (Arboretum Explorer)
Rhododendron 'Album Elegans',Elepidote Rhododendron Cultivar,,Ericaceae,Rhododendron,Shrub,13.1,Arnold Arboretum living collection (Arboretum Explorer)
Rhododendron 'Album Grandiflorum',Elepidote Rhododendron Cultivar,,Ericaceae,Rhododendron,Shrub,14.8,Arnold Arboretum living collection (Arboretum Explorer)
Rhododendron 'Album Splendidum',Elepidote Rhododendron Cultivar,,Ericaceae,Rhododendron,Shrub,7.9,Arnold Arboretum living collection (Arboretum Explorer)
Rhododendron 'Alexander Dancer',Elepidote Rhododendron Cultivar,,Ericaceae,Rhododendron,Shrub,13.1,Arnold Arboretum living collection (Arboretum Explorer)
Rhododendron 'Anah Kruschke',Cultivar Elepidode Rhododendron,,Ericaceae,Rhododendron,Shrub,,Arnold Arboretum living collection (Arboretum Explorer)
Rhododendron 'Annie Dalton',,,Ericaceae,Rhododendron,,,Arnold Arboretum living collection (Arboretum Explorer)
Rhododendron 'Arbutifolium',Rockmount Rhododendron,|Rhododendron daphnoides|Rhododendron x arbutifolium|,Ericaceae,Rhododendron,Shrub,4.6,Arnold Arboretum living collection (Arboretum Explorer)
Rhododendron 'Arno',Elepidote Rhododendron Cultivar,,Ericaceae,Rhododendron,Shrub,6.6,Arnold Arboretum living collection (Arboretum Explorer)
Rhododendron 'Aronomink',,,Ericaceae,Rhododendron,,3.5,Arnold Arboretum living collection (Arboretum Explorer)
Rhododendron 'Atrosanguineum',Elepidote Rhododendron Cultivar,,Ericaceae,Rhododendron,Shrub,9.8,Arnold Arboretum living collection (Arboretum Explorer)
Rhododendron 'Aurora',Knap Hill hybrid azalea,,Ericaceae,Rhododendron,Shrub,,Arnold Arboretum living collection (Arboretum Explorer)
Rhododendron 'Balta',Lepidote Rhododendron Cultivar,|Rhododendron 'PJM White No. 1'|,Ericaceae,Rhododendron,Shrub,,Arnold Arboretum living collection (Arboretum Explorer)
Rhododendron 'Balzac',Cultivar of Azalea,,Ericaceae,Rhododendron,Shrub,,Arnold Arboretum living collection (Arboretum Explorer)
Rhododendron 'Beaufort',Elepidote Rhododendron,,Ericaceae,Rhododendron,Shrub,8.5,Arnold Arboretum living collection (Arboretum Explorer)
Rhododendron 'Beaulieu',Knap Hill hybrid azalea,,Ericaceae,Rhododendron,Shrub,,Arnold Arboretum living collection (Arboretum Explorer)
Rhododendron 'Bella',Elepidote Rhododendron,,Ericaceae,Rhododendron,Shrub,5.9,Arnold Arboretum living collection (Arboretum Explorer)
Rhododendron 'Ben Moseley',Elepidote Rhododendron,,Ericaceae,Rhododendron,Shrub,,Arnold Arboretum living collection (Arboretum Explorer)
Rhododendron 'Bicolor',Elepidote Rhododendron,,Ericaceae,Rhododendron,Shrub,9.2,Arnold Arboretum living collection (Arboretum Explorer)
Rhododendron 'Blue Baron',Cultivar of Rhododendron,,Ericaceae,Rhododendron,Shrub,,Arnold Arboretum living collection (Arboretum Explorer)
Rhododendron 'Blue Ensign',Cultivar of Rhododendron,,Ericaceae,Rhododendron,Shrub,,Arnold Arboretum living collection (Arboretum Explorer)
Rhododendron 'Blue Peter',Elepidote Rhododendron,,Ericaceae,Rhododendron,Shrub,6.9,Arnold Arboretum living collection (Arboretum Explorer)
Rhododendron 'Boule de Neige',Elepidote Rhododendron,,Ericaceae,Rhododendron,Shrub,6.2,Arnold Arboretum living collection (Arboretum Explorer)
Rhododendron 'Boule de Rose',,,Ericaceae,Rhododendron,,,Arnold Arboretum living collection (Arboretum Explorer)
Rhododendron 'Bow Bells' x degronianum ssp. yakushimanum,Hybrid of Elepidote Rhododendron,,Ericaceae,Rhododendron,Shrub,3.6,Arnold Arboretum living collection (Arboretum Explorer)
Rhododendron 'Brazil',Knap Hill Azalea,,Ericaceae,Rhododendron,Shrub,7.2,Arnold Arboretum living collection (Arboretum Explorer)
Rhododendron 'Bronze Unique',Ghent Azalea,,Ericaceae,Rhododendron,Shrub,5.9,Arnold Arboretum living collection (Arboretum Explorer)
Rhododendron 'Brookville',Elepidote Rhododendron,,Ericaceae,Rhododendron,Shrub,7.9,Arnold Arboretum living collection (Arboretum Explorer)
Rhododendron 'Brown Eyes',Elepidote Rhododendron,|Rhododendron 'Bosley Dexter 1052a'|,Ericaceae,Rhododendron,Shrub,14.8,Arnold Arboretum living collection (Arboretum Explorer)
Rhododendron 'Bryantville',Cultivar of Rhododendron,|Rhododendron 'Brown #70'|,Ericaceae,Rhododendron,Shrub,,Arnold Arboretum living collection (Arboretum Explorer)
Rhododendron 'Cadis',Elepidote Rhododendron,,Ericaceae,Rhododendron,Shrub,10.2,Arnold Arboretum living collection (Arboretum Explorer)
Rhododendron 'Candidissimum',Cultivar of Rhododendron,,Ericaceae,Rhododendron,Shrub,3.0,Arnold Arboretum living collection (Arboretum Explorer)
Rhododendron 'Caractacus',Elepidote Rhododendron,,Ericaceae,Rhododendron,Shrub,5.0,Arnold Arboretum living collection (Arboretum Explorer)
Rhododendron 'Caroline',Elepidote Rhododendron,,Ericaceae,Rhododendron,Shrub,10.5,Arnold Arboretum living collection (Arboretum Explorer)
Rhododendron 'Caronella',Cultivar of Elepidote Rhododendron,|Rhododendron 'Shrimp Pink No. 1'|,Ericaceae,Rhododendron,Shrub,6.6,Arnold Arboretum living collection (Arboretum Explorer)
Rhododendron 'Catalgla',Elepidote Rhododendron,,Ericaceae,Rhododendron,Shrub,,Arnold Arboretum living collection (Arboretum Explorer)
Rhododendron 'Catalode',Elepidote Rhododendron,|Rhododendron 'County of York'|,Ericaceae,Rhododendron,Shrub,13.1,Arnold Arboretum living collection (Arboretum Explorer)
Rhododendron 'Catawbiense Album',Elepidote Rhododendron Cultivar,|Rhododendron catawbiense forma album|,Ericaceae,Rhododendron,Shrub,16.4,Arnold Arboretum living collection (Arboretum Explorer)
Rhododendron 'Catawbiense Boursault',Elepidote Rhododendron,|Rhododendron 'Boursault'|,Ericaceae,Rhododendron,Shrub,14.8,Arnold Arboretum living collection (Arboretum Explorer)
Rhododendron 'Charles Bagley',Elepidote Rhododendron,,Ericaceae,Rhododendron,Shrub,13.1,Arnold Arboretum living collection (Arboretum Explorer)
Rhododendron 'Charles Dickens',Elepidote Rhododendron,,Ericaceae,Rhododendron,Shrub,6.9,Arnold Arboretum living collection (Arboretum Explorer)
Rhododendron 'Chatham',Elepidote Rhododendron,|Rhododendron 'Dexter #23'|,Ericaceae,Rhododendron,Shrub,,Arnold Arboretum living collection (Arboretum Explorer)
Rhododendron 'Cheer',Elepidote Rhododendron,,Ericaceae,Rhododendron,Shrub,5.0,Arnold Arboretum living collection (Arboretum Explorer)
Rhododendron 'Cherry Vanilla',,,Ericaceae,Rhododendron,,,Arnold Arboretum living collection (Arboretum Explorer)
Rhododendron 'Chinyeyi' x nakaharae,Cultivar of Rhododendron,,Ericaceae,Rhododendron,Shrub,,Arnold Arboretum living collection (Arboretum Explorer)
Rhododendron 'Chionoides',Elepidote Rhododendron,|Rhododendron 'Chinoides'|Rhododendron 'Chianoides'|,Ericaceae,Rhododendron,Shrub,3.9,Arnold Arboretum living collection (Arboretum Explorer)
Rhododendron 'Christmas Cheer',Elepidote Rhododendron,,Ericaceae,Rhododendron,Shrub,,Arnold Arboretum living collection (Arboretum Explorer)
Rhododendron 'Conemaugh',Lepidote Rhododendron,,Ericaceae,Rhododendron,Shrub,6.2,Arnold Arboretum living collection (Arboretum Explorer)
Rhododendron 'Coral Velvet',Elepidote Rhododendron,,Ericaceae,Rhododendron,Shrub,,Arnold Arboretum living collection (Arboretum Explorer)
Rhododendron 'Coriaceum',Elepidote Rhododendron,,Ericaceae,Rhododendron,Shrub,15.4,Arnold Arboretum living collection (Arboretum Explorer)
Rhododendron 'Corringe',Knap Hill hybrid azalea,,Ericaceae,Rhododendron,Shrub,,Arnold Arboretum living collection (Arboretum Explorer)
Rhododendron 'Crete',Cultivar of Elepidote Rhododendron,|Rhododendron yakushimanum ssp. yakushimanum 'Crete'|,Ericaceae,Rhododendron,Shrub,,Arnold Arboretum living collection (Arboretum Explorer)
Rhododendron 'Cunningham's White',Elepidote Rhododendron,|Rhododendron 'Coelestinum'|,Ericaceae,Rhododendron,Shrub,,Arnold Arboretum living collection (Arboretum Explorer)
Rhododendron 'Cynthia',Elepidote Rhododendron,|Rhododendron 'Lord Palmerston'|Rhododendron 'Mirabile'|,Ericaceae,Rhododendron,Shrub,7.2,Arnold Arboretum living collection (Arboretum Explorer)
Rhododendron 'Daphnoides',Cultivar of Rhododendron,,Ericaceae,Rhododendron,Shrub,,Arnold Arboretum living collection (Arboretum Explorer)
Rhododendron 'Debutante',Knap Hill hybrid azalea,,Ericaceae,Rhododendron,Shrub,,Arnold Arboretum living collection (Arboretum Explorer)
Rhododendron 'Delaware Valley White',Cultivar of Rhododendron,,Ericaceae,Rhododendron,Shrub,,Arnold Arboretum living collection (Arboretum Explorer)
Rhododendron 'Delicatissimum',Elepidote Rhododendron,,Ericaceae,Rhododendron,Shrub,7.5,Arnold Arboretum living collection (Arboretum Explorer)
Rhododendron 'Dexter's Amethyst',Elepidote Rhododendron Cultivar,|Rhododendron 'Amethyst'|,Ericaceae,Rhododendron,Shrub,4.9,Arnold Arboretum living collection (Arboretum Explorer)
Rhododendron 'Dexter's Orchid',Elepidote Rhododendron,|Rhododendron 'Dexter Orchid'|Rhododendron 'Everitt #1a'|,Ericaceae,Rhododendron,Shrub,7.5,Arnold Arboretum living collection (Arboretum Explorer)
Rhododendron 'Dexter's Purple',Elepidote Rhododendron,|Rhododendron 'Dexter Purple'|Rhododendron 'NY #6'|,Ericaceae,Rhododendron,Shrub,,Arnold Arboretum living collection (Arboretum Explorer)
Rhododendron 'Dexter's Victoria',Elepidote Rhododendron,,Ericaceae,Rhododendron,Shrub,,Arnold Arboretum living collection (Arboretum Explorer)
Rhododendron 'Disca',Cultivar of Rhododendron,,Ericaceae,Rhododendron,Shrub,4.7,Arnold Arboretum living collection (Arboretum Explorer)
Rhododendron 'Doctor H.C. Dresselhuys',Elepidote Rhododendron,,Ericaceae,Rhododendron,Shrub,,Arnold Arboretum living collection (Arboretum Explorer)
Rhododendron 'Doctor V.H. Rutgers',Elepidote Rhododendron,,Ericaceae,Rhododendron,Shrub,10.8,Arnold Arboretum living collection (Arboretum Explorer)
Rhododendron 'Dora Amateis',Lepidote Rhododendron,,Ericaceae,Rhododendron,Shrub,,Arnold Arboretum living collection (Arboretum Explorer)
Rhododendron 'Dorothy Russell',Elepidote Rhododendron,,Ericaceae,Rhododendron,Shrub,6.9,Arnold Arboretum living collection (Arboretum Explorer)
Rhododendron 'Duke of York',Elepidote Rhododendron,,Ericaceae,Rhododendron,Shrub,,Arnold Arboretum living collection (Arboretum Explorer)
Rhododendron 'Early Dawn',Cultivar of Azalea,,Ericaceae,Rhododendron,Shrub,,Arnold Arboretum living collection (Arboretum Explorer)
Rhododendron 'Echse I',Elepidote Rhododendron,|Rhododendron 'Echse'|,Ericaceae,Rhododendron,Shrub,4.6,Arnold Arboretum living collection (Arboretum Explorer)
Rhododendron 'Edward S. Rand',Elepidote Rhododendron,|Rhododendron 'E.S. Rand'|,Ericaceae,Rhododendron,Shrub,,Arnold Arboretum living collection (Arboretum Explorer)
Rhododendron 'Eisenhower',Knap Hill hybrid azalea,,Ericaceae,Rhododendron,Shrub,,Arnold Arboretum living collection (Arboretum Explorer)
Rhododendron 'Elie',Cultivar of Rhododendron,,Ericaceae,Rhododendron,Shrub,,Arnold Arboretum living collection (Arboretum Explorer)
Rhododendron 'Emasculum',Lepidote Rhododendron,,Ericaceae,Rhododendron,Shrub,,Arnold Arboretum living collection (Arboretum Explorer)
Rhododendron 'Embley Crimson',Knap Hill Azalea,,Ericaceae,Rhododendron,Shrub,13.8,Arnold Arboretum living collection (Arboretum Explorer)
Rhododendron 'English Roseum',Elepidote Rhododendron,|Rhododendron 'Roseum Pink'|,Ericaceae,Rhododendron,Shrub,13.8,Arnold Arboretum living collection (Arboretum Explorer)
Rhododendron 'Eva I',Elepidote Rhododendron,,Ericaceae,Rhododendron,Shrub,,Arnold Arboretum living collection (Arboretum Explorer)
Rhododendron 'Everchoice',Elepidote Rhododendron,|Rhododendron 'Everitt #15'|,Ericaceae,Rhododendron,Shrub,7.5,Arnold Arboretum living collection (Arboretum Explorer)
Rhododendron 'Everitt's Hardy Mauve',Elepidote Rhododendron,|Rhododendron 'Everitt #17'|,Ericaceae,Rhododendron,Shrub,7.9,Arnold Arboretum living collection (Arboretum Explorer)
Rhododendron 'Fastuosum Flore Pleno',Elepidote Rhododendron,|Rhododendron 'Fastuosum Plenum'|,Ericaceae,Rhododendron,Shrub,,Arnold Arboretum living collection (Arboretum Explorer)
Rhododendron 'Favorite',Cultivar of Azalea,,Ericaceae,Rhododendron,Shrub,6.6,Arnold Arboretum living collection (Arboretum Explorer)
Rhododendron 'Fee',Cultivar of Rhododendron,,Ericaceae,Rhododendron,Shrub,,Arnold Arboretum living collection (Arboretum Explorer)
Rhododendron 'Francesca',Elepidote Rhododendron,|Rhododendron 'Angelo's Red'|,Ericaceae,Rhododendron,Shrub,9.2,Arnold Arboretum living collection (Arboretum Explorer)
Rhododendron 'Freckles',,,Ericaceae,Rhododendron,,,Arnold Arboretum living collection (Arboretum Explorer)
Rhododendron 'Fundy',Elepidote Rhododendron,|Rhododendron 'Evangeline'|,Ericaceae,Rhododendron,Shrub,9.8,Arnold Arboretum living collection (Arboretum Explorer)
Rhododendron 'Gallipoli',Deciduous Azalea,,Ericaceae,Rhododendron,Shrub,9.2,Arnold Arboretum living collection (Arboretum Explorer)
Rhododendron 'Geisha',Glenn Dale hybrid azalea,,Ericaceae,Rhododendron,Shrub,,Arnold Arboretum living collection (Arboretum Explorer)
Rhododendron 'General Trauff',Cultivar of Azalea,,Ericaceae,Rhododendron,Shrub,,Arnold Arboretum living collection (Arboretum Explorer)
Rhododendron 'Gigi',Cultivar of Rhododendron,,Ericaceae,Rhododendron,,,Arnold Arboretum living collection (Arboretum Explorer)
Rhododendron 'Ginger',Knap Hill hybrid azalea,,Ericaceae,Rhododendron,Shrub,,Arnold Arboretum living collection (Arboretum Explorer)
Rhododendron 'Gog',Deciduous Azalea,|Rhododendron 'Snap Hill Gog'|,Ericaceae,Rhododendron,Shrub,6.9,Arnold Arboretum living collection (Arboretum Explorer)
Rhododendron 'Golden Horn',Knap Hill hybrid azalea,,Ericaceae,Rhododendron,Shrub,,Arnold Arboretum living collection (Arboretum Explorer)
Rhododendron 'Golden Sunset',Knap Hill hybrid azalea,,Ericaceae,Rhododendron,Shrub,,Arnold Arboretum living collection (Arboretum Explorer)
Rhododendron 'Goldfort' (Goldfort Group),Elepidote Rhododendron,,Ericaceae,Rhododendron,Shrub,9.8,Arnold Arboretum living collection (Arboretum Explorer)
Rhododendron 'Goldsworth Yellow',Cultivar of Rhododendron,,Ericaceae,Rhododendron,Shrub,,Arnold Arboretum living collection (Arboretum Explorer)
Rhododendron 'Gomer Waterer',Elepidote Rhododendron,,Ericaceae,Rhododendron,Shrub,,Arnold Arboretum living collection (Arboretum Explorer)
Rhododendron 'Greeting',Glenn Dale hybrid azalea,,Ericaceae,Rhododendron,Shrub,,Arnold Arboretum living collection (Arboretum Explorer)
Rhododendron 'H. W. Sargent',Cultivar of Rhododendron,,Ericaceae,Rhododendron,Shrub,,Arnold Arboretum living collection (Arboretum Explorer)
Rhododendron 'Hanna Felix',Cultivar of Rhododendron,,Ericaceae,Rhododendron,Shrub,,Arnold Arboretum living collection (Arboretum Explorer)
Rhododendron 'Henriette Sargent',Cultivar of Rhododendron,|Rhododendron 'Henrietta Sargent'|,Ericaceae,Rhododendron,Shrub,,Arnold Arboretum living collection (Arboretum Explorer)
Rhododendron 'Henry's Red',Elepidote Rhododendron,,Ericaceae,Rhododendron,Shrub,4.3,Arnold Arboretum living collection (Arboretum Explorer)
Rhododendron 'Hino-crimson',Kurume hybrid azalea,,Ericaceae,Rhododendron,Shrub,,Arnold Arboretum living collection (Arboretum Explorer)
Rhododendron 'Holden',Elepidote Rhododendron,,Ericaceae,Rhododendron,Shrub,,Arnold Arboretum living collection (Arboretum Explorer)
Rhododendron 'Hotline',North Tisbury hybrid azalea,,Ericaceae,Rhododendron,Shrub,,Arnold Arboretum living collection (Arboretum Explorer)
Rhododendron 'Hotspur',Knap Hill Hybrid azalea,,Ericaceae,Rhododendron,Shrub,,Arnold Arboretum living collection (Arboretum Explorer)
Rhododendron 'Ilam Copper Cloud',Ilam Hybrid Azalea (subgroup),|Rhododendron 'Copper Cloud'|,Ericaceae,Rhododendron,Shrub,,Arnold Arboretum living collection (Arboretum Explorer)
Rhododendron 'Improved America',Cultivar of Rhododendron,,Ericaceae,Rhododendron,Shrub,,Arnold Arboretum living collection (Arboretum Explorer)
Rhododendron 'Independence Day',Elepidote Rhododendron,,Ericaceae,Rhododendron,Shrub,,Arnold Arboretum living collection (Arboretum Explorer)
Rhododendron 'J. J. Jennings',Knap Hill hybrid azalea,,Ericaceae,Rhododendron,Shrub,,Arnold Arboretum living collection (Arboretum Explorer)
Rhododendron 'James Bateman',Cultivar of Rhododendron,,Ericaceae,Rhododendron,Shrub,,Arnold Arboretum living collection (Arboretum Explorer)
Rhododendron 'Janet Blair',Elepidote Rhododendron,|Rhododendron 'John Wister'|Rhododendron 'Dexter #201'|,Ericaceae,Rhododendron,Shrub,6.6,Arnold Arboretum living collection (Arboretum Explorer)
Rhododendron 'Janet Blair' x ('Golden Star' x 'Mary Belle'),,,Ericaceae,Rhododendron,Shrub,1.6,Arnold Arboretum living collection (Arboretum Explorer)
Rhododendron 'Karens',Cultivar of Azalea,|Rhododendron 'Karen'|,Ericaceae,Rhododendron,Shrub,,Arnold Arboretum living collection (Arboretum Explorer)
Rhododendron 'Katherine Dalton',Elepidote Rhododendron,,Ericaceae,Rhododendron,Shrub,10.2,Arnold Arboretum living collection (Arboretum Explorer)
Rhododendron 'Katherine Slater',Cultivar of Rhododendron,,Ericaceae,Rhododendron,Shrub,,Arnold Arboretum living collection (Arboretum Explorer)
Rhododendron 'Kelley',,,Ericaceae,Rhododendron,,,Arnold Arboretum living collection (Arboretum Explorer)
Rhododendron 'King Tut',Elepidote Rhododendron,,Ericaceae,Rhododendron,Shrub,7.5,Arnold Arboretum living collection (Arboretum Explorer)
Rhododendron 'Klondyke',Knap Hill hybrid azalea,,Ericaceae,Rhododendron,Shrub,,Arnold Arboretum living collection (Arboretum Explorer)
Rhododendron 'Knighthood',Knap Hill hybrid azalea,,Ericaceae,Rhododendron,Shrub,,Arnold Arboretum living collection (Arboretum Explorer)
Rhododendron 'Lady Armstrong',Elepidote Rhododendron,,Ericaceae,Rhododendron,Shrub,,Arnold Arboretum living collection (Arboretum Explorer)
Rhododendron 'Lady Clementine Mitford',Cultivar of Rhododendron,,Ericaceae,Rhododendron,,,Arnold Arboretum living collection (Arboretum Explorer)
Rhododendron 'Lady Grey Egerton',Elepidote Rhododendron,,Ericaceae,Rhododendron,Shrub,7.5,Arnold Arboretum living collection (Arboretum Explorer)
Rhododendron 'Lady Rosebery',Knap Hill Azalea,|Rhododendron 'Lady Roseberry'|,Ericaceae,Rhododendron,Shrub,8.2,Arnold Arboretum living collection (Arboretum Explorer)
Rhododendron 'Landmark',Lepidote Rhododendron,,Ericaceae,Rhododendron,Shrub,3.6,Arnold Arboretum living collection (Arboretum Explorer)
Rhododendron 'Lee's Best Purple',Elepidote Rhododendron,,Ericaceae,Rhododendron,Shrub,11.2,Arnold Arboretum living collection (Arboretum Explorer)
Rhododendron 'Lee's Dark Purple',Elepidote Rhododendron,|Rhododendron 'Lee's Purple'|,Ericaceae,Rhododendron,Shrub,6.6,Arnold Arboretum living collection (Arboretum Explorer)
Rhododendron 'Llenroc',Lepidote Rhododendron,|Rhododendron 'Shrimp Pink No. 3'|,Ericaceae,Rhododendron,Shrub,4.9,Arnold Arboretum living collection (Arboretum Explorer)
Rhododendron 'Louise Gable',Gable hybrid azalea,,Ericaceae,Rhododendron,Shrub,,Arnold Arboretum living collection (Arboretum Explorer)
Rhododendron 'Luciferum',Cultivar of Rhododendron,,Ericaceae,Rhododendron,Shrub,,Arnold Arboretum living collection (Arboretum Explorer)
Rhododendron 'Madame Carvalho',Elepidoate Rhododendron,|Rhododendron 'Madame Miolan Carvalho'|,Ericaceae,Rhododendron,Shrub,,Arnold Arboretum living collection (Arboretum Explorer)
Rhododendron 'Madame de Bruin',Elepidote Rhododendron,,Ericaceae,Rhododendron,Shrub,7.9,Arnold Arboretum living collection (Arboretum Explorer)
Rhododendron 'Marchioness of Landsdowne',,,Ericaceae,Rhododendron,,,Arnold Arboretum living collection (Arboretum Explorer)
Rhododendron 'Meadowbrook',Elepidote Rhododendron,,Ericaceae,Rhododendron,Shrub,7.9,Arnold Arboretum living collection (Arboretum Explorer)
Rhododendron 'Mello-Glo',Arnold hybrid azalea,,Ericaceae,Rhododendron,Shrub,6.2,Arnold Arboretum living collection (Arboretum Explorer)
Rhododendron 'Melton',Cultivar of Rhododendron,,Ericaceae,Rhododendron,Shrub,7.2,Arnold Arboretum living collection (Arboretum Explorer)
Rhododendron 'Minnie',Elepidote Rhododendron,,Ericaceae,Rhododendron,Shrub,7.9,Arnold Arboretum living collection (Arboretum Explorer)
Rhododendron 'Mist Maiden',Cultivar of Elepidote Rhododendron,|Rhododendron yakushimanum ssp. yakushimanum 'Mist Maiden'|,Ericaceae,Rhododendron,Shrub,9.8,Arnold Arboretum living collection (Arboretum Explorer)
Rhododendron 'Molly Fordham',Lepidote Rhododendron,|Rhododendron 'White P.J.M.'|,Ericaceae,Rhododendron,Shrub,3.6,Arnold Arboretum living collection (Arboretum Explorer)
Rhododendron 'Mother's Day',Cultivar of Azalea,|Rhododendron 'Muttertag'|Rhododendron 'Moederkesdag'|,Ericaceae,Rhododendron,Shrub,,Arnold Arboretum living collection (Arboretum Explorer)
Rhododendron 'Mrs A.T. de la Mare',Elepidote Rhododendron,,Ericaceae,Rhododendron,Shrub,,Arnold Arboretum living collection (Arboretum Explorer)
Rhododendron 'Mrs Charles S. Sargent',Elepidote Rhododendron,|Rhododendron 'Mrs C.S. Sargent'|Rhododendron 'Prof. C.S. Sargent'|,Ericaceae,Rhododendron,Shrub,7.9,Arnold Arboretum living collection (Arboretum Explorer)
Rhododendron 'Mrs Harry Ingersoll',Cultivar of Rhododendron,,Ericaceae,Rhododendron,Shrub,6.6,Arnold Arboretum living collection (Arboretum Explorer)
Rhododendron 'Mrs P. den Ouden',Elepidote Rhododendron,,Ericaceae,Rhododendron,Shrub,,Arnold Arboretum living collection (Arboretum Explorer)
Rhododendron 'Mrs P.D. Williams',Elepidote Rhododendron,,Ericaceae,Rhododendron,Shrub,6.6,Arnold Arboretum living collection (Arboretum Explorer)
Rhododendron 'Mrs S. Sargent' x 'George Fraser',,,Ericaceae,Rhododendron,Shrub,7.5,Arnold Arboretum living collection (Arboretum Explorer)
Rhododendron 'Mrs W.R. Coe',Elepidote Rhododendron,,Ericaceae,Rhododendron,Shrub,,Arnold Arboretum living collection (Arboretum Explorer)
Rhododendron 'Nancy Waterer',Ghent Azalea,|Rhododendron 'Lady Pigott'|Rhododendron 'Lady Pygot'|,Ericaceae,Rhododendron,Shrub,9.8,Arnold Arboretum living collection (Arboretum Explorer)
Rhododendron 'Nancy Waterer' (sport),Ghent Azalea,,Ericaceae,Rhododendron,Shrub,7.5,Arnold Arboretum living collection (Arboretum Explorer)
Rhododendron 'Obtusum Arnoldianum',Arnold Azalea,|Rhododendron obtusum var. arnoldianum|,Ericaceae,Rhododendron,Shrub,9.8,Arnold Arboretum living collection (Arboretum Explorer)
Rhododendron 'Old Port',Elepidote Rhododendron,,Ericaceae,Rhododendron,Shrub,10.5,Arnold Arboretum living collection (Arboretum Explorer)
Rhododendron 'Olga Mezitt',Lepidote Rhododendron,|Rhododendron 'Olga'|,Ericaceae,Rhododendron,Shrub,5.2,Arnold Arboretum living collection (Arboretum Explorer)
Rhododendron 'Orient',Knap Hill hybrid azalea,,Ericaceae,Rhododendron,Shrub,1.3,Arnold Arboretum living collection (Arboretum Explorer)
Rhododendron 'Othello',Kaempferi hybrid azalea,,Ericaceae,Rhododendron,Shrub,,Arnold Arboretum living collection (Arboretum Explorer)
Rhododendron 'Our Best' x 'America',Cultivar of Rhododendron,,Ericaceae,Rhododendron,Shrub,10.5,Arnold Arboretum living collection (Arboretum Explorer)
Rhododendron 'Parsons' Gloriosum',Elepidote Rhododendron,,Ericaceae,Rhododendron,Shrub,14.8,Arnold Arboretum living collection (Arboretum Explorer)
Rhododendron 'Parsons' Grandiflorum',Elepidote Rhododendron,,Ericaceae,Rhododendron,Shrub,11.5,Arnold Arboretum living collection (Arboretum Explorer)
Rhododendron 'Pink Parasol',Cultivar of Elepidote Rhododendron,|Rhododendron yakushimanum ssp. yakushimanum 'Pink Parasol'|,Ericaceae,Rhododendron,Shrub,,Arnold Arboretum living collection (Arboretum Explorer)
Rhododendron 'Pioneer',Cultivar of Rhododendron,|Rhododendron 'Gable's Pioneer'|,Ericaceae,Rhododendron,Shrub,,Arnold Arboretum living collection (Arboretum Explorer)
Rhododendron 'Polar Bear',Beltsville hybrid azalea,,Ericaceae,Rhododendron,Shrub,,Arnold Arboretum living collection (Arboretum Explorer)
Rhododendron 'President Lincoln',Elepidote Rhododendron,|Rhododendron 'Herbert Parsons'|Rhododendron 'Betsy Parsons'|Rhododendron 'Bertha Parsons'|Rhododendron 'Bertie Parsons'|,Ericaceae,Rhododendron,Shrub,5.6,Arnold Arboretum living collection (Arboretum Explorer)
Rhododendron 'Prize',Cultivar of Rhododendron,,Ericaceae,Rhododendron,Shrub,,Arnold Arboretum living collection (Arboretum Explorer)
Rhododendron 'Prometheus',Elepidote Rhododendron,,Ericaceae,Rhododendron,Shrub,,Arnold Arboretum living collection (Arboretum Explorer)
Rhododendron 'Purest',Cultivar of Rhododendron,,Ericaceae,Rhododendron,Shrub,,Arnold Arboretum living collection (Arboretum Explorer)
Rhododendron 'Purpureum Crispum',Elepidote Rhododendron,,Ericaceae,Rhododendron,Shrub,16.4,Arnold Arboretum living collection (Arboretum Explorer)
Rhododendron 'Purpureum Elegans',Elepidote Rhododendron,,Ericaceae,Rhododendron,Shrub,14.8,Arnold Arboretum living collection (Arboretum Explorer)
Rhododendron 'Purpureum Grandiflorum',Elepidote Rhododendron,,Ericaceae,Rhododendron,Shrub,10.5,Arnold Arboretum living collection (Arboretum Explorer)
Rhododendron 'Ramapo',Cultivar of Lepidote Rhododendron,,Ericaceae,Rhododendron,Shrub,1.6,Arnold Arboretum living collection (Arboretum Explorer)
Rhododendron 'Red Head',Elepidote Rhododendron,,Ericaceae,Rhododendron,Shrub,,Arnold Arboretum living collection (Arboretum Explorer)
Rhododendron 'Robert Allison',Cultivar of Rhododendron,,Ericaceae,Rhododendron,Shrub,,Arnold Arboretum living collection (Arboretum Explorer)
Rhododendron 'Robert Stuart',Lepidote Rhododendron,|Rhododendron 'Bob Stuart'|,Ericaceae,Rhododendron,Shrub,3.3,Arnold Arboretum living collection (Arboretum Explorer)
Rhododendron 'Roseum Superbum',Elepidote Rhododendron,,Ericaceae,Rhododendron,Shrub,14.8,Arnold Arboretum living collection (Arboretum Explorer)
Rhododendron 'Roslyn',Elepidote Rhododendron,,Ericaceae,Rhododendron,Shrub,3.3,Arnold Arboretum living collection (Arboretum Explorer)
Rhododendron 'Russell Harmon',Elepidote Rhododendron,,Ericaceae,Rhododendron,Shrub,9.5,Arnold Arboretum living collection (Arboretum Explorer)
Rhododendron 'Sagamore Bayside',Elepidote Rhododendron,|Rhododendron 'Dexter #16'|,Ericaceae,Rhododendron,Shrub,,Arnold Arboretum living collection (Arboretum Explorer)
Rhododendron 'Salmon Bamboo',,,Ericaceae,Rhododendron,,1.8,Arnold Arboretum living collection (Arboretum Explorer)
Rhododendron 'Salute',Elepidote Rhododendron,,Ericaceae,Rhododendron,Shrub,,Arnold Arboretum living collection (Arboretum Explorer)
Rhododendron 'Scintillation',Elepidote Rhododendron,,Ericaceae,Rhododendron,Shrub,11.8,Arnold Arboretum living collection (Arboretum Explorer)
Rhododendron 'Scintillation' x Rh. ('Golden Star' x 'Mary Belle'),,,Ericaceae,Rhododendron,Shrub,2.3,Arnold Arboretum living collection (Arboretum Explorer)
Rhododendron 'Scintillation' x Rhododendron 'Johnathan Shaw',,,Ericaceae,Rhododendron,Shrub,1.6,Arnold Arboretum living collection (Arboretum Explorer)
Rhododendron 'Sekidera',Mucronatum hybrid azalea,|Rhododendron 'Murasaki-ryukyu'|,Ericaceae,Rhododendron,Shrub,5.2,Arnold Arboretum living collection (Arboretum Explorer)
Rhododendron 'Seville',Knap Hill hybrid azalea,,Ericaceae,Rhododendron,Shrub,,Arnold Arboretum living collection (Arboretum Explorer)
Rhododendron 'Shrimp Pink Hybrids',Cultivar of Rhododendron,,Ericaceae,Rhododendron,Shrub,6.6,Arnold Arboretum living collection (Arboretum Explorer)
Rhododendron 'Sir Charles Butler',Elepidote Rhododendron,|Rhododendron 'Mrs Charles Butler'|Rhododendron 'Mrs Butler'|,Ericaceae,Rhododendron,Shrub,7.9,Arnold Arboretum living collection (Arboretum Explorer)
Rhododendron 'Skyglow',Elepidote Rhododendron,|Rhododendron 'Dexter #9'|,Ericaceae,Rhododendron,Shrub,,Arnold Arboretum living collection (Arboretum Explorer)
Rhododendron 'Smoky Mountaineer',Cultivar of Azalea,,Ericaceae,Rhododendron,Shrub,8.5,Arnold Arboretum living collection (Arboretum Explorer)
Rhododendron 'Souvenir d'Anthony Waterer',Elepidote Rhododendron,,Ericaceae,Rhododendron,Shrub,9.2,Arnold Arboretum living collection (Arboretum Explorer)
Rhododendron 'Spring Glory',Elepidote Rhododendron,,Ericaceae,Rhododendron,Shrub,,Arnold Arboretum living collection (Arboretum Explorer)
Rhododendron 'Sultana',Cultivar of Rhododendron,,Ericaceae,Rhododendron,Shrub,7.2,Arnold Arboretum living collection (Arboretum Explorer)
Rhododendron 'Summer Rose',Cultivar of Rhododendron,,Ericaceae,Rhododendron,Shrub,,Arnold Arboretum living collection (Arboretum Explorer)
Rhododendron 'Susan Abbott',Cultivar of Azalea,,Ericaceae,Rhododendron,Shrub,,Arnold Arboretum living collection (Arboretum Explorer)
Rhododendron 'Sweet September',,,Ericaceae,Rhododendron,,,Arnold Arboretum living collection (Arboretum Explorer)
Rhododendron 'Sweet Simplicity',Elepidote Rhododendron,,Ericaceae,Rhododendron,Shrub,,Arnold Arboretum living collection (Arboretum Explorer)
Rhododendron 'The Virgin',Cultivar of Rhododendron,,Ericaceae,Rhododendron,Shrub,,Arnold Arboretum living collection (Arboretum Explorer)
Rhododendron 'Todmorden',Dexter Hybrid,,Ericaceae,Rhododendron,Shrub,,Arnold Arboretum living collection (Arboretum Explorer)
Rhododendron 'Tom Everett',Elepidote Rhododendron,|Rhododendron 'Tom Everitt'|Rhododendron 'NY #4'|,Ericaceae,Rhododendron,Shrub,10.8,Arnold Arboretum living collection (Arboretum Explorer)
Rhododendron 'Toucan',Knap Hill Azalea,,Ericaceae,Rhododendron,Shrub,14.1,Arnold Arboretum living collection (Arboretum Explorer)
Rhododendron 'Tripoli',,,Ericaceae,Rhododendron,Shrub,3.5,Arnold Arboretum living collection (Arboretum Explorer)
Rhododendron 'Vallya',Lepidote Rhododendron,|Rhododendron 'Wally'|Rhododendron 'Shrimp Pink No. 2'|,Ericaceae,Rhododendron,Shrub,7.5,Arnold Arboretum living collection (Arboretum Explorer)
Rhododendron 'Viola',Elepidote Rhododendron,,Ericaceae,Rhododendron,Shrub,9.8,Arnold Arboretum living collection (Arboretum Explorer)
Rhododendron 'Wakaebisu',Satsuki Hybrid Azalea,,Ericaceae,Rhododendron,Shrub,,Arnold Arboretum living collection (Arboretum Explorer)
Rhododendron 'Waltham',Cultivar of Lepidote Rhododendron,,Ericaceae,Rhododendron,Shrub,3.0,Arnold Arboretum living collection (Arboretum Explorer)
Rhododendron 'Wareham',Cultivar of Rhododendron,,Ericaceae,Rhododendron,,,Arnold Arboretum living collection (Arboretum Explorer)
Rhododendron 'Watermelon',Pride hybrid azalea,,Ericaceae,Rhododendron,Shrub,,Arnold Arboretum living collection (Arboretum Explorer)
Rhododendron 'Westbury',Elepidote Rhododendron,|Rhododendron 'H. Phipps #3'|,Ericaceae,Rhododendron,Shrub,5.6,Arnold Arboretum living collection (Arboretum Explorer)
Rhododendron 'Weston',Elepidote Rhododendron,,Ericaceae,Rhododendron,Shrub,8.2,Arnold Arboretum living collection (Arboretum Explorer)
Rhododendron 'Weston's Crescendo',Lepidote Rhododendron,,Ericaceae,Rhododendron,Shrub,,Arnold Arboretum living collection (Arboretum Explorer)
Rhododendron 'Weston's Pink Diamond',Cultivar of Rhododendron,,Ericaceae,Rhododendron,Shrub,,Arnold Arboretum living collection (Arboretum Explorer)
Rhododendron 'Wheatley',Elepidote Rhododendron,,Ericaceae,Rhododendron,Shrub,7.9,Arnold Arboretum living collection (Arboretum Explorer)
Rhododendron 'White Gem',Cultivar of Rhododendron,,Ericaceae,Rhododendron,Shrub,16.4,Arnold Arboretum living collection (Arboretum Explorer)
Rhododendron 'White No. 18',Cultivar of Rhododendron,,Ericaceae,Rhododendron,Shrub,,Arnold Arboretum living collection (Arboretum Explorer)
Rhododendron 'White Swan',Knap Hill hybrid azalea,,Ericaceae,Rhododendron,Shrub,,Arnold Arboretum living collection (Arboretum Explorer)
Rhododendron 'Windbeam',Lepidote Rhododendron,,Ericaceae,Rhododendron,Shrub,5.2,Arnold Arboretum living collection (Arboretum Explorer)
Rhododendron 'Wyandanch Pink',Elepidote Rhododendron,|Rhododendron 'Wyandanch'|,Ericaceae,Rhododendron,Shrub,,Arnold Arboretum living collection (Arboretum Explorer)
Rhododendron 'Years of Peace',Cultivar of Rhododendron,|Rhododendron 'John Foster Dulles'|,Ericaceae,Rhododendron,Shrub,,Arnold Arboretum living collection (Arboretum Explorer)
Rhododendron 'Zanzibar',,,Ericaceae,Rhododendron,,,Arnold Arboretum living collection (Arboretum Explorer)
Rhododendron (bakeri x viscosum) x 'Consul Pecher',,,Ericaceae,Rhododendron,Shrub,9.8,Arnold Arboretum living collection (Arboretum Explorer)
Rhododendron (undetermined hybrid),,"|Rhododendron ""Lee's Purple"" (seedling #4)|",Ericaceae,Rhododendron,Shrub,10.5,Arnold Arboretum living collection (Arboretum Explorer)
Rhododendron aff. 'Vallya',,,Ericaceae,Rhododendron,Shrub,6.6,Arnold Arboretum living collection (Arboretum Explorer)
Rhododendron aff. vernicosum,,,Ericaceae,Rhododendron,Shrub,8.2,Arnold Arboretum living collection (Arboretum Explorer)
Rhododendron aff. viscosum,,,Ericaceae,Rhododendron,Shrub,2.4,Arnold Arboretum living collection (Arboretum Explorer)
Rhododendron albrechtii,Albrecht Azalea,,Ericaceae,Rhododendron,Shrub,,Arnold Arboretum living collection (Arboretum Explorer)
Rhododendron amagianum,,,Ericaceae,Rhododendron,Shrub,4.6,Arnold Arboretum living collection (Arboretum Explorer)
Rhododendron arborescens,Sweet Azalea,,Ericaceae,Rhododendron,Shrub,8.2,Arnold Arboretum living collection (Arboretum Explorer)
Rhododendron arborescens forma rubens,Form of Sweet Azalea,,Ericaceae,Rhododendron,Shrub,7.5,Arnold Arboretum living collection (Arboretum Explorer)
Rhododendron atlanticum,Coast Azalea,,Ericaceae,Rhododendron,Shrub,7.5,Arnold Arboretum living collection (Arboretum Explorer)
Rhododendron atlanticum Choptank River Strain,,,Ericaceae,Rhododendron,Shrub,6.6,Arnold Arboretum living collection (Arboretum Explorer)
Rhododendron atlanticum x calendulaceum,,,Ericaceae,Rhododendron,Shrub,,Arnold Arboretum living collection (Arboretum Explorer)
Rhododendron austrinum,,|Rhododendron roseum forma lutescens|,Ericaceae,Rhododendron,Shrub,7.2,Arnold Arboretum living collection (Arboretum Explorer)
Rhododendron austrinum 'Harrison Red',Deciduous Azalea,,Ericaceae,Rhododendron,Shrub,,Arnold Arboretum living collection (Arboretum Explorer)
Rhododendron brachycarpum,Fujiyama Rhododendron,,Ericaceae,Rhododendron,Shrub,5.6,Arnold Arboretum living collection (Arboretum Explorer)
Rhododendron brachycarpum ssp. brachycarpum,Fujiyama Rhododendron,|Rhododendron fauriei var. rufescens|,Ericaceae,Rhododendron,Shrub,,Arnold Arboretum living collection (Arboretum Explorer)
Rhododendron bureavioides,,,Ericaceae,Rhododendron,Shrub,,Arnold Arboretum living collection (Arboretum Explorer)
Rhododendron calendulaceum,Flame Azalea,,Ericaceae,Rhododendron,Shrub,13.5,Arnold Arboretum living collection (Arboretum Explorer)
Rhododendron calendulaceum forma aurantium,Orange Flame Azalea,,Ericaceae,Rhododendron,Shrub,9.8,Arnold Arboretum living collection (Arboretum Explorer)
Rhododendron calendulaceum forma croceum,Form of Flame Azalea,,Ericaceae,Rhododendron,Shrub,13.1,Arnold Arboretum living collection (Arboretum Explorer)
Rhododendron calendulaceum x austrinum,,,Ericaceae,Rhododendron,Shrub,,Arnold Arboretum living collection (Arboretum Explorer)
Rhododendron calendulaceum x molle,,,Ericaceae,Rhododendron,Shrub,8.2,Arnold Arboretum living collection (Arboretum Explorer)
Rhododendron canadense,Rhodora,,Ericaceae,Rhododendron,Shrub,,Arnold Arboretum living collection (Arboretum Explorer)
Rhododendron canescens,,|Rhododendron roseum|,Ericaceae,Rhododendron,Shrub,8.5,Arnold Arboretum living collection (Arboretum Explorer)
Rhododendron canescens 'Clyo Red',,,Ericaceae,Rhododendron,Shrub,,Arnold Arboretum living collection (Arboretum Explorer)
Rhododendron capitatum,,,Ericaceae,Rhododendron,Shrub,,Arnold Arboretum living collection (Arboretum Explorer)
Rhododendron carolinianum 'Compactum',Cultivar of Carolina Rhododendron,,Ericaceae,Rhododendron,Shrub,,Arnold Arboretum living collection (Arboretum Explorer)
Rhododendron carolinianum x mucronulatum,,,Ericaceae,Rhododendron,Shrub,7.2,Arnold Arboretum living collection (Arboretum Explorer)
Rhododendron carolinianum x mucronulatum 'Cornell Pink',,,Ericaceae,Rhododendron,Shrub,5.9,Arnold Arboretum living collection (Arboretum Explorer)
Rhododendron carolinianum x pubescens,,,Ericaceae,Rhododendron,Shrub,5.6,Arnold Arboretum living collection (Arboretum Explorer)
Rhododendron catawbiense,Catawba Rhododendron,,Ericaceae,Rhododendron,Shrub,5.6,Arnold Arboretum living collection (Arboretum Explorer)
Rhododendron catawbiense 'Grandiflorum',Cultivar of Rhododendron,|Rhododendron catawbiense var. grandiflorum|,Ericaceae,Rhododendron,Shrub,11.5,Arnold Arboretum living collection (Arboretum Explorer)
Rhododendron catawbiense (undetermined hybrid),Hybrid of Catawba Rhododendron,,Ericaceae,Rhododendron,Shrub,4.9,Arnold Arboretum living collection (Arboretum Explorer)
Rhododendron catawbiense forma compactum,Form of Catawba Rhododendron,,Ericaceae,Rhododendron,Shrub,6.6,Arnold Arboretum living collection (Arboretum Explorer)
Rhododendron catawbiense forma insularis,,,Ericaceae,Rhododendron,Shrub,7.2,Arnold Arboretum living collection (Arboretum Explorer)
Rhododendron caucasicum,Caucasian Rhododendron,,Ericaceae,Rhododendron,Shrub,,Arnold Arboretum living collection (Arboretum Explorer)
Rhododendron concinnum var. benthamianum,,,Ericaceae,Rhododendron,Shrub,1.6,Arnold Arboretum living collection (Arboretum Explorer)
Rhododendron dauricum,Dahurian Rhododendron,|Rhododendron dauricum var. sempervirens|,Ericaceae,Rhododendron,Shrub,7.5,Arnold Arboretum living collection (Arboretum Explorer)
Rhododendron decorum,,,Ericaceae,Rhododendron,Shrub,,Arnold Arboretum living collection (Arboretum Explorer)
Rhododendron degronianum ssp. heptamerum,Metternich Rhododendron,|Rhododendron metternichii|,Ericaceae,Rhododendron,Shrub,2.0,Arnold Arboretum living collection (Arboretum Explorer)
Rhododendron degronianum ssp. heptamerum (undetermined hybrid),,|Rhododendron metternichii (undetermined hybrid)|,Ericaceae,Rhododendron,Shrub,8.2,Arnold Arboretum living collection (Arboretum Explorer)
Rhododendron degronianum ssp. heptamerum var. hondoense,,|Rhododendron metternichii var. hondoense|,Ericaceae,Rhododendron,Shrub,4.9,Arnold Arboretum living collection (Arboretum Explorer)
Rhododendron degronianum ssp. yakushimanum,,|Rhododendron yakusimanum|,Ericaceae,Rhododendron,Shrub,3.9,Arnold Arboretum living collection (Arboretum Explorer)
Rhododendron dilatatum forma leucanthum,,,Ericaceae,Rhododendron,Shrub,6.6,Arnold Arboretum living collection (Arboretum Explorer)
Rhododendron discolor,Mandarin Rhododendron,,Ericaceae,Rhododendron,Shrub,,Arnold Arboretum living collection (Arboretum Explorer)
Rhododendron flammeum,,,Ericaceae,Rhododendron,Shrub,3.0,Arnold Arboretum living collection (Arboretum Explorer)
Rhododendron fortunei,Fortune's Rhododendron,,Ericaceae,Rhododendron,Shrub,5.2,Arnold Arboretum living collection (Arboretum Explorer)
"Rhododendron fortunei ""No. 14""",,,Ericaceae,Rhododendron,Shrub,6.6,Arnold Arboretum living collection (Arboretum Explorer)
Rhododendron fortunei (undetermined hybrid),Hybrid of Fortune's Rhododendron,,Ericaceae,Rhododendron,Shrub,11.5,Arnold Arboretum living collection (Arboretum Explorer)
Rhododendron hippophaeoides,,,Ericaceae,Rhododendron,Shrub,1.6,Arnold Arboretum living collection (Arboretum Explorer)
Rhododendron hyperythrum,,,Ericaceae,Rhododendron,Shrub,,Arnold Arboretum living collection (Arboretum Explorer)
Rhododendron japonicum 'Consul Pecher',Mollis hybrid azalea,,Ericaceae,Rhododendron,Shrub,,Arnold Arboretum living collection (Arboretum Explorer)
Rhododendron kaempferi,Torch Azalea,|Rhododendron obtusum var. kaempferi|,Ericaceae,Rhododendron,Shrub,13.8,Arnold Arboretum living collection (Arboretum Explorer)
Rhododendron kaempferi 'Brick Red',,,Ericaceae,Rhododendron,Shrub,,Arnold Arboretum living collection (Arboretum Explorer)
Rhododendron kaempferi x yedoense var. poukhanense,,|Rhododendron obtusum var. kaempferi x yedoense var. poukhanense|,Ericaceae,Rhododendron,Shrub,10.5,Arnold Arboretum living collection (Arboretum Explorer)
Rhododendron keiskei,Keisk Rhododendron,,Ericaceae,Rhododendron,Shrub,,Arnold Arboretum living collection (Arboretum Explorer)
Rhododendron keiskei x racemosum,,,Ericaceae,Rhododendron,Shrub,,Arnold Arboretum living collection (Arboretum Explorer)
Rhododendron kiusianum,,,Ericaceae,Rhododendron,Shrub,,Arnold Arboretum living collection (Arboretum Explorer)
Rhododendron kiusianum var. kiusianum,,,Ericaceae,Rhododendron,Shrub,,Arnold Arboretum living collection (Arboretum Explorer)
Rhododendron kiyosumense,,,Ericaceae,Rhododendron,Shrub,6.6,Arnold Arboretum living collection (Arboretum Explorer)
Rhododendron luteum,Pontic Azalea,|Rhododendron flavum|Azalea pontica|,Ericaceae,Rhododendron,Shrub,3.0,Arnold Arboretum living collection (Arboretum Explorer)
Rhododendron luteum (undetermined hybrid),Hybrid of Pontic Azalea,,Ericaceae,Rhododendron,Shrub,4.9,Arnold Arboretum living collection (Arboretum Explorer)
Rhododendron lysolepis,Violetmat Rhododendron,,Ericaceae,Rhododendron,Shrub,,Arnold Arboretum living collection (Arboretum Explorer)
Rhododendron macrosepalum,,|Rhododendron linearifolium macrosepalum|,Ericaceae,Rhododendron,Shrub,,Arnold Arboretum living collection (Arboretum Explorer)
Rhododendron maculiferum,,,Ericaceae,Rhododendron,Shrub,,Arnold Arboretum living collection (Arboretum Explorer)
Rhododendron makinoi,,,Ericaceae,Rhododendron,Shrub,5.9,Arnold Arboretum living collection (Arboretum Explorer)
Rhododendron maximum,Rosebay Rhododendron,,Ericaceae,Rhododendron,Shrub,9.8,Arnold Arboretum living collection (Arboretum Explorer)
Rhododendron maximum forma album,White Rosebay Rhododendron,,Ericaceae,Rhododendron,Shrub,7.9,Arnold Arboretum living collection (Arboretum Explorer)
Rhododendron maximum x discolor,,,Ericaceae,Rhododendron,Shrub,,Arnold Arboretum living collection (Arboretum Explorer)
Rhododendron maximum x haematodes,,,Ericaceae,Rhododendron,Shrub,13.8,Arnold Arboretum living collection (Arboretum Explorer)
Rhododendron metternichii,Metternich Rhododendron,|Rhododendron degronianum ssp. heptamerum|,Ericaceae,Rhododendron,Shrub,,Arnold Arboretum living collection (Arboretum Explorer)
Rhododendron metternichii var. brevifolium,,,Ericaceae,Rhododendron,Shrub,1.4,Arnold Arboretum living collection (Arboretum Explorer)
Rhododendron metternichii var. pentamerum,,,Ericaceae,Rhododendron,Shrub,3.9,Arnold Arboretum living collection (Arboretum Explorer)
Rhododendron micranthum,Manchurian Rhododendron,,Ericaceae,Rhododendron,Shrub,3.0,Arnold Arboretum living collection (Arboretum Explorer)
Rhododendron minus,Piedmont Rhododendron,,Ericaceae,Rhododendron,Shrub,5.6,Arnold Arboretum living collection (Arboretum Explorer)
Rhododendron minus (undetermined hybrid),,,Ericaceae,Rhododendron,Shrub,,Arnold Arboretum living collection (Arboretum Explorer)
Rhododendron minus var. chapmanii,Chapman Rhododendron,|Rhododendron chapmanii|,Ericaceae,Rhododendron,Shrub,3.3,Arnold Arboretum living collection (Arboretum Explorer)
Rhododendron minus var. minus,Piedmont Rhododendron,|Rhododendron carolinianum var. margarettae|Rhododendron carolinianum forma luteum|Rhododendron carolinianum 'Album'|Rhododendron carolinianum var. album|Rhododendron carolinianum|Rhododendron minus x carolinianum|,Ericaceae,Rhododendron,Shrub,8.2,Arnold Arboretum living collection (Arboretum Explorer)
Rhododendron molle,Chinese Azalea,,Ericaceae,Rhododendron,Shrub,,Arnold Arboretum living collection (Arboretum Explorer)
Rhododendron molle ssp. japonicum,,|Rhododendron japonicum|Rhododendron japonicum ssp. aureum|,Ericaceae,Rhododendron,Shrub,1.3,Arnold Arboretum living collection (Arboretum Explorer)
Rhododendron mucronulatum,Korean Rhododendron,|Rhododendron mucronulatum var. ciliatum|Rhododendron mucronulatum forma album|Rhododendron mucronulatum var. albiflorum|Rhododendron mucronulatum var. taquetii|Rhododendron taquetii|,Ericaceae,Rhododendron,Shrub,8.2,Arnold Arboretum living collection (Arboretum Explorer)
Rhododendron mucronulatum 'Cornell Pink',Cultivar of Korean Rhododendron,,Ericaceae,Rhododendron,Shrub,,Arnold Arboretum living collection (Arboretum Explorer)
Rhododendron nakaharae,,,Ericaceae,Rhododendron,Shrub,,Arnold Arboretum living collection (Arboretum Explorer)
Rhododendron nakaharae x 'Kin-No-Sai No. 1',,,Ericaceae,Rhododendron,Shrub,,Arnold Arboretum living collection (Arboretum Explorer)
Rhododendron oblongifolium,Texas Azalea,,Ericaceae,Rhododendron,Shrub,2.3,Arnold Arboretum living collection (Arboretum Explorer)
Rhododendron obtusum (variant),,,Ericaceae,Rhododendron,Shrub,6.6,Arnold Arboretum living collection (Arboretum Explorer)
Rhododendron occidentale x calendulaceum,,,Ericaceae,Rhododendron,Shrub,7.5,Arnold Arboretum living collection (Arboretum Explorer)
Rhododendron oreodoxa var. fargesii,,|Rhododendron fargesii|,Ericaceae,Rhododendron,Intermediate (shrub/tree),,Arnold Arboretum living collection (Arboretum Explorer)
Rhododendron palustre,,|Ledum palustre|,Ericaceae,Rhododendron,,,Arnold Arboretum living collection (Arboretum Explorer)
Rhododendron periclymenoides,Pinxterbloom Azalea,|Rhododendron nudiflorum|,Ericaceae,Rhododendron,Shrub,8.2,Arnold Arboretum living collection (Arboretum Explorer)
Rhododendron periclymenoides 'Purple-Robe',,,Ericaceae,Rhododendron,Shrub,,Arnold Arboretum living collection (Arboretum Explorer)
Rhododendron pilosum,,|Menziesia pilosa|,Ericaceae,Rhododendron,Shrub,1.3,Arnold Arboretum living collection (Arboretum Explorer)
Rhododendron PJM Group,Cultivar of Rhododendron,|Rhododendron (P.J.M. Hybrids Group)|Rhododendron 'P.J.M. Hybrids'|Rhododendron 'P.J.M.'|,Ericaceae,Rhododendron,Shrub,6.2,Arnold Arboretum living collection (Arboretum Explorer)
Rhododendron praevernum,February Rhododendron,,Ericaceae,Rhododendron,Shrub,3.9,Arnold Arboretum living collection (Arboretum Explorer)
Rhododendron prinophyllum,Roseshell Azalea,,Ericaceae,Rhododendron,Shrub,6.2,Arnold Arboretum living collection (Arboretum Explorer)
Rhododendron prunifolium,Plumleaf Azalea,,Ericaceae,Rhododendron,Shrub,10.2,Arnold Arboretum living collection (Arboretum Explorer)
Rhododendron quinquefolium,,,Ericaceae,Rhododendron,Shrub,,Arnold Arboretum living collection (Arboretum Explorer)
Rhododendron racemosum,Mayflower Rhododendron,,Ericaceae,Rhododendron,Shrub,,Arnold Arboretum living collection (Arboretum Explorer)
Rhododendron reticulatum,,,Ericaceae,Rhododendron,Shrub,5.9,Arnold Arboretum living collection (Arboretum Explorer)
Rhododendron sanctum,,,Ericaceae,Rhododendron,Shrub,5.9,Arnold Arboretum living collection (Arboretum Explorer)
Rhododendron schlippenbachii,Royal Azalea,,Ericaceae,Rhododendron,Shrub,11.5,Arnold Arboretum living collection (Arboretum Explorer)
Rhododendron sichotense,,,Ericaceae,Rhododendron,Shrub,3.3,Arnold Arboretum living collection (Arboretum Explorer)
Rhododendron smirnowii,Smirnow Rhododendron,,Ericaceae,Rhododendron,Shrub,9.8,Arnold Arboretum living collection (Arboretum Explorer)
Rhododendron smirnowii (undetermined hybrid),Hybrid of Smirnow Rhododendron,,Ericaceae,Rhododendron,Shrub,9.8,Arnold Arboretum living collection (Arboretum Explorer)
Rhododendron smirnowii x degronianum ssp. yakushimanum,,|Rhododendron smirnowii x yakushimanum|,Ericaceae,Rhododendron,Shrub,6.6,Arnold Arboretum living collection (Arboretum Explorer)
Rhododendron smirnowii x Rhododendron 'Calsap',,,Ericaceae,Rhododendron,Shrub,2.6,Arnold Arboretum living collection (Arboretum Explorer)
Rhododendron sp.,,,Ericaceae,Rhododendron,Intermediate (shrub/tree),7.9,Arnold Arboretum living collection (Arboretum Explorer)
Rhododendron traillianum,,,Ericaceae,Rhododendron,Shrub,,Arnold Arboretum living collection (Arboretum Explorer)
Rhododendron trichostomum var. ledoides,,,Ericaceae,Rhododendron,Shrub,5.9,Arnold Arboretum living collection (Arboretum Explorer)
Rhododendron variegated hybrid,Rhododendron hybrid,,Ericaceae,Rhododendron,Shrub,,Arnold Arboretum living collection (Arboretum Explorer)
Rhododendron vaseyi,Pinkshell Azalea,,Ericaceae,Rhododendron,Shrub,10.2,Arnold Arboretum living collection (Arboretum Explorer)
Rhododendron vaseyi 'White Find',Cultivar of Pinkshell Azalea,,Ericaceae,Rhododendron,Shrub,,Arnold Arboretum living collection (Arboretum Explorer)
Rhododendron viscosum,Swamp Azalea,,Ericaceae,Rhododendron,Shrub,10.5,Arnold Arboretum living collection (Arboretum Explorer)
Rhododendron viscosum (undetermined hybrid),Cultivar of Swamp Azalea,,Ericaceae,Rhododendron,Shrub,,Arnold Arboretum living collection (Arboretum Explorer)
Rhododendron viscosum forma rhodanthum,Form of Swamp Azalea,,Ericaceae,Rhododendron,Shrub,3.3,Arnold Arboretum living collection (Arboretum Explorer)
Rhododendron wadanum,,,Ericaceae,Rhododendron,Shrub,5.9,Arnold Arboretum living collection (Arboretum Explorer)
Rhododendron weyrichii,,,Ericaceae,Rhododendron,Shrub,3.3,Arnold Arboretum living collection (Arboretum Explorer)
Rhododendron wongii,,,Ericaceae,Rhododendron,Shrub,,Arnold Arboretum living collection (Arboretum Explorer)
Rhododendron x anneliesae,,,Ericaceae,Rhododendron,Shrub,7.5,Arnold Arboretum living collection (Arboretum Explorer)
Rhododendron x bakeri,Cumberland Azalea,,Ericaceae,Rhododendron,Shrub,4.9,Arnold Arboretum living collection (Arboretum Explorer)
Rhododendron x fraseri,Fraser Azalea,|Rhododendron x 'Fraseri'|,Ericaceae,Rhododendron,Shrub,2.5,Arnold Arboretum living collection (Arboretum Explorer)
Rhododendron x gandavense 'Ariel',Cultivar of Azalea,,Ericaceae,Rhododendron,Shrub,,Arnold Arboretum living collection (Arboretum Explorer)
Rhododendron x gandavense 'Bijou des Amateurs',Ghent Azalea,,Ericaceae,Rhododendron,Shrub,9.2,Arnold Arboretum living collection (Arboretum Explorer)
Rhododendron x gandavense 'Charlemagne',Cultivar of Ghent Azalea,,Ericaceae,Rhododendron,Shrub,7.9,Arnold Arboretum living collection (Arboretum Explorer)
Rhododendron x gandavense 'Coccinea Grandiflora',Cultivar of Ghent Azalea,,Ericaceae,Rhododendron,Shrub,5.9,Arnold Arboretum living collection (Arboretum Explorer)
Rhododendron x gandavense 'Comte de Flandre',Ghent Azalea,,Ericaceae,Rhododendron,Shrub,7.2,Arnold Arboretum living collection (Arboretum Explorer)
Rhododendron x gandavense 'Cymodocee',Ghent Azalea,,Ericaceae,Rhododendron,Shrub,11.5,Arnold Arboretum living collection (Arboretum Explorer)
Rhododendron x gandavense 'Electa',Ghent hybrid azalea,,Ericaceae,Rhododendron,Shrub,8.2,Arnold Arboretum living collection (Arboretum Explorer)
Rhododendron x gandavense 'Fanny',Ghent hybrid azalea,|Rhododendron 'Pucella'|,Ericaceae,Rhododendron,Shrub,,Arnold Arboretum living collection (Arboretum Explorer)
Rhododendron x gandavense 'Gloria Mundi',Ghent hybrid azalea,,Ericaceae,Rhododendron,Shrub,6.6,Arnold Arboretum living collection (Arboretum Explorer)
Rhododendron x gandavense 'Graf Alfred von Niepperg',Ghent Azalea,,Ericaceae,Rhododendron,Shrub,,Arnold Arboretum living collection (Arboretum Explorer)
Rhododendron x gandavense 'Graf von Meran',Ghent Azalea,,Ericaceae,Rhododendron,Shrub,5.9,Arnold Arboretum living collection (Arboretum Explorer)
Rhododendron x gandavense 'Heureuse Surprise',Ghent hybrid azalea,,Ericaceae,Rhododendron,Shrub,7.2,Arnold Arboretum living collection (Arboretum Explorer)
Rhododendron x gandavense 'Ignacea',Ghent hybrid azalea,|Rhododendron x gandavense 'Ignea Nova'|,Ericaceae,Rhododendron,Shrub,6.6,Arnold Arboretum living collection (Arboretum Explorer)
Rhododendron x gandavense 'Josephine Klinger',Ghent Azalea,,Ericaceae,Rhododendron,Shrub,7.2,Arnold Arboretum living collection (Arboretum Explorer)
Rhododendron x gandavense 'Julius Caesar',Ghent Azalea,,Ericaceae,Rhododendron,Shrub,7.9,Arnold Arboretum living collection (Arboretum Explorer)
Rhododendron x gandavense 'Lelia',Ghent hybrid azalea,,Ericaceae,Rhododendron,Shrub,,Arnold Arboretum living collection (Arboretum Explorer)
Rhododendron x gandavense 'Louis Hellebuyck',Ghent Azalea,,Ericaceae,Rhododendron,Shrub,8.0,Arnold Arboretum living collection (Arboretum Explorer)
Rhododendron x gandavense 'Madame Gustave Guillemot',Ghent Hybrid Azalea,|Rhododendron x gandavense 'Roi de Belges'|,Ericaceae,Rhododendron,Shrub,7.2,Arnold Arboretum living collection (Arboretum Explorer)
Rhododendron x gandavense 'Minerva',Ghent hybrid azalea,,Ericaceae,Rhododendron,Shrub,,Arnold Arboretum living collection (Arboretum Explorer)
Rhododendron x gandavense 'Narcissiflora',Ghent Azalea,,Ericaceae,Rhododendron,Shrub,7.5,Arnold Arboretum living collection (Arboretum Explorer)
Rhododendron x gandavense 'Oscar I',Ghent Azalea,,Ericaceae,Rhododendron,Shrub,5.9,Arnold Arboretum living collection (Arboretum Explorer)
Rhododendron x gandavense 'Pallas',Ghent hybrid azalea,,Ericaceae,Rhododendron,Shrub,6.6,Arnold Arboretum living collection (Arboretum Explorer)
Rhododendron x gandavense 'Queen of England',Ghent hybrid azalea,,Ericaceae,Rhododendron,Shrub,,Arnold Arboretum living collection (Arboretum Explorer)
Rhododendron x gandavense 'Raphael de Smet',Ghent Azalea,,Ericaceae,Rhododendron,Shrub,5.2,Arnold Arboretum living collection (Arboretum Explorer)
Rhododendron x gandavense 'Reine des Rouges',Ghent hybrid azalea,,Ericaceae,Rhododendron,Shrub,6.6,Arnold Arboretum living collection (Arboretum Explorer)
Rhododendron x gandavense 'Unique',Ghent Azalea,,Ericaceae,Rhododendron,Shrub,6.2,Arnold Arboretum living collection (Arboretum Explorer)
Rhododendron x gandavense (undetermined hybrid),Ghent Azalea,,Ericaceae,Rhododendron,Shrub,9.8,Arnold Arboretum living collection (Arboretum Explorer)
Rhododendron x gladwynensis,Hybrid Azalea,,Ericaceae,Rhododendron,Shrub,7.9,Arnold Arboretum living collection (Arboretum Explorer)
Rhododendron x laetevirens,Wilson Rhododendron,|Rhododendron x 'Laetevirens'|,Ericaceae,Rhododendron,Shrub,5.2,Arnold Arboretum living collection (Arboretum Explorer)
Rhododendron x laetevirens x carolinianum,,,Ericaceae,Rhododendron,Shrub,2.5,Arnold Arboretum living collection (Arboretum Explorer)
Rhododendron x laetevirens x dauricum var. sempervirens,,,Ericaceae,Rhododendron,,,Arnold Arboretum living collection (Arboretum Explorer)
Rhododendron x mixtum 'Aida',Rustica hybrid azalea,,Ericaceae,Rhododendron,Shrub,,Arnold Arboretum living collection (Arboretum Explorer)
Rhododendron x mixtum 'Il Tasso',Rustica hybrid azalea,,Ericaceae,Rhododendron,Shrub,,Arnold Arboretum living collection (Arboretum Explorer)
Rhododendron x mixtum 'Norma',Rustica Flore-Pleno Azalea,,Ericaceae,Rhododendron,Shrub,11.5,Arnold Arboretum living collection (Arboretum Explorer)
Rhododendron x myrtifolium,Myrtle Rhododendron,|Rhododendron x 'Myrtifolium'|,Ericaceae,Rhododendron,Shrub,,Arnold Arboretum living collection (Arboretum Explorer)
Rhododendron x nikomontanum,,|Rhododendron brachycarpum var. lutescens|,Ericaceae,Rhododendron,Shrub,,Arnold Arboretum living collection (Arboretum Explorer)
Rhododendron x viscosepalum,Chinese Swamp Azalea,,Ericaceae,Rhododendron,Shrub,,Arnold Arboretum living collection (Arboretum Explorer)
Rhododendron x viscosepalum 'Daviesii',Cultivar of Chinese Swamp Azalea,|Rhododendron x viscosepalum var. daviesii|,Ericaceae,Rhododendron,Shrub,,Arnold Arboretum living collection (Arboretum Explorer)
Rhododendron x watereri,Waterer Rhododendron,,Ericaceae,Rhododendron,Shrub,14.4,Arnold Arboretum living collection (Arboretum Explorer)
Rhododendron x wellesleyanum,Wellesley Rhododendron,,Ericaceae,Rhododendron,Shrub,24.6,Arnold Arboretum living collection (Arboretum Explorer)
Rhododendron yedoense var. poukhanense,Korean Yodogawa Azalea,|Rhododendron yedoense var. poukhanense x mucronulatum|,Ericaceae,Rhododendron,Shrub,5.9,Arnold Arboretum living collection (Arboretum Explorer)
Rhodotypos scandens,Jet Bead,|Rhodotypos kerrioides|Rhodotypos tetrapetala|,Rosaceae,Rhodotypos,Shrub,5.2,Arnold Arboretum living collection (Arboretum Explorer)
Rhus aromatica,Fragrant Sumac,|Rhus canadensis|Rhus suaveolens|,Anacardiaceae,Rhus,Shrub,9.8,Arnold Arboretum living collection (Arboretum Explorer)
Rhus aromatica 'Gro-low',Cultivar of Fragrant Sumac,,Anacardiaceae,Rhus,Shrub,4.9,Arnold Arboretum living collection (Arboretum Explorer)
Rhus aromatica var. serotina,Late Fragrant Sumac,|Rhus canadensis var. serotina|,Anacardiaceae,Rhus,Shrub,,Arnold Arboretum living collection (Arboretum Explorer)
Rhus aromatica var. trilobata,,|Rhus trilobata|,Anacardiaceae,Rhus,Shrub,2.6,Arnold Arboretum living collection (Arboretum Explorer)
Rhus chinensis,Chinese Sumac,,Anacardiaceae,Rhus,Intermediate (shrub/tree),,Arnold Arboretum living collection (Arboretum Explorer)
Rhus chinensis 'September Beauty',Cultivar of Chinese Sumac,,Anacardiaceae,Rhus,Shrub,,Arnold Arboretum living collection (Arboretum Explorer)
Rhus copallinum,Winged Sumac,|Rhus copallina|,Anacardiaceae,Rhus,Shrub,10.5,Arnold Arboretum living collection (Arboretum Explorer)
Rhus copallinum var. latifolia 'Morton',Cultivar of Shining Sumac,,Anacardiaceae,Rhus,Shrub,,Arnold Arboretum living collection (Arboretum Explorer)
Rhus glabra,Smooth Sumac,|Rhus occidentalis|,Anacardiaceae,Rhus,Shrub,10.5,Arnold Arboretum living collection (Arboretum Explorer)
Rhus glabra var. cismontana,Rocky Mt. Smooth Sumac,,Anacardiaceae,Rhus,Shrub,,Arnold Arboretum living collection (Arboretum Explorer)
Rhus microphylla,Desert Sumac,,Anacardiaceae,Rhus,Shrub,,Arnold Arboretum living collection (Arboretum Explorer)
Rhus potaninii,Potanin Sumac,,Anacardiaceae,Rhus,Tree,,Arnold Arboretum living collection (Arboretum Explorer)
Rhus punjabensis var. sinica,,|Rhus sinica|,Anacardiaceae,Rhus,Tree,2.0,Arnold Arboretum living collection (Arboretum Explorer)
Rhus sp.,,,Anacardiaceae,Rhus,Shrub,12.5,Arnold Arboretum living collection (Arboretum Explorer)
Rhus typhina,Staghorn Sumac,|Rhus hirta|,Anacardiaceae,Rhus,Intermediate (shrub/tree),18.0,Arnold Arboretum living collection (Arboretum Explorer)
Rhus typhina 'Bailtiger',Cultivar of Staghorn Sumac,,Anacardiaceae,Rhus,Intermediate (shrub/tree),,Arnold Arboretum living collection (Arboretum Explorer)
Ribes alpinum,Alpine Currant,,Grossulariaceae,Ribes,Shrub,5.9,Arnold Arboretum living collection (Arboretum Explorer)
Ribes alpinum 'Pumilum',Early Alpine Currant,|Ribes alpinum forma pumilum|,Grossulariaceae,Ribes,Shrub,,Arnold Arboretum living collection (Arboretum Explorer)
Ribes alpinum 'Verno-aureum',Cultivar of Alpine Currant,,Grossulariaceae,Ribes,Shrub,5.2,Arnold Arboretum living collection (Arboretum Explorer)
Ribes americanum,Eastern Black Currant,|Ribes floridum|,Grossulariaceae,Ribes,Shrub,3.3,Arnold Arboretum living collection (Arboretum Explorer)
Ribes aureum,Golden Currant,|Ribes tenuiflorum|,Grossulariaceae,Ribes,Shrub,5.9,Arnold Arboretum living collection (Arboretum Explorer)
Ribes aureum 'Chrysococcum',Yellowberry Currant,|Ribes aureum forma chrysococcum|,Grossulariaceae,Ribes,Shrub,3.9,Arnold Arboretum living collection (Arboretum Explorer)
Ribes aureum var. villosum,Clove Currant,|Ribes odoratum|,Grossulariaceae,Ribes,,,Arnold Arboretum living collection (Arboretum Explorer)
Ribes cynosbati,Dogberry,|Ribes cynosbati var. inerme|,Grossulariaceae,Ribes,Shrub,,Arnold Arboretum living collection (Arboretum Explorer)
Ribes diacanthum,Two-Spined Currant,,Grossulariaceae,Ribes,Shrub,,Arnold Arboretum living collection (Arboretum Explorer)
Ribes echinellum,Miccosukee Gooseberry,|Ribes miccosukensis|,Grossulariaceae,Ribes,Shrub,3.6,Arnold Arboretum living collection (Arboretum Explorer)
Ribes fasciculatum,Winterberry Currant,,Grossulariaceae,Ribes,Shrub,3.9,Arnold Arboretum living collection (Arboretum Explorer)
Ribes fasciculatum var. chinense,Chinese Winterberry Currant,,Grossulariaceae,Ribes,Shrub,5.9,Arnold Arboretum living collection (Arboretum Explorer)
Ribes giraldii,Girald Currant,,Grossulariaceae,Ribes,Shrub,,Arnold Arboretum living collection (Arboretum Explorer)
Ribes glaciale,Nepal Currant,,Grossulariaceae,Ribes,Shrub,,Arnold Arboretum living collection (Arboretum Explorer)
Ribes hirtellum,Hairy-Stemmed Gooseberry,,Grossulariaceae,Ribes,Shrub,2.0,Arnold Arboretum living collection (Arboretum Explorer)
Ribes inerme,,,Grossulariaceae,Ribes,Shrub,,Arnold Arboretum living collection (Arboretum Explorer)
Ribes komarovii,,|Ribes distans var. breviracemum|,Grossulariaceae,Ribes,Shrub,,Arnold Arboretum living collection (Arboretum Explorer)
Ribes lacustre,Bristly Swamp Currant,|Ribes lacustre var. parvulum|,Grossulariaceae,Ribes,Shrub,3.0,Arnold Arboretum living collection (Arboretum Explorer)
Ribes mandshuricum,Manchurian Currant,,Grossulariaceae,Ribes,Shrub,6.6,Arnold Arboretum living collection (Arboretum Explorer)
Ribes maximowiczianum,,|Ribes distans|,Grossulariaceae,Ribes,Shrub,5.2,Arnold Arboretum living collection (Arboretum Explorer)
Ribes missouriense,Missouri Gooseberry,,Grossulariaceae,Ribes,Shrub,,Arnold Arboretum living collection (Arboretum Explorer)
Ribes nigrum x sanguineum,,,Grossulariaceae,Ribes,Shrub,,Arnold Arboretum living collection (Arboretum Explorer)
Ribes oxyacanthoides var. setosum,,|Ribes setosum|,Grossulariaceae,Ribes,,,Arnold Arboretum living collection (Arboretum Explorer)
Ribes rubrum,Garden Red Currant,|Ribes sativum|Ribes sylvestre|Ribes sylvestre 'Macrocarpum'|,Grossulariaceae,Ribes,Shrub,,Arnold Arboretum living collection (Arboretum Explorer)
Ribes sanguineum,Red-Flowering Currant,,Grossulariaceae,Ribes,Shrub,,Arnold Arboretum living collection (Arboretum Explorer)
Ribes triste,Swamp Red Currant,|Ribes triste var. albinervium|,Grossulariaceae,Ribes,Shrub,,Arnold Arboretum living collection (Arboretum Explorer)
Ribes ussuriense,,,Grossulariaceae,Ribes,Shrub,,Arnold Arboretum living collection (Arboretum Explorer)
Ribes uva-crispa,European Gooseberry,|Ribes grossularia|Ribes grossularia uva-crispa|,Grossulariaceae,Ribes,Shrub,,Arnold Arboretum living collection (Arboretum Explorer)
Robinia elliottii,Elliot Locust,,Fabaceae,Robinia,Shrub,,Arnold Arboretum living collection (Arboretum Explorer)
Robinia hispida,Bristly Locust,,Fabaceae,Robinia,Shrub,9.8,Arnold Arboretum living collection (Arboretum Explorer)
Robinia hispida var. fertilis,,|Robinia fertilis|,Fabaceae,Robinia,Shrub,25.0,Arnold Arboretum living collection (Arboretum Explorer)
Robinia hispida var. rosea,,,Fabaceae,Robinia,Shrub,,Arnold Arboretum living collection (Arboretum Explorer)
Robinia neo-mexicana,New Mexico Locust,|Robinia neomexicana|,Fabaceae,Robinia,Shrub,,Arnold Arboretum living collection (Arboretum Explorer)
Robinia pseudoacacia,Black Locust,|Robinia pseudo-acacia|,Fabaceae,Robinia,Tree,,Arnold Arboretum living collection (Arboretum Explorer)
Robinia pseudoacacia 'Aurea',Cultivar of Black Locust,|Robinia pseudoacacia forma aurea|,Fabaceae,Robinia,Tree,,Arnold Arboretum living collection (Arboretum Explorer)
Robinia pseudoacacia 'Bessoniana',Cultivar of Black Locust,,Fabaceae,Robinia,Tree,,Arnold Arboretum living collection (Arboretum Explorer)
Robinia pseudoacacia 'Burgundy',Cultivar of Black Locust,,Fabaceae,Robinia,Tree,,Arnold Arboretum living collection (Arboretum Explorer)
Robinia pseudoacacia 'Cylindrica',Cultivar of Black Locust,,Fabaceae,Robinia,Tree,,Arnold Arboretum living collection (Arboretum Explorer)
Robinia pseudoacacia 'Frisia',Cultivar of Black Locust,,Fabaceae,Robinia,Tree,,Arnold Arboretum living collection (Arboretum Explorer)
Robinia pseudoacacia 'Monophylla Pendula',Cultivar of Black Locust,,Fabaceae,Robinia,Tree,,Arnold Arboretum living collection (Arboretum Explorer)
Robinia pseudoacacia 'Rectissima',Cultivar of Black Locust,,Fabaceae,Robinia,Tree,,Arnold Arboretum living collection (Arboretum Explorer)
Robinia pseudoacacia 'Semperflorens',Cultivar of Black Locust,,Fabaceae,Robinia,Tree,,Arnold Arboretum living collection (Arboretum Explorer)
Robinia sp.,,,Fabaceae,Robinia,Intermediate (shrub/tree),,Arnold Arboretum living collection (Arboretum Explorer)
Robinia viscosa,Clammy Locust,,Fabaceae,Robinia,Tree,,Arnold Arboretum living collection (Arboretum Explorer)
Robinia viscosa var. hartwigii,Variant of Clammy Locust,|Robinia hartwigii|,Fabaceae,Robinia,Tree,,Arnold Arboretum living collection (Arboretum Explorer)
Robinia x ambigua 'Decaisneana',,|Robinia pseudoacacia forma decaisneana|,Fabaceae,Robinia,Tree,,Arnold Arboretum living collection (Arboretum Explorer)
Robinia x holdtii,Holdt Locust,,Fabaceae,Robinia,Tree,,Arnold Arboretum living collection (Arboretum Explorer)
Robinia x holdtii 'Britzensis',Cultivar of Holdt Locust,|Robinia britzensis|,Fabaceae,Robinia,Tree,,Arnold Arboretum living collection (Arboretum Explorer)
Robinia x slavinii,Slavin Locust,,Fabaceae,Robinia,Shrub,,Arnold Arboretum living collection (Arboretum Explorer)
Rodgersia aesculifolia,,,Saxifragaceae,Rodgersia,Herbaceous,2.3,Arnold Arboretum living collection (Arboretum Explorer)
Rosa 'AUSblush',Heritage Rose,,Rosaceae,Rosa,Shrub,3.9,Arnold Arboretum living collection (Arboretum Explorer)
Rosa 'AUSbord',Gertrude Jekyll® Rose,,Rosaceae,Rosa,Shrub,1.3,Arnold Arboretum living collection (Arboretum Explorer)
Rosa 'AUSmas',Graham Thomas® Rose,,Rosaceae,Rosa,Shrub,2.3,Arnold Arboretum living collection (Arboretum Explorer)
Rosa 'AUSmol',Molineux Rose,,Rosaceae,Rosa,Shrub,2.0,Arnold Arboretum living collection (Arboretum Explorer)
Rosa 'Baron Girod de L'Ain',Cultivar of Rose,,Rosaceae,Rosa,Shrub,2.0,Arnold Arboretum living collection (Arboretum Explorer)
Rosa 'Betty Prior',Cultivar of Rose,,Rosaceae,Rosa,Shrub,2.3,Arnold Arboretum living collection (Arboretum Explorer)
Rosa 'Bucbi',Carefree Beauty™ Rose,|Rosa 'Carefree Beauty'|,Rosaceae,Rosa,Shrub,4.3,Arnold Arboretum living collection (Arboretum Explorer)
Rosa 'Carmenetta',Cultivar of Rose,,Rosaceae,Rosa,Shrub,5.9,Arnold Arboretum living collection (Arboretum Explorer)
Rosa 'Chrysler Imperial',Cultivar of Rose,,Rosaceae,Rosa,Shrub,2.6,Arnold Arboretum living collection (Arboretum Explorer)
Rosa 'Chuckles',Cultivar of Rose,,Rosaceae,Rosa,Shrub,3.3,Arnold Arboretum living collection (Arboretum Explorer)
Rosa 'Crimson Rambler',Cultivar of Rose,,Rosaceae,Rosa,Shrub,1.6,Arnold Arboretum living collection (Arboretum Explorer)
Rosa 'Duchesse de Montebello',Cultivar of Rose,,Rosaceae,Rosa,Shrub,5.6,Arnold Arboretum living collection (Arboretum Explorer)
Rosa 'Empress Josephine',,,Rosaceae,Rosa,Shrub,,Arnold Arboretum living collection (Arboretum Explorer)
Rosa 'Europeana',Cultivar of Rose,,Rosaceae,Rosa,Shrub,,Arnold Arboretum living collection (Arboretum Explorer)
Rosa 'Fred Loads',,,Rosaceae,Rosa,Shrub,,Arnold Arboretum living collection (Arboretum Explorer)
Rosa 'Ghislaine de Feligande',Cultivar of Rose,,Rosaceae,Rosa,Shrub,1.7,Arnold Arboretum living collection (Arboretum Explorer)
Rosa 'Greenmantle',Cultivar of Rose,,Rosaceae,Rosa,Shrub,4.6,Arnold Arboretum living collection (Arboretum Explorer)
Rosa 'Gruss An Aachen',Cultivar of Rose,,Rosaceae,Rosa,Shrub,,Arnold Arboretum living collection (Arboretum Explorer)
Rosa 'Général Jacqueminot',Cultivar of Rose,,Rosaceae,Rosa,Shrub,2.0,Arnold Arboretum living collection (Arboretum Explorer)
Rosa 'Hansa',Cultivar of Rose,,Rosaceae,Rosa,Shrub,,Arnold Arboretum living collection (Arboretum Explorer)
Rosa 'Jane Bullock',Cultivar of Rose,,Rosaceae,Rosa,Shrub,1.6,Arnold Arboretum living collection (Arboretum Explorer)
Rosa 'Justine Mee Liff',Cultivar of Rose,,Rosaceae,Rosa,Shrub,8.2,Arnold Arboretum living collection (Arboretum Explorer)
Rosa 'KORgi',Blue Girl Rose,,Rosaceae,Rosa,Shrub,0.7,Arnold Arboretum living collection (Arboretum Explorer)
Rosa 'KORwest',Westerland Rose,,Rosaceae,Rosa,Vine,4.6,Arnold Arboretum living collection (Arboretum Explorer)
Rosa 'La France',,,Rosaceae,Rosa,Shrub,1.0,Arnold Arboretum living collection (Arboretum Explorer)
Rosa 'MAClanoflon',Full Sail Rose,,Rosaceae,Rosa,Shrub,,Arnold Arboretum living collection (Arboretum Explorer)
Rosa 'MACoranlem',Oranges 'N' Lemons™ Rose,,Rosaceae,Rosa,Shrub,1.3,Arnold Arboretum living collection (Arboretum Explorer)
Rosa 'Madame Isaac Pereire',Cultivar of Rose,,Rosaceae,Rosa,Shrub,1.0,Arnold Arboretum living collection (Arboretum Explorer)
Rosa 'Magic Carousel',,,Rosaceae,Rosa,Shrub,,Arnold Arboretum living collection (Arboretum Explorer)
Rosa 'Marina',,,Rosaceae,Rosa,Shrub,,Arnold Arboretum living collection (Arboretum Explorer)
Rosa 'Meidmonac',Cultivar of Rose,|Rosa 'Bonica'|,Rosaceae,Rosa,Shrub,,Arnold Arboretum living collection (Arboretum Explorer)
Rosa 'Meigalpio',Red Drift® Groundcover Rose,,Rosaceae,Rosa,Shrub,,Arnold Arboretum living collection (Arboretum Explorer)
Rosa 'Meiggili',Peach Drift® Groundcover Rose,,Rosaceae,Rosa,Shrub,,Arnold Arboretum living collection (Arboretum Explorer)
Rosa 'Meikrotal',Cultivar of Rosa,|Rosa 'Scarlet Meidiland'||,Rosaceae,Rosa,Tree,,Arnold Arboretum living collection (Arboretum Explorer)
Rosa 'Meipitac',Carefree Wonder™ Rose,,Rosaceae,Rosa,Shrub,1.3,Arnold Arboretum living collection (Arboretum Explorer)
Rosa 'Metis',Cultivar of Rose,,Rosaceae,Rosa,Shrub,5.6,Arnold Arboretum living collection (Arboretum Explorer)
Rosa 'Mirandy',Cultivar of Rose,,Rosaceae,Rosa,Shrub,0.3,Arnold Arboretum living collection (Arboretum Explorer)
Rosa 'Mister Lincoln',Cultivar of Rose,,Rosaceae,Rosa,Shrub,,Arnold Arboretum living collection (Arboretum Explorer)
"Rosa 'Mlle Cecile Brunner, Climbing'",Cultivar of Rose,,Rosaceae,Rosa,Shrub,3.0,Arnold Arboretum living collection (Arboretum Explorer)
"Rosa 'Mlle de Sombreuil, Climbing'",Cultivar of Rose,,Rosaceae,Rosa,Shrub,1.0,Arnold Arboretum living collection (Arboretum Explorer)
Rosa 'New Dawn',Cultivar of Rose,,Rosaceae,Rosa,Shrub,2.6,Arnold Arboretum living collection (Arboretum Explorer)
Rosa 'Peace',Hybrid Tea Rose,,Rosaceae,Rosa,Shrub,,Arnold Arboretum living collection (Arboretum Explorer)
Rosa 'Queen Elizabeth',Cultivar of Rose,,Rosaceae,Rosa,Shrub,1.6,Arnold Arboretum living collection (Arboretum Explorer)
Rosa 'Radcor',Rainbow Knock Out® Rose,,Rosaceae,Rosa,Shrub,3.3,Arnold Arboretum living collection (Arboretum Explorer)
Rosa 'Radsun',Carefree Sunshine™ Rose,,Rosaceae,Rosa,Shrub,1.6,Arnold Arboretum living collection (Arboretum Explorer)
Rosa 'Radtko',Double Knock Out® Rose,,Rosaceae,Rosa,Shrub,3.0,Arnold Arboretum living collection (Arboretum Explorer)
Rosa 'Radtkopink',Pink Double Knock Out® Rose,,Rosaceae,Rosa,Shrub,2.3,Arnold Arboretum living collection (Arboretum Explorer)
Rosa 'Radyod',Blushing Knock Out® Rose,,Rosaceae,Rosa,Shrub,1.6,Arnold Arboretum living collection (Arboretum Explorer)
Rosa 'Red Wing',,,Rosaceae,Rosa,Shrub,7.2,Arnold Arboretum living collection (Arboretum Explorer)
Rosa 'Schneezwerg',,,Rosaceae,Rosa,Shrub,,Arnold Arboretum living collection (Arboretum Explorer)
Rosa 'Seafoam',Cultivar of Rose,,Rosaceae,Rosa,Shrub,2.0,Arnold Arboretum living collection (Arboretum Explorer)
Rosa 'Souvenir de la Malmaison',,,Rosaceae,Rosa,Shrub,0.7,Arnold Arboretum living collection (Arboretum Explorer)
Rosa 'Sunsprite',,,Rosaceae,Rosa,Shrub,,Arnold Arboretum living collection (Arboretum Explorer)
Rosa 'The Fairy',Cultivar of Rose,,Rosaceae,Rosa,Shrub,,Arnold Arboretum living collection (Arboretum Explorer)
Rosa 'Tiffany',Cultivar of Rose,,Rosaceae,Rosa,Shrub,1.3,Arnold Arboretum living collection (Arboretum Explorer)
Rosa 'Weisse aus Sparrieshoop',,,Rosaceae,Rosa,Shrub,,Arnold Arboretum living collection (Arboretum Explorer)
Rosa 'WEKaltjuchi',Edith's Darling™ Rose,,Rosaceae,Rosa,Shrub,,Arnold Arboretum living collection (Arboretum Explorer)
Rosa 'WEKblusi',Stainless Steel™ Rose,,Rosaceae,Rosa,Shrub,,Arnold Arboretum living collection (Arboretum Explorer)
Rosa 'WEKcobeju',Cinco de Mayo™ Rose,,Rosaceae,Rosa,Shrub,3.3,Arnold Arboretum living collection (Arboretum Explorer)
Rosa 'WEKdoofat',Anna's Promise Rose®,,Rosaceae,Rosa,Shrub,0.3,Arnold Arboretum living collection (Arboretum Explorer)
Rosa 'Wekebtidere',Twilight Zone Rose,,Rosaceae,Rosa,Shrub,0.3,Arnold Arboretum living collection (Arboretum Explorer)
Rosa 'WEKfabpur',Midnight Blue™ Rose,,Rosaceae,Rosa,Shrub,0.7,Arnold Arboretum living collection (Arboretum Explorer)
Rosa 'Wekglezneo',Tiddly Winks™ Rose,,Rosaceae,Rosa,Shrub,0.3,Arnold Arboretum living collection (Arboretum Explorer)
Rosa 'WEKhilpurnil',Neptune™ Rose,,Rosaceae,Rosa,Shrub,0.3,Arnold Arboretum living collection (Arboretum Explorer)
Rosa 'WEKmemolo',Sugar Moon™ Rose,,Rosaceae,Rosa,Shrub,1.6,Arnold Arboretum living collection (Arboretum Explorer)
Rosa 'WEKplagneze',Home and Family™ Rose,,Rosaceae,Rosa,Shrub,2.3,Arnold Arboretum living collection (Arboretum Explorer)
Rosa 'WEKplapep',Scentimental™ Rose,,Rosaceae,Rosa,Shrub,1.3,Arnold Arboretum living collection (Arboretum Explorer)
Rosa 'WEKruruwel',Cutie Pie™ Rose,,Rosaceae,Rosa,Shrub,1.0,Arnold Arboretum living collection (Arboretum Explorer)
Rosa 'Wektebodoko',Whimsy™ Rose,,Rosaceae,Rosa,Shrub,1.6,Arnold Arboretum living collection (Arboretum Explorer)
Rosa 'WEKvossutono',Julia Child Rose,,Rosaceae,Rosa,Shrub,1.6,Arnold Arboretum living collection (Arboretum Explorer)
Rosa 'Westerland',Cultivar of Rose,,Rosaceae,Rosa,Vine,1.6,Arnold Arboretum living collection (Arboretum Explorer)
Rosa 'Zephirine Drouhin',Cultivar of Rose,,Rosaceae,Rosa,Shrub,,Arnold Arboretum living collection (Arboretum Explorer)
Rosa acicularis,Prickly Rose,,Rosaceae,Rosa,Shrub,6.2,Arnold Arboretum living collection (Arboretum Explorer)
Rosa acicularis ssp. sayi,Say's Rose,|Rosa sayi|Rosa bourgeauiana|Rosa acicularis var. bourgeauiana|,Rosaceae,Rosa,Shrub,6.9,Arnold Arboretum living collection (Arboretum Explorer)
Rosa albertii,Albert's Rose,|Rosa alberti|,Rosaceae,Rosa,Shrub,6.9,Arnold Arboretum living collection (Arboretum Explorer)
Rosa amblyotis,Erect Prickle Rose,,Rosaceae,Rosa,Shrub,8.2,Arnold Arboretum living collection (Arboretum Explorer)
Rosa arkansana,Pairie Rose,|Rosa suffulta|Rosa suffulta (variant)|,Rosaceae,Rosa,Shrub,3.3,Arnold Arboretum living collection (Arboretum Explorer)
Rosa arvensis,Field Rose,,Rosaceae,Rosa,Shrub,9.8,Arnold Arboretum living collection (Arboretum Explorer)
Rosa banksiae,Lady Banks' Rose,,Rosaceae,Rosa,Shrub,14.8,Arnold Arboretum living collection (Arboretum Explorer)
Rosa banksiopsis,,,Rosaceae,Rosa,Shrub,,Arnold Arboretum living collection (Arboretum Explorer)
Rosa beggeriana,Begger Rose,,Rosaceae,Rosa,Shrub,,Arnold Arboretum living collection (Arboretum Explorer)
Rosa bella,Solitary Rose,,Rosaceae,Rosa,Shrub,5.9,Arnold Arboretum living collection (Arboretum Explorer)
Rosa blanda,Meadow Rose,|Rosa johannensis|Rosa rousseauiorum|,Rosaceae,Rosa,Shrub,6.9,Arnold Arboretum living collection (Arboretum Explorer)
Rosa brunonii,Himalayan Musk Rose,|Rosa moschata var. brunonii|,Rosaceae,Rosa,Shrub,,Arnold Arboretum living collection (Arboretum Explorer)
Rosa caesia ssp. caesia,Hairy Dog-Rose,|Rosa coriifolia|,Rosaceae,Rosa,Shrub,6.6,Arnold Arboretum living collection (Arboretum Explorer)
Rosa californica,California Rose,,Rosaceae,Rosa,Shrub,7.2,Arnold Arboretum living collection (Arboretum Explorer)
Rosa canina,Dog Rose,|Rosa canina var. montivaga|Rosa deseglisei|,Rosaceae,Rosa,Shrub,6.6,Arnold Arboretum living collection (Arboretum Explorer)
Rosa canina 'Inermis',Cultivar of Dog Rose,,Rosaceae,Rosa,Shrub,5.9,Arnold Arboretum living collection (Arboretum Explorer)
Rosa carolina,Pasture Rose,|Rosa deamii|,Rosaceae,Rosa,Shrub,5.2,Arnold Arboretum living collection (Arboretum Explorer)
Rosa caudata,,,Rosaceae,Rosa,Shrub,,Arnold Arboretum living collection (Arboretum Explorer)
Rosa centifolia forma cristata,,|Rosa x centifolia forma cristata|,Rosaceae,Rosa,Shrub,,Arnold Arboretum living collection (Arboretum Explorer)
Rosa centifolia forma muscosa,,|Rosa x centifolia 'Muscosa'|,Rosaceae,Rosa,Shrub,,Arnold Arboretum living collection (Arboretum Explorer)
Rosa chinensis 'Mutabilis',,|Rosa mutabilis|Rosa chinensis forma mutabilis|,Rosaceae,Rosa,Shrub,0.7,Arnold Arboretum living collection (Arboretum Explorer)
Rosa chinensis forma mutabilis,,|Rosa mutabilis|Rosa chinensis 'Mutabilis'|,Rosaceae,Rosa,Shrub,,Arnold Arboretum living collection (Arboretum Explorer)
Rosa chinensis var. spontanea,,,Rosaceae,Rosa,Shrub,,Arnold Arboretum living collection (Arboretum Explorer)
Rosa cinnamomea,Cinnamon Rose,|Rosa cinnomonea|,Rosaceae,Rosa,Shrub,4.3,Arnold Arboretum living collection (Arboretum Explorer)
Rosa clinophylla,Angeleaf Rose,,Rosaceae,Rosa,Shrub,,Arnold Arboretum living collection (Arboretum Explorer)
Rosa coriifolia var. froebelii,Froebel Leatherleaf Rose,,Rosaceae,Rosa,Shrub,,Arnold Arboretum living collection (Arboretum Explorer)
Rosa corymbifera,Corymb Rose,|Rosa dumetorum|,Rosaceae,Rosa,Shrub,6.9,Arnold Arboretum living collection (Arboretum Explorer)
Rosa corymbulosa,,,Rosaceae,Rosa,Shrub,,Arnold Arboretum living collection (Arboretum Explorer)
Rosa damascena forma versicolor,York & Lancaster Rose,,Rosaceae,Rosa,Shrub,,Arnold Arboretum living collection (Arboretum Explorer)
Rosa davidii,,,Rosaceae,Rosa,Shrub,4.9,Arnold Arboretum living collection (Arboretum Explorer)
Rosa davidii var. elongata,,,Rosaceae,Rosa,Shrub,,Arnold Arboretum living collection (Arboretum Explorer)
Rosa davurica,Dahurian Rose,,Rosaceae,Rosa,Shrub,,Arnold Arboretum living collection (Arboretum Explorer)
Rosa davurica var. alpestris,,|Rosa marretii|,Rosaceae,Rosa,Shrub,,Arnold Arboretum living collection (Arboretum Explorer)
Rosa davurica var. glabra,Variety of Dahurian Rose,,Rosaceae,Rosa,Shrub,5.2,Arnold Arboretum living collection (Arboretum Explorer)
Rosa dumalis var. dumalis,Glaucus Dog Rose,,Rosaceae,Rosa,Shrub,4.6,Arnold Arboretum living collection (Arboretum Explorer)
Rosa ecae,Eca Rose,,Rosaceae,Rosa,Shrub,,Arnold Arboretum living collection (Arboretum Explorer)
Rosa eglanteria,Sweet-Brier Rose,|Rosa rubiginosa|,Rosaceae,Rosa,Shrub,7.5,Arnold Arboretum living collection (Arboretum Explorer)
Rosa fedtschenkoana,Fedtschenko Rose,,Rosaceae,Rosa,Shrub,,Arnold Arboretum living collection (Arboretum Explorer)
Rosa foetida var. bicolor,Austrian Copper Rose,|Rosa foetida 'Bicolor'|,Rosaceae,Rosa,Shrub,3.6,Arnold Arboretum living collection (Arboretum Explorer)
Rosa gallica forma versicolor,Rosa Mundi,,Rosaceae,Rosa,Shrub,,Arnold Arboretum living collection (Arboretum Explorer)
Rosa gallica var. officinalis,,,Rosaceae,Rosa,Shrub,3.3,Arnold Arboretum living collection (Arboretum Explorer)
Rosa glauca,Red Leaf Rose,|Rosa rubrifolia|,Rosaceae,Rosa,Shrub,5.9,Arnold Arboretum living collection (Arboretum Explorer)
Rosa glutinosa,Southern Wine Rose,|Rosa pulverulenta|,Rosaceae,Rosa,Shrub,,Arnold Arboretum living collection (Arboretum Explorer)
Rosa graciliflora,,,Rosaceae,Rosa,Shrub,1.4,Arnold Arboretum living collection (Arboretum Explorer)
Rosa gymnocarpa,Wood Rose,,Rosaceae,Rosa,Shrub,4.9,Arnold Arboretum living collection (Arboretum Explorer)
Rosa helenae,Helen's Rose,,Rosaceae,Rosa,Shrub,,Arnold Arboretum living collection (Arboretum Explorer)
Rosa henkeri-schulzei,,|Rosa columnifera|,Rosaceae,Rosa,Shrub,5.9,Arnold Arboretum living collection (Arboretum Explorer)
Rosa henryi,Henry's Rose,,Rosaceae,Rosa,Shrub,1.6,Arnold Arboretum living collection (Arboretum Explorer)
Rosa hugonis,Father Hugo Rose,,Rosaceae,Rosa,Shrub,5.2,Arnold Arboretum living collection (Arboretum Explorer)
Rosa hugonis x omeiensis forma pteracantha,,,Rosaceae,Rosa,Shrub,9.5,Arnold Arboretum living collection (Arboretum Explorer)
Rosa hugonis x spinosissima var. altaica,,,Rosaceae,Rosa,Shrub,,Arnold Arboretum living collection (Arboretum Explorer)
Rosa iberica,,,Rosaceae,Rosa,Shrub,5.9,Arnold Arboretum living collection (Arboretum Explorer)
Rosa inodora,Scentless Rose,|Rosa elliptica|,Rosaceae,Rosa,Shrub,6.6,Arnold Arboretum living collection (Arboretum Explorer)
Rosa koreana,Korean Rose,,Rosaceae,Rosa,Shrub,,Arnold Arboretum living collection (Arboretum Explorer)
Rosa laxa,,,Rosaceae,Rosa,Shrub,,Arnold Arboretum living collection (Arboretum Explorer)
Rosa longicuspis,Longtooth Rose,,Rosaceae,Rosa,Shrub,,Arnold Arboretum living collection (Arboretum Explorer)
Rosa luciae,Memorial Rose,|Rosa wichuraiana var. poteriifolia|,Rosaceae,Rosa,Shrub,2.6,Arnold Arboretum living collection (Arboretum Explorer)
Rosa luciae var. rosea,,,Rosaceae,Rosa,Shrub,,Arnold Arboretum living collection (Arboretum Explorer)
Rosa macrophylla 'Rubricaulis',Cultivar of Big Hip Rose,,Rosaceae,Rosa,Shrub,5.6,Arnold Arboretum living collection (Arboretum Explorer)
Rosa majalis,Cinnamon Rose,,Rosaceae,Rosa,Shrub,7.9,Arnold Arboretum living collection (Arboretum Explorer)
Rosa maximowicziana,,,Rosaceae,Rosa,Shrub,,Arnold Arboretum living collection (Arboretum Explorer)
Rosa micrantha,Small-Flowered Sweet-Briar Rose,,Rosaceae,Rosa,Shrub,6.6,Arnold Arboretum living collection (Arboretum Explorer)
Rosa mollis,Soft Downy Rose,|Rosa villosa ssp. mollis|,Rosaceae,Rosa,Shrub,4.6,Arnold Arboretum living collection (Arboretum Explorer)
Rosa moschata,Musk Rose,,Rosaceae,Rosa,Shrub,,Arnold Arboretum living collection (Arboretum Explorer)
Rosa moschata var. grandiflora,,,Rosaceae,Rosa,Shrub,,Arnold Arboretum living collection (Arboretum Explorer)
Rosa moyesii,Moyes Rose,,Rosaceae,Rosa,Shrub,3.6,Arnold Arboretum living collection (Arboretum Explorer)
Rosa mulliganii,,,Rosaceae,Rosa,Shrub,1.0,Arnold Arboretum living collection (Arboretum Explorer)
Rosa multiflora,Multiflora Rose,|Rosa polyantha|,Rosaceae,Rosa,Shrub,,Arnold Arboretum living collection (Arboretum Explorer)
Rosa multiflora 'Inermis',,|Rosa multiflora var. inermis|,Rosaceae,Rosa,Shrub,,Arnold Arboretum living collection (Arboretum Explorer)
Rosa nipponensis,,|Rosa acicularis var. nipponensis|,Rosaceae,Rosa,Shrub,6.6,Arnold Arboretum living collection (Arboretum Explorer)
Rosa nitida,Red-Spined Rose,,Rosaceae,Rosa,Shrub,4.5,Arnold Arboretum living collection (Arboretum Explorer)
Rosa nutkana,Nootka Rose,,Rosaceae,Rosa,Shrub,,Arnold Arboretum living collection (Arboretum Explorer)
Rosa nutkana ssp. macdougalii,Macdougal's Rose,|Rosa nutkana var. hispida|Rosa spaldingii|,Rosaceae,Rosa,Shrub,9.2,Arnold Arboretum living collection (Arboretum Explorer)
Rosa nutkana ssp. melina,Rocky Mountain Rose,|Rosa melina|Rosa oreophila|,Rosaceae,Rosa,Shrub,3.9,Arnold Arboretum living collection (Arboretum Explorer)
Rosa nutkana ssp. nutkana,Nootka Rose,|Rosa nutkana var. muriculata|,Rosaceae,Rosa,Shrub,5.2,Arnold Arboretum living collection (Arboretum Explorer)
Rosa odorata var. gigantea,,|Rosa macrocarpa|,Rosaceae,Rosa,Shrub,1.0,Arnold Arboretum living collection (Arboretum Explorer)
Rosa omeiensis,Mount Omei Rose,|Rosa sericea var. omeiensis|,Rosaceae,Rosa,Shrub,,Arnold Arboretum living collection (Arboretum Explorer)
Rosa omeiensis forma pteracantha,Wingthorn Omei Rose,|Rosa sericea var. pteracantha|,Rosaceae,Rosa,Shrub,,Arnold Arboretum living collection (Arboretum Explorer)
Rosa orientalis,,,Rosaceae,Rosa,Shrub,,Arnold Arboretum living collection (Arboretum Explorer)
Rosa oxyodon,Highland Drophip Rose,|Rosa pendulina var. oxyodon|,Rosaceae,Rosa,Shrub,6.2,Arnold Arboretum living collection (Arboretum Explorer)
Rosa palustris,Swamp Rose,,Rosaceae,Rosa,Shrub,6.9,Arnold Arboretum living collection (Arboretum Explorer)
Rosa pendulina,Alpine Rose,|Rosa alpina|Rosa pendulina var. pyrenaica|Rosa x malyi|,Rosaceae,Rosa,Shrub,6.6,Arnold Arboretum living collection (Arboretum Explorer)
Rosa pisocarpa,Cluster Rose,,Rosaceae,Rosa,Shrub,6.9,Arnold Arboretum living collection (Arboretum Explorer)
Rosa platyacantha,,,Rosaceae,Rosa,Shrub,,Arnold Arboretum living collection (Arboretum Explorer)
Rosa prattii,Pratt's Rose,,Rosaceae,Rosa,Shrub,5.9,Arnold Arboretum living collection (Arboretum Explorer)
Rosa primula,Incense Rose,,Rosaceae,Rosa,Shrub,5.9,Arnold Arboretum living collection (Arboretum Explorer)
Rosa roxburghii,Roxburgh Rose,|Rosa roxburghii var. plena|,Rosaceae,Rosa,Shrub,3.0,Arnold Arboretum living collection (Arboretum Explorer)
Rosa rugosa,Rugosa Rose,,Rosaceae,Rosa,Shrub,5.9,Arnold Arboretum living collection (Arboretum Explorer)
Rosa rugosa 'Belle Poitevine',Cultivar of Rugosa Rose,,Rosaceae,Rosa,Shrub,5.2,Arnold Arboretum living collection (Arboretum Explorer)
Rosa rugosa 'Plena',Cultivar of Rugosa Rose,|Rosa rugosa forma plena|,Rosaceae,Rosa,Shrub,6.2,Arnold Arboretum living collection (Arboretum Explorer)
Rosa rugosa 'Sir Thomas Lipton',Cultivar of Rugosa Rose,,Rosaceae,Rosa,Shrub,,Arnold Arboretum living collection (Arboretum Explorer)
Rosa schrenkiana,,,Rosaceae,Rosa,Shrub,5.2,Arnold Arboretum living collection (Arboretum Explorer)
Rosa serafinii,Serafin Rose,,Rosaceae,Rosa,Shrub,5.6,Arnold Arboretum living collection (Arboretum Explorer)
Rosa setigera,Climbing Prairie Rose,,Rosaceae,Rosa,Shrub,6.2,Arnold Arboretum living collection (Arboretum Explorer)
Rosa setigera var. tomentosa,Fuzzy Prairie Rose,,Rosaceae,Rosa,Shrub,3.9,Arnold Arboretum living collection (Arboretum Explorer)
Rosa setipoda,,|Rosa hemsleyana|Rosa setipoda x hemsleyana|,Rosaceae,Rosa,Shrub,6.2,Arnold Arboretum living collection (Arboretum Explorer)
Rosa sherardii,Sherard's Rose,|Rosa omissa|Rosa subglobosa|,Rosaceae,Rosa,Shrub,5.9,Arnold Arboretum living collection (Arboretum Explorer)
Rosa sicula,,,Rosaceae,Rosa,Shrub,,Arnold Arboretum living collection (Arboretum Explorer)
Rosa soulieana,,|Rosa souliei|,Rosaceae,Rosa,Shrub,,Arnold Arboretum living collection (Arboretum Explorer)
Rosa sp.,,,Rosaceae,Rosa,Shrub,1.0,Arnold Arboretum living collection (Arboretum Explorer)
Rosa spinosissima,Burnet Rose,|Rosa pimpinellifolia|Rosa spinosissima var. myriacantha|,Rosaceae,Rosa,Shrub,5.9,Arnold Arboretum living collection (Arboretum Explorer)
Rosa spinosissima 'Plato',Cultivar of Burnet Rose,,Rosaceae,Rosa,Shrub,4.3,Arnold Arboretum living collection (Arboretum Explorer)
Rosa spinosissima 'Williams' Double Yellow',Hybrid Burnet Rose Cultivar,|Rosa spinosissima 'Lutea Plena'|,Rosaceae,Rosa,Shrub,7.2,Arnold Arboretum living collection (Arboretum Explorer)
Rosa spinosissima var. altaica,Altai Scots Rose,|Rosa pimpinellifolia var. altaica|,Rosaceae,Rosa,Shrub,2.0,Arnold Arboretum living collection (Arboretum Explorer)
Rosa stylosa,,,Rosaceae,Rosa,Shrub,7.0,Arnold Arboretum living collection (Arboretum Explorer)
Rosa sweginzowii,,,Rosaceae,Rosa,Shrub,5.9,Arnold Arboretum living collection (Arboretum Explorer)
Rosa transmorrisonensis,,,Rosaceae,Rosa,Shrub,,Arnold Arboretum living collection (Arboretum Explorer)
Rosa villosa,Apple Rose,|Rosa pomifera|Rosa villosa var. recondita|Rosa recondita|,Rosaceae,Rosa,Shrub,4.9,Arnold Arboretum living collection (Arboretum Explorer)
Rosa virginiana,Virginia Rose,|Rosa lucida|Rosa virginiana var. lamprophylla|,Rosaceae,Rosa,Shrub,5.6,Arnold Arboretum living collection (Arboretum Explorer)
Rosa webbiana,Webb's Rose,,Rosaceae,Rosa,Shrub,,Arnold Arboretum living collection (Arboretum Explorer)
Rosa wichuraiana,Memorial Rose,|Rosa wichuriana|,Rosaceae,Rosa,Shrub,,Arnold Arboretum living collection (Arboretum Explorer)
Rosa willmottiae,,,Rosaceae,Rosa,Shrub,2.6,Arnold Arboretum living collection (Arboretum Explorer)
Rosa woodsii,Wood's Rose,,Rosaceae,Rosa,Shrub,6.6,Arnold Arboretum living collection (Arboretum Explorer)
Rosa woodsii ssp. ultramontana,Interior Rose,|Rosa californica var. ultramontana|Rosa pyrifera|Rosa ultramontana|,Rosaceae,Rosa,Shrub,6.2,Arnold Arboretum living collection (Arboretum Explorer)
Rosa x arnoldiana 'Arnold',Arnold Rose,|Rosa 'Arnold'|,Rosaceae,Rosa,Shrub,,Arnold Arboretum living collection (Arboretum Explorer)
Rosa x centifolia,Cabbage Rose,|Rosa centifolia|,Rosaceae,Rosa,Shrub,6.6,Arnold Arboretum living collection (Arboretum Explorer)
Rosa x centifolia 'Muscosa',Cultivar of Cabbage Rose,|Rosa centifolia forma muscosa|Rosa 'Communis'|,Rosaceae,Rosa,Shrub,5.2,Arnold Arboretum living collection (Arboretum Explorer)
Rosa x centifolia 'Parvifolia',Cultivar of Cabbage Rose,|Rosa centifolia 'Parvifolia'|Rosa centifolia var. parvifolia|,Rosaceae,Rosa,,,Arnold Arboretum living collection (Arboretum Explorer)
Rosa x damascena 'Trigintipetala',Cultivar of Damask Rose,,Rosaceae,Rosa,Shrub,6.2,Arnold Arboretum living collection (Arboretum Explorer)
Rosa x dawsoniana 'Dawson',Cultivar of Dawson Rose,|Rosa multiflora forma roseiflora|Rosa multiflora dawsoniana|Rosa 'Dawson'|Rosa multiflora 'Dawson'|,Rosaceae,Rosa,Shrub,3.0,Arnold Arboretum living collection (Arboretum Explorer)
Rosa x dumalis,Scraggle Rose,|Rosa vosagiaca|,Rosaceae,Rosa,Shrub,,Arnold Arboretum living collection (Arboretum Explorer)
Rosa x dupontii,Dupont Rose,,Rosaceae,Rosa,Shrub,7.5,Arnold Arboretum living collection (Arboretum Explorer)
Rosa x harisonii,Harison's Yellow Rose,,Rosaceae,Rosa,Shrub,,Arnold Arboretum living collection (Arboretum Explorer)
Rosa x hibernica,Irish Rose,,Rosaceae,Rosa,Shrub,,Arnold Arboretum living collection (Arboretum Explorer)
Rosa x highdownensis,Hybrid Moyesii,,Rosaceae,Rosa,Shrub,6.2,Arnold Arboretum living collection (Arboretum Explorer)
Rosa x involuta,,,Rosaceae,Rosa,Shrub,8.9,Arnold Arboretum living collection (Arboretum Explorer)
Rosa x kamtchatica,,|Rosa rugosa var. kamtschatica|,Rosaceae,Rosa,Shrub,6.6,Arnold Arboretum living collection (Arboretum Explorer)
Rosa x kochiana,Koch Rose,,Rosaceae,Rosa,Shrub,2.3,Arnold Arboretum living collection (Arboretum Explorer)
Rosa x lheritierana,Boursault Rose,,Rosaceae,Rosa,Shrub,,Arnold Arboretum living collection (Arboretum Explorer)
Rosa x nitidula,,,Rosaceae,Rosa,Shrub,7.9,Arnold Arboretum living collection (Arboretum Explorer)
Rosa x pteragonis,Hybrid Rose,,Rosaceae,Rosa,Shrub,8.2,Arnold Arboretum living collection (Arboretum Explorer)
Rosa x scabriuscula,,,Rosaceae,Rosa,Shrub,2.6,Arnold Arboretum living collection (Arboretum Explorer)
Rosa x waitziana,Waitz Rose,,Rosaceae,Rosa,Shrub,3.0,Arnold Arboretum living collection (Arboretum Explorer)
Rosa x wintoniensis,,,Rosaceae,Rosa,Shrub,,Arnold Arboretum living collection (Arboretum Explorer)
Rosa zalana,,,Rosaceae,Rosa,Shrub,6.6,Arnold Arboretum living collection (Arboretum Explorer)
Rubus biflorus var. biflorus,,|Rubus biflorus var. quinqueflorus|,Rosaceae,Rubus,Shrub,4.0,Arnold Arboretum living collection (Arboretum Explorer)
Rubus caesius,European Dewberry,,Rosaceae,Rubus,Shrub,2.3,Arnold Arboretum living collection (Arboretum Explorer)
Rubus cockburnianus,White-Stemmed Bramble,|Rubus giraldianus|,Rosaceae,Rubus,Shrub,2.3,Arnold Arboretum living collection (Arboretum Explorer)
Rubus idaeus,Red Raspberry,,Rosaceae,Rubus,Shrub,2.6,Arnold Arboretum living collection (Arboretum Explorer)
Rubus idaeus 'Aureus',,,Rosaceae,Rubus,Shrub,,Arnold Arboretum living collection (Arboretum Explorer)
Rubus laciniatus,Cutleaf Blackbery,,Rosaceae,Rubus,Shrub,,Arnold Arboretum living collection (Arboretum Explorer)
Rubus lasiostylus,,,Rosaceae,Rubus,Shrub,5.2,Arnold Arboretum living collection (Arboretum Explorer)
Rubus lasiostylus var. hubeiensis,,,Rosaceae,Rubus,Shrub,4.3,Arnold Arboretum living collection (Arboretum Explorer)
Rubus odoratus,Fragrant Thimbleberry,,Rosaceae,Rubus,Shrub,3.9,Arnold Arboretum living collection (Arboretum Explorer)
Rubus palmatus,,|Rubus palmatus var. coptophyllus|,Rosaceae,Rubus,Shrub,4.6,Arnold Arboretum living collection (Arboretum Explorer)
Rubus parviflorus,Western Thimbleberry,|Rubus parviflorus var. fraserianus|Rubus nutkanus|,Rosaceae,Rubus,Shrub,1.3,Arnold Arboretum living collection (Arboretum Explorer)
Rubus parvifolius,Japanese Bramble,|Rubus triphyllus|,Rosaceae,Rubus,Shrub,,Arnold Arboretum living collection (Arboretum Explorer)
Rubus x 'Tridel',,|Rubus x 'Bennenden '|,Rosaceae,Rubus,Shrub,,Arnold Arboretum living collection (Arboretum Explorer)
Rubus x fraseri,,,Rosaceae,Rubus,Shrub,,Arnold Arboretum living collection (Arboretum Explorer)
Salix 'Hakuro',Cultivar of Willow,,Salicaceae,Salix,,,Arnold Arboretum living collection (Arboretum Explorer)
Salix 'The Hague',Cultivar of Willow,|Salix x gracilistyla 'Hagensis'|Salix x hagensis|,Salicaceae,Salix,Tree,32.8,Arnold Arboretum living collection (Arboretum Explorer)
Salix acutifolia,,,Salicaceae,Salix,Shrub,,Arnold Arboretum living collection (Arboretum Explorer)
Salix aegyptiaca,Armenian Willow,|Salix medemii|Salix muscina|,Salicaceae,Salix,Tree,,Arnold Arboretum living collection (Arboretum Explorer)
Salix alba,White Willow,|Salix x tominii|Salix excelsa|,Salicaceae,Salix,Tree,,Arnold Arboretum living collection (Arboretum Explorer)
Salix alba 'Chermesina',Redstem White Willow,|Salix alba forma chermesina|,Salicaceae,Salix,Tree,,Arnold Arboretum living collection (Arboretum Explorer)
Salix alba ssp. vitellina 'Britzensis',Coral Embers Willow,|Salix britzensis|,Salicaceae,Salix,Shrub,8.2,Arnold Arboretum living collection (Arboretum Explorer)
Salix alba var. caerulea,Cricket-Bat Willow,|Salix alba var. calva|Salix alba 'Calva'|,Salicaceae,Salix,Tree,,Arnold Arboretum living collection (Arboretum Explorer)
Salix alba var. sericea,Siberian White Willow,|Salix alba var. argentea|,Salicaceae,Salix,Tree,,Arnold Arboretum living collection (Arboretum Explorer)
Salix alba var. vitellina,Golden Willow,|Salix alba 'Vitellina'|Salix x chrysocoma|,Salicaceae,Salix,Tree,,Arnold Arboretum living collection (Arboretum Explorer)
Salix alba var. vitellina 'Pendula',Weeping Golden Willow,|Salix alba var. tristis|Salix alba 'Tristis'|Salix x blanda forma aurea|Salix x chrysocoma|,Salicaceae,Salix,Tree,,Arnold Arboretum living collection (Arboretum Explorer)
Salix atrocinerea,Rusty Willow,|Salix cinerea ssp. oleifolia|Salix caprea var. lapponum|,Salicaceae,Salix,Intermediate (shrub/tree),,Arnold Arboretum living collection (Arboretum Explorer)
Salix atrocinerea x bebbiana,,,Salicaceae,Salix,Tree,,Arnold Arboretum living collection (Arboretum Explorer)
Salix atrocinerea x discolor,,,Salicaceae,Salix,Tree,,Arnold Arboretum living collection (Arboretum Explorer)
Salix atrocinerea x humilis,,,Salicaceae,Salix,Tree,,Arnold Arboretum living collection (Arboretum Explorer)
Salix babylonica 'Crispa',Cultivar of Babylon Weeping Willow,,Salicaceae,Salix,Tree,,Arnold Arboretum living collection (Arboretum Explorer)
Salix babylonica 'Tortuosa',Cultivar of Babylon Weeping Willow,|Salix x 'Golden Curls'|Salix matsudana 'Tortuosa'|Salix matsudana forma tortuosa|Salix 'Golden Curls Willow'|,Salicaceae,Salix,Tree,,Arnold Arboretum living collection (Arboretum Explorer)
Salix babylonica 'Umbraculifera',Cultivar of Babylon Weeping Willow,|Salix matsudana 'Umbraculifera'|Salix matsudana forma umbraculifera|,Salicaceae,Salix,Tree,,Arnold Arboretum living collection (Arboretum Explorer)
Salix bebbiana,Bebb's Willow,|Salix rostrata|Salix bebbiana var. perrostrata perrostrata|,Salicaceae,Salix,Intermediate (shrub/tree),6.2,Arnold Arboretum living collection (Arboretum Explorer)
Salix candida,Sage Willow,,Salicaceae,Salix,Shrub,,Arnold Arboretum living collection (Arboretum Explorer)
Salix caprea,Goat Willow,,Salicaceae,Salix,Tree,,Arnold Arboretum living collection (Arboretum Explorer)
Salix caprea 'Pendula',Cultivar of Goat Willow,,Salicaceae,Salix,Intermediate (shrub/tree),,Arnold Arboretum living collection (Arboretum Explorer)
Salix chaenomeloides,Japanese Pussy Willow,,Salicaceae,Salix,Tree,,Arnold Arboretum living collection (Arboretum Explorer)
Salix cinerea,Gray Willow,|Salix aquatica var. grandis|Salix cinerea forma angustifolia|Salix cinerea var. cuneata|,Salicaceae,Salix,Shrub,,Arnold Arboretum living collection (Arboretum Explorer)
Salix cordata Michaux,Heartleaf Willow,|Salix adenophylla|Salix syrticola|,Salicaceae,Salix,Shrub,,Arnold Arboretum living collection (Arboretum Explorer)
Salix daphnoides,Daphne Willow,|Salix x wimmeri|Salix daphnoides 'Aglaia'|Salix aglaja|,Salicaceae,Salix,Intermediate (shrub/tree),,Arnold Arboretum living collection (Arboretum Explorer)
Salix daphnoides 'Aglaia',Cultivar of Daphne WIllow,|Salix daphnoides|Salix aglaja|,Salicaceae,Salix,Intermediate (shrub/tree),,Arnold Arboretum living collection (Arboretum Explorer)
Salix drummondiana,Drummond's Willow,|Salix subcoerulea|Salix covillei|,Salicaceae,Salix,Shrub,1.6,Arnold Arboretum living collection (Arboretum Explorer)
Salix elaeagnos 'Angustifolia',,|Salix lavandulifolia var. rosmarinifolia|Salix rosmarinifolia|,Salicaceae,Salix,Shrub,,Arnold Arboretum living collection (Arboretum Explorer)
Salix eriocephala,woolly-headed willow,|Salix missouriensis|Salix cordata Muhl.|Salix rigida|Salix rigida var. angustata|Salix cordata var. angustata|Salix cordata var. rigida|,Salicaceae,Salix,Shrub,8.2,Arnold Arboretum living collection (Arboretum Explorer)
Salix exigua ssp. exigua,Sandbar Willow,|Salix argophylla|,Salicaceae,Salix,Shrub,3.3,Arnold Arboretum living collection (Arboretum Explorer)
Salix fargesii,,,Salicaceae,Salix,Intermediate (shrub/tree),4.9,Arnold Arboretum living collection (Arboretum Explorer)
Salix flabellaris,,|Salix rotundifolia|,Salicaceae,Salix,Shrub,,Arnold Arboretum living collection (Arboretum Explorer)
Salix gilgiana,,|Salix purpurea var. sericea|Salix miyabeana forma gilgiana|Salix miyabeana ssp. gilgiana|,Salicaceae,Salix,Shrub,18.7,Arnold Arboretum living collection (Arboretum Explorer)
Salix glauca var. callicarpaea,Arctic Gray Willow,,Salicaceae,Salix,Shrub,,Arnold Arboretum living collection (Arboretum Explorer)
Salix gracilistyla,Rosegold Pussy Willow,,Salicaceae,Salix,Shrub,7.5,Arnold Arboretum living collection (Arboretum Explorer)
Salix gracilistyla var. melanostachys,Black Pussy Willow,|Salix melanostachys|,Salicaceae,Salix,Shrub,5.2,Arnold Arboretum living collection (Arboretum Explorer)
Salix humilis var. humilis,Upland Willow,,Salicaceae,Salix,Shrub,11.2,Arnold Arboretum living collection (Arboretum Explorer)
Salix humilis var. tristis,Dwarf upland willow,|Salix humilis var. microphylla|Salix tristis|Salix occidentalis|,Salicaceae,Salix,Shrub,,Arnold Arboretum living collection (Arboretum Explorer)
Salix integra,Axukime,|Salix purpurea var. multinervis|,Salicaceae,Salix,Shrub,,Arnold Arboretum living collection (Arboretum Explorer)
Salix integra var. albo-marginata,,,Salicaceae,Salix,Shrub,13.8,Arnold Arboretum living collection (Arboretum Explorer)
Salix irrorata,,,Salicaceae,Salix,Shrub,3.9,Arnold Arboretum living collection (Arboretum Explorer)
Salix koriyanagi 'Rubykins',Cultivar of Korean Willow,,Salicaceae,Salix,Shrub,,Arnold Arboretum living collection (Arboretum Explorer)
Salix laggeri,,|Salix albicans|,Salicaceae,Salix,Shrub,,Arnold Arboretum living collection (Arboretum Explorer)
Salix lapponum,Lapland Willow,,Salicaceae,Salix,Shrub,,Arnold Arboretum living collection (Arboretum Explorer)
Salix lasiandra var. caudata,Tail-Leaf Willow,|Salix lucida ssp. caudata|Salix lasiandra ssp. caudata|Salix fendleriana|,Salicaceae,Salix,Shrub,4.6,Arnold Arboretum living collection (Arboretum Explorer)
Salix magnifica,Magnificent Willow,,Salicaceae,Salix,Intermediate (shrub/tree),,Arnold Arboretum living collection (Arboretum Explorer)
Salix miyabeana,Miyabe Willow,|Salix linearistipularis|,Salicaceae,Salix,Intermediate (shrub/tree),,Arnold Arboretum living collection (Arboretum Explorer)
Salix monticola,Park willow,,Salicaceae,Salix,Shrub,6.6,Arnold Arboretum living collection (Arboretum Explorer)
Salix myrsinifolia,Blackening Willow,|Salix nigricans|Salix cotinifolia|Salix grisonensis|Salix myrsinifolia var. rivularis|Salix pyrolaefolia|Salix pyrifolia|,Salicaceae,Salix,Shrub,,Arnold Arboretum living collection (Arboretum Explorer)
Salix nigra,Black Willow,|Salix ligustrina|Salix dubia|,Salicaceae,Salix,Intermediate (shrub/tree),9.8,Arnold Arboretum living collection (Arboretum Explorer)
Salix pedicellaris,Bog Willow,|Salix pedicellaris var. hypoglauca|,Salicaceae,Salix,Shrub,5.9,Arnold Arboretum living collection (Arboretum Explorer)
Salix pentandra,Laurel Willow,,Salicaceae,Salix,Tree,,Arnold Arboretum living collection (Arboretum Explorer)
Salix petiolaris,slender willow,,Salicaceae,Salix,Shrub,13.8,Arnold Arboretum living collection (Arboretum Explorer)
Salix pierotii,Korean Willow,|Salix jessoensis|Salix koreensis|,Salicaceae,Salix,Intermediate (shrub/tree),,Arnold Arboretum living collection (Arboretum Explorer)
Salix purpurea,Purple Osier,|Salix purpurea ssp. lambertiana|,Salicaceae,Salix,Intermediate (shrub/tree),45.9,Arnold Arboretum living collection (Arboretum Explorer)
Salix purpurea 'Gracilis',Cultivar of Purple Osier,|Salix purpurea forma gracilis|Salix purpurea 'Nana'|Salix purpurea 'Filiformis'|,Salicaceae,Salix,Shrub,,Arnold Arboretum living collection (Arboretum Explorer)
Salix rorida,,,Salicaceae,Salix,Intermediate (shrub/tree),,Arnold Arboretum living collection (Arboretum Explorer)
Salix schwerinii,,|Salix viminalis var. gmelinii|,Salicaceae,Salix,Intermediate (shrub/tree),,Arnold Arboretum living collection (Arboretum Explorer)
Salix sericea,Silky willow,|Salix coactilis|,Salicaceae,Salix,Shrub,7.2,Arnold Arboretum living collection (Arboretum Explorer)
Salix sitchensis,Sitka willow,,Salicaceae,Salix,Intermediate (shrub/tree),7.2,Arnold Arboretum living collection (Arboretum Explorer)
Salix sp.,Willow,,Salicaceae,Salix,Intermediate (shrub/tree),,Arnold Arboretum living collection (Arboretum Explorer)
Salix triandra,Almond-Leaved Willow,|Salix amygdalina|Salix amygdalina forma concolor|Salix hoppeana|,Salicaceae,Salix,Intermediate (shrub/tree),,Arnold Arboretum living collection (Arboretum Explorer)
Salix udensis,Uda Willow,|Salix sachalinensis|Salix siuzevii|,Salicaceae,Salix,Intermediate (shrub/tree),,Arnold Arboretum living collection (Arboretum Explorer)
Salix udensis 'Sekka',Cultivar of Uda Willow,|Salix sachalinensis 'Sekka'|,Salicaceae,Salix,Intermediate (shrub/tree),,Arnold Arboretum living collection (Arboretum Explorer)
Salix variegata,,|Salix bockii|,Salicaceae,Salix,Shrub,,Arnold Arboretum living collection (Arboretum Explorer)
Salix viminalis,Basket Willow,|Salix viminalis var. gmelini|Salix semiviminalis|Salix viminalis var. gmelinii|,Salicaceae,Salix,Intermediate (shrub/tree),,Arnold Arboretum living collection (Arboretum Explorer)
Salix x blanda 'Elegantissima',Cultivar of Wisconsin Weeping Willow,|Salix x elegantissima|,Salicaceae,Salix,Tree,,Arnold Arboretum living collection (Arboretum Explorer)
Salix x calodendron,,,Salicaceae,Salix,Intermediate (shrub/tree),,Arnold Arboretum living collection (Arboretum Explorer)
Salix x chrysocoma,Golden Weeping Willow,|Salix x sepulcralis 'Chrysocoma'|Salix alba var. vitellina 'Pendula'|Salix alba 'Tristis'|Salix x blanda forma aurea|Salix alba var. vitellina|Salix babylonica 'Ramulis Aureis'|,Salicaceae,Salix,Tree,,Arnold Arboretum living collection (Arboretum Explorer)
Salix x ehrhartiana,Ehrhart Willow,|Salix lispoclados|,Salicaceae,Salix,Intermediate (shrub/tree),,Arnold Arboretum living collection (Arboretum Explorer)
Salix x forbyana,,,Salicaceae,Salix,Shrub,,Arnold Arboretum living collection (Arboretum Explorer)
Salix x multinervis notho ssp. charrieri,,,Salicaceae,Salix,Shrub,,Arnold Arboretum living collection (Arboretum Explorer)
Salix x rubens,Hybrid Crack Willow,|Salix x rubens var. palustris|Salix x rubens var. viridis|,Salicaceae,Salix,Tree,54.5,Arnold Arboretum living collection (Arboretum Explorer)
Salix x sepulcralis,Hybrid Weeping Willow,|Salix x salomonii|,Salicaceae,Salix,Tree,,Arnold Arboretum living collection (Arboretum Explorer)
Salix x sepulcralis 'Erythroflexuosa',Cultivar of Willow,|Salix x erythroflexuosa|,Salicaceae,Salix,Tree,,Arnold Arboretum living collection (Arboretum Explorer)
Salix x sericans,,|Salix x smithiana|,Salicaceae,Salix,Shrub,3.3,Arnold Arboretum living collection (Arboretum Explorer)
Salix x smithiana,,|Salix x sericans|Salix x holosericea|Salix x ferruginea|Salix x velutina|,Salicaceae,Salix,Shrub,25.0,Arnold Arboretum living collection (Arboretum Explorer)
Salix x tetrapla,,|Salix x tenuifolia|,Salicaceae,Salix,Shrub,,Arnold Arboretum living collection (Arboretum Explorer)
Salvia lyrata 'Purple Knockout',Cultivar of Lyre-leaved Sage,,Lamiaceae,Salvia,Herbaceous,,Arnold Arboretum living collection (Arboretum Explorer)
Salvia nemorosa 'Caradonna',Cultivar of Balkan Clary,,Lamiaceae,Salvia,Herbaceous,,Arnold Arboretum living collection (Arboretum Explorer)
Salvia x sylvestris 'Mainacht',Cultivar of Wood Sage,|Salvia nemorosa 'May Night'|,Lamiaceae,Salvia,Herbaceous,,Arnold Arboretum living collection (Arboretum Explorer)
Sambucus canadensis,Elderberry,,Adoxaceae,Sambucus,Shrub,12.1,Arnold Arboretum living collection (Arboretum Explorer)
Sambucus ebulus,Dwarf Elder,,Adoxaceae,Sambucus,Herbaceous,3.3,Arnold Arboretum living collection (Arboretum Explorer)
Sambucus nigra,Black Elderberry,,Adoxaceae,Sambucus,Intermediate (shrub/tree),13.1,Arnold Arboretum living collection (Arboretum Explorer)
Sambucus nigra ssp. cerulea,Blue Elderberry,|Sambucus cerulea|,Adoxaceae,Sambucus,Intermediate (shrub/tree),2.0,Arnold Arboretum living collection (Arboretum Explorer)
Sambucus pubens,,|Sambucus racemosa ssp. pubens|,Adoxaceae,Sambucus,Intermediate (shrub/tree),,Arnold Arboretum living collection (Arboretum Explorer)
Sambucus racemosa,European Red Elder,|Sambucus callicarpa|,Adoxaceae,Sambucus,Shrub,3.9,Arnold Arboretum living collection (Arboretum Explorer)
Sambucus sibirica,Siberian Elder,,Adoxaceae,Sambucus,,,Arnold Arboretum living collection (Arboretum Explorer)
Sambucus sieboldiana,Siebold Elderberry,|Sambucus racemosa ssp. sieboldiana|,Adoxaceae,Sambucus,Intermediate (shrub/tree),,Arnold Arboretum living collection (Arboretum Explorer)
Sambucus sieboldiana var. miquelii,Japanese Red Elder,|Sambucus buergeriana|,Adoxaceae,Sambucus,Herbaceous,,Arnold Arboretum living collection (Arboretum Explorer)
Sambucus sieboldiana var. sieboldiana,Siebold Elderberry,,Adoxaceae,Sambucus,Intermediate (shrub/tree),,Arnold Arboretum living collection (Arboretum Explorer)
Sambucus williamsii,,,Adoxaceae,Sambucus,Intermediate (shrub/tree),,Arnold Arboretum living collection (Arboretum Explorer)
Sanguinaria canadensis 'Multiplex',Double Bloodroot,,Papaveraceae,Sanguinaria,Herbaceous,,Arnold Arboretum living collection (Arboretum Explorer)
Sanguisorba 'Blackthorn',Cultivar of Burnet,,Rosaceae,Sanguisorba,Herbaceous,,Arnold Arboretum living collection (Arboretum Explorer)
Sanguisorba 'Chocolate Tip',Cultivar of Burnet,,Rosaceae,Sanguisorba,Herbaceous,,Arnold Arboretum living collection (Arboretum Explorer)
Sanguisorba 'Lilac Squirrel',Cultivar of Burnet,,Rosaceae,Sanguisorba,Herbaceous,,Arnold Arboretum living collection (Arboretum Explorer)
Sanguisorba canadensis,Canadian Burnet,,Rosaceae,Sanguisorba,Herbaceous,,Arnold Arboretum living collection (Arboretum Explorer)
Sanguisorba officinalis var. microcephala 'Little Angel',Cultivar of Burnet,,Rosaceae,Sanguisorba,,,Arnold Arboretum living collection (Arboretum Explorer)
Sanguisorba sp.,,,Rosaceae,Sanguisorba,Herbaceous,,Arnold Arboretum living collection (Arboretum Explorer)
Sapindus drummondii,Western Soapberry,|Sapindus saponaria var. drummondii|,Sapindaceae,Sapindus,Tree,5.2,Arnold Arboretum living collection (Arboretum Explorer)
Sarcococca confusa,,,Buxaceae,Sarcococca,Shrub,,Arnold Arboretum living collection (Arboretum Explorer)
Sarcococca hookeriana var. digyna,Sweetbox,|Sarcococca humilis var. digyna|Sarcococca humilis|Sarcococca hookeriana var. humilis|,Buxaceae,Sarcococca,Intermediate (shrub/tree),1.0,Arnold Arboretum living collection (Arboretum Explorer)
Saruma henryi,Upright Wild Ginger,,Aristolochiaceae,Saruma,Herbaceous,,Arnold Arboretum living collection (Arboretum Explorer)
Sasa senanensis,Senan Bamboo,|Sasa palmata|,Poaceae,Sasa,Herbaceous,7.9,Arnold Arboretum living collection (Arboretum Explorer)
Sasa veitchii,Veitch Bamboo,,Poaceae,Sasa,Herbaceous,2.3,Arnold Arboretum living collection (Arboretum Explorer)
Sasaella masamuneana 'Albostriata',,,Poaceae,Sasaella,,,Arnold Arboretum living collection (Arboretum Explorer)
Sassafras albidum,Sassafras,|Sassafras variifolium|Sassafras albidum var. molle|Sassafras albidum var. albidum|,Lauraceae,Sassafras,Tree,6.2,Arnold Arboretum living collection (Arboretum Explorer)
Sassafras tzumu,,|Sassafras tsumii|,Lauraceae,Sassafras,Tree,5.6,Arnold Arboretum living collection (Arboretum Explorer)
Schisandra chinensis,Magnolia-vine,,Schisandraceae,Schisandra,Vine,2.3,Arnold Arboretum living collection (Arboretum Explorer)
Schisandra glaucescens,,,Schisandraceae,Schisandra,Vine,,Arnold Arboretum living collection (Arboretum Explorer)
Schisandra sphenanthera,,|Schisandra athenanthera|Schisandra grandiflora var. rubriflora rubriflora|,Schisandraceae,Schisandra,Vine,1.0,Arnold Arboretum living collection (Arboretum Explorer)
Schizachyrium scoparium,Little Bluestem,,Poaceae,Schizachyrium,Herbaceous,,Arnold Arboretum living collection (Arboretum Explorer)
Schizachyrium scoparium var. scoparium,Little Bluestem,,Poaceae,Schizachyrium,Herbaceous,,Arnold Arboretum living collection (Arboretum Explorer)
Schizophragma aff. megalocarpa,,,Hydrangeaceae,Schizophragma,Vine,2.0,Arnold Arboretum living collection (Arboretum Explorer)
Schizophragma hydrangeoides,Japanese Climbing Hydrangea,,Hydrangeaceae,Schizophragma,Vine,4.9,Arnold Arboretum living collection (Arboretum Explorer)
Schizophragma hydrangeoides 'Moonlight',Cultivar of Japanese Hydrangea Vine,,Hydrangeaceae,Schizophragma,Vine,,Arnold Arboretum living collection (Arboretum Explorer)
Schizophragma hydrangeoides 'Roseum',Cultivar of Japanese Hydrangea Vine,,Hydrangeaceae,Schizophragma,Vine,,Arnold Arboretum living collection (Arboretum Explorer)
Schizophragma hydrangeoides var. hydrangeoides,Japanese Hydrangea Vine,,Hydrangeaceae,Schizophragma,Vine,,Arnold Arboretum living collection (Arboretum Explorer)
Sciadopitys verticillata,Umbrella Pine,,Sciadopityaceae,Sciadopitys,Tree,,Arnold Arboretum living collection (Arboretum Explorer)
Securigera varia,Purple Crown Vetch,|Coronilla varia|,Fabaceae,Securigera,Herbaceous,,Arnold Arboretum living collection (Arboretum Explorer)
Senna hebecarpa,Northern Wild Senna,,Fabaceae,Senna,Herbaceous,,Arnold Arboretum living collection (Arboretum Explorer)
Sequoia sempervirens,Coast Redwood,,Cupressaceae,Sequoia,Tree,,Arnold Arboretum living collection (Arboretum Explorer)
Sequoiadendron giganteum,Giant Sequoia,,Cupressaceae,Sequoiadendron,Tree,23.0,Arnold Arboretum living collection (Arboretum Explorer)
Sequoiadendron giganteum 'Hazel Smith',Cultivar of Sierra Redwood,,Cupressaceae,Sequoiadendron,Tree,,Arnold Arboretum living collection (Arboretum Explorer)
Sequoiadendron giganteum 'Idaho Endurance',,,Cupressaceae,Sequoiadendron,Tree,3.3,Arnold Arboretum living collection (Arboretum Explorer)
Sericocarpus asteroides,Toothed White-Topped Aster,,Asteraceae,Sericocarpus,Herbaceous,,Arnold Arboretum living collection (Arboretum Explorer)
Sericocarpus linifolius,Narrow-Leaf White-Topped Aster,,Asteraceae,Sericocarpus,Herbaceous,,Arnold Arboretum living collection (Arboretum Explorer)
Shepherdia argentea,Silver Buffaloberry,,Elaeagnaceae,Shepherdia,Intermediate (shrub/tree),,Arnold Arboretum living collection (Arboretum Explorer)
Shibataea kumasaca,Kuma Bamboo,,Poaceae,Shibataea,Herbaceous,3.9,Arnold Arboretum living collection (Arboretum Explorer)
Sibbaldiopsis tridentata,Three-Toothed Cinquefoil,|Potentilla tridentata|,Rosaceae,Sibbaldiopsis,Herbaceous,0.8,Arnold Arboretum living collection (Arboretum Explorer)
Sibbaldiopsis tridentata 'White Cloud',Cultivar of Three-Toothed Cinquefoil,,Rosaceae,Sibbaldiopsis,Herbaceous,,Arnold Arboretum living collection (Arboretum Explorer)
Sibiraea angustata,,|Sibiraea laevigata var. angustata|Sibiraea argutata|,Rosaceae,Sibiraea,Shrub,1.0,Arnold Arboretum living collection (Arboretum Explorer)
Sibiraea laevigata,,|Sibiraea altaiensis|Sibiraea laevigata var. croatica|,Rosaceae,Sibiraea,Shrub,,Arnold Arboretum living collection (Arboretum Explorer)
Sideroxylon lanuginosum ssp. oblongifolium,Gum Bully,|Bumelia lanuginosa var. oblongifolia|Bumelia lanuginosa ssp. lanuginosa var. oblongifolia|,Sapotaceae,Sideroxylon,Tree,,Arnold Arboretum living collection (Arboretum Explorer)
Silene polypetala x virginica,,,Caryophyllaceae,Silene,,,Arnold Arboretum living collection (Arboretum Explorer)
Sinarundinaria nitida 'Eisenach',,,Poaceae,Sinarundinaria,,,Arnold Arboretum living collection (Arboretum Explorer)
Sinojackia rehderiana,,,Styracaceae,Sinojackia,Intermediate (shrub/tree),,Arnold Arboretum living collection (Arboretum Explorer)
Sinojackia xylocarpa,,,Styracaceae,Sinojackia,Tree,18.7,Arnold Arboretum living collection (Arboretum Explorer)
Sinowilsonia henryi,,,Hamamelidaceae,Sinowilsonia,Tree,8.2,Arnold Arboretum living collection (Arboretum Explorer)
Skimmia japonica,Japanese Skimmia,,Rutaceae,Skimmia,Shrub,,Arnold Arboretum living collection (Arboretum Explorer)
Smilax hispida,Bristly Greenbrier,|Smilax tamnoides|,Smilacaceae,Smilax,Vine,,Arnold Arboretum living collection (Arboretum Explorer)
Smilax rotundifolia,Common Greenbrier,|Smilax rotundifolia var. quadrangularis|Smilax quadrangulata|,Smilacaceae,Smilax,Vine,2.0,Arnold Arboretum living collection (Arboretum Explorer)
Smilax sieboldii,Siebold Greenbrier,|Smilax sieboldii var. inermis|,Smilacaceae,Smilax,Vine,,Arnold Arboretum living collection (Arboretum Explorer)
Solidago bicolor,White Goldenrod,,Asteraceae,Solidago,Herbaceous,,Arnold Arboretum living collection (Arboretum Explorer)
Solidago caesia,Axillary Goldenrod,,Asteraceae,Solidago,Herbaceous,,Arnold Arboretum living collection (Arboretum Explorer)
Solidago caesia var. caesia,Axillary Goldenrod,,Asteraceae,Solidago,Herbaceous,,Arnold Arboretum living collection (Arboretum Explorer)
Solidago flexicaulis,Zig-Zag Goldenrod,,Asteraceae,Solidago,Herbaceous,,Arnold Arboretum living collection (Arboretum Explorer)
Solidago juncea,Early Goldenrod,,Asteraceae,Solidago,Herbaceous,,Arnold Arboretum living collection (Arboretum Explorer)
Solidago nemoralis,Gray Goldenrod,,Asteraceae,Solidago,Herbaceous,,Arnold Arboretum living collection (Arboretum Explorer)
Solidago odora var. odora,anise-scented goldenrod,,Asteraceae,Solidago,Herbaceous,,Arnold Arboretum living collection (Arboretum Explorer)
Solidago puberula,Downy Goldendrod,,Asteraceae,Solidago,Herbaceous,,Arnold Arboretum living collection (Arboretum Explorer)
Solidago rugosa,Rough-Stemmed Goldenrod,,Asteraceae,Solidago,Herbaceous,,Arnold Arboretum living collection (Arboretum Explorer)
Sophora davidii,,|Sophora viciifolia|Sophora vicifolia|Caragana chamlagu|,Fabaceae,Sophora,Intermediate (shrub/tree),8.5,Arnold Arboretum living collection (Arboretum Explorer)
Sorbaria kirilowii,Chinese Sorbaria,|Sorbaria arborea|Sorbaria assurgens|Sorbaria arborea var. glabrata|Sorbaria arborea var. subtomentosa|Spiraea assurgens|,Rosaceae,Sorbaria,Shrub,19.0,Arnold Arboretum living collection (Arboretum Explorer)
Sorbaria sorbifolia,Siberian Flase Spirea,|Spiraea sorbifolia|,Rosaceae,Sorbaria,Shrub,,Arnold Arboretum living collection (Arboretum Explorer)
Sorbaria sorbifolia forma glandulosa,Variety of Ural False-spirea,,Rosaceae,Sorbaria,Shrub,5.6,Arnold Arboretum living collection (Arboretum Explorer)
Sorbaria sorbifolia var. stellipila,Starry Siberian Flase Spirea,|Sorbaria stellipila|,Rosaceae,Sorbaria,Shrub,3.9,Arnold Arboretum living collection (Arboretum Explorer)
Sorbaria sp.,,,Rosaceae,Sorbaria,Tree,5.6,Arnold Arboretum living collection (Arboretum Explorer)
Sorbaria tomentosa,Himalayan Sorbaria,|Sorbaria lindleyana|,Rosaceae,Sorbaria,Shrub,4.3,Arnold Arboretum living collection (Arboretum Explorer)
Sorbaria x (x Sorbocotoneaster pozdnjakovii),,|Sorbaria x (x Sorbocotoneaster pozdjakovii)|,Rosaceae,Sorbaria,,,Arnold Arboretum living collection (Arboretum Explorer)
Sorbus 'Carpet of Gold',,,Rosaceae,Sorbus,,,Arnold Arboretum living collection (Arboretum Explorer)
Sorbus 'Hillings Spire',,,Rosaceae,Sorbus,,14.0,Arnold Arboretum living collection (Arboretum Explorer)
Sorbus 'Jackman's Crimson',,,Rosaceae,Sorbus,Tree,,Arnold Arboretum living collection (Arboretum Explorer)
Sorbus 'Wilfrid Fox',Cultivar of Sorbus,,Rosaceae,Sorbus,Tree,,Arnold Arboretum living collection (Arboretum Explorer)
Sorbus alnifolia,Densehead Mountain Ash,|Aria alnifolia|Sorbus alnifolia var. submollis|,Rosaceae,Sorbus,Tree,,Arnold Arboretum living collection (Arboretum Explorer)
"Sorbus alnifolia ""Columnar Form""",,,Rosaceae,Sorbus,Tree,,Arnold Arboretum living collection (Arboretum Explorer)
Sorbus alnifolia 'Rigida',Cultivar of Densehead Mountain-ash,,Rosaceae,Sorbus,Tree,,Arnold Arboretum living collection (Arboretum Explorer)
Sorbus alnifolia var. lasiocarpa,,,Rosaceae,Sorbus,Tree,,Arnold Arboretum living collection (Arboretum Explorer)
Sorbus americana,American Mountain Ash,|Pyrus americana|,Rosaceae,Sorbus,Intermediate (shrub/tree),7.2,Arnold Arboretum living collection (Arboretum Explorer)
Sorbus amurensis,,|Sorbus pohuashanensis|,Rosaceae,Sorbus,Tree,4.0,Arnold Arboretum living collection (Arboretum Explorer)
Sorbus aria,Common Whitebeam,|Pyrus aria|Sorbus majestica|,Rosaceae,Sorbus,Tree,,Arnold Arboretum living collection (Arboretum Explorer)
Sorbus aria var. salicifolia,Willowleaf Whitebeam Mountain-ash,|Sorbus salicifolia|Sorbus rupicola|,Rosaceae,Sorbus,Tree,,Arnold Arboretum living collection (Arboretum Explorer)
Sorbus arnoldiana x alnifolia,,,Rosaceae,Sorbus,Tree,,Arnold Arboretum living collection (Arboretum Explorer)
Sorbus aucuparia,European Mountain Ash,|Pyrus aucuparia|Sorbus boissieri|Sorbus glabrata|Sorbus caucasigena|,Rosaceae,Sorbus,Tree,4.8,Arnold Arboretum living collection (Arboretum Explorer)
Sorbus aucuparia 'Aspleniifolia',Cutleaf European Mountain-ash,|Sorbus aucuparia forma asplenifolia|Sorbus aucuparia forma laciniata|,Rosaceae,Sorbus,Tree,,Arnold Arboretum living collection (Arboretum Explorer)
Sorbus aucuparia 'Beissneri',Cultivar of European Mountain Ash,|Sorbus aucuparia forma beissneri|,Rosaceae,Sorbus,Tree,,Arnold Arboretum living collection (Arboretum Explorer)
Sorbus aucuparia 'Cardinal Royal',Cultivar of European Mountain-ash,,Rosaceae,Sorbus,Tree,,Arnold Arboretum living collection (Arboretum Explorer)
Sorbus aucuparia 'Cole's Columnar',Cultivar of European Mountain-ash,,Rosaceae,Sorbus,Tree,,Arnold Arboretum living collection (Arboretum Explorer)
Sorbus aucuparia 'Pendula Variegata',Cultivar of European Mountain-ash,,Rosaceae,Sorbus,Tree,15.0,Arnold Arboretum living collection (Arboretum Explorer)
Sorbus aucuparia 'Sheerwater Seedling',Cultivar of European Mountain-ash,,Rosaceae,Sorbus,Tree,,Arnold Arboretum living collection (Arboretum Explorer)
Sorbus aucuparia ssp. sibirica,Variety of European Mountain-ash,|Sorbus sibirica|,Rosaceae,Sorbus,Tree,,Arnold Arboretum living collection (Arboretum Explorer)
Sorbus aucuparia var. edulis,Moravian Mountain-ash,|Sorbus aucuparia var. dulcis|Sorbus aucuparia var. moravica|Sorbus aucuparia 'Edulis'|,Rosaceae,Sorbus,Tree,,Arnold Arboretum living collection (Arboretum Explorer)
Sorbus aucuparia var. rossica,Russian Mountain-ash,|Sorbus aucuparia 'Rossica'|,Rosaceae,Sorbus,Tree,,Arnold Arboretum living collection (Arboretum Explorer)
Sorbus cashmiriana,Kashmir Mountain Ash,,Rosaceae,Sorbus,Tree,,Arnold Arboretum living collection (Arboretum Explorer)
Sorbus commixta,Asian Mountain Ash,|Sorbus wilfordii|Sorbus aucuparia var. japonica|Sorbus serotina|,Rosaceae,Sorbus,Tree,,Arnold Arboretum living collection (Arboretum Explorer)
Sorbus commixta var. rufoferruginea,,|Sorbus rufoferruginea|,Rosaceae,Sorbus,Tree,,Arnold Arboretum living collection (Arboretum Explorer)
Sorbus commixta x aucuparia,,,Rosaceae,Sorbus,,,Arnold Arboretum living collection (Arboretum Explorer)
Sorbus decora,Northern Mountain Ash,,Rosaceae,Sorbus,Intermediate (shrub/tree),3.0,Arnold Arboretum living collection (Arboretum Explorer)
Sorbus decora 'Nana',Cultivar of Showy Mountain-ash,|Sorbus decora var. nana|Sorbus scopulina|,Rosaceae,Sorbus,Shrub,7.4,Arnold Arboretum living collection (Arboretum Explorer)
Sorbus devoniensis,Devon Whitebeam,,Rosaceae,Sorbus,Tree,,Arnold Arboretum living collection (Arboretum Explorer)
Sorbus discolor,Snowberry Mountain Ash,|Pyrus discolor|Pyrus pekinensis|Sorbus pekinensis|Sorbus discolor var. pekinensis|Pyrus aucuparia var. discolor|,Rosaceae,Sorbus,Tree,,Arnold Arboretum living collection (Arboretum Explorer)
Sorbus domestica,Servicetree,|Pyrus domestica|,Rosaceae,Sorbus,Tree,,Arnold Arboretum living collection (Arboretum Explorer)
Sorbus esserteauiana,Chinese Mountain Ash,,Rosaceae,Sorbus,Intermediate (shrub/tree),,Arnold Arboretum living collection (Arboretum Explorer)
Sorbus esserteauiana hybrid,,,Rosaceae,Sorbus,Tree,,Arnold Arboretum living collection (Arboretum Explorer)
Sorbus esserteauiana x aucuparia,,,Rosaceae,Sorbus,,,Arnold Arboretum living collection (Arboretum Explorer)
Sorbus forrestii,Forrest's Mountain Ash,,Rosaceae,Sorbus,Tree,,Arnold Arboretum living collection (Arboretum Explorer)
Sorbus gayeriana,,,Rosaceae,Sorbus,,,Arnold Arboretum living collection (Arboretum Explorer)
Sorbus hemsleyi,,|Sorbus xanthoneura|Aria hemsleyi|,Rosaceae,Sorbus,Intermediate (shrub/tree),,Arnold Arboretum living collection (Arboretum Explorer)
Sorbus hupehensis,Hubei Mountain Ash,,Rosaceae,Sorbus,Tree,,Arnold Arboretum living collection (Arboretum Explorer)
Sorbus hybrida,Oakleaf Mountain Ash,|Sorbus hybrida 'Meinichii'|Sorbus hybrida var. meinichii|Sorbus x meinichii|,Rosaceae,Sorbus,Tree,4.3,Arnold Arboretum living collection (Arboretum Explorer)
Sorbus hybrida 'Gibbsii',Cultivar of Oakleaf Mountain-ash,,Rosaceae,Sorbus,Tree,,Arnold Arboretum living collection (Arboretum Explorer)
Sorbus hybrida var. serrata,Variety of Oakleaf Mountain-ash,,Rosaceae,Sorbus,Tree,,Arnold Arboretum living collection (Arboretum Explorer)
Sorbus intermedia,Swedish Whitebeam,|Pyrus intermedia|Sorbus scandica|,Rosaceae,Sorbus,Tree,,Arnold Arboretum living collection (Arboretum Explorer)
Sorbus intermedia var. minima,Variety of Swedish Mountain-ash,|Sorbus minima|Pyrus minima|,Rosaceae,Sorbus,Shrub,,Arnold Arboretum living collection (Arboretum Explorer)
Sorbus intermedia var. pinnatifolia,Variety of Swedish Mountain-ash,,Rosaceae,Sorbus,Tree,,Arnold Arboretum living collection (Arboretum Explorer)
Sorbus japonica,Japanese Mountain-ash,|Aria japonica|,Rosaceae,Sorbus,Tree,8.5,Arnold Arboretum living collection (Arboretum Explorer)
Sorbus koehneana,Koehne Mountain Ash,,Rosaceae,Sorbus,Intermediate (shrub/tree),,Arnold Arboretum living collection (Arboretum Explorer)
Sorbus lancifolia,,,Rosaceae,Sorbus,Shrub,,Arnold Arboretum living collection (Arboretum Explorer)
Sorbus latifolia agg.,,,Rosaceae,Sorbus,Tree,,Arnold Arboretum living collection (Arboretum Explorer)
Sorbus leyana,Ley's Whitebeam,|Sorbus leyanus|,Rosaceae,Sorbus,Intermediate (shrub/tree),,Arnold Arboretum living collection (Arboretum Explorer)
Sorbus megalocarpa,,,Rosaceae,Sorbus,Intermediate (shrub/tree),1.6,Arnold Arboretum living collection (Arboretum Explorer)
Sorbus megalocarpa var. cuneata,,|Aria megalocarpa var. cuneata|,Rosaceae,Sorbus,Intermediate (shrub/tree),,Arnold Arboretum living collection (Arboretum Explorer)
Sorbus mougeotii,Mougeot's Whitebeam,,Rosaceae,Sorbus,Tree,,Arnold Arboretum living collection (Arboretum Explorer)
Sorbus oligodonta,,|Sorbus glabrescens|,Rosaceae,Sorbus,Tree,,Arnold Arboretum living collection (Arboretum Explorer)
Sorbus pohuashanensis,Species of Mountain-ash,|Sorbus amurensis|Syringa vulgaris 'Prinzessin Klotilde'|,Rosaceae,Sorbus,Tree,6.9,Arnold Arboretum living collection (Arboretum Explorer)
Sorbus prattii,Pratt Mountain Ash,,Rosaceae,Sorbus,Shrub,,Arnold Arboretum living collection (Arboretum Explorer)
Sorbus prattii var. prattii,Pratt Mountain-ash,|Sorbus prattii forma tatsienensis|Sorbus pratti subarachnoidea|Sorbus munda|,Rosaceae,Sorbus,Tree,,Arnold Arboretum living collection (Arboretum Explorer)
Sorbus randaiensis,,,Rosaceae,Sorbus,Tree,,Arnold Arboretum living collection (Arboretum Explorer)
Sorbus rehderiana,Rehder Mountain Ash,,Rosaceae,Sorbus,Intermediate (shrub/tree),,Arnold Arboretum living collection (Arboretum Explorer)
Sorbus sambucifolia var. pseudogracilis,,,Rosaceae,Sorbus,Shrub,,Arnold Arboretum living collection (Arboretum Explorer)
Sorbus scopulina,Cascade Mountain Ash,|Sorbus cascadensis|Sorbus dumosa|Sorbus decora 'Nana'|Sorbus decora var. nana|Sorbus scopulina var. cascadensis|Sorbus scopulina var. scopulina|Sorbus angustifolia|,Rosaceae,Sorbus,Shrub,11.5,Arnold Arboretum living collection (Arboretum Explorer)
Sorbus simonkaiana,Species of Mountain-ash,,Rosaceae,Sorbus,Tree,,Arnold Arboretum living collection (Arboretum Explorer)
Sorbus sp.,,,Rosaceae,Sorbus,Tree,,Arnold Arboretum living collection (Arboretum Explorer)
Sorbus sudetica,,,Rosaceae,Sorbus,,,Arnold Arboretum living collection (Arboretum Explorer)
Sorbus torminalis,Wild Service Tree,|Sorbus terminalis|,Rosaceae,Sorbus,Tree,,Arnold Arboretum living collection (Arboretum Explorer)
Sorbus tsinlingensis,Tsinling Mountain Ash,|Aria tsinlingensis|,Rosaceae,Sorbus,Tree,2.0,Arnold Arboretum living collection (Arboretum Explorer)
Sorbus umbellata,,,Rosaceae,Sorbus,Intermediate (shrub/tree),,Arnold Arboretum living collection (Arboretum Explorer)
Sorbus x arnoldiana,Arnold Mountain Ash,,Rosaceae,Sorbus,Tree,8.2,Arnold Arboretum living collection (Arboretum Explorer)
Sorbus x hostii,Host's Mountain Ash,,Rosaceae,Sorbus,Shrub,,Arnold Arboretum living collection (Arboretum Explorer)
Sorbus x pseudovertesensis,,,Rosaceae,Sorbus,Tree,,Arnold Arboretum living collection (Arboretum Explorer)
Sorbus x thuringiaca 'Fastigiata',Cultivar of Mountain-ash,|Sorbus hybrida forma fastigiata|,Rosaceae,Sorbus,Tree,,Arnold Arboretum living collection (Arboretum Explorer)
Sorbus yuana,,|Aria yuana|,Rosaceae,Sorbus,Tree,8.0,Arnold Arboretum living collection (Arboretum Explorer)
Sorghastrum nutans,Indian Grass,,Poaceae,Sorghastrum,Herbaceous,,Arnold Arboretum living collection (Arboretum Explorer)
Spartina pectinata,Prairie Cordgrass,,Poaceae,Spartina,Herbaceous,,Arnold Arboretum living collection (Arboretum Explorer)
Spiraea 'Goldmound',,,Rosaceae,Spiraea,Shrub,,Arnold Arboretum living collection (Arboretum Explorer)
Spiraea alba,Eastern Meadowsweet,,Rosaceae,Spiraea,Shrub,5.6,Arnold Arboretum living collection (Arboretum Explorer)
Spiraea arcuata,,,Rosaceae,Spiraea,Shrub,,Arnold Arboretum living collection (Arboretum Explorer)
Spiraea bella,Himalayan Spirea,|Spiraea expansa|Spiraea fastigiata|,Rosaceae,Spiraea,Shrub,5.6,Arnold Arboretum living collection (Arboretum Explorer)
Spiraea betulifolia,Birchleaf Spirea,,Rosaceae,Spiraea,Shrub,3.3,Arnold Arboretum living collection (Arboretum Explorer)
Spiraea betulifolia 'Rosabella',Hybrid of Birchleaf Spirea,|Spiraea x rosabella|,Rosaceae,Spiraea,Shrub,,Arnold Arboretum living collection (Arboretum Explorer)
Spiraea betulifolia var. aemiliana,Variety of Birchleaf Spirea,|Spiraea beauverdiana|,Rosaceae,Spiraea,Shrub,,Arnold Arboretum living collection (Arboretum Explorer)
Spiraea betulifolia var. corymbosa,,|Spiraea corymbosa|,Rosaceae,Spiraea,,,Arnold Arboretum living collection (Arboretum Explorer)
Spiraea betulifolia var. lucida,,|Spiraea corymbosa var. lucida|Spiraea lucida|,Rosaceae,Spiraea,Shrub,2.0,Arnold Arboretum living collection (Arboretum Explorer)
Spiraea blumei,Blume Spirea,,Rosaceae,Spiraea,Shrub,,Arnold Arboretum living collection (Arboretum Explorer)
Spiraea blumei var. pubescens,,|Spiraea sikokualpina|,Rosaceae,Spiraea,Shrub,5.6,Arnold Arboretum living collection (Arboretum Explorer)
Spiraea cana x thunbergii,,,Rosaceae,Spiraea,Shrub,2.6,Arnold Arboretum living collection (Arboretum Explorer)
Spiraea canescens,Hoary Spirea,|Spiraea flagelliformis|,Rosaceae,Spiraea,Shrub,10.5,Arnold Arboretum living collection (Arboretum Explorer)
Spiraea cantoniensis,Reeve's Meadowsweet,|Spiraea reevesiana|Spiraea reevesiana|,Rosaceae,Spiraea,Shrub,6.9,Arnold Arboretum living collection (Arboretum Explorer)
Spiraea cf. hypericifolia,,,Rosaceae,Spiraea,Shrub,,Arnold Arboretum living collection (Arboretum Explorer)
Spiraea chamaedryfolia,Germander Meadowsweet,,Rosaceae,Spiraea,Shrub,4.9,Arnold Arboretum living collection (Arboretum Explorer)
Spiraea chamaedryfolia var. ulmifolia,Germander Meadowsweet,|Spiraea ulmifolia|Spiraea chamaedryfolia var. pilosa|,Rosaceae,Spiraea,Shrub,3.6,Arnold Arboretum living collection (Arboretum Explorer)
Spiraea chinensis,,,Rosaceae,Spiraea,Shrub,5.9,Arnold Arboretum living collection (Arboretum Explorer)
Spiraea crenata,Snow Spirea,,Rosaceae,Spiraea,Shrub,4.6,Arnold Arboretum living collection (Arboretum Explorer)
Spiraea decumbens,,,Rosaceae,Spiraea,Shrub,,Arnold Arboretum living collection (Arboretum Explorer)
Spiraea densiflora var. splendens,,|Spiraea splendens|,Rosaceae,Spiraea,Shrub,,Arnold Arboretum living collection (Arboretum Explorer)
Spiraea douglasii,Western Hardhack,,Rosaceae,Spiraea,Shrub,,Arnold Arboretum living collection (Arboretum Explorer)
Spiraea douglasii var. douglasii,Douglas Spirea,,Rosaceae,Spiraea,Shrub,,Arnold Arboretum living collection (Arboretum Explorer)
Spiraea douglasii var. menziesii,Menzies Spirea,|Spiraea menziesii|,Rosaceae,Spiraea,Shrub,4.9,Arnold Arboretum living collection (Arboretum Explorer)
Spiraea formosana,,,Rosaceae,Spiraea,Shrub,,Arnold Arboretum living collection (Arboretum Explorer)
Spiraea fritschiana,,,Rosaceae,Spiraea,Shrub,3.9,Arnold Arboretum living collection (Arboretum Explorer)
Spiraea henryi,Henry Spirea,,Rosaceae,Spiraea,Shrub,11.8,Arnold Arboretum living collection (Arboretum Explorer)
Spiraea hypericifolia,,,Rosaceae,Spiraea,Shrub,,Arnold Arboretum living collection (Arboretum Explorer)
Spiraea japonica,Japanese Spirea,|Spiraea x bumalda|Spiraea callosa|Spiraea japonica forma bumalda|Spiraea pumila|Spiraea bullata|Spiraea callosa var. glabra|Spiraea microgyna|Spiraea x lemoinei|,Rosaceae,Spiraea,Shrub,5.2,Arnold Arboretum living collection (Arboretum Explorer)
Spiraea japonica 'Alba Nana',Cultivar of Japanese Spirea,,Rosaceae,Spiraea,Shrub,,Arnold Arboretum living collection (Arboretum Explorer)
Spiraea japonica 'Alpina',Cultivar of Japanese Spirea,|Spiraea japonica 'Little Princess'|,Rosaceae,Spiraea,Shrub,,Arnold Arboretum living collection (Arboretum Explorer)
Spiraea japonica 'Anthony Waterer',,|Spiraea x bumalda 'Anthony Waterer'|,Rosaceae,Spiraea,Shrub,,Arnold Arboretum living collection (Arboretum Explorer)
Spiraea japonica 'Atrosanguinea',Mikado Spirea,|Spiraea japonica forma atrosanguinea|,Rosaceae,Spiraea,Shrub,,Arnold Arboretum living collection (Arboretum Explorer)
Spiraea japonica 'Coccinea',,|Spiraea x bumalda 'Coccinea'|Spiraea coccinea|Spiraea japonica var. coccinea|,Rosaceae,Spiraea,,,Arnold Arboretum living collection (Arboretum Explorer)
Spiraea japonica 'Goldflame',Cultivar of Japanese Spiraea,|Spiraea x bumalda 'Gold Flame'|Spiraea x bumalda 'Goldflame'|,Rosaceae,Spiraea,Shrub,3.6,Arnold Arboretum living collection (Arboretum Explorer)
Spiraea japonica 'Shirobana',Cultivar of Japanese Spiraea,|Spiraea x bumalda 'Shibori'|,Rosaceae,Spiraea,Shrub,2.6,Arnold Arboretum living collection (Arboretum Explorer)
Spiraea japonica forma albiflora,White-Flowered form of Japanese Spirea,|Spiraea japonica var. alba|Spiraea albiflora|Spiraea x bumalda 'Alba'|Spiraea callosa var. alba|,Rosaceae,Spiraea,,,Arnold Arboretum living collection (Arboretum Explorer)
Spiraea japonica var. acuminata,Variety of Japanese Spirea,|Spiraea bodinieri|Spiraea esquirolii|,Rosaceae,Spiraea,Shrub,3.6,Arnold Arboretum living collection (Arboretum Explorer)
Spiraea latifolia,Broad-Leaved Meadowsweet,|Spiraea alba var. latifolia|Spiraea latifolia var. septentrionalis|Spiraea salicifolia var. bethlehemensis|Spiraea bethlehemensis var. rubra|,Rosaceae,Spiraea,Shrub,5.6,Arnold Arboretum living collection (Arboretum Explorer)
Spiraea longigemmis,,,Rosaceae,Spiraea,Shrub,5.6,Arnold Arboretum living collection (Arboretum Explorer)
Spiraea martini,,,Rosaceae,Spiraea,Shrub,,Arnold Arboretum living collection (Arboretum Explorer)
Spiraea media,,,Rosaceae,Spiraea,Shrub,6.2,Arnold Arboretum living collection (Arboretum Explorer)
Spiraea media forma glabrescens,,,Rosaceae,Spiraea,Shrub,6.9,Arnold Arboretum living collection (Arboretum Explorer)
Spiraea miyabei,Miyabe Spirea,|Spiraea sylvestris|,Rosaceae,Spiraea,Shrub,,Arnold Arboretum living collection (Arboretum Explorer)
Spiraea miyabei var. glabrata,Variety of Miyabe Spirea,,Rosaceae,Spiraea,Shrub,,Arnold Arboretum living collection (Arboretum Explorer)
Spiraea mollifolia,Species of Spirea,,Rosaceae,Spiraea,Shrub,5.9,Arnold Arboretum living collection (Arboretum Explorer)
Spiraea mongolica,,|Spiraea lasiocarpa|,Rosaceae,Spiraea,Shrub,,Arnold Arboretum living collection (Arboretum Explorer)
Spiraea myrtilloides var. myrtilloides,,|Spiraea virgata|,Rosaceae,Spiraea,Shrub,12.5,Arnold Arboretum living collection (Arboretum Explorer)
Spiraea nervosa,,,Rosaceae,Spiraea,Shrub,,Arnold Arboretum living collection (Arboretum Explorer)
Spiraea nipponica,Nippon Spirea,,Rosaceae,Spiraea,Shrub,5.9,Arnold Arboretum living collection (Arboretum Explorer)
Spiraea nipponica var. rotundifolia,Big Nippon Spirea,|Spiraea nipponica var. nipponica|,Rosaceae,Spiraea,Shrub,7.5,Arnold Arboretum living collection (Arboretum Explorer)
Spiraea nipponica var. tosaensis,Variety of Nippon Spirea,|Spiraea tosaensis|,Rosaceae,Spiraea,Shrub,5.9,Arnold Arboretum living collection (Arboretum Explorer)
Spiraea prunifolia,Double Bridalwreath Spirea,,Rosaceae,Spiraea,Shrub,3.9,Arnold Arboretum living collection (Arboretum Explorer)
Spiraea prunifolia var. simpliciflora,Bridalwreath Spirea,|Spiraea prunifolia forma simpliciflora|,Rosaceae,Spiraea,Shrub,11.5,Arnold Arboretum living collection (Arboretum Explorer)
Spiraea pubescens,Species of Spirea,,Rosaceae,Spiraea,Shrub,3.9,Arnold Arboretum living collection (Arboretum Explorer)
Spiraea salicifolia,Willowleaf Meadowsweet,|Spiraea humilis|Spiraea salicifolia acutifolia|,Rosaceae,Spiraea,Shrub,4.9,Arnold Arboretum living collection (Arboretum Explorer)
Spiraea sargentiana,Sargent Spirea,,Rosaceae,Spiraea,Shrub,12.5,Arnold Arboretum living collection (Arboretum Explorer)
Spiraea sp.,,,Rosaceae,Spiraea,Shrub,,Arnold Arboretum living collection (Arboretum Explorer)
Spiraea splendens var. rosea,,|Spiraea arbuscula|Spiraea lucida var. rosea|Spiraea densiflora|,Rosaceae,Spiraea,Shrub,,Arnold Arboretum living collection (Arboretum Explorer)
Spiraea thunbergii,Thunberg's Meadowsweet,,Rosaceae,Spiraea,Shrub,,Arnold Arboretum living collection (Arboretum Explorer)
Spiraea tomentosa,Steeplebush,,Rosaceae,Spiraea,Shrub,5.9,Arnold Arboretum living collection (Arboretum Explorer)
Spiraea trichocarpa,Korean Spirea,,Rosaceae,Spiraea,Shrub,,Arnold Arboretum living collection (Arboretum Explorer)
Spiraea trilobata,Threelobed Spirea,|Spiraea triloba|,Rosaceae,Spiraea,Shrub,,Arnold Arboretum living collection (Arboretum Explorer)
Spiraea veitchii,Veitch Spirea,,Rosaceae,Spiraea,Shrub,12.1,Arnold Arboretum living collection (Arboretum Explorer)
Spiraea velutina,,,Rosaceae,Spiraea,Shrub,,Arnold Arboretum living collection (Arboretum Explorer)
Spiraea virginiana,Virginia Spirea,,Rosaceae,Spiraea,Shrub,7.9,Arnold Arboretum living collection (Arboretum Explorer)
Spiraea virginiana forma serrulata,Form of Virginia Spirea,,Rosaceae,Spiraea,Shrub,6.9,Arnold Arboretum living collection (Arboretum Explorer)
Spiraea wilsonii,Wilson Spirea,,Rosaceae,Spiraea,Shrub,13.1,Arnold Arboretum living collection (Arboretum Explorer)
Spiraea x arguta,Garland Spiraea,,Rosaceae,Spiraea,Shrub,7.5,Arnold Arboretum living collection (Arboretum Explorer)
Spiraea x arguta 'Compacta',Cultivar of Garland Spiraea,,Rosaceae,Spiraea,Shrub,6.2,Arnold Arboretum living collection (Arboretum Explorer)
Spiraea x billardii,Billiard Spirea,,Rosaceae,Spiraea,Shrub,,Arnold Arboretum living collection (Arboretum Explorer)
Spiraea x blanda,Bunny Spirea,,Rosaceae,Spiraea,Shrub,5.9,Arnold Arboretum living collection (Arboretum Explorer)
Spiraea x cinerea,,,Rosaceae,Spiraea,Shrub,,Arnold Arboretum living collection (Arboretum Explorer)
Spiraea x cinerea 'Grefsheim',Cultivar of Spiraea,|Spiraea x cinerea 'Grefsteinii'|,Rosaceae,Spiraea,Shrub,5.9,Arnold Arboretum living collection (Arboretum Explorer)
Spiraea x fontenaysii,White Fontenays Spirea,|Spiraea x fontenaysii forma alba|,Rosaceae,Spiraea,Shrub,,Arnold Arboretum living collection (Arboretum Explorer)
Spiraea x fontenaysii 'Rosea',Rosy Fontenays Spirea,|Spiraea x fontenaysii forma rosea|,Rosaceae,Spiraea,Shrub,,Arnold Arboretum living collection (Arboretum Explorer)
Spiraea x pachystachys,,,Rosaceae,Spiraea,Shrub,,Arnold Arboretum living collection (Arboretum Explorer)
Spiraea x pikoviensis,Pikow Spirea,,Rosaceae,Spiraea,Shrub,,Arnold Arboretum living collection (Arboretum Explorer)
Spiraea x revirescens,Everblooming Spirea,,Rosaceae,Spiraea,Shrub,4.2,Arnold Arboretum living collection (Arboretum Explorer)
Spiraea x schinabeckii,Arch Spirea,,Rosaceae,Spiraea,Shrub,,Arnold Arboretum living collection (Arboretum Explorer)
Spiraea x superba,Striped Spirea,,Rosaceae,Spiraea,Shrub,,Arnold Arboretum living collection (Arboretum Explorer)
Spiraea x syringiflora,Lilac Spirea,|Spiraea x semperflorens 'Syringaeflora'|,Rosaceae,Spiraea,Shrub,3.9,Arnold Arboretum living collection (Arboretum Explorer)
Spiraea x vanhouttei 'Meyeri Nana',Cultivar of Spiraea,,Rosaceae,Spiraea,Shrub,1.6,Arnold Arboretum living collection (Arboretum Explorer)
Sporobolus heterolepis,Prairie Dropseed,,Poaceae,Sporobolus,Herbaceous,0.7,Arnold Arboretum living collection (Arboretum Explorer)
Stachyurus chinensis,,,Stachyuraceae,Stachyurus,Shrub,3.6,Arnold Arboretum living collection (Arboretum Explorer)
Stachyurus praecox,,,Stachyuraceae,Stachyurus,Tree,7.5,Arnold Arboretum living collection (Arboretum Explorer)
Staphylea bumalda,Bumalda Bladdernut,,Staphyleaceae,Staphylea,Shrub,11.8,Arnold Arboretum living collection (Arboretum Explorer)
Staphylea colchica,Colchis Bladdernut,,Staphyleaceae,Staphylea,Shrub,,Arnold Arboretum living collection (Arboretum Explorer)
Staphylea colchica var. coulombieri,French Bladdernut,|Staphylea colchica 'Coulombieri'|Staphylea x coulombieri|,Staphyleaceae,Staphylea,Shrub,,Arnold Arboretum living collection (Arboretum Explorer)
Staphylea emodi,,,Staphyleaceae,Staphylea,Intermediate (shrub/tree),20.0,Arnold Arboretum living collection (Arboretum Explorer)
Staphylea holocarpa,Chinese Bladdernut,,Staphyleaceae,Staphylea,Intermediate (shrub/tree),6.6,Arnold Arboretum living collection (Arboretum Explorer)
Staphylea holocarpa var. rosea,Pink Chinese Bladdernut,,Staphyleaceae,Staphylea,Intermediate (shrub/tree),,Arnold Arboretum living collection (Arboretum Explorer)
Staphylea pinnata,European Bladdernut,,Staphyleaceae,Staphylea,Intermediate (shrub/tree),14.1,Arnold Arboretum living collection (Arboretum Explorer)
Staphylea sp.,,,Staphyleaceae,Staphylea,Shrub,7.5,Arnold Arboretum living collection (Arboretum Explorer)
Staphylea trifolia,American Bladdernut,,Staphyleaceae,Staphylea,Shrub,13.8,Arnold Arboretum living collection (Arboretum Explorer)
Staphylea x elegans 'Hessei',Hesse Bladdernut,,Staphyleaceae,Staphylea,Shrub,,Arnold Arboretum living collection (Arboretum Explorer)
Stephanandra chinensis,,,Rosaceae,Stephanandra,Shrub,4.6,Arnold Arboretum living collection (Arboretum Explorer)
Stephanandra incisa,Cutleaf Stephanandra,|Stephanandra flexuosa|Neillia incisa|,Rosaceae,Stephanandra,Shrub,1.6,Arnold Arboretum living collection (Arboretum Explorer)
Stephanandra incisa 'Crispa',Cultivar of Cutleaf Stephanandra,,Rosaceae,Stephanandra,Shrub,4.9,Arnold Arboretum living collection (Arboretum Explorer)
Stephanandra sp.,,,Rosaceae,Stephanandra,,,Arnold Arboretum living collection (Arboretum Explorer)
Stephanandra tanakae,Yeddo Stephanandra,,Rosaceae,Stephanandra,Shrub,,Arnold Arboretum living collection (Arboretum Explorer)
Stewartia 'Scarlet Sentinel',Cultivar of Stewartia,|Stewartia 'Harvard Crimson'|,Theaceae,Stewartia,Tree,13.1,Arnold Arboretum living collection (Arboretum Explorer)
Stewartia gemmata,,,Theaceae,Stewartia,Tree,,Arnold Arboretum living collection (Arboretum Explorer)
Stewartia malacodendron,Round-Fruited Stewartia,,Theaceae,Stewartia,Intermediate (shrub/tree),4.6,Arnold Arboretum living collection (Arboretum Explorer)
Stewartia monadelpha,Himeshara,|Stewartia monodelpha|,Theaceae,Stewartia,Tree,,Arnold Arboretum living collection (Arboretum Explorer)
Stewartia ovata,Mountain Stewartia,,Theaceae,Stewartia,Shrub,13.1,Arnold Arboretum living collection (Arboretum Explorer)
Stewartia ovata var. grandiflora,Showy Mountain Stewartia,,Theaceae,Stewartia,Shrub,17.1,Arnold Arboretum living collection (Arboretum Explorer)
Stewartia ovata x pseudocamellia,,,Theaceae,Stewartia,Tree,,Arnold Arboretum living collection (Arboretum Explorer)
Stewartia pseudocamellia,Japanese Stewartia,|Stewartia koreana|Stewartia pseudocamellia var. koreana|Stewartia pseudocamellia 'Korean Splendor'|,Theaceae,Stewartia,Tree,,Arnold Arboretum living collection (Arboretum Explorer)
Stewartia rostrata,Upright Stewartia,,Theaceae,Stewartia,Tree,18.0,Arnold Arboretum living collection (Arboretum Explorer)
Stewartia rostrata 'Pink Satin',Cultivar of Upright Stewartia,,Theaceae,Stewartia,Tree,10.2,Arnold Arboretum living collection (Arboretum Explorer)
Stewartia rostrata (undetermined hybrid),,,Theaceae,Stewartia,Tree,,Arnold Arboretum living collection (Arboretum Explorer)
Stewartia sinensis,Chinese Stewartia,,Theaceae,Stewartia,Tree,14.8,Arnold Arboretum living collection (Arboretum Explorer)
Stewartia x henryae,Hybrid Stewartia,,Theaceae,Stewartia,Tree,,Arnold Arboretum living collection (Arboretum Explorer)
Streptopus lanceolatus,Lance-Leaved Twistedstalk,|Streptopus roseus|Streptopus roseus var. longipes|,Liliaceae,Streptopus,Herbaceous,3.0,Arnold Arboretum living collection (Arboretum Explorer)
Styphnolobium japonicum,Japanese Pagoda Tree,|Sophora japonica|,Fabaceae,Styphnolobium,Tree,,Arnold Arboretum living collection (Arboretum Explorer)
Styphnolobium japonicum 'Columnaris',Cultivar of Pagoda-Tree,|Sophora japonica 'Columnaris'|Sophora japonica 'Fastigiata'|,Fabaceae,Styphnolobium,Tree,,Arnold Arboretum living collection (Arboretum Explorer)
Styphnolobium japonicum 'Pendula',Cultivar of Pagoda-Tree,|Sophora japonica forma pendula|,Fabaceae,Styphnolobium,Tree,,Arnold Arboretum living collection (Arboretum Explorer)
Styphnolobium japonicum 'Violacea',Cultivar of Pagoda-Tree,|Sophora japonica 'Violacea'|,Fabaceae,Styphnolobium,Tree,,Arnold Arboretum living collection (Arboretum Explorer)
Styphnolobium japonicum forma oligophylla,,|Sophora japonica forma oligophylla|,Fabaceae,Styphnolobium,Tree,,Arnold Arboretum living collection (Arboretum Explorer)
Styrax americanus,American Snowbell,|Styrax americana|,Styracaceae,Styrax,Intermediate (shrub/tree),11.5,Arnold Arboretum living collection (Arboretum Explorer)
Styrax confusus,,|Styrax philadelphoides|,Styracaceae,Styrax,Tree,14.4,Arnold Arboretum living collection (Arboretum Explorer)
Styrax dasyanthus,,,Styracaceae,Styrax,Tree,5.2,Arnold Arboretum living collection (Arboretum Explorer)
Styrax hemsleyanus,,,Styracaceae,Styrax,Tree,12.5,Arnold Arboretum living collection (Arboretum Explorer)
Styrax japonicus,Japanese Snowbell,|Styrax japonica|Pterostyrax japonica|,Styracaceae,Styrax,Intermediate (shrub/tree),8.2,Arnold Arboretum living collection (Arboretum Explorer)
Styrax japonicus 'Angyo Dwarf',Cultivar of Japanese Snowbell,,Styracaceae,Styrax,Shrub,,Arnold Arboretum living collection (Arboretum Explorer)
Styrax japonicus 'Burgundy Moon',Cultivar of Japanese Snowbell,,Styracaceae,Styrax,Tree,5.9,Arnold Arboretum living collection (Arboretum Explorer)
Styrax japonicus 'Carillon',Cultivar of Japanese Snowbell,|Styrax japonicus 'Shidare'|,Styracaceae,Styrax,Tree,,Arnold Arboretum living collection (Arboretum Explorer)
Styrax japonicus 'Pink Chimes',,,Styracaceae,Styrax,Tree,,Arnold Arboretum living collection (Arboretum Explorer)
Styrax japonicus 'Sohuksan',,,Styracaceae,Styrax,Tree,4.9,Arnold Arboretum living collection (Arboretum Explorer)
Styrax obassia,Fragrant Snowbell,,Styracaceae,Styrax,Intermediate (shrub/tree),18.7,Arnold Arboretum living collection (Arboretum Explorer)
Sycopsis tutcheri,,,Hamamelidaceae,Sycopsis,Shrub,,Arnold Arboretum living collection (Arboretum Explorer)
Symphoricarpos albus,Common Snowberry,,Caprifoliaceae,Symphoricarpos,Shrub,5.9,Arnold Arboretum living collection (Arboretum Explorer)
Symphoricarpos albus var. laevigatus,,|Symphoricarpos rivularis|,Caprifoliaceae,Symphoricarpos,Shrub,,Arnold Arboretum living collection (Arboretum Explorer)
Symphoricarpos hesperius,Washington Snowberry,|Symphoricarpos mollis var. hesperius|,Caprifoliaceae,Symphoricarpos,Shrub,4.6,Arnold Arboretum living collection (Arboretum Explorer)
Symphoricarpos occidentalis,Wolfberry,,Caprifoliaceae,Symphoricarpos,Shrub,4.3,Arnold Arboretum living collection (Arboretum Explorer)
Symphoricarpos orbiculatus,Coralberry,,Caprifoliaceae,Symphoricarpos,Shrub,3.3,Arnold Arboretum living collection (Arboretum Explorer)
Symphoricarpos oreophilus var. utahensis,,,Caprifoliaceae,Symphoricarpos,Shrub,3.3,Arnold Arboretum living collection (Arboretum Explorer)
Symphoricarpos rotundifolius,,,Caprifoliaceae,Symphoricarpos,Shrub,,Arnold Arboretum living collection (Arboretum Explorer)
Symphoricarpos x chenaultii 'Hancock',Cultivar of Chenault Coralberry,,Caprifoliaceae,Symphoricarpos,Shrub,,Arnold Arboretum living collection (Arboretum Explorer)
Symphoricarpos x doorenbosii,Doorenbos Coralberry,,Caprifoliaceae,Symphoricarpos,Shrub,5.9,Arnold Arboretum living collection (Arboretum Explorer)
Symphoricarpos x doorenbosii 'Kordes',Cultivar of Doorenbos Coralberry,,Caprifoliaceae,Symphoricarpos,Shrub,7.2,Arnold Arboretum living collection (Arboretum Explorer)
Symphyotrichum cordifolium,Heart-leaved American-aster,|Aster cordifolius|,Asteraceae,Symphyotrichum,Herbaceous,,Arnold Arboretum living collection (Arboretum Explorer)
Symphyotrichum lanceolatum ssp. lanceolatum,Lance-Leaved American Aster,||,Asteraceae,Symphyotrichum,Herbaceous,,Arnold Arboretum living collection (Arboretum Explorer)
Symphyotrichum lateriflorum,Calico American Aster,|Aster diffusus|,Asteraceae,Symphyotrichum,Herbaceous,,Arnold Arboretum living collection (Arboretum Explorer)
Symphyotrichum novae-angliae,New England American Aster,|Aster novae-angliae|,Asteraceae,Symphyotrichum,Herbaceous,,Arnold Arboretum living collection (Arboretum Explorer)
Symphyotrichum novi-belgii,New York American Aster,,Asteraceae,Symphyotrichum,Herbaceous,,Arnold Arboretum living collection (Arboretum Explorer)
Symphyotrichum patens,Late Purple Aster,,Asteraceae,Symphyotrichum,Herbaceous,,Arnold Arboretum living collection (Arboretum Explorer)
Symplocos chinensis forma pilosa,,,Symplocaceae,Symplocos,Shrub,,Arnold Arboretum living collection (Arboretum Explorer)
Symplocos chinensis var. pubescens,,,Symplocaceae,Symplocos,Shrub,,Arnold Arboretum living collection (Arboretum Explorer)
Symplocos paniculata,Asiatic Sweetleaf,|Symplocos crataegoides|Symplocos chinensis|,Symplocaceae,Symplocos,Intermediate (shrub/tree),16.4,Arnold Arboretum living collection (Arboretum Explorer)
Symplocos sp.,,,Symplocaceae,Symplocos,,,Arnold Arboretum living collection (Arboretum Explorer)
Syneilesis aconitifolia,Shredded Umbrella Plant,|Cacalia aconitifolia|,Asteraceae,Syneilesis,Herbaceous,4.9,Arnold Arboretum living collection (Arboretum Explorer)
Syringa 'Albida' x 'Isabella',Lilac,,Oleaceae,Syringa,Shrub,,Arnold Arboretum living collection (Arboretum Explorer)
Syringa 'Bailbelle',Cultivar of Lilac,|Syringa 'Tinkerbelle'|,Oleaceae,Syringa,Shrub,4.9,Arnold Arboretum living collection (Arboretum Explorer)
Syringa 'Baildust',Cultivar of Lilac,,Oleaceae,Syringa,Shrub,3.3,Arnold Arboretum living collection (Arboretum Explorer)
Syringa 'Bailming',Cultivar of Lilac,|Syringa 'Prince Charming'|,Oleaceae,Syringa,Shrub,,Arnold Arboretum living collection (Arboretum Explorer)
Syringa 'Bailsugar',Cultivar of Lilac,|Syringa 'Sugar Plum Fairy'|,Oleaceae,Syringa,Shrub,3.3,Arnold Arboretum living collection (Arboretum Explorer)
Syringa 'Betsy Ross',Cultivar of Lilac,,Oleaceae,Syringa,Shrub,3.6,Arnold Arboretum living collection (Arboretum Explorer)
Syringa 'Foxey Lady',Cultivar of Lilac,,Oleaceae,Syringa,Shrub,7.5,Arnold Arboretum living collection (Arboretum Explorer)
Syringa 'Laurentian' x 'Pyramidalis Alba',Hybrid Lilac,,Oleaceae,Syringa,Shrub,,Arnold Arboretum living collection (Arboretum Explorer)
Syringa 'MORjos 060F',Cultivar of Lilac,|Syringa 'Josee'|,Oleaceae,Syringa,Shrub,6.6,Arnold Arboretum living collection (Arboretum Explorer)
Syringa 'Mrs J. Herbert Alexander',Lilac,,Oleaceae,Syringa,Shrub,1.6,Arnold Arboretum living collection (Arboretum Explorer)
Syringa 'Penda',Bloomerang® Purple Lilac,,Oleaceae,Syringa,Shrub,3.9,Arnold Arboretum living collection (Arboretum Explorer)
Syringa 'Purple Haze',Cultivar of Lilac,,Oleaceae,Syringa,Shrub,6.6,Arnold Arboretum living collection (Arboretum Explorer)
Syringa 'Pyramidalis Alba' x 'Excel',Hybrid Lilac,,Oleaceae,Syringa,Shrub,9.8,Arnold Arboretum living collection (Arboretum Explorer)
Syringa 'Red Pixie',,,Oleaceae,Syringa,Shrub,,Arnold Arboretum living collection (Arboretum Explorer)
Syringa (undetermined hybrid),Undetermined Hybrid Lilac,,Oleaceae,Syringa,Shrub,8.2,Arnold Arboretum living collection (Arboretum Explorer)
Syringa (Villosae Group) 'Ferna Alexander',Cultivar of Lilac,,Oleaceae,Syringa,Shrub,9.8,Arnold Arboretum living collection (Arboretum Explorer)
Syringa (Villosae Group) 'Hedin',Cultivar of Lilac,,Oleaceae,Syringa,Shrub,9.2,Arnold Arboretum living collection (Arboretum Explorer)
Syringa (Villosae Group) 'Mary C. Bingham',Cultivar of Lilac,,Oleaceae,Syringa,Shrub,4.9,Arnold Arboretum living collection (Arboretum Explorer)
Syringa (Villosae Group) 'Miss Canada',Lilac,,Oleaceae,Syringa,Shrub,,Arnold Arboretum living collection (Arboretum Explorer)
Syringa (Villosae Group) 'Prairial',Cultivar of Lilac,,Oleaceae,Syringa,Shrub,8.9,Arnold Arboretum living collection (Arboretum Explorer)
Syringa emodi,Himalayan Lilac,,Oleaceae,Syringa,Shrub,16.4,Arnold Arboretum living collection (Arboretum Explorer)
Syringa emodi x sweginzowii,Lilac,,Oleaceae,Syringa,Shrub,,Arnold Arboretum living collection (Arboretum Explorer)
Syringa hyacinthiflora 'Sweet Charity',Cultivar of Early Flowering Lilac,,Oleaceae,Syringa,Shrub,,Arnold Arboretum living collection (Arboretum Explorer)
Syringa josikaea,Hungarian Lilac,,Oleaceae,Syringa,Shrub,3.3,Arnold Arboretum living collection (Arboretum Explorer)
Syringa komarowii,Komarov Lilac,,Oleaceae,Syringa,Shrub,4.9,Arnold Arboretum living collection (Arboretum Explorer)
Syringa komarowii ssp. reflexa,Nodding Lilac,|Syringa reflexa|,Oleaceae,Syringa,Shrub,10.8,Arnold Arboretum living collection (Arboretum Explorer)
Syringa laciniata x pinnatifolia,Hybrid Lilac,,Oleaceae,Syringa,Shrub,4.9,Arnold Arboretum living collection (Arboretum Explorer)
Syringa meyeri,Meyer Lilac,,Oleaceae,Syringa,Shrub,6.6,Arnold Arboretum living collection (Arboretum Explorer)
Syringa meyeri 'Palibin Pearl',Cultivar of Meyer Lilac,|Syringa meyeri 'Alba'|,Oleaceae,Syringa,Shrub,4.9,Arnold Arboretum living collection (Arboretum Explorer)
Syringa meyeri 'Palibin',Dwarf Littleleaf Lilac,|Syringa 'Palibiniana'|Syringa meyeri 'Alba'|,Oleaceae,Syringa,Shrub,6.6,Arnold Arboretum living collection (Arboretum Explorer)
Syringa oblata,Broadleaf Lilac,|Syringa oblata forma pendula|,Oleaceae,Syringa,Intermediate (shrub/tree),10.0,Arnold Arboretum living collection (Arboretum Explorer)
Syringa oblata 'Birchwood',Cultivar of Broadleaf Lilac,,Oleaceae,Syringa,Tree,,Arnold Arboretum living collection (Arboretum Explorer)
Syringa oblata ssp. dilatata,Korean Early Lilac,|Syringa oblata var. dilatata|Syringa oblata var. donaldii|,Oleaceae,Syringa,Shrub,13.1,Arnold Arboretum living collection (Arboretum Explorer)
Syringa oblata ssp. dilatata 'Cheyenne',Cultivar of Korean Early Lilac,|Syringa oblata var. dilatata 'Cheyenne'|,Oleaceae,Syringa,Shrub,13.1,Arnold Arboretum living collection (Arboretum Explorer)
Syringa oblata ssp. dilatata x oblata,Lilac,,Oleaceae,Syringa,Shrub,,Arnold Arboretum living collection (Arboretum Explorer)
Syringa oblata ssp. oblata,,|Syringa oblata var. oblata|Syringa oblata var. giraldii|,Oleaceae,Syringa,Intermediate (shrub/tree),4.6,Arnold Arboretum living collection (Arboretum Explorer)
Syringa oblata ssp. oblata 'Alba',Cultivar of Broadleaf Lilac,|Syringa oblata var. affinis|,Oleaceae,Syringa,Shrub,,Arnold Arboretum living collection (Arboretum Explorer)
Syringa pekinensis,Chinese Tree Lilac,|Syringa reticulata ssp. pekinensis|,Oleaceae,Syringa,Shrub,10.5,Arnold Arboretum living collection (Arboretum Explorer)
Syringa pekinensis 'Morton',Cultivar of Chinese Tree Lilac,|Syringa pekinensis 'China Snow'|,Oleaceae,Syringa,Tree,3.3,Arnold Arboretum living collection (Arboretum Explorer)
Syringa pekinensis 'Pendula',Cultivar of Chinese Weeping Tree Lilac,|Syringa pekinensis forma pendula|,Oleaceae,Syringa,Tree,,Arnold Arboretum living collection (Arboretum Explorer)
Syringa pekinensis 'Rising Sun',Culitvar of Chinese Tree Lilac,,Oleaceae,Syringa,Tree,6.6,Arnold Arboretum living collection (Arboretum Explorer)
Syringa pinnatifolia,Pinnate Lilac,,Oleaceae,Syringa,Shrub,4.9,Arnold Arboretum living collection (Arboretum Explorer)
Syringa protolaciniata,Cutleaf Lilac,,Oleaceae,Syringa,Shrub,4.9,Arnold Arboretum living collection (Arboretum Explorer)
Syringa protolaciniata 'Kabul',Cultivar of Cutleaf Lilac,,Oleaceae,Syringa,Shrub,6.6,Arnold Arboretum living collection (Arboretum Explorer)
Syringa protolaciniata x vulgaris 'Henri Robert',Hybrid Lilac,,Oleaceae,Syringa,Shrub,4.9,Arnold Arboretum living collection (Arboretum Explorer)
Syringa pubescens,Hairy Lilac,,Oleaceae,Syringa,Shrub,13.1,Arnold Arboretum living collection (Arboretum Explorer)
Syringa pubescens ssp. julianae,Juliana Lilac,|Syringa julianae|,Oleaceae,Syringa,Shrub,9.0,Arnold Arboretum living collection (Arboretum Explorer)
Syringa pubescens ssp. julianae 'Hers',Cultivar of Juliana Lilac,|Syringa julianae 'Hers Variety'|,Oleaceae,Syringa,Shrub,6.6,Arnold Arboretum living collection (Arboretum Explorer)
Syringa pubescens ssp. microphylla,Littleleaf Lilac,|Syringa giraldiana|Syringa microphylla|Syringa pubescens ssp. microphylla x meyeri|,Oleaceae,Syringa,Shrub,6.6,Arnold Arboretum living collection (Arboretum Explorer)
"Syringa pubescens ssp. microphylla ""Cheyenne Littleleaf Lilac""",Selection of LittleLeaf Lilac,,Oleaceae,Syringa,Shrub,4.6,Arnold Arboretum living collection (Arboretum Explorer)
Syringa pubescens ssp. microphylla 'Superba',Cultivar of Littleleaf Lilac,|Syringa microphylla var. superba|,Oleaceae,Syringa,Shrub,,Arnold Arboretum living collection (Arboretum Explorer)
Syringa pubescens ssp. microphylla var. potaninii,Potanin Lilac,|Syringa potaninii|Syringa 'Potanini'|Syringa potaninii x pubescens|Syringa potaninii x microphylla|,Oleaceae,Syringa,Shrub,,Arnold Arboretum living collection (Arboretum Explorer)
Syringa pubescens ssp. microphylla x meyeri,Hybrid Lilac,|Syringa microphylla x meyeri|Syringa pubescens ssp. microphylla|,Oleaceae,Syringa,Shrub,6.2,Arnold Arboretum living collection (Arboretum Explorer)
Syringa pubescens ssp. patula,Manchurian Lilac,|Syringa velutina|Syringa palibiniana|Syringa patula|Syringa patula x pubescens|,Oleaceae,Syringa,Shrub,9.8,Arnold Arboretum living collection (Arboretum Explorer)
Syringa pubescens ssp. patula 'Excellens',Cultivar of Manchurian Lilac,|Syringa patula 'Excellens'|,Oleaceae,Syringa,,,Arnold Arboretum living collection (Arboretum Explorer)
Syringa pubescens ssp. patula 'JN Upright Select',Cultivar of Manchurian Lilac,|Syringa patula 'JN Upright Select'|,Oleaceae,Syringa,,3.6,Arnold Arboretum living collection (Arboretum Explorer)
Syringa pubescens ssp. patula 'Miss Kim',Cultivar of Manchurian Lilac,|Syringa patula 'Miss Kim'|,Oleaceae,Syringa,Shrub,9.8,Arnold Arboretum living collection (Arboretum Explorer)
Syringa pubescens ssp. patula 'Pink Flower Select',Cultivar of Manchurian Lilac,|Syringa patula 'Pink Flower Select'|,Oleaceae,Syringa,,3.3,Arnold Arboretum living collection (Arboretum Explorer)
Syringa reflexa 'Alba',,|Syringa reflexa var. alba|,Oleaceae,Syringa,Shrub,5.0,Arnold Arboretum living collection (Arboretum Explorer)
Syringa reticulata,Common Japanese Tree Lilac,|Syringa amurensis var. japonica|,Oleaceae,Syringa,Tree,29.5,Arnold Arboretum living collection (Arboretum Explorer)
Syringa reticulata 'Ivory Silk',Cultivar of Japanese Tree Lilac,,Oleaceae,Syringa,Tree,,Arnold Arboretum living collection (Arboretum Explorer)
Syringa reticulata ssp. amurensis,Amur Lilac,|Syringa amurensis|Syringa reticulata var. mandshurica|,Oleaceae,Syringa,Shrub,6.6,Arnold Arboretum living collection (Arboretum Explorer)
Syringa reticulata var. reticulata,Japanese Tree Lilac,|Syringa amurensis var. japonica|Syringa reticulata ssp. reticulata||,Oleaceae,Syringa,Intermediate (shrub/tree),,Arnold Arboretum living collection (Arboretum Explorer)
Syringa sp.,Lilac,,Oleaceae,Syringa,Intermediate (shrub/tree),,Arnold Arboretum living collection (Arboretum Explorer)
Syringa sweginzowii,Chengtu Lilac,|Syringa tigerstedtii|Syringa tomentella ssp. sweginzowii|,Oleaceae,Syringa,Shrub,19.7,Arnold Arboretum living collection (Arboretum Explorer)
Syringa tomentella,Felty Lilac,,Oleaceae,Syringa,Shrub,24.6,Arnold Arboretum living collection (Arboretum Explorer)
Syringa villosa,Late Lilac,,Oleaceae,Syringa,Shrub,13.9,Arnold Arboretum living collection (Arboretum Explorer)
Syringa villosa 'Charles Hepburn',Cultivar of Late Lilac,,Oleaceae,Syringa,Shrub,3.3,Arnold Arboretum living collection (Arboretum Explorer)
Syringa villosa x henryi,Lilac,,Oleaceae,Syringa,Shrub,6.6,Arnold Arboretum living collection (Arboretum Explorer)
Syringa vulgaris,Common Lilac,|Syringa rhodopea|,Oleaceae,Syringa,Shrub,16.4,Arnold Arboretum living collection (Arboretum Explorer)
Syringa vulgaris 'Adelaide Dunbar',Cultivar of Common Lilac,,Oleaceae,Syringa,Shrub,9.8,Arnold Arboretum living collection (Arboretum Explorer)
Syringa vulgaris 'Albert F. Holden',Lilac,,Oleaceae,Syringa,Shrub,9.8,Arnold Arboretum living collection (Arboretum Explorer)
Syringa vulgaris 'Alexander Hamilton',Lilac,,Oleaceae,Syringa,Shrub,,Arnold Arboretum living collection (Arboretum Explorer)
Syringa vulgaris 'Alphonse Lavallee',Lilac,,Oleaceae,Syringa,Shrub,,Arnold Arboretum living collection (Arboretum Explorer)
Syringa vulgaris 'Ami Schott',Cultivar of Common Lilac,,Oleaceae,Syringa,Shrub,8.2,Arnold Arboretum living collection (Arboretum Explorer)
Syringa vulgaris 'Andenken an Ludwig Spaeth',Lilac,|Syringa vulgaris 'Ludwig Spaeth'|,Oleaceae,Syringa,Shrub,9.8,Arnold Arboretum living collection (Arboretum Explorer)
Syringa vulgaris 'Andre Csizik',Lilac,,Oleaceae,Syringa,Shrub,,Arnold Arboretum living collection (Arboretum Explorer)
Syringa vulgaris 'Anna Nickels',Lilac,|Syringa vulgaris 'Anna Nickles'|,Oleaceae,Syringa,Shrub,,Arnold Arboretum living collection (Arboretum Explorer)
Syringa vulgaris 'Arch McKean',Cultivar of Common Lilac,,Oleaceae,Syringa,Shrub,13.1,Arnold Arboretum living collection (Arboretum Explorer)
Syringa vulgaris 'Arthur William Paul',Lilac,,Oleaceae,Syringa,Shrub,,Arnold Arboretum living collection (Arboretum Explorer)
Syringa vulgaris 'Atheline Wilbur',Cultivar of Common Lilac,,Oleaceae,Syringa,Shrub,9.8,Arnold Arboretum living collection (Arboretum Explorer)
Syringa vulgaris 'Aucubaefolia',Cultivar of Common Lilac,,Oleaceae,Syringa,Shrub,6.6,Arnold Arboretum living collection (Arboretum Explorer)
Syringa vulgaris 'Avalanche',Lilac,,Oleaceae,Syringa,Shrub,,Arnold Arboretum living collection (Arboretum Explorer)
Syringa vulgaris 'Belle de Nancy',Cultivar of Common Lilac,,Oleaceae,Syringa,Shrub,6.6,Arnold Arboretum living collection (Arboretum Explorer)
Syringa vulgaris 'Beranger',Lilac,,Oleaceae,Syringa,Shrub,,Arnold Arboretum living collection (Arboretum Explorer)
Syringa vulgaris 'Bertha Phair',Lilac,,Oleaceae,Syringa,Shrub,,Arnold Arboretum living collection (Arboretum Explorer)
Syringa vulgaris 'Betty Stone',Lilac,,Oleaceae,Syringa,Shrub,,Arnold Arboretum living collection (Arboretum Explorer)
Syringa vulgaris 'Bleuatre',Cultivar of Common Lilac,,Oleaceae,Syringa,Shrub,11.5,Arnold Arboretum living collection (Arboretum Explorer)
Syringa vulgaris 'Blue Delft',Cultivar of Common Lilac,,Oleaceae,Syringa,Shrub,3.0,Arnold Arboretum living collection (Arboretum Explorer)
Syringa vulgaris 'Boule Azuree',Lilac,,Oleaceae,Syringa,Shrub,,Arnold Arboretum living collection (Arboretum Explorer)
Syringa vulgaris 'Boussingault',Cultivar of Common Lilac,,Oleaceae,Syringa,Shrub,13.1,Arnold Arboretum living collection (Arboretum Explorer)
Syringa vulgaris 'Bridal Memories',,,Oleaceae,Syringa,Shrub,,Arnold Arboretum living collection (Arboretum Explorer)
Syringa vulgaris 'Burgemeester Loggers',Lilac,|Syringa vulgaris 'Burgemeester Loggers'|,Oleaceae,Syringa,Shrub,,Arnold Arboretum living collection (Arboretum Explorer)
Syringa vulgaris 'Capitaine Perrault',Lilac,,Oleaceae,Syringa,Shrub,,Arnold Arboretum living collection (Arboretum Explorer)
Syringa vulgaris 'Carmine',Cultivar of Common Lilac,|Syringa vulgaris 'Mrs. R. W. Mills'|,Oleaceae,Syringa,Shrub,9.8,Arnold Arboretum living collection (Arboretum Explorer)
Syringa vulgaris 'Cavour',Lilac,,Oleaceae,Syringa,Shrub,,Arnold Arboretum living collection (Arboretum Explorer)
Syringa vulgaris 'Charles Joly',Cultivar of Common Lilac,,Oleaceae,Syringa,Shrub,6.9,Arnold Arboretum living collection (Arboretum Explorer)
Syringa vulgaris 'Charm',Cultivar of Common Lilac,,Oleaceae,Syringa,Shrub,13.1,Arnold Arboretum living collection (Arboretum Explorer)
Syringa vulgaris 'Clarence D. van Zandt',Lilac,,Oleaceae,Syringa,Shrub,,Arnold Arboretum living collection (Arboretum Explorer)
Syringa vulgaris 'Colbert',Lilac,,Oleaceae,Syringa,Shrub,3.3,Arnold Arboretum living collection (Arboretum Explorer)
Syringa vulgaris 'Comtesse Horace de Choiseul',Cultivar of Common Lilac,,Oleaceae,Syringa,Shrub,9.8,Arnold Arboretum living collection (Arboretum Explorer)
Syringa vulgaris 'Congo',Lilac,|Syringa vulgaris 'Kongo'|,Oleaceae,Syringa,Shrub,,Arnold Arboretum living collection (Arboretum Explorer)
Syringa vulgaris 'Crepuscule',Lilac,,Oleaceae,Syringa,Shrub,,Arnold Arboretum living collection (Arboretum Explorer)
Syringa vulgaris 'Dana Horton',Lilac,,Oleaceae,Syringa,Shrub,3.0,Arnold Arboretum living collection (Arboretum Explorer)
Syringa vulgaris 'De Jussieu',Cultivar of Common Lilac,,Oleaceae,Syringa,Shrub,9.8,Arnold Arboretum living collection (Arboretum Explorer)
Syringa vulgaris 'De Louvain',Lilac,|Syringa vulgaris 'Louvain'|Syringa vulgaris 'Lavanensis'|Syringa vulgaris 'Louvaniensis'|,Oleaceae,Syringa,Shrub,,Arnold Arboretum living collection (Arboretum Explorer)
Syringa vulgaris 'Diane',Lilac,,Oleaceae,Syringa,Shrub,,Arnold Arboretum living collection (Arboretum Explorer)
Syringa vulgaris 'Diplomate',Cultivar of Common Lilac,,Oleaceae,Syringa,Shrub,9.8,Arnold Arboretum living collection (Arboretum Explorer)
Syringa vulgaris 'Dorothy Ramsden',Lilac,,Oleaceae,Syringa,Shrub,,Arnold Arboretum living collection (Arboretum Explorer)
Syringa vulgaris 'Dr. Masters',Cultivar of Common Lilac,,Oleaceae,Syringa,Shrub,,Arnold Arboretum living collection (Arboretum Explorer)
Syringa vulgaris 'Dr. Troyanowsky',Cultivar of Common Lilac,,Oleaceae,Syringa,Shrub,17.2,Arnold Arboretum living collection (Arboretum Explorer)
Syringa vulgaris 'Dwight D. Eisenhower',Cultivar of Common Lilac,,Oleaceae,Syringa,Shrub,4.9,Arnold Arboretum living collection (Arboretum Explorer)
Syringa vulgaris 'Edith Cavell',Cultivar of Common Lilac,,Oleaceae,Syringa,Shrub,6.6,Arnold Arboretum living collection (Arboretum Explorer)
Syringa vulgaris 'Edmond Boissier',Cultivar of Common Lilac,,Oleaceae,Syringa,Shrub,6.6,Arnold Arboretum living collection (Arboretum Explorer)
Syringa vulgaris 'Edouard Andre',Lilac,,Oleaceae,Syringa,Shrub,8.2,Arnold Arboretum living collection (Arboretum Explorer)
Syringa vulgaris 'Emile Gentil',Lilac,|Syringa vulgaris 'Emile Gentile'|,Oleaceae,Syringa,Shrub,,Arnold Arboretum living collection (Arboretum Explorer)
Syringa vulgaris 'Emile Lemoine',Lilac,,Oleaceae,Syringa,Shrub,,Arnold Arboretum living collection (Arboretum Explorer)
Syringa vulgaris 'Fiala Remembrance',Cultivar of Common Lilac,|Syringa vulgaris 'Father John Fiala'|,Oleaceae,Syringa,Shrub,,Arnold Arboretum living collection (Arboretum Explorer)
Syringa vulgaris 'Frederick Law Olmsted',Cultivar of Common Lilac,,Oleaceae,Syringa,Shrub,3.9,Arnold Arboretum living collection (Arboretum Explorer)
Syringa vulgaris 'Fryderyk Chopin',Lilac,|Syringa 'Franz Chopin'|,Oleaceae,Syringa,Shrub,,Arnold Arboretum living collection (Arboretum Explorer)
Syringa vulgaris 'Fuerst Liechtenstein',Cultivar of Common Lilac,,Oleaceae,Syringa,Shrub,13.1,Arnold Arboretum living collection (Arboretum Explorer)
Syringa vulgaris 'Geheimrat Singelmann',Lilac,|Syringa vulgaris 'Conseiller Singelmann'|,Oleaceae,Syringa,Shrub,,Arnold Arboretum living collection (Arboretum Explorer)
Syringa vulgaris 'General John Pershing',Cultivar of Common Lilac,|Syringa vulgaris 'General Pershing'|,Oleaceae,Syringa,Shrub,9.8,Arnold Arboretum living collection (Arboretum Explorer)
Syringa vulgaris 'General Sheridan',Cultivar of Common Lilac,,Oleaceae,Syringa,Shrub,16.4,Arnold Arboretum living collection (Arboretum Explorer)
Syringa vulgaris 'General Sherman',Cultivar of Common Lilac,,Oleaceae,Syringa,Shrub,9.8,Arnold Arboretum living collection (Arboretum Explorer)
Syringa vulgaris 'Gertrude Child',Lilac,,Oleaceae,Syringa,Shrub,3.9,Arnold Arboretum living collection (Arboretum Explorer)
Syringa vulgaris 'Gigantea',Lilac,,Oleaceae,Syringa,Shrub,,Arnold Arboretum living collection (Arboretum Explorer)
Syringa vulgaris 'Gloire d'Aalsmeer',Lilac,,Oleaceae,Syringa,Shrub,,Arnold Arboretum living collection (Arboretum Explorer)
Syringa vulgaris 'Gloire de Moulins',Lilac,|Syringa vulgaris 'Gloria Molinae'|,Oleaceae,Syringa,Shrub,3.3,Arnold Arboretum living collection (Arboretum Explorer)
Syringa vulgaris 'Glory',Lilac,,Oleaceae,Syringa,Shrub,,Arnold Arboretum living collection (Arboretum Explorer)
Syringa vulgaris 'Grand-Duc Constantin',Cultivar of Common Lilac,,Oleaceae,Syringa,Shrub,6.6,Arnold Arboretum living collection (Arboretum Explorer)
Syringa vulgaris 'Heather',Lilac,,Oleaceae,Syringa,Shrub,,Arnold Arboretum living collection (Arboretum Explorer)
Syringa vulgaris 'Henri Martin',Cultivar of Common Lilac,,Oleaceae,Syringa,Shrub,13.1,Arnold Arboretum living collection (Arboretum Explorer)
Syringa vulgaris 'Henri Robert',Lilac,,Oleaceae,Syringa,Shrub,,Arnold Arboretum living collection (Arboretum Explorer)
Syringa vulgaris 'Hippolyte Maringer',Lilac,,Oleaceae,Syringa,Shrub,,Arnold Arboretum living collection (Arboretum Explorer)
Syringa vulgaris 'Hortensia',Lilac,|Syringa vulgaris 'Gortensia'|,Oleaceae,Syringa,Shrub,,Arnold Arboretum living collection (Arboretum Explorer)
Syringa vulgaris 'Hulda',Cultivar of Common Lilac,,Oleaceae,Syringa,Shrub,9.8,Arnold Arboretum living collection (Arboretum Explorer)
Syringa vulgaris 'Humphrey',Cultivar of Common Lilac,,Oleaceae,Syringa,Shrub,9.8,Arnold Arboretum living collection (Arboretum Explorer)
Syringa vulgaris 'Hyazinthenflieder',Lilac,|Syringa vulgaris 'Hyacinthflower'|,Oleaceae,Syringa,Shrub,,Arnold Arboretum living collection (Arboretum Explorer)
Syringa vulgaris 'India',Lilac,,Oleaceae,Syringa,Shrub,,Arnold Arboretum living collection (Arboretum Explorer)
Syringa vulgaris 'James Stuart',Lilac,,Oleaceae,Syringa,Shrub,,Arnold Arboretum living collection (Arboretum Explorer)
Syringa vulgaris 'Jan van Tol',Lilac,|Syringa vulgaris 'J. C. van Tol'|,Oleaceae,Syringa,Shrub,,Arnold Arboretum living collection (Arboretum Explorer)
Syringa vulgaris 'Jean Bart',Cultivar of Common Lilac,,Oleaceae,Syringa,Shrub,9.8,Arnold Arboretum living collection (Arboretum Explorer)
Syringa vulgaris 'Jean Mace',Cultivar of Common Lilac,,Oleaceae,Syringa,Shrub,6.6,Arnold Arboretum living collection (Arboretum Explorer)
Syringa vulgaris 'Joan Dunbar',Lilac,,Oleaceae,Syringa,Shrub,,Arnold Arboretum living collection (Arboretum Explorer)
Syringa vulgaris 'Jonkheer G. P. van Tets',Lilac,,Oleaceae,Syringa,Shrub,,Arnold Arboretum living collection (Arboretum Explorer)
Syringa vulgaris 'Jules Ferry',Lilac,,Oleaceae,Syringa,Shrub,,Arnold Arboretum living collection (Arboretum Explorer)
Syringa vulgaris 'Jules Simon',Lilac,,Oleaceae,Syringa,Shrub,,Arnold Arboretum living collection (Arboretum Explorer)
Syringa vulgaris 'Justii',Lilac,,Oleaceae,Syringa,Shrub,,Arnold Arboretum living collection (Arboretum Explorer)
Syringa vulgaris 'K. A. Timiryazev',Cultivar of Common Lilac,,Oleaceae,Syringa,Shrub,9.8,Arnold Arboretum living collection (Arboretum Explorer)
Syringa vulgaris 'Kapriz',Cultivar of Common Lilac,,Oleaceae,Syringa,Shrub,9.8,Arnold Arboretum living collection (Arboretum Explorer)
Syringa vulgaris 'Kate Bergen',Cultivar of lilac,,Oleaceae,Syringa,Shrub,3.6,Arnold Arboretum living collection (Arboretum Explorer)
Syringa vulgaris 'Katherine Havemeyer',Lilac,,Oleaceae,Syringa,Shrub,,Arnold Arboretum living collection (Arboretum Explorer)
Syringa vulgaris 'Krasavitsa Moskvy',Cultivar of Common Lilac,|Syringa vulgaris 'Krasavitza Moskvy'|Syringa vulgaris 'Krasavita Moskvy'|Syringa vulgaris 'Beauty of Moscow'|,Oleaceae,Syringa,Shrub,9.8,Arnold Arboretum living collection (Arboretum Explorer)
Syringa vulgaris 'Le Gaulois',Lilac,,Oleaceae,Syringa,Shrub,,Arnold Arboretum living collection (Arboretum Explorer)
Syringa vulgaris 'Lee Jewitt Walker',Cultivar of lilac,,Oleaceae,Syringa,Shrub,3.0,Arnold Arboretum living collection (Arboretum Explorer)
Syringa vulgaris 'Lesostepnaya',Cultivar of Common Lilac,,Oleaceae,Syringa,Shrub,3.3,Arnold Arboretum living collection (Arboretum Explorer)
Syringa vulgaris 'Lucie Baltet',Lilac,,Oleaceae,Syringa,Shrub,,Arnold Arboretum living collection (Arboretum Explorer)
Syringa vulgaris 'Macrostachya',Cultivar of Common Lilac,,Oleaceae,Syringa,Shrub,6.6,Arnold Arboretum living collection (Arboretum Explorer)
Syringa vulgaris 'Magellan',Lilac,,Oleaceae,Syringa,Shrub,,Arnold Arboretum living collection (Arboretum Explorer)
Syringa vulgaris 'Marc Micheli',Cultivar of Common Lilac,,Oleaceae,Syringa,Shrub,12.5,Arnold Arboretum living collection (Arboretum Explorer)
Syringa vulgaris 'Marceau',Lilac,,Oleaceae,Syringa,Shrub,,Arnold Arboretum living collection (Arboretum Explorer)
Syringa vulgaris 'Marechal Foch',Lilac,,Oleaceae,Syringa,Shrub,,Arnold Arboretum living collection (Arboretum Explorer)
Syringa vulgaris 'Marengo',Lilac,,Oleaceae,Syringa,Shrub,,Arnold Arboretum living collection (Arboretum Explorer)
Syringa vulgaris 'Margaret Fenicchia',Cultivar of Common Lilac,,Oleaceae,Syringa,Shrub,5.6,Arnold Arboretum living collection (Arboretum Explorer)
Syringa vulgaris 'Marie Frances',Lilac,,Oleaceae,Syringa,Shrub,,Arnold Arboretum living collection (Arboretum Explorer)
Syringa vulgaris 'Marie Legraye',Lilac,|Syringa vulgaris 'Mademoielle Marie Legraye'|Syringa vulgaris 'Marie Legray'|,Oleaceae,Syringa,Shrub,,Arnold Arboretum living collection (Arboretum Explorer)
Syringa vulgaris 'Marlyensis Pallida',White Marly Lilac,|Syringa vulgaris 'Marliensis pallida'|Syringa vulgaris 'Marleyensis florealba'|Syringa vulgaris 'Pale Marly'|Syringa vulgaris 'White Marly'|,Oleaceae,Syringa,Shrub,,Arnold Arboretum living collection (Arboretum Explorer)
Syringa vulgaris 'Marlyensis',Lilac,|Syringa vulgaris 'Marly'|Syringa vulgaris 'Marlyensis Rubra'|Syringa vulgaris 'Rouge de Marly'|Syringa vulgaris var. purpurea|,Oleaceae,Syringa,Shrub,,Arnold Arboretum living collection (Arboretum Explorer)
Syringa vulgaris 'Martha Stewart',,,Oleaceae,Syringa,Shrub,3.3,Arnold Arboretum living collection (Arboretum Explorer)
Syringa vulgaris 'Mathieu de Dombasle',Lilac,,Oleaceae,Syringa,Shrub,,Arnold Arboretum living collection (Arboretum Explorer)
Syringa vulgaris 'Maurice de Vilmorin',Cultivar of Common Lilac,|Syringa vulgaris 'Mme. de Vilmorin'|,Oleaceae,Syringa,Shrub,9.8,Arnold Arboretum living collection (Arboretum Explorer)
Syringa vulgaris 'Michael Buchner',Cultivar of Common Lilac,,Oleaceae,Syringa,Shrub,9.8,Arnold Arboretum living collection (Arboretum Explorer)
Syringa vulgaris 'Mieczta',Lilac,,Oleaceae,Syringa,Shrub,,Arnold Arboretum living collection (Arboretum Explorer)
Syringa vulgaris 'Milton',Lilac,,Oleaceae,Syringa,Shrub,,Arnold Arboretum living collection (Arboretum Explorer)
Syringa vulgaris 'Miss Ellen Willmott',Cultivar of Common Lilac,|Syringa vulgaris 'Ellen Willmott'|Syringa vulgaris 'Miss Willmott'|,Oleaceae,Syringa,Shrub,13.1,Arnold Arboretum living collection (Arboretum Explorer)
Syringa vulgaris 'Mlle. Fernande Viger',Lilac,|Syringa vulgaris 'Mademoiselle Fernande Viger'|,Oleaceae,Syringa,Shrub,,Arnold Arboretum living collection (Arboretum Explorer)
Syringa vulgaris 'Mlle. Melide Laurent',Cultivar of Common Lilac,,Oleaceae,Syringa,Shrub,4.9,Arnold Arboretum living collection (Arboretum Explorer)
Syringa vulgaris 'Mme. Abel Chatenay',Lilac,,Oleaceae,Syringa,Shrub,,Arnold Arboretum living collection (Arboretum Explorer)
Syringa vulgaris 'Mme. Antoine Buchner',Cultivar of Common Lilac,,Oleaceae,Syringa,Shrub,19.7,Arnold Arboretum living collection (Arboretum Explorer)
Syringa vulgaris 'Mme. Casimir Perier',Lilac,,Oleaceae,Syringa,Shrub,,Arnold Arboretum living collection (Arboretum Explorer)
Syringa vulgaris 'Mme. Catherine Bruchet',Lilac,,Oleaceae,Syringa,Shrub,,Arnold Arboretum living collection (Arboretum Explorer)
Syringa vulgaris 'Mme. F. Morel',Lilac,|Syringa vulgaris 'Mme. Francisque Morel'|,Oleaceae,Syringa,Shrub,,Arnold Arboretum living collection (Arboretum Explorer)
Syringa vulgaris 'Mme. Fallieres',Lilac,,Oleaceae,Syringa,Shrub,,Arnold Arboretum living collection (Arboretum Explorer)
Syringa vulgaris 'Mme. Felix',Lilac,,Oleaceae,Syringa,Shrub,,Arnold Arboretum living collection (Arboretum Explorer)
Syringa vulgaris 'Mme. Florent Stepman',Lilac,|Syringa vulgaris 'Madame Stepman'|Syringa vulgaris 'Mme. Florens Stepman'|Syringa vulgaris 'Florent Stepman'|Syringa vulgaris 'Mrs. Stepman'|Syringa vulgaris 'Stepman'|,Oleaceae,Syringa,Shrub,,Arnold Arboretum living collection (Arboretum Explorer)
Syringa vulgaris 'Mme. Lemoine',Cultivar of Common Lilac,,Oleaceae,Syringa,Shrub,6.6,Arnold Arboretum living collection (Arboretum Explorer)
Syringa vulgaris 'Mme. Leon Simon',Cultivar of Common Lilac,,Oleaceae,Syringa,Shrub,13.1,Arnold Arboretum living collection (Arboretum Explorer)
Syringa vulgaris 'Monge',Lilac,,Oleaceae,Syringa,Shrub,6.6,Arnold Arboretum living collection (Arboretum Explorer)
Syringa vulgaris 'Monique Lemoine',Lilac,,Oleaceae,Syringa,Shrub,,Arnold Arboretum living collection (Arboretum Explorer)
Syringa vulgaris 'Monroe',Lilac,,Oleaceae,Syringa,Shrub,,Arnold Arboretum living collection (Arboretum Explorer)
Syringa vulgaris 'Mons. Maxime Cornu',Lilac,|Syringa vulgaris 'Maxime Cornu'|,Oleaceae,Syringa,Shrub,,Arnold Arboretum living collection (Arboretum Explorer)
Syringa vulgaris 'Mont Blanc',Lilac,,Oleaceae,Syringa,Shrub,,Arnold Arboretum living collection (Arboretum Explorer)
Syringa vulgaris 'Montaigne',Lilac,,Oleaceae,Syringa,Shrub,,Arnold Arboretum living collection (Arboretum Explorer)
Syringa vulgaris 'Mrs. Edward A. Harding',Lilac,|Syringa vulgaris 'Madame Edward Harding'|,Oleaceae,Syringa,Shrub,,Arnold Arboretum living collection (Arboretum Explorer)
Syringa vulgaris 'Mrs. W. E. Marshall',Lilac,|Syringa vulgaris 'W. E. Marshall'|,Oleaceae,Syringa,Shrub,6.6,Arnold Arboretum living collection (Arboretum Explorer)
Syringa vulgaris 'Nadezhda',Common Lilac,,Oleaceae,Syringa,Shrub,8.2,Arnold Arboretum living collection (Arboretum Explorer)
Syringa vulgaris 'Negro',Lilac,,Oleaceae,Syringa,Shrub,,Arnold Arboretum living collection (Arboretum Explorer)
Syringa vulgaris 'Night',Cultivar of Common Lilac,,Oleaceae,Syringa,Shrub,13.1,Arnold Arboretum living collection (Arboretum Explorer)
Syringa vulgaris 'P.P. Konchalovskii',,,Oleaceae,Syringa,Shrub,6.6,Arnold Arboretum living collection (Arboretum Explorer)
Syringa vulgaris 'Patrick Henry',Cultivar of Common Lilac,,Oleaceae,Syringa,Shrub,6.6,Arnold Arboretum living collection (Arboretum Explorer)
Syringa vulgaris 'Paul Hariot',Lilac,,Oleaceae,Syringa,Shrub,,Arnold Arboretum living collection (Arboretum Explorer)
Syringa vulgaris 'Paul Thirion',Cultivar of Common Lilac,,Oleaceae,Syringa,Shrub,13.1,Arnold Arboretum living collection (Arboretum Explorer)
Syringa vulgaris 'Perle von Stuttgart',Lilac,,Oleaceae,Syringa,Shrub,,Arnold Arboretum living collection (Arboretum Explorer)
Syringa vulgaris 'Pioneer',Lilac,,Oleaceae,Syringa,Shrub,,Arnold Arboretum living collection (Arboretum Explorer)
Syringa vulgaris 'Prairie Petite',Cultivar of Common Lilac,,Oleaceae,Syringa,Shrub,3.6,Arnold Arboretum living collection (Arboretum Explorer)
Syringa vulgaris 'President Carnot',Cultivar of Common Lilac,,Oleaceae,Syringa,Shrub,9.8,Arnold Arboretum living collection (Arboretum Explorer)
Syringa vulgaris 'President Fallieres',Lilac,,Oleaceae,Syringa,Shrub,,Arnold Arboretum living collection (Arboretum Explorer)
Syringa vulgaris 'President Grevy',Lilac,,Oleaceae,Syringa,Shrub,8.2,Arnold Arboretum living collection (Arboretum Explorer)
Syringa vulgaris 'President Lincoln',Cultivar of Common Lilac,,Oleaceae,Syringa,Shrub,13.1,Arnold Arboretum living collection (Arboretum Explorer)
Syringa vulgaris 'President Massart',Lilac,,Oleaceae,Syringa,Shrub,,Arnold Arboretum living collection (Arboretum Explorer)
Syringa vulgaris 'President Poincare',Cultivar of Common Lilac,|Syringa vulgaris 'General Poincare'|,Oleaceae,Syringa,Shrub,9.8,Arnold Arboretum living collection (Arboretum Explorer)
Syringa vulgaris 'President Roosevelt',Lilac,,Oleaceae,Syringa,Shrub,,Arnold Arboretum living collection (Arboretum Explorer)
Syringa vulgaris 'Primrose',Cultivar of Common Lilac,,Oleaceae,Syringa,Shrub,6.0,Arnold Arboretum living collection (Arboretum Explorer)
Syringa vulgaris 'Prince Notger',Cultivar of Common Lilac,|Syringa vulgaris 'Prince Nutger'|Syringa vulgaris var. notgeriana|,Oleaceae,Syringa,Shrub,6.6,Arnold Arboretum living collection (Arboretum Explorer)
Syringa vulgaris 'Prince of Wales',Cultivar of Common Lilac,,Oleaceae,Syringa,Shrub,11.5,Arnold Arboretum living collection (Arboretum Explorer)
Syringa vulgaris 'Princesse Clementine',,,Oleaceae,Syringa,Shrub,11.5,Arnold Arboretum living collection (Arboretum Explorer)
Syringa vulgaris 'Princesse Marie',Cultivar of Common Lilac,,Oleaceae,Syringa,Shrub,9.8,Arnold Arboretum living collection (Arboretum Explorer)
Syringa vulgaris 'Prodige',Lilac,,Oleaceae,Syringa,Shrub,,Arnold Arboretum living collection (Arboretum Explorer)
Syringa vulgaris 'Prof. E. H. Wilson',Lilac,,Oleaceae,Syringa,Shrub,,Arnold Arboretum living collection (Arboretum Explorer)
Syringa vulgaris 'Prof. Edmund Jankowski',Cultivar of Common Lilac,|Syringa vulgaris 'Professor Edmund Jankowski'|,Oleaceae,Syringa,Shrub,3.3,Arnold Arboretum living collection (Arboretum Explorer)
Syringa vulgaris 'Prof. Josef Brzezinski',Cultivar of Common Lilac,|Syringa vulgaris 'Professor Joséf Brzezinski'|,Oleaceae,Syringa,Shrub,3.6,Arnold Arboretum living collection (Arboretum Explorer)
Syringa vulgaris 'Puritan',Lilac,,Oleaceae,Syringa,Shrub,,Arnold Arboretum living collection (Arboretum Explorer)
Syringa vulgaris 'Redbud',Lilac,,Oleaceae,Syringa,Shrub,,Arnold Arboretum living collection (Arboretum Explorer)
Syringa vulgaris 'Rochester',Cultivar of Common Lilac,,Oleaceae,Syringa,Shrub,6.6,Arnold Arboretum living collection (Arboretum Explorer)
Syringa vulgaris 'Rubella Plena',Lilac,,Oleaceae,Syringa,Shrub,,Arnold Arboretum living collection (Arboretum Explorer)
Syringa vulgaris 'Ruhm von Horstenstein',Cultivar of Common Lilac,|Syringa vulgaris 'Glory of Horstenstein'|,Oleaceae,Syringa,Shrub,,Arnold Arboretum living collection (Arboretum Explorer)
Syringa vulgaris 'Sarah Sands',Cultivar of Common Lilac,,Oleaceae,Syringa,Shrub,9.8,Arnold Arboretum living collection (Arboretum Explorer)
Syringa vulgaris 'Sensation',Lilac,,Oleaceae,Syringa,Shrub,,Arnold Arboretum living collection (Arboretum Explorer)
Syringa vulgaris 'Serene',lilac,,Oleaceae,Syringa,Shrub,,Arnold Arboretum living collection (Arboretum Explorer)
Syringa vulgaris 'Siebold',Lilac,,Oleaceae,Syringa,Shrub,,Arnold Arboretum living collection (Arboretum Explorer)
Syringa vulgaris 'Slater's Elegance',Lilac,,Oleaceae,Syringa,Shrub,,Arnold Arboretum living collection (Arboretum Explorer)
Syringa vulgaris 'Souvenir de Gaspard Callot',Cultivar of Common Lilac,|Syringa vulgaris 'Gaspard Callot'|,Oleaceae,Syringa,Shrub,9.8,Arnold Arboretum living collection (Arboretum Explorer)
Syringa vulgaris 'Sovetskaya Arktika',Cultivar of Common Lilac,|Syringa vulgaris 'Sovietskaia Arktika'|,Oleaceae,Syringa,Shrub,11.5,Arnold Arboretum living collection (Arboretum Explorer)
Syringa vulgaris 'Spectabilis',Lilac,|Syringa vulgaris 'Remarquable'|,Oleaceae,Syringa,Shrub,,Arnold Arboretum living collection (Arboretum Explorer)
Syringa vulgaris 'St Margaret',Cultivar of Common Lilac,,Oleaceae,Syringa,Shrub,13.1,Arnold Arboretum living collection (Arboretum Explorer)
Syringa vulgaris 'Stadtgartner Rothpletz',Lilac,|Syringa vulgaris 'Souvenir de Rothpletz'|,Oleaceae,Syringa,Shrub,,Arnold Arboretum living collection (Arboretum Explorer)
Syringa vulgaris 'Stefan Makowiecki',Lilac,|Syringa vulgaris 'Makowickii'|,Oleaceae,Syringa,Shrub,7.9,Arnold Arboretum living collection (Arboretum Explorer)
Syringa vulgaris 'Sweetheart',Lilac,,Oleaceae,Syringa,Shrub,,Arnold Arboretum living collection (Arboretum Explorer)
Syringa vulgaris 'Thunberg',Cultivar of Common Lilac,,Oleaceae,Syringa,Shrub,16.4,Arnold Arboretum living collection (Arboretum Explorer)
Syringa vulgaris 'Tita',Lilac,,Oleaceae,Syringa,Shrub,,Arnold Arboretum living collection (Arboretum Explorer)
Syringa vulgaris 'Tournefort',Cultivar of Common Lilac,,Oleaceae,Syringa,Shrub,,Arnold Arboretum living collection (Arboretum Explorer)
Syringa vulgaris 'Triomphe d'Orleans',Cultivar of Common Lilac,|Syringa vulgaris var. triumphum aureliae|,Oleaceae,Syringa,Shrub,13.1,Arnold Arboretum living collection (Arboretum Explorer)
Syringa vulgaris 'Triomphe de Moulins',Cultivar of Common Lilac,,Oleaceae,Syringa,Shrub,11.5,Arnold Arboretum living collection (Arboretum Explorer)
Syringa vulgaris 'True Blue',Lilac,,Oleaceae,Syringa,Shrub,,Arnold Arboretum living collection (Arboretum Explorer)
Syringa vulgaris 'Ukraina',Cultivar of Common Lilac,,Oleaceae,Syringa,Shrub,3.3,Arnold Arboretum living collection (Arboretum Explorer)
Syringa vulgaris 'Valentina Grizodubova',Cultivar of Common Lilac,,Oleaceae,Syringa,Shrub,3.6,Arnold Arboretum living collection (Arboretum Explorer)
Syringa vulgaris 'Valetteana',Cultivar of Common Lilac,|Syringa vulgaris 'Vallette'|,Oleaceae,Syringa,Shrub,13.1,Arnold Arboretum living collection (Arboretum Explorer)
Syringa vulgaris 'Vera Khoruzhaya',Cultivar of Common Lilac,,Oleaceae,Syringa,Shrub,3.6,Arnold Arboretum living collection (Arboretum Explorer)
Syringa vulgaris 'Viviand-Morel',Lilac,,Oleaceae,Syringa,Shrub,,Arnold Arboretum living collection (Arboretum Explorer)
Syringa vulgaris 'Waldeck-Rousseau',Lilac,,Oleaceae,Syringa,Shrub,,Arnold Arboretum living collection (Arboretum Explorer)
Syringa vulgaris 'Wedgwood Blue',Lilac,,Oleaceae,Syringa,Shrub,9.8,Arnold Arboretum living collection (Arboretum Explorer)
Syringa vulgaris 'Weston's Rainbow',Cultivar of Common Lilac,,Oleaceae,Syringa,Shrub,1.8,Arnold Arboretum living collection (Arboretum Explorer)
Syringa vulgaris 'William C. Barry',Cultivar of Common Lilac,,Oleaceae,Syringa,Shrub,13.1,Arnold Arboretum living collection (Arboretum Explorer)
Syringa vulgaris 'William Robinson',Lilac,,Oleaceae,Syringa,Shrub,,Arnold Arboretum living collection (Arboretum Explorer)
Syringa vulgaris 'William S. Riley',Lilac,,Oleaceae,Syringa,Shrub,,Arnold Arboretum living collection (Arboretum Explorer)
Syringa vulgaris 'Wonderblue',Cultivar of Common Lilac,|Syringa vulgaris 'Little Boy Blue'|,Oleaceae,Syringa,Shrub,,Arnold Arboretum living collection (Arboretum Explorer)
Syringa vulgaris 'Yankee Doodle',Lilac,,Oleaceae,Syringa,Shrub,,Arnold Arboretum living collection (Arboretum Explorer)
Syringa vulgaris 'Znamya Lenina',Cultivar of Common Lilac,|Syringa vulgaris 'Znamya Lenyna'|,Oleaceae,Syringa,Shrub,4.3,Arnold Arboretum living collection (Arboretum Explorer)
Syringa vulgaris 'Zukunft',Lilac,,Oleaceae,Syringa,Shrub,4.9,Arnold Arboretum living collection (Arboretum Explorer)
Syringa vulgaris (undetermined hybrid),Undetermined Hybrid of Common Lilac,,Oleaceae,Syringa,Shrub,8.2,Arnold Arboretum living collection (Arboretum Explorer)
Syringa vulgaris var.,,,Oleaceae,Syringa,,,Arnold Arboretum living collection (Arboretum Explorer)
Syringa wolfii,Wolfs Lilac,,Oleaceae,Syringa,Shrub,8.2,Arnold Arboretum living collection (Arboretum Explorer)
Syringa wolfii var. hirsuta,Hairy Wolfs Lilac,,Oleaceae,Syringa,Shrub,9.8,Arnold Arboretum living collection (Arboretum Explorer)
Syringa x chinensis,Rouen Lilac,,Oleaceae,Syringa,Shrub,13.8,Arnold Arboretum living collection (Arboretum Explorer)
Syringa x chinensis 'Lilac Sunday',Cultivar of Rouen Lilac,,Oleaceae,Syringa,Shrub,6.6,Arnold Arboretum living collection (Arboretum Explorer)
Syringa x chinensis 'President Hayes',Cultivar of Rouen Lilac,,Oleaceae,Syringa,Shrub,16.4,Arnold Arboretum living collection (Arboretum Explorer)
Syringa x chinensis 'Red Rothomagensis',Cultivar of Rouen Lilac,,Oleaceae,Syringa,Shrub,13.1,Arnold Arboretum living collection (Arboretum Explorer)
Syringa x chinensis forma metensis,Form of Rouen Lilac,|Syringa x chinensis 'Metensis'|,Oleaceae,Syringa,Shrub,16.4,Arnold Arboretum living collection (Arboretum Explorer)
Syringa x chinensis forma saugeana,Red form of Rouen Lilac,|Syringa x chinensis 'Atrosanguinea'|Syringa x chinensis 'Saugeana'|,Oleaceae,Syringa,Shrub,13.1,Arnold Arboretum living collection (Arboretum Explorer)
Syringa x chinensis nothof. bicolor,Chinese Lilac,|Syringa x chinensis forma bicolor|,Oleaceae,Syringa,Shrub,13.1,Arnold Arboretum living collection (Arboretum Explorer)
Syringa x chinensis var. alba,Variety of Rouen Lilac,|Syringa x chinensis forma alba|,Oleaceae,Syringa,Shrub,9.8,Arnold Arboretum living collection (Arboretum Explorer)
Syringa x diversifolia,Varileaf Lilac,,Oleaceae,Syringa,Shrub,9.8,Arnold Arboretum living collection (Arboretum Explorer)
Syringa x diversifolia 'William H. Judd',Cultivar of Varileaf Lilac,|Syringa x diversifolia 'Judd'|,Oleaceae,Syringa,Shrub,,Arnold Arboretum living collection (Arboretum Explorer)
Syringa x henryi,Henry Lilac,,Oleaceae,Syringa,Shrub,6.6,Arnold Arboretum living collection (Arboretum Explorer)
Syringa x hyacinthiflora 'Asessippi',Cultivar of Early Flowering Lilac,,Oleaceae,Syringa,Shrub,9.8,Arnold Arboretum living collection (Arboretum Explorer)
Syringa x hyacinthiflora 'Berryer',Cultivar of Early Flowering Lilac,,Oleaceae,Syringa,Shrub,19.7,Arnold Arboretum living collection (Arboretum Explorer)
Syringa x hyacinthiflora 'Blanche Sweet',Cultivar of Early Flowering Lilac,,Oleaceae,Syringa,Shrub,13.1,Arnold Arboretum living collection (Arboretum Explorer)
Syringa x hyacinthiflora 'Catinat',Cultivar of Early Flowering Lilac,,Oleaceae,Syringa,Shrub,16.4,Arnold Arboretum living collection (Arboretum Explorer)
Syringa x hyacinthiflora 'Churchill',Cultivar of Early Flowering Lilac,,Oleaceae,Syringa,Shrub,,Arnold Arboretum living collection (Arboretum Explorer)
Syringa x hyacinthiflora 'Claude de Lorrain',Cultivar of Early Flowering Lilac,|Syringa x hyacinthiflora 'Claude le Lorrain'|,Oleaceae,Syringa,Shrub,,Arnold Arboretum living collection (Arboretum Explorer)
Syringa x hyacinthiflora 'Daphne Pink',Cultivar of Early Flowering Lilac,|Syringa x hyacinthiflora 'Daphne'|,Oleaceae,Syringa,Shrub,3.0,Arnold Arboretum living collection (Arboretum Explorer)
Syringa x hyacinthiflora 'Doctor Chadwick',Cultivar of Early Flowering Lilac,,Oleaceae,Syringa,Shrub,,Arnold Arboretum living collection (Arboretum Explorer)
Syringa x hyacinthiflora 'Esther Staley',Cultivar of Early Flowering Lilac,,Oleaceae,Syringa,Shrub,13.1,Arnold Arboretum living collection (Arboretum Explorer)
Syringa x hyacinthiflora 'Evangeline',Cultivar of Early Flowering Lilac,|Syringa x hyacinthiflora 'Earliest Evangeline'|,Oleaceae,Syringa,Shrub,11.5,Arnold Arboretum living collection (Arboretum Explorer)
Syringa x hyacinthiflora 'Excel',Cultivar of Early Flowering Lilac,,Oleaceae,Syringa,Shrub,16.4,Arnold Arboretum living collection (Arboretum Explorer)
Syringa x hyacinthiflora 'Fraser',Cultivar of Early Flowering Lilac,,Oleaceae,Syringa,Shrub,3.3,Arnold Arboretum living collection (Arboretum Explorer)
Syringa x hyacinthiflora 'Gertrude Leslie',Cultivar of Early Flowering Lilac,,Oleaceae,Syringa,Shrub,9.8,Arnold Arboretum living collection (Arboretum Explorer)
Syringa x hyacinthiflora 'Heather Haze',Cultivar of Early Flowering Lilac,,Oleaceae,Syringa,Shrub,3.3,Arnold Arboretum living collection (Arboretum Explorer)
Syringa x hyacinthiflora 'Hyacinthiflora Plena',Cultivar of Early Flowering Lilac,,Oleaceae,Syringa,Shrub,9.8,Arnold Arboretum living collection (Arboretum Explorer)
Syringa x hyacinthiflora 'Lamartine',Cultivar of Early Flowering Lilac,|Syringa x hyacinthiflora 'Lambert'|,Oleaceae,Syringa,Shrub,13.8,Arnold Arboretum living collection (Arboretum Explorer)
Syringa x hyacinthiflora 'Laurentian',Cultivar of Early Flowering Lilac,,Oleaceae,Syringa,Shrub,9.8,Arnold Arboretum living collection (Arboretum Explorer)
Syringa x hyacinthiflora 'Louvois',Cultivar of Early Flowering Lilac,,Oleaceae,Syringa,Shrub,,Arnold Arboretum living collection (Arboretum Explorer)
Syringa x hyacinthiflora 'Maiden's Blush',Cultivar of Early Flowering Lilac,,Oleaceae,Syringa,Shrub,,Arnold Arboretum living collection (Arboretum Explorer)
Syringa x hyacinthiflora 'Mary Short',Cultivar of Early Flowering Lilac,|Syringa vulgaris 'Mary Short'|,Oleaceae,Syringa,Shrub,3.6,Arnold Arboretum living collection (Arboretum Explorer)
Syringa x hyacinthiflora 'Maureen',Cultivar of Early Flowering Lilac,,Oleaceae,Syringa,Shrub,16.4,Arnold Arboretum living collection (Arboretum Explorer)
Syringa x hyacinthiflora 'Minnehaha',Cultivar of Early Flowering Lilac,,Oleaceae,Syringa,Shrub,,Arnold Arboretum living collection (Arboretum Explorer)
Syringa x hyacinthiflora 'Missimo',Cultivar of Early Flowering Lilac,,Oleaceae,Syringa,Shrub,,Arnold Arboretum living collection (Arboretum Explorer)
Syringa x hyacinthiflora 'Mount Baker',Cultivar of Early Flowering Lilac,,Oleaceae,Syringa,Shrub,,Arnold Arboretum living collection (Arboretum Explorer)
Syringa x hyacinthiflora 'Necker',Cultivar of Early Flowering Lilac,,Oleaceae,Syringa,Shrub,13.1,Arnold Arboretum living collection (Arboretum Explorer)
Syringa x hyacinthiflora 'Nokomis',Cultivar of Early Flowering Lilac,,Oleaceae,Syringa,Shrub,13.1,Arnold Arboretum living collection (Arboretum Explorer)
Syringa x hyacinthiflora 'Norah',Cultivar of Early Flowering Lilac,,Oleaceae,Syringa,Shrub,13.1,Arnold Arboretum living collection (Arboretum Explorer)
Syringa x hyacinthiflora 'Pink Cloud',Cultivar of Early Flowering Lilac,,Oleaceae,Syringa,Shrub,,Arnold Arboretum living collection (Arboretum Explorer)
Syringa x hyacinthiflora 'Pink Spray',Cultivar of Early Flowering Lilac,,Oleaceae,Syringa,Shrub,,Arnold Arboretum living collection (Arboretum Explorer)
Syringa x hyacinthiflora 'Pocahontas',Cultivar of Early Flowering Lilac,,Oleaceae,Syringa,Shrub,13.1,Arnold Arboretum living collection (Arboretum Explorer)
Syringa x hyacinthiflora 'Rowancroft Pink',Cultivar of Early Flowering Lilac,,Oleaceae,Syringa,Shrub,4.9,Arnold Arboretum living collection (Arboretum Explorer)
Syringa x hyacinthiflora 'Royal Purple',Cultivar of Early Flowering Lilac,,Oleaceae,Syringa,Shrub,13.1,Arnold Arboretum living collection (Arboretum Explorer)
Syringa x hyacinthiflora 'Scotia',Cultivar of Early Flowering Lilac,,Oleaceae,Syringa,Shrub,13.1,Arnold Arboretum living collection (Arboretum Explorer)
Syringa x hyacinthiflora 'Sister Justina',Cultivar of Early Flowering Lilac,,Oleaceae,Syringa,Shrub,6.6,Arnold Arboretum living collection (Arboretum Explorer)
Syringa x hyacinthiflora 'Summer Skies',Cultivar of Early Flowering Lilac,,Oleaceae,Syringa,Shrub,9.8,Arnold Arboretum living collection (Arboretum Explorer)
Syringa x hyacinthiflora 'Swarthmore',Cultivar of Early Flowering Lilac,,Oleaceae,Syringa,Shrub,,Arnold Arboretum living collection (Arboretum Explorer)
Syringa x hyacinthiflora 'The Bride',Cultivar of Early Flowering Lilac,,Oleaceae,Syringa,Shrub,,Arnold Arboretum living collection (Arboretum Explorer)
Syringa x hyacinthiflora 'Turgot',Cultivar of Early Flowering Lilac,,Oleaceae,Syringa,Shrub,19.7,Arnold Arboretum living collection (Arboretum Explorer)
Syringa x hyacinthiflora 'Vauban',Cultivar of Early Flowering Lilac,|Syringa x hyacinthiflora 'Praecox Vauban'|,Oleaceae,Syringa,Shrub,14.8,Arnold Arboretum living collection (Arboretum Explorer)
Syringa x hyacinthiflora 'Villars',Cultivar of Early Flowering Lilac,,Oleaceae,Syringa,Shrub,,Arnold Arboretum living collection (Arboretum Explorer)
Syringa x josiflexa 'Guinevere',Lilac,,Oleaceae,Syringa,Shrub,,Arnold Arboretum living collection (Arboretum Explorer)
Syringa x josiflexa 'Nellie Bean',Lilac,,Oleaceae,Syringa,Shrub,,Arnold Arboretum living collection (Arboretum Explorer)
Syringa x josiflexa 'Royalty',Lilac,,Oleaceae,Syringa,Shrub,,Arnold Arboretum living collection (Arboretum Explorer)
Syringa x josiflexa (Villosae Group) 'Anna Amhoff',Josiflexa Lilac Cultivar,,Oleaceae,Syringa,Shrub,6.6,Arnold Arboretum living collection (Arboretum Explorer)
Syringa x josiflexa (Villosae Group) 'James MacFarlane',Josiflexa Lilac Cultivar,,Oleaceae,Syringa,Shrub,9.8,Arnold Arboretum living collection (Arboretum Explorer)
Syringa x josiflexa (Villosae Group) 'Sulte',Josiflexa Lilac Cultivar,,Oleaceae,Syringa,Shrub,16.4,Arnold Arboretum living collection (Arboretum Explorer)
Syringa x persica 'Alba',Cultivar of Persian Lilac,,Oleaceae,Syringa,Shrub,,Arnold Arboretum living collection (Arboretum Explorer)
Syringa x prestoniae 'Alexander's Aristocrat',Lilac,,Oleaceae,Syringa,Shrub,,Arnold Arboretum living collection (Arboretum Explorer)
Syringa x prestoniae 'Ethel M. Webster',Lilac,,Oleaceae,Syringa,Shrub,,Arnold Arboretum living collection (Arboretum Explorer)
Syringa x prestoniae 'Jessica',Lilac,,Oleaceae,Syringa,Shrub,,Arnold Arboretum living collection (Arboretum Explorer)
Syringa x prestoniae 'Minuet',,,Oleaceae,Syringa,Shrub,,Arnold Arboretum living collection (Arboretum Explorer)
Syringa x prestoniae 'Nocturne',Lilac,,Oleaceae,Syringa,Shrub,,Arnold Arboretum living collection (Arboretum Explorer)
Syringa x prestoniae (Villosae Group) 'Alexander's Perfection',Hybrid Lilac Cultivar,,Oleaceae,Syringa,Shrub,9.8,Arnold Arboretum living collection (Arboretum Explorer)
Syringa x prestoniae (Villosae Group) 'Alexander's Pink',Hybrid Lilac Cultivar,,Oleaceae,Syringa,Shrub,4.9,Arnold Arboretum living collection (Arboretum Explorer)
Syringa x prestoniae (Villosae Group) 'Donald Wyman',Hybrid Lilac Cultivar,,Oleaceae,Syringa,Shrub,12.1,Arnold Arboretum living collection (Arboretum Explorer)
Syringa x prestoniae (Villosae Group) 'Handel',Hybrid Lilac Cultivar,,Oleaceae,Syringa,Shrub,19.7,Arnold Arboretum living collection (Arboretum Explorer)
Syringa x prestoniae (Villosae Group) 'Hecla',Hybrid Lilac Cultivar,,Oleaceae,Syringa,Shrub,19.7,Arnold Arboretum living collection (Arboretum Explorer)
Syringa x prestoniae (Villosae Group) 'Hiawatha',Hybrid Lilac Cultivar,,Oleaceae,Syringa,Shrub,14.8,Arnold Arboretum living collection (Arboretum Explorer)
Syringa x prestoniae (Villosae Group) 'Nerissa',Lilac,,Oleaceae,Syringa,Shrub,,Arnold Arboretum living collection (Arboretum Explorer)
Syringa x prestoniae (Villosae Group) 'Romeo',Hybrid Lilac Cultivar,,Oleaceae,Syringa,Shrub,13.5,Arnold Arboretum living collection (Arboretum Explorer)
Syringa x prestoniae (Villosae Group) 'Silvia',Hybrid Lilac Cultivar,,Oleaceae,Syringa,Shrub,9.8,Arnold Arboretum living collection (Arboretum Explorer)
Syringa x prestoniae (Villosae Group) 'W.T. Macoun',Hybrid Lilac Cultivar,,Oleaceae,Syringa,Shrub,3.3,Arnold Arboretum living collection (Arboretum Explorer)
Syringa x swegiflexa,Pink Pearl Lilac,,Oleaceae,Syringa,Shrub,13.1,Arnold Arboretum living collection (Arboretum Explorer)
Syringa x swegiflexa (Villosae Group) 'Carlton',Cultivar of Pink Pearl Lilac,,Oleaceae,Syringa,Shrub,16.4,Arnold Arboretum living collection (Arboretum Explorer)
Syringa yunnanensis,Yunnan Lilac,|Syringa tomentella ssp. yunnanensis|,Oleaceae,Syringa,Shrub,23.0,Arnold Arboretum living collection (Arboretum Explorer)
Taxodium distichum,Bald Cypress,,Cupressaceae,Taxodium,Tree,,Arnold Arboretum living collection (Arboretum Explorer)
Taxodium distichum 'Cascade Falls',Cultivar of Bald Cypress,,Cupressaceae,Taxodium,Tree,,Arnold Arboretum living collection (Arboretum Explorer)
Taxodium distichum 'Fastigiata',,,Cupressaceae,Taxodium,Tree,,Arnold Arboretum living collection (Arboretum Explorer)
Taxodium distichum 'Hurley Park',,,Cupressaceae,Taxodium,,,Arnold Arboretum living collection (Arboretum Explorer)
Taxodium distichum 'Pendens',Cultivar of Bald Cypress,|Taxodium distichum forma pendens|,Cupressaceae,Taxodium,Tree,,Arnold Arboretum living collection (Arboretum Explorer)
Taxodium distichum var. distichum,Bald Cypress,,Cupressaceae,Taxodium,Tree,,Arnold Arboretum living collection (Arboretum Explorer)
Taxodium distichum var. imbricarium,Pondcypress,|Taxodium ascendens|Taxodium ascendens forma nutans|Taxodium ascendens 'Nutans'|Glyptostrobus lineatus|,Cupressaceae,Taxodium,Tree,,Arnold Arboretum living collection (Arboretum Explorer)
Taxodium distichum var. imbricarium 'Morris',,,Cupressaceae,Taxodium,,,Arnold Arboretum living collection (Arboretum Explorer)
Taxodium distichum var. imbricarium 'Nutans',Cultivar of Pondcypress,|Taxodium ascendens forma nutans|Taxodium ascendens 'Nutans'|,Cupressaceae,Taxodium,Tree,,Arnold Arboretum living collection (Arboretum Explorer)
Taxodium distichum var. imbricarium 'Prairie Sentinel',,,Cupressaceae,Taxodium,Tree,,Arnold Arboretum living collection (Arboretum Explorer)
Taxus 'Holland Seedling',Cultivar of Yew,,Taxaceae,Taxus,Tree,,Arnold Arboretum living collection (Arboretum Explorer)
Taxus 'Old Westbury',Cultivar of Yew,,Taxaceae,Taxus,Tree,,Arnold Arboretum living collection (Arboretum Explorer)
Taxus baccata,English Yew,,Taxaceae,Taxus,Intermediate (shrub/tree),13.8,Arnold Arboretum living collection (Arboretum Explorer)
Taxus baccata 'Adpressa Erecta',Cultivar of English Yew,,Taxaceae,Taxus,Shrub,6.0,Arnold Arboretum living collection (Arboretum Explorer)
Taxus baccata 'Adpressa',Shortleaf English Yew,|Taxus baccata forma adpressa|,Taxaceae,Taxus,Intermediate (shrub/tree),,Arnold Arboretum living collection (Arboretum Explorer)
Taxus baccata 'Amersfoort',Cultivar of English Yew,,Taxaceae,Taxus,Shrub,19.7,Arnold Arboretum living collection (Arboretum Explorer)
Taxus baccata 'Aurea',Golden English Yew,|Taxus baccata forma aurea|,Taxaceae,Taxus,Shrub,,Arnold Arboretum living collection (Arboretum Explorer)
Taxus baccata 'Cheshuntensis',Cultivar of English Yew,,Taxaceae,Taxus,Tree,,Arnold Arboretum living collection (Arboretum Explorer)
Taxus baccata 'Davisii',Cultivar of English Yew,,Taxaceae,Taxus,Tree,8.0,Arnold Arboretum living collection (Arboretum Explorer)
Taxus baccata 'Dovastoniana',,,Taxaceae,Taxus,Tree,,Arnold Arboretum living collection (Arboretum Explorer)
Taxus baccata 'Elegantissima',Elegant English Yew,|Taxus baccata forma elegantissima|,Taxaceae,Taxus,Tree,,Arnold Arboretum living collection (Arboretum Explorer)
Taxus baccata 'Ericoides',Broom English Yew,|Taxus baccata forma ericoides|,Taxaceae,Taxus,Shrub,3.3,Arnold Arboretum living collection (Arboretum Explorer)
Taxus baccata 'Fastigiata',Irish Yew,|Taxus hibernica|Taxus baccata forma stricta|Taxus baccata 'Stricta'|,Taxaceae,Taxus,Tree,,Arnold Arboretum living collection (Arboretum Explorer)
Taxus baccata 'Linearis',Slimleaf English Yew,|Taxus baccata forma linearis|,Taxaceae,Taxus,Tree,,Arnold Arboretum living collection (Arboretum Explorer)
Taxus baccata 'Lutea',Yellowberry English Yew,|Taxus baccata forma lutea|,Taxaceae,Taxus,Shrub,7.9,Arnold Arboretum living collection (Arboretum Explorer)
Taxus baccata 'Nigra',Cultivar of English Yew,,Taxaceae,Taxus,Tree,25.0,Arnold Arboretum living collection (Arboretum Explorer)
Taxus baccata 'Nutans',Cultivar of English Yew,,Taxaceae,Taxus,Tree,,Arnold Arboretum living collection (Arboretum Explorer)
Taxus baccata 'Omberg',Cultivar of English Yew,,Taxaceae,Taxus,Tree,,Arnold Arboretum living collection (Arboretum Explorer)
Taxus baccata 'Pygmaea',Cultivar of English Yew,,Taxaceae,Taxus,Tree,,Arnold Arboretum living collection (Arboretum Explorer)
Taxus baccata 'Repandens',Cultivar of English Yew,,Taxaceae,Taxus,Tree,9.8,Arnold Arboretum living collection (Arboretum Explorer)
Taxus baccata 'Silver Green',Cultivar of English Yew,,Taxaceae,Taxus,Tree,,Arnold Arboretum living collection (Arboretum Explorer)
Taxus baccata 'Standishii',Cultivar of English Yew,,Taxaceae,Taxus,Tree,13.5,Arnold Arboretum living collection (Arboretum Explorer)
Taxus baccata 'Variegata',Cultivar of English Yew,,Taxaceae,Taxus,Tree,,Arnold Arboretum living collection (Arboretum Explorer)
Taxus canadensis,Canadian Yew,,Taxaceae,Taxus,Shrub,7.5,Arnold Arboretum living collection (Arboretum Explorer)
Taxus canadensis 'Pyramidalis',Cultivar of Canada Yew,|Taxus canadensis forma stricta|,Taxaceae,Taxus,Shrub,,Arnold Arboretum living collection (Arboretum Explorer)
Taxus chinensis,Chinese Yew,|Taxus celebica|Taxus cuspidata var. chinensis|Taxus wallichiana var. chinensis|,Taxaceae,Taxus,Intermediate (shrub/tree),13.9,Arnold Arboretum living collection (Arboretum Explorer)
Taxus cuspidata,Japanese Yew,,Taxaceae,Taxus,Tree,19.0,Arnold Arboretum living collection (Arboretum Explorer)
Taxus cuspidata 'Aurescens',Goldtip Japanese Yew,|Taxus cuspidata forma aurescens|,Taxaceae,Taxus,Shrub,1.6,Arnold Arboretum living collection (Arboretum Explorer)
Taxus cuspidata 'Bobbink',Cultivar of English Yew,,Taxaceae,Taxus,Tree,,Arnold Arboretum living collection (Arboretum Explorer)
Taxus cuspidata 'Densa',Cushion Japanese Yew,|Taxus cuspidata forma densa|,Taxaceae,Taxus,Shrub,13.1,Arnold Arboretum living collection (Arboretum Explorer)
Taxus cuspidata 'Expansa',Cultivar of Japanese Yew,,Taxaceae,Taxus,Tree,3.0,Arnold Arboretum living collection (Arboretum Explorer)
Taxus cuspidata 'Gold Dwarf',Cultivar of Japanese Yew,,Taxaceae,Taxus,Tree,,Arnold Arboretum living collection (Arboretum Explorer)
Taxus cuspidata 'Green Mountain',Cultivar of Japanese Yew,,Taxaceae,Taxus,Tree,,Arnold Arboretum living collection (Arboretum Explorer)
Taxus cuspidata 'Nana',Dwarf Japanese Yew,|Taxus cuspidata forma nana|,Taxaceae,Taxus,Shrub,10.8,Arnold Arboretum living collection (Arboretum Explorer)
Taxus floridana,Florida Yew,,Taxaceae,Taxus,Tree,4.3,Arnold Arboretum living collection (Arboretum Explorer)
Taxus mairei,,|Taxus wallichiana var. mairei|Taxus chinensis var. mairei|,Taxaceae,Taxus,Tree,,Arnold Arboretum living collection (Arboretum Explorer)
Taxus sp.,Yew,,Taxaceae,Taxus,Tree,,Arnold Arboretum living collection (Arboretum Explorer)
Taxus x hunnewelliana,Hunnewell Yew,,Taxaceae,Taxus,Tree,11.8,Arnold Arboretum living collection (Arboretum Explorer)
Taxus x media,Anglo-Japanese Yew,,Taxaceae,Taxus,Tree,,Arnold Arboretum living collection (Arboretum Explorer)
Taxus x media 'Anthony Wayne',Cultivar of Yew,,Taxaceae,Taxus,Tree,,Arnold Arboretum living collection (Arboretum Explorer)
Taxus x media 'Beanpole',Cultivar of Hybrid Yew,,Taxaceae,Taxus,Tree,,Arnold Arboretum living collection (Arboretum Explorer)
Taxus x media 'Berryhill',Cultivar of Hybrid Yew,,Taxaceae,Taxus,Tree,,Arnold Arboretum living collection (Arboretum Explorer)
Taxus x media 'Brevicata',Cultivar of Hybrid Yew,,Taxaceae,Taxus,Tree,,Arnold Arboretum living collection (Arboretum Explorer)
Taxus x media 'Brownii',Brown's Yew,,Taxaceae,Taxus,Tree,,Arnold Arboretum living collection (Arboretum Explorer)
Taxus x media 'Cedar Hill',Cultivar of Hybrid Yew,,Taxaceae,Taxus,Tree,,Arnold Arboretum living collection (Arboretum Explorer)
Taxus x media 'Chadwick',Cultivar of Hybrid Yew,,Taxaceae,Taxus,Tree,7.7,Arnold Arboretum living collection (Arboretum Explorer)
Taxus x media 'Densiformis',Cultivar of Hybrid Yew,,Taxaceae,Taxus,Tree,,Arnold Arboretum living collection (Arboretum Explorer)
Taxus x media 'Dutweilleri',Dutweiller Yew,,Taxaceae,Taxus,Tree,,Arnold Arboretum living collection (Arboretum Explorer)
Taxus x media 'Fastigiata',Cultivar of Hybrid Yew,,Taxaceae,Taxus,Tree,,Arnold Arboretum living collection (Arboretum Explorer)
Taxus x media 'Flushing',Cultivar of Hybrid Yew,,Taxaceae,Taxus,Tree,,Arnold Arboretum living collection (Arboretum Explorer)
Taxus x media 'Gem',Cultivar of Hybrid Yew,,Taxaceae,Taxus,Tree,,Arnold Arboretum living collection (Arboretum Explorer)
Taxus x media 'Halloriana',Cultivar of Hybrid Yew,,Taxaceae,Taxus,Tree,,Arnold Arboretum living collection (Arboretum Explorer)
Taxus x media 'Hatfieldii',Hatfield Yew,|Taxus x media forma hatfieldii|,Taxaceae,Taxus,Tree,,Arnold Arboretum living collection (Arboretum Explorer)
Taxus x media 'Hicksii',Cultivar of Hybrid Yew,|Taxus x media forma hicksii|,Taxaceae,Taxus,Tree,19.7,Arnold Arboretum living collection (Arboretum Explorer)
Taxus x media 'Hillii',Cultivar of Hybrid Yew,,Taxaceae,Taxus,Tree,,Arnold Arboretum living collection (Arboretum Explorer)
Taxus x media 'Hummeri',Cultivar of Hybrid Yew,,Taxaceae,Taxus,Tree,,Arnold Arboretum living collection (Arboretum Explorer)
Taxus x media 'Kelsey Upright',Cultivar of Hybrid Yew,,Taxaceae,Taxus,Tree,,Arnold Arboretum living collection (Arboretum Explorer)
Taxus x media 'Moon',Cultivar of Hybrid Yew,,Taxaceae,Taxus,Tree,,Arnold Arboretum living collection (Arboretum Explorer)
Taxus x media 'Sentinalis',Cultivar of Hybrid Yew,,Taxaceae,Taxus,Tree,18.0,Arnold Arboretum living collection (Arboretum Explorer)
Taxus x media 'Stovekenii',Cultivar of Hybrid Yew,,Taxaceae,Taxus,Tree,10.0,Arnold Arboretum living collection (Arboretum Explorer)
Taxus x media 'Taunton',Cultivar of Hybrid Yew,,Taxaceae,Taxus,Tree,,Arnold Arboretum living collection (Arboretum Explorer)
Taxus x media 'Thayerae',Thayer Yew,,Taxaceae,Taxus,Tree,,Arnold Arboretum living collection (Arboretum Explorer)
Taxus x media 'Totem',Cultivar of Hybrid Yew,,Taxaceae,Taxus,Tree,,Arnold Arboretum living collection (Arboretum Explorer)
Taxus x media 'Vermeulen',Cultivar of Yew,|Taxus x media 'Vermeulen's Variety'|,Taxaceae,Taxus,Tree,,Arnold Arboretum living collection (Arboretum Explorer)
Taxus x media 'Viridis',Cultivar of Hybrid Yew,,Taxaceae,Taxus,Tree,,Arnold Arboretum living collection (Arboretum Explorer)
Taxus x media 'Ward',Cultivar of Hybrid Yew,,Taxaceae,Taxus,Tree,8.2,Arnold Arboretum living collection (Arboretum Explorer)
Taxus x media 'Wellesleyana',Cultivar of Hybrid Yew,,Taxaceae,Taxus,Tree,,Arnold Arboretum living collection (Arboretum Explorer)
Ternstroemia sp.,,,Theaceae,Ternstroemia,Shrub,,Arnold Arboretum living collection (Arboretum Explorer)
Tetracentron sinense,,,Tetracentraceae,Tetracentron,Tree,3.0,Arnold Arboretum living collection (Arboretum Explorer)
Tetradium daniellii,Evodia,|Evodia daniellii|Euodia velutina|Evodia velutina|Euodia daniellii|,Rutaceae,Tetradium,Intermediate (shrub/tree),,Arnold Arboretum living collection (Arboretum Explorer)
Thalictrum pubescens,Tall Meadow-Rue,,Ranunculaceae,Thalictrum,Herbaceous,,Arnold Arboretum living collection (Arboretum Explorer)
Thalictrum tuberiferum,,,Ranunculaceae,Thalictrum,Herbaceous,,Arnold Arboretum living collection (Arboretum Explorer)
Thuja koraiensis,Korean Arborvitae,,Cupressaceae,Thuja,Intermediate (shrub/tree),1.6,Arnold Arboretum living collection (Arboretum Explorer)
Thuja koraiensis var. austrina,,,Cupressaceae,Thuja,Tree,4.9,Arnold Arboretum living collection (Arboretum Explorer)
Thuja occidentalis,Northern White cedar,,Cupressaceae,Thuja,Tree,14.4,Arnold Arboretum living collection (Arboretum Explorer)
Thuja occidentalis 'Argentea',Cultivar of American Arborvitae,|Thuja occidentalis 'Variegata'|Thuja occidentalis forma variegata|,Cupressaceae,Thuja,Shrub,,Arnold Arboretum living collection (Arboretum Explorer)
Thuja occidentalis 'Aurea',Bushgold Eastern Arborvitae,,Cupressaceae,Thuja,Shrub,,Arnold Arboretum living collection (Arboretum Explorer)
Thuja occidentalis 'Buchananii',Buchanan Arborvitae,|Thuja occidentalis forma buchananii|,Cupressaceae,Thuja,Tree,,Arnold Arboretum living collection (Arboretum Explorer)
Thuja occidentalis 'Caucasica',Cultivar of American Arborvitae,,Cupressaceae,Thuja,Tree,9.8,Arnold Arboretum living collection (Arboretum Explorer)
Thuja occidentalis 'Columbia',Silvertip Arborvitae,,Cupressaceae,Thuja,Tree,10.8,Arnold Arboretum living collection (Arboretum Explorer)
Thuja occidentalis 'Compacta',Parsons American Arborvitae,|Thuja occidentalis forma compacta|Thuja occidentalis 'Parson's Compacta'|Thuja occidentalis 'Pygmaea'|Thuja occidentalis 'Nana'|Thuja occidentalis var. plicata|Thuja occidentalis 'Plicata Pygmaea'|,Cupressaceae,Thuja,Shrub,5.0,Arnold Arboretum living collection (Arboretum Explorer)
Thuja occidentalis 'Douglasii Aurea',Cultivar of American Arborvitae,,Cupressaceae,Thuja,Tree,,Arnold Arboretum living collection (Arboretum Explorer)
Thuja occidentalis 'Douglasii Pyramidalis',Douglas Pyramidal Arborvitae,,Cupressaceae,Thuja,Tree,,Arnold Arboretum living collection (Arboretum Explorer)
Thuja occidentalis 'Ellwangeriana Aurea',Cultivar of American Arborvitae,,Cupressaceae,Thuja,Tree,,Arnold Arboretum living collection (Arboretum Explorer)
Thuja occidentalis 'Filiformis',Threadleaf Arborvitae,|Thuja occidentalis forma filiformis|,Cupressaceae,Thuja,Tree,9.2,Arnold Arboretum living collection (Arboretum Explorer)
Thuja occidentalis 'Globosa Rheindiana',Cultivar of American Arborvitae,,Cupressaceae,Thuja,Tree,,Arnold Arboretum living collection (Arboretum Explorer)
Thuja occidentalis 'Globosa',Globe American Arborvitae,|Thuja occidentalis forma globosa|Thuja occidentalis 'Tom Thumb'|,Cupressaceae,Thuja,Shrub,5.0,Arnold Arboretum living collection (Arboretum Explorer)
Thuja occidentalis 'Hancei',Cultivar of American Arborvitae,,Cupressaceae,Thuja,Tree,,Arnold Arboretum living collection (Arboretum Explorer)
Thuja occidentalis 'Hetz Midget',Cultivar of American Arborvitae,,Cupressaceae,Thuja,Shrub,,Arnold Arboretum living collection (Arboretum Explorer)
Thuja occidentalis 'Hetz Wintergreen',Cultivar of American Arborvitae,,Cupressaceae,Thuja,Tree,,Arnold Arboretum living collection (Arboretum Explorer)
Thuja occidentalis 'Holmstrup',Cultivar of American Arborvitae,,Cupressaceae,Thuja,Tree,,Arnold Arboretum living collection (Arboretum Explorer)
Thuja occidentalis 'Hookeriana',Cultivar of American Arborvitae,|Thuja occidentalis 'Pygmaea'|,Cupressaceae,Thuja,Tree,2.0,Arnold Arboretum living collection (Arboretum Explorer)
Thuja occidentalis 'Hoseri',Cultivar of American Arborvitae,,Cupressaceae,Thuja,Tree,8.0,Arnold Arboretum living collection (Arboretum Explorer)
Thuja occidentalis 'Indomitable',Cultivar of American Arborvitae,,Cupressaceae,Thuja,Tree,,Arnold Arboretum living collection (Arboretum Explorer)
Thuja occidentalis 'Little Champion',Cultivar of American Arborvitae,,Cupressaceae,Thuja,Tree,5.6,Arnold Arboretum living collection (Arboretum Explorer)
Thuja occidentalis 'Little Giant',Cultivar of American Arborvitae,,Cupressaceae,Thuja,Tree,,Arnold Arboretum living collection (Arboretum Explorer)
Thuja occidentalis 'Lutea',Form of American Arborvitae,|Thuja occidentalis forma lutea|Thuja occidentalis 'George Peabody'|,Cupressaceae,Thuja,Tree,20.0,Arnold Arboretum living collection (Arboretum Explorer)
Thuja occidentalis 'Milleri',Cultivar of American Arborvitae,,Cupressaceae,Thuja,Tree,3.3,Arnold Arboretum living collection (Arboretum Explorer)
Thuja occidentalis 'Minima',Cultivar of American Arborvitae,,Cupressaceae,Thuja,Tree,,Arnold Arboretum living collection (Arboretum Explorer)
Thuja occidentalis 'Nigra',Cultivar of American Arborvitae,,Cupressaceae,Thuja,Tree,,Arnold Arboretum living collection (Arboretum Explorer)
Thuja occidentalis 'Ohlendorffii',Ohlendorff Arborvitae,|Thuja occidentalis forma ohlendorffii|,Cupressaceae,Thuja,Tree,,Arnold Arboretum living collection (Arboretum Explorer)
Thuja occidentalis 'Pumila',Cultivar of American Arborvitae,|Thuja occidentalis forma pumila|,Cupressaceae,Thuja,Tree,15.0,Arnold Arboretum living collection (Arboretum Explorer)
Thuja occidentalis 'Queen Victoria',Cultivar of American Arborvitae,,Cupressaceae,Thuja,Shrub,20.0,Arnold Arboretum living collection (Arboretum Explorer)
Thuja occidentalis 'Recurva Nana',Cultivar of American Arborvitae,,Cupressaceae,Thuja,Tree,,Arnold Arboretum living collection (Arboretum Explorer)
Thuja occidentalis 'Recurvata',Cultivar of American Arborvitae,|Thuja occidentalis var. recurvata|,Cupressaceae,Thuja,Shrub,,Arnold Arboretum living collection (Arboretum Explorer)
Thuja occidentalis 'Rheingold',Cultivar of American Arborvitae,,Cupressaceae,Thuja,Tree,,Arnold Arboretum living collection (Arboretum Explorer)
Thuja occidentalis 'Riversii',Rivers Arborvitae,|Thuja occidentalis forma riversii|,Cupressaceae,Thuja,Tree,,Arnold Arboretum living collection (Arboretum Explorer)
Thuja occidentalis 'Robusta Recurva',Cultivar of American Arborvitae,,Cupressaceae,Thuja,Tree,,Arnold Arboretum living collection (Arboretum Explorer)
Thuja occidentalis 'Sherman',Cultivar of American Arborvitae,,Cupressaceae,Thuja,Shrub,10.0,Arnold Arboretum living collection (Arboretum Explorer)
Thuja occidentalis 'Spiralis',Cultivar of American Arborvitae,,Cupressaceae,Thuja,Tree,,Arnold Arboretum living collection (Arboretum Explorer)
Thuja occidentalis 'Umbraculifera',Umbrella Arborvitae,|Thuja occidentalis forma umbraculifera|,Cupressaceae,Thuja,Tree,3.3,Arnold Arboretum living collection (Arboretum Explorer)
Thuja occidentalis 'Wareana Lutescens',Form of American Arborvitae,|Thuja occidentalis forma lutescens|,Cupressaceae,Thuja,Tree,,Arnold Arboretum living collection (Arboretum Explorer)
Thuja occidentalis 'Wareana',Ware Arborvitae,|Thuja occidentalis forma robusta|,Cupressaceae,Thuja,Tree,15.0,Arnold Arboretum living collection (Arboretum Explorer)
Thuja occidentalis 'Wintergreen Pyramidal',Cultivar of American Arborvitae,,Cupressaceae,Thuja,Tree,,Arnold Arboretum living collection (Arboretum Explorer)
Thuja occidentalis 'Woodwardii',Woodward Arborvitae,|Thuja occidentalis forma woodwardii|,Cupressaceae,Thuja,Tree,7.2,Arnold Arboretum living collection (Arboretum Explorer)
Thuja plicata,Western Redcedar,|Thuja gigantea|,Cupressaceae,Thuja,Tree,8.2,Arnold Arboretum living collection (Arboretum Explorer)
Thuja plicata 'Cuprea',Cultivar of Giant Arborvitae,,Cupressaceae,Thuja,Shrub,12.0,Arnold Arboretum living collection (Arboretum Explorer)
Thuja plicata 'Hillieri',Cultivar of Giant Arborvitae,,Cupressaceae,Thuja,Tree,6.6,Arnold Arboretum living collection (Arboretum Explorer)
Thuja plicata 'Semperaurescens',Cultivar of Giant Arborvitae,,Cupressaceae,Thuja,Tree,,Arnold Arboretum living collection (Arboretum Explorer)
Thuja plicata 'Stoneham Gold',Cultivar of Giant Arborvitae,,Cupressaceae,Thuja,Tree,14.4,Arnold Arboretum living collection (Arboretum Explorer)
Thuja plicata 'Zebrina Extra Gold',Cultivar of Giant (Western) Arborvitae,,Cupressaceae,Thuja,Tree,,Arnold Arboretum living collection (Arboretum Explorer)
Thuja sp.,,,Cupressaceae,Thuja,Tree,,Arnold Arboretum living collection (Arboretum Explorer)
Thuja standishii,Japanese Arborvitae,|Thuja japonica|,Cupressaceae,Thuja,Tree,,Arnold Arboretum living collection (Arboretum Explorer)
Thuja sutchuenensis,,,Cupressaceae,Thuja,Intermediate (shrub/tree),8.2,Arnold Arboretum living collection (Arboretum Explorer)
Thujopsis dolabrata,Hiba False-Arborvitae,,Cupressaceae,Thujopsis,Tree,,Arnold Arboretum living collection (Arboretum Explorer)
Thujopsis dolabrata 'Nana',,,Cupressaceae,Thujopsis,Tree,,Arnold Arboretum living collection (Arboretum Explorer)
Thujopsis dolabrata var. hondae,Variety of Hiba False-Arborvitae,,Cupressaceae,Thujopsis,Tree,20.3,Arnold Arboretum living collection (Arboretum Explorer)
Tiarella cordifolia,Foam-flower,,Saxifragaceae,Tiarella,Herbaceous,,Arnold Arboretum living collection (Arboretum Explorer)
Tilia americana,American Linden,,Malvaceae,Tilia,Tree,9.8,Arnold Arboretum living collection (Arboretum Explorer)
Tilia americana 'Macrophylla',Form of American Linden,|Tilia americana forma macrophylla|,Malvaceae,Tilia,Tree,20.0,Arnold Arboretum living collection (Arboretum Explorer)
Tilia americana 'Redmond',Cultivar of American Linden,,Malvaceae,Tilia,Tree,,Arnold Arboretum living collection (Arboretum Explorer)
Tilia amurensis,Amur Linden,,Malvaceae,Tilia,Tree,,Arnold Arboretum living collection (Arboretum Explorer)
Tilia begonifolia,,|Tilia dasystyla|Tilia caucasica|Tilia rubra|Tilia rubra ssp. caucasica|,Malvaceae,Tilia,Tree,,Arnold Arboretum living collection (Arboretum Explorer)
Tilia chinensis var. investita,,,Malvaceae,Tilia,Tree,,Arnold Arboretum living collection (Arboretum Explorer)
Tilia cordata,Littleleaf Linden,|Tilia parvifolia|Tilia ulmifolia|,Malvaceae,Tilia,Tree,17.6,Arnold Arboretum living collection (Arboretum Explorer)
Tilia cordata 'Greenspire',Cultivar of Littleleaf Linden,,Malvaceae,Tilia,Tree,,Arnold Arboretum living collection (Arboretum Explorer)
Tilia cordata 'Swedish Upright',Cultivar of Littleleaf Linden,,Malvaceae,Tilia,Tree,,Arnold Arboretum living collection (Arboretum Explorer)
Tilia cordata (variant),Littleleaf Linden,,Malvaceae,Tilia,Tree,,Arnold Arboretum living collection (Arboretum Explorer)
Tilia dasystyla,,|Tilia rubra|Tilia caucasica|Tilia begonifolia|Tilia rubra ssp. caucasica|,Malvaceae,Tilia,Tree,,Arnold Arboretum living collection (Arboretum Explorer)
Tilia dasystyla ssp. caucasica,,|Tilia rubra ssp. caucasica|,Malvaceae,Tilia,Tree,,Arnold Arboretum living collection (Arboretum Explorer)
Tilia floridana,Florida Linden,,Malvaceae,Tilia,Tree,,Arnold Arboretum living collection (Arboretum Explorer)
Tilia henryana,,,Malvaceae,Tilia,Tree,,Arnold Arboretum living collection (Arboretum Explorer)
Tilia heterophylla,White Linden,,Malvaceae,Tilia,Tree,15.7,Arnold Arboretum living collection (Arboretum Explorer)
Tilia japonica,,,Malvaceae,Tilia,Tree,,Arnold Arboretum living collection (Arboretum Explorer)
Tilia kiusiana,,,Malvaceae,Tilia,Tree,5.9,Arnold Arboretum living collection (Arboretum Explorer)
Tilia koreana,,,Malvaceae,Tilia,Tree,,Arnold Arboretum living collection (Arboretum Explorer)
Tilia mandshurica,Manchurian Linden,,Malvaceae,Tilia,Tree,,Arnold Arboretum living collection (Arboretum Explorer)
Tilia maximowicziana,,|Tilia miyabei|,Malvaceae,Tilia,Tree,,Arnold Arboretum living collection (Arboretum Explorer)
Tilia mexicana,,,Malvaceae,Tilia,Tree,,Arnold Arboretum living collection (Arboretum Explorer)
Tilia miqueliana,Miquel Linden,|Tilia kinashii|,Malvaceae,Tilia,Tree,2.6,Arnold Arboretum living collection (Arboretum Explorer)
Tilia mongolica,,,Malvaceae,Tilia,Tree,20.7,Arnold Arboretum living collection (Arboretum Explorer)
Tilia neglecta,,|Tilia stellata|,Malvaceae,Tilia,Tree,,Arnold Arboretum living collection (Arboretum Explorer)
Tilia paucicostata,,,Malvaceae,Tilia,Tree,,Arnold Arboretum living collection (Arboretum Explorer)
Tilia platyphyllos,Bigleaf Linden,|Tilia platyphylla|,Malvaceae,Tilia,Tree,,Arnold Arboretum living collection (Arboretum Explorer)
Tilia platyphyllos 'Aurea',Cultivar of Bigleaf Linden,|Tilia platyphyllos forma aurea|,Malvaceae,Tilia,Tree,,Arnold Arboretum living collection (Arboretum Explorer)
Tilia platyphyllos 'Fastigiata',Cultivar of Bigleaf Linden,|Tilia platyphyllos forma fastigiata|,Malvaceae,Tilia,Tree,,Arnold Arboretum living collection (Arboretum Explorer)
Tilia platyphyllos 'Handsworth',Cultivar of Bigleaf Linden,|Tilia cordata 'Handsworth'|,Malvaceae,Tilia,Tree,23.3,Arnold Arboretum living collection (Arboretum Explorer)
Tilia platyphyllos 'Laciniata',Cultivar of Bigleaf Linden,|Tilia platyphyllos forma laciniata|Tilia platyphyllos 'Fastigiata Laciniata'|,Malvaceae,Tilia,Tree,,Arnold Arboretum living collection (Arboretum Explorer)
Tilia platyphyllos 'Rubra',Cultivar of Bigleaf Linden,|Tilia platyphylla 'Rubra'|Tilia platyphylla forma corallina|Tilia rubra ssp. rubra|,Malvaceae,Tilia,Tree,,Arnold Arboretum living collection (Arboretum Explorer)
Tilia platyphyllos 'Tortuosa',Cultivar of Bigleaf Linden,|Tilia platyphylla 'Tortuosa'|,Malvaceae,Tilia,Tree,,Arnold Arboretum living collection (Arboretum Explorer)
Tilia platyphyllos 'Vitifolia',Cultivar of Bigleaf Linden,,Malvaceae,Tilia,Tree,,Arnold Arboretum living collection (Arboretum Explorer)
Tilia platyphyllos ssp. cordifolia,Subspecies of Bigleaf Linden,,Malvaceae,Tilia,Tree,,Arnold Arboretum living collection (Arboretum Explorer)
Tilia platyphyllos ssp. pseudorubra,Subspecies of Bigleaf Linden,,Malvaceae,Tilia,Tree,,Arnold Arboretum living collection (Arboretum Explorer)
Tilia sp.,Linden,,Malvaceae,Tilia,Tree,,Arnold Arboretum living collection (Arboretum Explorer)
Tilia tomentosa,Silver Linden,,Malvaceae,Tilia,Tree,,Arnold Arboretum living collection (Arboretum Explorer)
Tilia tomentosa 'Erecta',Cultivar of Silver Linden,|Tilia tomentosa var. erecta|,Malvaceae,Tilia,Tree,,Arnold Arboretum living collection (Arboretum Explorer)
Tilia tomentosa 'Petiolaris',Cultivar of Silver Linden,|Tilia tomentosa 'Pendula'|Tilia petiolaris|,Malvaceae,Tilia,Tree,,Arnold Arboretum living collection (Arboretum Explorer)
Tilia tuan var. tuan,,|Tilia obscura|,Malvaceae,Tilia,Tree,,Arnold Arboretum living collection (Arboretum Explorer)
Tilia venulosa,Blueridge Linden,,Malvaceae,Tilia,Tree,,Arnold Arboretum living collection (Arboretum Explorer)
Tilia x euchlora,,|Tilia europaea var. dasystyla|,Malvaceae,Tilia,Tree,,Arnold Arboretum living collection (Arboretum Explorer)
Tilia x europaea,,|Tilia x vulgaris|Tilia hollandica|Tilia intermedia|,Malvaceae,Tilia,Tree,,Arnold Arboretum living collection (Arboretum Explorer)
Tilia x europaea 'Longevirens',Cultivar of European Linden,,Malvaceae,Tilia,Tree,,Arnold Arboretum living collection (Arboretum Explorer)
Tilia x europaea 'Wratislaviensis',Cultivar of European Linden,,Malvaceae,Tilia,Tree,,Arnold Arboretum living collection (Arboretum Explorer)
Tilia x europaea var. pallida,,|Tilia x europaea 'Pallida'|,Malvaceae,Tilia,Tree,,Arnold Arboretum living collection (Arboretum Explorer)
Tilia x hillieri,,,Malvaceae,Tilia,Tree,,Arnold Arboretum living collection (Arboretum Explorer)
Tilia x moltkei,,,Malvaceae,Tilia,Tree,,Arnold Arboretum living collection (Arboretum Explorer)
Toona sinensis,,|Cedrela sinensis|,Meliaceae,Toona,Tree,,Arnold Arboretum living collection (Arboretum Explorer)
Torreya californica,California Torreya,,Taxaceae,Torreya,Tree,,Arnold Arboretum living collection (Arboretum Explorer)
Torreya grandis,,,Taxaceae,Torreya,Tree,,Arnold Arboretum living collection (Arboretum Explorer)
Torreya grandis var. grandis,,|Torreya grandis var. merrillii|Torreya grandis 'Merrillii'|,Taxaceae,Torreya,Tree,18.0,Arnold Arboretum living collection (Arboretum Explorer)
Torreya nucifera,Japanese Torreya,|Torreya igaensis|Torreya fruticosa|Torreya nucifera var. sphaerica|,Taxaceae,Torreya,Tree,,Arnold Arboretum living collection (Arboretum Explorer)
Torreya nucifera var. igaensis,,,Taxaceae,Torreya,Tree,,Arnold Arboretum living collection (Arboretum Explorer)
Torreya taxifolia,Stinking Cedar,,Taxaceae,Torreya,Tree,9.8,Arnold Arboretum living collection (Arboretum Explorer)
Toxicodendron sylvestre,,|Rhus sylvestris|,Anacardiaceae,Toxicodendron,Tree,,Arnold Arboretum living collection (Arboretum Explorer)
Toxicodendron trichocarpum,Peelberry Poison Sumac,|Rhus trichocarpa|,Anacardiaceae,Toxicodendron,Intermediate (shrub/tree),,Arnold Arboretum living collection (Arboretum Explorer)
Trachelospermum asiaticum,Asiatic Jasmine,,Apocynaceae,Trachelospermum,Vine,0.2,Arnold Arboretum living collection (Arboretum Explorer)
Trachelospermum difforme,Climbing Dogbane,,Apocynaceae,Trachelospermum,Vine,1.6,Arnold Arboretum living collection (Arboretum Explorer)
Tricyrtis macropoda,Toad Lily,,Liliaceae,Tricyrtis,Herbaceous,3.9,Arnold Arboretum living collection (Arboretum Explorer)
Tripterygium wilfordii,,|Tripterygium hypoglaucum|Tripterygium doianum|Tripterygium regelii|Tripterygium sp.|,Celastraceae,Tripterygium,Shrub,8.2,Arnold Arboretum living collection (Arboretum Explorer)
Trochodendron aralioides,Wheel-Tree,|Trochodendron aralioides forma longifolium|,Trochodendraceae,Trochodendron,Intermediate (shrub/tree),6.6,Arnold Arboretum living collection (Arboretum Explorer)
Tsuga canadensis,Eastern Hemlock,,Pinaceae,Tsuga,Tree,27.6,Arnold Arboretum living collection (Arboretum Explorer)
Tsuga canadensis 'Abbott's #17',Cultivar of Eastern Hemlock,,Pinaceae,Tsuga,Tree,,Arnold Arboretum living collection (Arboretum Explorer)
Tsuga canadensis 'Abbott's #42',Cultivar of Eastern Hemlock,,Pinaceae,Tsuga,Tree,,Arnold Arboretum living collection (Arboretum Explorer)
Tsuga canadensis 'Abbott's #50',Cultivar of Eastern Hemlock,,Pinaceae,Tsuga,Tree,,Arnold Arboretum living collection (Arboretum Explorer)
Tsuga canadensis 'Albospica',Cultivar of Eastern Hemlock,,Pinaceae,Tsuga,Tree,,Arnold Arboretum living collection (Arboretum Explorer)
Tsuga canadensis 'Ashfield Weeper',Cultivar of Eastern Hemlock,,Pinaceae,Tsuga,Tree,,Arnold Arboretum living collection (Arboretum Explorer)
Tsuga canadensis 'Atrovirens',Cultivar of Eastern Hemlock,,Pinaceae,Tsuga,Tree,,Arnold Arboretum living collection (Arboretum Explorer)
Tsuga canadensis 'Aurea',Cultivar of Eastern Hemlock,|Tsuga canadensis forma aurea|,Pinaceae,Tsuga,Tree,,Arnold Arboretum living collection (Arboretum Explorer)
Tsuga canadensis 'Bacon Cristate',Cultivar of Eastern Hemlock,,Pinaceae,Tsuga,Shrub,,Arnold Arboretum living collection (Arboretum Explorer)
Tsuga canadensis 'Bennett',Cultivar of Eastern Hemlock,|Tsuga canadensis 'Bennett's Minima'|,Pinaceae,Tsuga,Shrub,,Arnold Arboretum living collection (Arboretum Explorer)
Tsuga canadensis 'Bradshaw',Cultivar of Eastern Hemlock,,Pinaceae,Tsuga,Shrub,,Arnold Arboretum living collection (Arboretum Explorer)
Tsuga canadensis 'Brandley',Cultivar of Eastern Hemlock,,Pinaceae,Tsuga,Shrub,18.0,Arnold Arboretum living collection (Arboretum Explorer)
Tsuga canadensis 'Cesarini's Broom',Cultivar of Eastern Hemlock,,Pinaceae,Tsuga,Shrub,,Arnold Arboretum living collection (Arboretum Explorer)
Tsuga canadensis 'Cinnamomea',Cultivar of Eastern Hemlock,,Pinaceae,Tsuga,Tree,,Arnold Arboretum living collection (Arboretum Explorer)
Tsuga canadensis 'Cloud Prune',Cultivar of Eastern Hemlock,,Pinaceae,Tsuga,Tree,6.2,Arnold Arboretum living collection (Arboretum Explorer)
Tsuga canadensis 'Coffin',Cultivar of Eastern Hemlock,,Pinaceae,Tsuga,Shrub,,Arnold Arboretum living collection (Arboretum Explorer)
Tsuga canadensis 'Cole's Prostrate',Cultivar of Eastern Hemlock,|Tsuga canadensis 'Cole'|,Pinaceae,Tsuga,Shrub,7.9,Arnold Arboretum living collection (Arboretum Explorer)
Tsuga canadensis 'Compacta',Cultivar of Eastern Hemlock,|Tsuga canadensis forma compacta|,Pinaceae,Tsuga,Tree,,Arnold Arboretum living collection (Arboretum Explorer)
Tsuga canadensis 'Coplen',Cultivar of Eastern Hemlock,|Tsuga canadensis 'Coplen Pyramidal'|Tsuga canadensis 'Copley's Pyramidal'|,Pinaceae,Tsuga,Tree,,Arnold Arboretum living collection (Arboretum Explorer)
Tsuga canadensis 'Curtis',Cultivar of Eastern Hemlock,,Pinaceae,Tsuga,Tree,,Arnold Arboretum living collection (Arboretum Explorer)
Tsuga canadensis 'Dawsoniana',Cultivar of Eastern Hemlock,,Pinaceae,Tsuga,Tree,13.1,Arnold Arboretum living collection (Arboretum Explorer)
Tsuga canadensis 'Dwarf White-Tip',Cultivar of Eastern Hemlock,,Pinaceae,Tsuga,Tree,,Arnold Arboretum living collection (Arboretum Explorer)
Tsuga canadensis 'Erhle Large-Leaf',Cultivar of Eastern Hemlock,|Tsuga canadensis 'Erhle'|,Pinaceae,Tsuga,Tree,,Arnold Arboretum living collection (Arboretum Explorer)
Tsuga canadensis 'Fremdii',Cultivar of Eastern Hemlock,,Pinaceae,Tsuga,Tree,,Arnold Arboretum living collection (Arboretum Explorer)
Tsuga canadensis 'Gable Cinnamon',Dwarf Eastern Hemlock,|Tsuga canadensis 'Gable's #8'|,Pinaceae,Tsuga,Shrub,,Arnold Arboretum living collection (Arboretum Explorer)
Tsuga canadensis 'Gable Dwarf',Dwarf Eastern Hemlock,|Tsuga canadensis 'Gable's #2'|,Pinaceae,Tsuga,Shrub,,Arnold Arboretum living collection (Arboretum Explorer)
Tsuga canadensis 'Gable Twiggy',Cultivar of Eastern Hemlock,|Tsuga canadensis 'Gable's #5'|,Pinaceae,Tsuga,Shrub,,Arnold Arboretum living collection (Arboretum Explorer)
Tsuga canadensis 'Gable Weeping',Cultivar of Eastern Hemlock,|Tsuga canadensis 'Gable's #3'|,Pinaceae,Tsuga,Tree,15.0,Arnold Arboretum living collection (Arboretum Explorer)
Tsuga canadensis 'Gable's Littleleaf',Cultivar of Eastern Hemlock,|Tsuga canadensis 'Gable's #1'|,Pinaceae,Tsuga,Tree,,Arnold Arboretum living collection (Arboretum Explorer)
Tsuga canadensis 'Gentsch White',Cultivar of eastern hemlock,|Tsuga canadensis 'Variegata Gentsch'|,Pinaceae,Tsuga,Tree,4.9,Arnold Arboretum living collection (Arboretum Explorer)
Tsuga canadensis 'Gracilis',Cultivar of Eastern Hemlock,,Pinaceae,Tsuga,Shrub,,Arnold Arboretum living collection (Arboretum Explorer)
Tsuga canadensis 'Green Cascade',Cultivar of Eastern Hemlock,,Pinaceae,Tsuga,Tree,,Arnold Arboretum living collection (Arboretum Explorer)
Tsuga canadensis 'Guldemond's Dwarf',Cultivar of Eastern Hemlock,,Pinaceae,Tsuga,Shrub,,Arnold Arboretum living collection (Arboretum Explorer)
Tsuga canadensis 'Harmon',Cultivar of Eastern Hemlock,,Pinaceae,Tsuga,Tree,3.0,Arnold Arboretum living collection (Arboretum Explorer)
Tsuga canadensis 'Hiti',Cultivar of Eastern Hemlock,|Tsuga canadensis 'Pomfret'|,Pinaceae,Tsuga,Shrub,,Arnold Arboretum living collection (Arboretum Explorer)
Tsuga canadensis 'Hornbeck',,|Tsuga canadensis 'Dr. Hornbeck'|,Pinaceae,Tsuga,Tree,,Arnold Arboretum living collection (Arboretum Explorer)
Tsuga canadensis 'Horsford Contorted',Cultivar of Eastern Hemlock,,Pinaceae,Tsuga,Tree,6.6,Arnold Arboretum living collection (Arboretum Explorer)
Tsuga canadensis 'Horsford',Cultivar of Eastern Hemlock,|Tsuga canadensis 'Horsford Dwarf'|,Pinaceae,Tsuga,Shrub,,Arnold Arboretum living collection (Arboretum Explorer)
Tsuga canadensis 'Hussii',Cutlivar of Eastern Hemlock,,Pinaceae,Tsuga,Shrub,,Arnold Arboretum living collection (Arboretum Explorer)
Tsuga canadensis 'Innisfree',Cultivar of Eastern Hemlock,|Tsuga canadensis 'Dwarf Innisfree'|,Pinaceae,Tsuga,Shrub,20.0,Arnold Arboretum living collection (Arboretum Explorer)
Tsuga canadensis 'Jeddeloh',Cultivar of Eastern Hemlock,,Pinaceae,Tsuga,Tree,,Arnold Arboretum living collection (Arboretum Explorer)
Tsuga canadensis 'Jenkinsii',Cultivar of Eastern Hemlock,,Pinaceae,Tsuga,Tree,35.0,Arnold Arboretum living collection (Arboretum Explorer)
Tsuga canadensis 'Jervis',Cultivar of Eastern Hemlock,|Tsuga canadensis 'Nearing'|,Pinaceae,Tsuga,Shrub,6.6,Arnold Arboretum living collection (Arboretum Explorer)
Tsuga canadensis 'Kathryn Verkade',Cultivar of Eastern Hemlock,,Pinaceae,Tsuga,Tree,3.6,Arnold Arboretum living collection (Arboretum Explorer)
Tsuga canadensis 'Kelsey's Weeping',Cultivar of Eastern Hemlock,,Pinaceae,Tsuga,Tree,,Arnold Arboretum living collection (Arboretum Explorer)
Tsuga canadensis 'Kingsville',Cultivar of Eastern Hemlock,,Pinaceae,Tsuga,Tree,,Arnold Arboretum living collection (Arboretum Explorer)
Tsuga canadensis 'Livingston',Cultivar of Canadian (Eastern) Hemlock,,Pinaceae,Tsuga,Tree,10.5,Arnold Arboretum living collection (Arboretum Explorer)
Tsuga canadensis 'Loudon Dwarf',Cultivar of Eastern Hemlock,,Pinaceae,Tsuga,Tree,,Arnold Arboretum living collection (Arboretum Explorer)
Tsuga canadensis 'Lutea',,,Pinaceae,Tsuga,Tree,6.6,Arnold Arboretum living collection (Arboretum Explorer)
Tsuga canadensis 'Microphylla',Cultivar of Eastern Hemlock,|Tsuga canadensis forma microphylla|,Pinaceae,Tsuga,Tree,68.8,Arnold Arboretum living collection (Arboretum Explorer)
Tsuga canadensis 'Minima',Cultivar of Eastern Hemlock,,Pinaceae,Tsuga,Tree,,Arnold Arboretum living collection (Arboretum Explorer)
Tsuga canadensis 'Minuta',Cultivar of Eastern Hemlock,|Tsuga canadensis 'Pygmaea'|,Pinaceae,Tsuga,Shrub,3.9,Arnold Arboretum living collection (Arboretum Explorer)
Tsuga canadensis 'Nana',Cultivar of Eastern Hemlock,|Tsuga canadensis forma nana|,Pinaceae,Tsuga,Tree,,Arnold Arboretum living collection (Arboretum Explorer)
Tsuga canadensis 'Palomino',Cultivar of Eastern Hemlock,,Pinaceae,Tsuga,Shrub,2.0,Arnold Arboretum living collection (Arboretum Explorer)
Tsuga canadensis 'Papalowski',Cultivar of Eastern Hemlock,,Pinaceae,Tsuga,Tree,,Arnold Arboretum living collection (Arboretum Explorer)
Tsuga canadensis 'Rockland',Cultivar of Eastern Hemlock,,Pinaceae,Tsuga,Shrub,,Arnold Arboretum living collection (Arboretum Explorer)
Tsuga canadensis 'Rugg's Washington Dwarf',Cutlivar of Eastern Hemlock,,Pinaceae,Tsuga,Tree,,Arnold Arboretum living collection (Arboretum Explorer)
Tsuga canadensis 'Saint George',Cultivar of Canadian (Eastern) Hemlock,,Pinaceae,Tsuga,Tree,,Arnold Arboretum living collection (Arboretum Explorer)
Tsuga canadensis 'Starker',Cultivar of Eastern Hemlock,|Tsuga canadensis 'West Coast Creeper'|,Pinaceae,Tsuga,Shrub,,Arnold Arboretum living collection (Arboretum Explorer)
Tsuga canadensis 'Stewart's Gem',Cultivar of Eastern Hemlock,,Pinaceae,Tsuga,Shrub,,Arnold Arboretum living collection (Arboretum Explorer)
Tsuga canadensis 'Stewarts',Cultivar of Canadian (Eastern) Hemlock,,Pinaceae,Tsuga,Tree,,Arnold Arboretum living collection (Arboretum Explorer)
Tsuga canadensis 'Stockman's Dwarf',Cultivar of Eastern Hemlock,,Pinaceae,Tsuga,Tree,,Arnold Arboretum living collection (Arboretum Explorer)
Tsuga canadensis 'Stranger',Cultivar of Eastern Hemlock,,Pinaceae,Tsuga,Tree,,Arnold Arboretum living collection (Arboretum Explorer)
Tsuga canadensis 'Taxifolia',Cultivar of Eastern Hemlock,|Tsuga canadensis forma taxifolia|,Pinaceae,Tsuga,Shrub,,Arnold Arboretum living collection (Arboretum Explorer)
Tsuga canadensis 'Upper Bank',Cultivar of Eastern Hemlock,,Pinaceae,Tsuga,Tree,6.6,Arnold Arboretum living collection (Arboretum Explorer)
Tsuga canadensis 'Valentine',Cultivar of Eastern Hemlock,|Tsuga canadensis 'Valentine's Weeper'|,Pinaceae,Tsuga,Shrub,,Arnold Arboretum living collection (Arboretum Explorer)
Tsuga canadensis 'Vermeulen's Pyramid',Cultivar of Eastern Hemlock,,Pinaceae,Tsuga,Tree,,Arnold Arboretum living collection (Arboretum Explorer)
Tsuga canadensis 'Watnong Star',Cultivar of Canadian (Eastern) Hemlock,,Pinaceae,Tsuga,Shrub,,Arnold Arboretum living collection (Arboretum Explorer)
Tsuga canadensis 'Westonigra',Cutlivar of Eastern Hemlock,,Pinaceae,Tsuga,Tree,,Arnold Arboretum living collection (Arboretum Explorer)
Tsuga canadensis 'Wyckoff',Cultivar of Eastern Hemlock,,Pinaceae,Tsuga,Tree,3.3,Arnold Arboretum living collection (Arboretum Explorer)
Tsuga canadensis 'Youngcone',Cultivar of Eastern Hemlock,,Pinaceae,Tsuga,Shrub,8.2,Arnold Arboretum living collection (Arboretum Explorer)
Tsuga canadensis (variant),,,Pinaceae,Tsuga,Tree,,Arnold Arboretum living collection (Arboretum Explorer)
Tsuga canadensis forma pendula,Weeping Eastern Hemlock,|Tsuga canadensis 'Pendula'|,Pinaceae,Tsuga,Shrub,11.8,Arnold Arboretum living collection (Arboretum Explorer)
Tsuga canadensis forma pendula 'Brookline',Sargent's Weeping Hemlock,|Tsuga canadensis 'Brookline'|,Pinaceae,Tsuga,Shrub,5.9,Arnold Arboretum living collection (Arboretum Explorer)
Tsuga caroliniana,Carolina Hemlock,,Pinaceae,Tsuga,Tree,6.0,Arnold Arboretum living collection (Arboretum Explorer)
"Tsuga caroliniana ""Green Mound""",Cultivar of Carolina Hemlock,,Pinaceae,Tsuga,Tree,,Arnold Arboretum living collection (Arboretum Explorer)
Tsuga caroliniana 'Arnold Pyramid',Cultivar of Carolina Hemlock,,Pinaceae,Tsuga,Tree,,Arnold Arboretum living collection (Arboretum Explorer)
Tsuga caroliniana 'Ashford',Cultivar of Carolina Hemlock,,Pinaceae,Tsuga,Tree,,Arnold Arboretum living collection (Arboretum Explorer)
Tsuga caroliniana 'Compacta',Cultivar of Carolina Hemlock,|Tsuga caroliniana forma compacta|,Pinaceae,Tsuga,Shrub,,Arnold Arboretum living collection (Arboretum Explorer)
Tsuga caroliniana 'LaBar Weeping',Cultivar of Carolina Hemlock,,Pinaceae,Tsuga,Tree,,Arnold Arboretum living collection (Arboretum Explorer)
Tsuga chinensis,Chinese Hemlock,,Pinaceae,Tsuga,Tree,27.9,Arnold Arboretum living collection (Arboretum Explorer)
Tsuga chinensis var. oblongisquamata,,,Pinaceae,Tsuga,Tree,11.8,Arnold Arboretum living collection (Arboretum Explorer)
Tsuga chinensis x caroliniana 'Traveler',Cultivar of hybrid hemlock,,Pinaceae,Tsuga,Tree,9.7,Arnold Arboretum living collection (Arboretum Explorer)
Tsuga diversifolia,Japanese Hemlock,,Pinaceae,Tsuga,Tree,,Arnold Arboretum living collection (Arboretum Explorer)
Tsuga heterophylla,Western Hemlock,,Pinaceae,Tsuga,Tree,5.2,Arnold Arboretum living collection (Arboretum Explorer)
Tsuga hybrid,,,Pinaceae,Tsuga,Tree,12.0,Arnold Arboretum living collection (Arboretum Explorer)
Tsuga mertensiana,Mountain Hemlock,,Pinaceae,Tsuga,Tree,18.0,Arnold Arboretum living collection (Arboretum Explorer)
Tsuga mertensiana 'Quartz Mountain',Cultivar of Mountain Hemlock,,Pinaceae,Tsuga,Shrub,2.3,Arnold Arboretum living collection (Arboretum Explorer)
Tsuga sieboldii,Siebold Hemlock,,Pinaceae,Tsuga,Tree,11.8,Arnold Arboretum living collection (Arboretum Explorer)
Tsuga ulleungensis,,,Pinaceae,Tsuga,Tree,12.0,Arnold Arboretum living collection (Arboretum Explorer)
Ulex europaeus,Gorse,,Fabaceae,Ulex,Shrub,,Arnold Arboretum living collection (Arboretum Explorer)
Ulmus 'Coolshade',Cultivar of Elm,|Ulmus pumila 'Coolshade'|,Ulmaceae,Ulmus,Tree,,Arnold Arboretum living collection (Arboretum Explorer)
Ulmus 'Green King',Cultivar of Elm,,Ulmaceae,Ulmus,Tree,,Arnold Arboretum living collection (Arboretum Explorer)
Ulmus 'Hamburg',Cultivar of Elm,|Ulmus x 'Hamburg Hybrid'|,Ulmaceae,Ulmus,Tree,,Arnold Arboretum living collection (Arboretum Explorer)
Ulmus 'Improved Coolshade',Cultivar of Elm,,Ulmaceae,Ulmus,Tree,,Arnold Arboretum living collection (Arboretum Explorer)
Ulmus 'Kansas Hybrid',Cultivar of Elm,,Ulmaceae,Ulmus,Tree,,Arnold Arboretum living collection (Arboretum Explorer)
Ulmus 'Morton Glossy',Cultivar of Elm,|Ulmus x 'Triumph'|,Ulmaceae,Ulmus,Tree,,Arnold Arboretum living collection (Arboretum Explorer)
Ulmus 'Morton Stalwart',Cultivar of Elm,|Ulmus x 'Commendation'|,Ulmaceae,Ulmus,Tree,,Arnold Arboretum living collection (Arboretum Explorer)
Ulmus 'Morton',Cultivar of Elm,|Ulmus x 'Accolade'|,Ulmaceae,Ulmus,Tree,,Arnold Arboretum living collection (Arboretum Explorer)
Ulmus 'Myrtifolia',Cultivar of Elm,|Ulmus carpinifolia 'Myrtifolia'|Ulmus procera forma myrtifolia|,Ulmaceae,Ulmus,Tree,,Arnold Arboretum living collection (Arboretum Explorer)
Ulmus 'Patriot',Cultivar of Elm,|Ulmus 'Patriol'|,Ulmaceae,Ulmus,Tree,,Arnold Arboretum living collection (Arboretum Explorer)
Ulmus 'Purpurea',Cultivar of Elm,|Ulmus carpinifolia 'Purpurea'|Ulmus campestris stricta purpurea|Ulmus procera forma purpurea|Ulmus procera 'Purpurea'|,Ulmaceae,Ulmus,Tree,,Arnold Arboretum living collection (Arboretum Explorer)
Ulmus 'Rosehill',Cultivar of Elm,,Ulmaceae,Ulmus,Tree,,Arnold Arboretum living collection (Arboretum Explorer)
Ulmus 'Vanguard',Cultivar of Elm,,Ulmaceae,Ulmus,Tree,,Arnold Arboretum living collection (Arboretum Explorer)
Ulmus 'Viminalis',Willow English Elm,|Ulmus procera var. viminalis|Ulmus campestris var. viminalis|Ulmus procera 'Viminalis'|Ulmus viminalis|Ulmus antarctica|Ulmus x viminalis|Ulmus campestris var. betulaefolia|Ulmus carpinifolia var. betulaefolia|,Ulmaceae,Ulmus,Tree,,Arnold Arboretum living collection (Arboretum Explorer)
Ulmus alata,Winged Elm,,Ulmaceae,Ulmus,Tree,5.6,Arnold Arboretum living collection (Arboretum Explorer)
Ulmus americana,American Elm,,Ulmaceae,Ulmus,Tree,,Arnold Arboretum living collection (Arboretum Explorer)
Ulmus americana 'Ascendens',Cultivar of American Elm,|Ulmus americana forma ascendens|,Ulmaceae,Ulmus,Tree,,Arnold Arboretum living collection (Arboretum Explorer)
Ulmus americana 'Deadfree',Cultivar of American Elm,,Ulmaceae,Ulmus,Tree,,Arnold Arboretum living collection (Arboretum Explorer)
Ulmus americana 'Fiorei',Cultivar of American Elm,,Ulmaceae,Ulmus,Tree,,Arnold Arboretum living collection (Arboretum Explorer)
Ulmus americana 'Littlefordii',Cultivar of American Elm,|Ulmus americana 'Littleford'|,Ulmaceae,Ulmus,Tree,,Arnold Arboretum living collection (Arboretum Explorer)
Ulmus americana 'Princeton',Cultivar of American Elm,,Ulmaceae,Ulmus,Tree,,Arnold Arboretum living collection (Arboretum Explorer)
Ulmus americana 'Valley Forge',Cultivar of American Elm,,Ulmaceae,Ulmus,Tree,,Arnold Arboretum living collection (Arboretum Explorer)
Ulmus changii,,,Ulmaceae,Ulmus,Tree,,Arnold Arboretum living collection (Arboretum Explorer)
Ulmus crassifolia,Cedar Elm,|Ulmus gras.|,Ulmaceae,Ulmus,Tree,12.4,Arnold Arboretum living collection (Arboretum Explorer)
Ulmus davidiana,David Elm,,Ulmaceae,Ulmus,Intermediate (shrub/tree),,Arnold Arboretum living collection (Arboretum Explorer)
Ulmus davidiana var. japonica,Japanese Elm,|Ulmus japonica|Ulmus propinqua|Ulmus wilsoniana|Ulmus wilsoniana x japonica|Ulmus wilsoniana x davidiana var. japonica|,Ulmaceae,Ulmus,Tree,5.2,Arnold Arboretum living collection (Arboretum Explorer)
Ulmus glabra,Scots Elm,|Ulmus scabra|Ulmus montana|Ulmus campestris|Ulmus montana var. macrophylla|Ulmus elliptica|,Ulmaceae,Ulmus,Tree,,Arnold Arboretum living collection (Arboretum Explorer)
Ulmus glabra 'Camperdownii',Scots Elm,|Ulmus x vegeta 'Camperdownii'|Ulmus glabra forma camperdownii|Ulmus montana var. pendula|Ulmus scabra var. pendula|,Ulmaceae,Ulmus,Tree,,Arnold Arboretum living collection (Arboretum Explorer)
Ulmus glabra 'Exoniensis',Exeter Elm,|Ulmus glabra forma exoniensis|Ulmus montana var. fastigiata|Ulmus exoniensis|Ulmus glabra var. fastigiata|Ulmus plumosa var. pyramidalis|Ulmus montana fastigiata Dampieri|,Ulmaceae,Ulmus,Tree,,Arnold Arboretum living collection (Arboretum Explorer)
Ulmus glabra 'Nana',Cultivar of Scots Elm,,Ulmaceae,Ulmus,Shrub,,Arnold Arboretum living collection (Arboretum Explorer)
Ulmus laciniata,Manchurian Elm,,Ulmaceae,Ulmus,Tree,,Arnold Arboretum living collection (Arboretum Explorer)
Ulmus laciniata var. nikkoensis,Nikko Elm,,Ulmaceae,Ulmus,Tree,,Arnold Arboretum living collection (Arboretum Explorer)
Ulmus laevis,European White Elm,|Ulmus effusa|Ulmus racemosa|,Ulmaceae,Ulmus,Tree,,Arnold Arboretum living collection (Arboretum Explorer)
Ulmus macrocarpa,Bigfruit Elm,,Ulmaceae,Ulmus,Intermediate (shrub/tree),,Arnold Arboretum living collection (Arboretum Explorer)
Ulmus minor,Field Elm,|Ulmus carpinifolia|Ulmus campestris|Ulmus carpinifolia var. suberosa|Ulmus carpinifolia 'Crows Nest'|Ulmus carpinifolia microphylla|Ulmus carpinifolia monumentalis|Ulmus foliacea|,Ulmaceae,Ulmus,Tree,,Arnold Arboretum living collection (Arboretum Explorer)
Ulmus minor 'Dampieri',Cultivar of Field Elm,|Ulmus x hollandica 'Dampieri'|,Ulmaceae,Ulmus,Tree,,Arnold Arboretum living collection (Arboretum Explorer)
Ulmus minor 'Sarniensis',Cultivar of Field Elm,|Ulmus carpinifolia 'Sarniensis'|Ulmus x sarniensis|Ulmus carpinifolia 'Wheatleyi'|Ulmus campestris Wheatleyi|Ulmus glabra Wheatleyi|Ulmus foliacea Wheatleyi|,Ulmaceae,Ulmus,,,Arnold Arboretum living collection (Arboretum Explorer)
Ulmus minor 'Stricta',Cultivar of Field Elm,|Ulmus carpinifolia var. cornubiensis|Ulmus carpinifolia 'Cornubiensis'|Ulmus campestris cornubiensis|Ulmus foliacea cornubiensis|Ulmus carpinifolia rigida|,Ulmaceae,Ulmus,Tree,,Arnold Arboretum living collection (Arboretum Explorer)
Ulmus minor 'Umbraculifera Gracilis',Cultivar of Field Elm,|Ulmus carpinifolia gracilis|Ulmus carpinifolia umbraculifera gracilis|Ulmus minor 'Gracilis'|Ulmus carpinifolia gracilis pendula|,Ulmaceae,Ulmus,Tree,,Arnold Arboretum living collection (Arboretum Explorer)
Ulmus minor 'Umbraculifera',Globe Elm,|Ulmus glabra 'Umbraculifera'|Ulmus carpinifolia var. umbraculifera|Ulmus carpinifolia 'Umbraculifera'|Ulmus umbraculifera|,Ulmaceae,Ulmus,Tree,,Arnold Arboretum living collection (Arboretum Explorer)
Ulmus minor 'Webbiana',Cultivar of Field Elm,|Ulmus campestris 'Webbiana'|Ulmus foliacea 'Webbiana'|Ulmus carpinifolia 'Webbiana'|Ulmus carpinifolia forma webbiana|,Ulmaceae,Ulmus,Tree,,Arnold Arboretum living collection (Arboretum Explorer)
Ulmus parvifolia,Lacebark Elm,|Ulmus chinensis|Ulmus parviflora chinensis|,Ulmaceae,Ulmus,Tree,25.0,Arnold Arboretum living collection (Arboretum Explorer)
Ulmus parvifolia 'Hibari',Chinese Elm,,Ulmaceae,Ulmus,Tree,,Arnold Arboretum living collection (Arboretum Explorer)
Ulmus parvifolia 'King's Choice',Cultivar of Chinese Elm,,Ulmaceae,Ulmus,Tree,,Arnold Arboretum living collection (Arboretum Explorer)
Ulmus parvifolia 'Pathfinder',Cultivar of Lacebark Elm,,Ulmaceae,Ulmus,Tree,,Arnold Arboretum living collection (Arboretum Explorer)
Ulmus parvifolia 'Pendens',Cultivar of Chinese Elm,|Ulmus parvifolia forma pendens|Ulmus parvifolia forma sempervirens|,Ulmaceae,Ulmus,Tree,,Arnold Arboretum living collection (Arboretum Explorer)
Ulmus procera,English Elm,|Ulmus campestris|,Ulmaceae,Ulmus,Tree,,Arnold Arboretum living collection (Arboretum Explorer)
Ulmus procera var. viminalis 'Aurea',Yellowleaf English Elm,|Ulmus procera forma aurea|Ulmus procera 'Viminalis Aurea'|Ulmus campestris var. aurea|Ulmus viminalis var. aurea|Ulmus rosseelsii|,Ulmaceae,Ulmus,Tree,,Arnold Arboretum living collection (Arboretum Explorer)
Ulmus pumila,Siberian Elm,|Ulmus manshurica|Ulmus turkestanica|,Ulmaceae,Ulmus,Tree,,Arnold Arboretum living collection (Arboretum Explorer)
Ulmus pumila 'Ansaloni',Cultivar of Siberian Elm,|Ulmus pumila 'Siber-Ansaloni'|,Ulmaceae,Ulmus,Tree,,Arnold Arboretum living collection (Arboretum Explorer)
Ulmus pumila 'Pendula',Cultivar of Siberian Elm,|Ulmus pumila forma pendula|,Ulmaceae,Ulmus,Tree,25.0,Arnold Arboretum living collection (Arboretum Explorer)
Ulmus pumila (variant),Variant of Siberian Elm,,Ulmaceae,Ulmus,Tree,,Arnold Arboretum living collection (Arboretum Explorer)
Ulmus pumila var. arborea,Variant of Siberian Elm,|Ulmus turkestanica|Ulmus pinnato-ramosa|,Ulmaceae,Ulmus,Tree,,Arnold Arboretum living collection (Arboretum Explorer)
Ulmus rubra,Slippery Elm,|Ulmus heyderi|Ulmus fulva|Ulmus pubescens|Ulmus crispa|,Ulmaceae,Ulmus,Tree,10.8,Arnold Arboretum living collection (Arboretum Explorer)
Ulmus sp.,Elm,,Ulmaceae,Ulmus,Tree,,Arnold Arboretum living collection (Arboretum Explorer)
Ulmus thomasii,Rock Elm,|Ulmus racemosa|,Ulmaceae,Ulmus,Tree,4.6,Arnold Arboretum living collection (Arboretum Explorer)
Ulmus wilsoniana 'Prospector',Cultivar of Wilson Elm,,Ulmaceae,Ulmus,Tree,,Arnold Arboretum living collection (Arboretum Explorer)
Ulmus x hollandica,Dutch Elm,,Ulmaceae,Ulmus,Tree,,Arnold Arboretum living collection (Arboretum Explorer)
Ulmus x hollandica 'Bea Schwarz',Cultivar of Dutch Elm,,Ulmaceae,Ulmus,Tree,,Arnold Arboretum living collection (Arboretum Explorer)
Ulmus x hollandica 'Belgica',Cultivar of Dutch Elm,|Ulmus x hollandica var. belgica|Ulmus belgica|Ulmus montana var. hollandica|,Ulmaceae,Ulmus,Tree,,Arnold Arboretum living collection (Arboretum Explorer)
Ulmus x hollandica 'Christine Buisman',Cultivar of Dutch Elm,|Ulmus minor 'Christine Buisman'|,Ulmaceae,Ulmus,Tree,,Arnold Arboretum living collection (Arboretum Explorer)
Ulmus x hollandica 'Hollandica',,|Ulmus x hollandica 'Major'|Ulmus x hollandica var. major|Ulmus major|Ulmus x hollandica major serpentina|Ulmus montana var. major|Ulmus glabra var. gigantea|,Ulmaceae,Ulmus,Tree,,Arnold Arboretum living collection (Arboretum Explorer)
Ulmus x hollandica 'Modiolina',Cultivar of Dutch Elm,|Ulmus procera modiolina|,Ulmaceae,Ulmus,Tree,,Arnold Arboretum living collection (Arboretum Explorer)
Ulmus x hollandica 'Smithii',Downton Elm,|Ulmus x hollandica 'Pendula'|Ulmus smithii|,Ulmaceae,Ulmus,Tree,,Arnold Arboretum living collection (Arboretum Explorer)
Ulmus x hollandica 'Superba',Blandford Elm,|Ulmus x hollandica var. superba|Ulmus montana var. superba|Ulmus praestans|,Ulmaceae,Ulmus,Tree,,Arnold Arboretum living collection (Arboretum Explorer)
Uvularia grandiflora 'Sunbonnet',Cultivar of Large-flower Bellwort,,Colchicaceae,Uvularia,Herbaceous,,Arnold Arboretum living collection (Arboretum Explorer)
Vaccinium 'Northblue',Cultivar of Blueberry,,Ericaceae,Vaccinium,Shrub,,Arnold Arboretum living collection (Arboretum Explorer)
Vaccinium 'Sunshineblue',Cultivar of Blueberry,,Ericaceae,Vaccinium,Shrub,,Arnold Arboretum living collection (Arboretum Explorer)
Vaccinium 'Top Hat',Cultivar of Highbush Blueberrry,,Ericaceae,Vaccinium,Shrub,,Arnold Arboretum living collection (Arboretum Explorer)
Vaccinium angustifolium,Lowbush Blueberry,|Vaccinium angustifolium var. nigrum|Vaccinium angustifolium var. laevifolium|Vaccinium angustifolium var. hypolasium|Vaccinium pensylvanicum|,Ericaceae,Vaccinium,Shrub,1.3,Arnold Arboretum living collection (Arboretum Explorer)
Vaccinium angustifolium 'Brunswick',Cultivar of Lowbush Blueberry,,Ericaceae,Vaccinium,Shrub,2.3,Arnold Arboretum living collection (Arboretum Explorer)
Vaccinium angustifolium 'Chignecto',Cultivar of Lowbush Blueberry,,Ericaceae,Vaccinium,Shrub,,Arnold Arboretum living collection (Arboretum Explorer)
Vaccinium arboreum,Farkleberry,,Ericaceae,Vaccinium,Intermediate (shrub/tree),5.6,Arnold Arboretum living collection (Arboretum Explorer)
Vaccinium arctostaphylos,Caucasian Whortleberry,,Ericaceae,Vaccinium,Intermediate (shrub/tree),1.6,Arnold Arboretum living collection (Arboretum Explorer)
Vaccinium boreale,Northern Blueberry,,Ericaceae,Vaccinium,Shrub,,Arnold Arboretum living collection (Arboretum Explorer)
Vaccinium corymbosum,Highbush Blueberry,|Vaccinium simulatum|Vaccinium virgatum var. tenellum|Vaccinium elliottii|Vaccinium virgatum|Vaccinium amoenum|,Ericaceae,Vaccinium,Shrub,14.8,Arnold Arboretum living collection (Arboretum Explorer)
Vaccinium corymbosum 'Dunfee',Cultivar of Highbush Blueberry,,Ericaceae,Vaccinium,Shrub,7.2,Arnold Arboretum living collection (Arboretum Explorer)
Vaccinium corymbosum 'Earliblue',Cultivar of Highbush Blueberry,,Ericaceae,Vaccinium,Shrub,,Arnold Arboretum living collection (Arboretum Explorer)
Vaccinium corymbosum 'Grover',Cultivar of Highbush Blueberry,,Ericaceae,Vaccinium,Shrub,8.9,Arnold Arboretum living collection (Arboretum Explorer)
Vaccinium corymbosum 'Harding',Cultivar of Highbush Blueberry,,Ericaceae,Vaccinium,Shrub,7.5,Arnold Arboretum living collection (Arboretum Explorer)
Vaccinium corymbosum 'Katharine',Cultivar of Highbush Blueberry,,Ericaceae,Vaccinium,Shrub,10.5,Arnold Arboretum living collection (Arboretum Explorer)
Vaccinium corymbosum 'Pioneer',Cultivar of Highbush Blueberry,,Ericaceae,Vaccinium,Shrub,9.8,Arnold Arboretum living collection (Arboretum Explorer)
Vaccinium corymbosum 'Rubel',Cultivar of Highbush Blueberry,,Ericaceae,Vaccinium,Shrub,6.6,Arnold Arboretum living collection (Arboretum Explorer)
Vaccinium corymbosum 'Sam',Cultivar of Highbush Blueberry,,Ericaceae,Vaccinium,Shrub,7.9,Arnold Arboretum living collection (Arboretum Explorer)
Vaccinium crassifolium 'Wells Delight',,,Ericaceae,Vaccinium,Shrub,,Arnold Arboretum living collection (Arboretum Explorer)
Vaccinium deliciosum,Cascade Bilbery,,Ericaceae,Vaccinium,Shrub,3.0,Arnold Arboretum living collection (Arboretum Explorer)
Vaccinium erythrocarpum ssp. japonicum,,|Vaccinium japonicum|,Ericaceae,Vaccinium,Shrub,3.0,Arnold Arboretum living collection (Arboretum Explorer)
Vaccinium fuscatum,Black Highbush Bluebery,|Vaccinium atrococcum|Vaccinium atrococcum forma leucococcum|,Ericaceae,Vaccinium,Shrub,4.3,Arnold Arboretum living collection (Arboretum Explorer)
Vaccinium hirtum,,|Vaccinium koreanum|,Ericaceae,Vaccinium,Shrub,,Arnold Arboretum living collection (Arboretum Explorer)
Vaccinium macrocarpon,American Cranberry,,Ericaceae,Vaccinium,Shrub,0.1,Arnold Arboretum living collection (Arboretum Explorer)
Vaccinium macrocarpon 'Crowley',,,Ericaceae,Vaccinium,Shrub,,Arnold Arboretum living collection (Arboretum Explorer)
Vaccinium macrocarpon 'Hamilton',,,Ericaceae,Vaccinium,Shrub,1.0,Arnold Arboretum living collection (Arboretum Explorer)
Vaccinium macrocarpon 'Lemon You',,,Ericaceae,Vaccinium,Shrub,,Arnold Arboretum living collection (Arboretum Explorer)
Vaccinium membranaceum,Thinleaf Huckleberry,,Ericaceae,Vaccinium,Shrub,1.0,Arnold Arboretum living collection (Arboretum Explorer)
Vaccinium myrtilloides,Velvetleaf Blueberry,|Vaccinium canadense|,Ericaceae,Vaccinium,Shrub,7.5,Arnold Arboretum living collection (Arboretum Explorer)
Vaccinium myrtillus,Myrtle Whortleberry,,Ericaceae,Vaccinium,Shrub,1.6,Arnold Arboretum living collection (Arboretum Explorer)
Vaccinium oldhamii,Oldham Blueberry,,Ericaceae,Vaccinium,Shrub,7.5,Arnold Arboretum living collection (Arboretum Explorer)
Vaccinium ovalifolium,Oval-Leaf Huckleberry,,Ericaceae,Vaccinium,Shrub,1.0,Arnold Arboretum living collection (Arboretum Explorer)
Vaccinium ovatum,California Huckleberry,,Ericaceae,Vaccinium,Shrub,,Arnold Arboretum living collection (Arboretum Explorer)
Vaccinium oxycoccos,Small Cranberry,,Ericaceae,Vaccinium,Shrub,,Arnold Arboretum living collection (Arboretum Explorer)
Vaccinium pallidum,Hillside Blueberry,|Vaccinium constablaei|Vaccinium corymbosum var. pallidum|Vaccinium vacillans|Vaccinium torreyanum|,Ericaceae,Vaccinium,Shrub,,Arnold Arboretum living collection (Arboretum Explorer)
Vaccinium sp.,,,Ericaceae,Vaccinium,Shrub,,Arnold Arboretum living collection (Arboretum Explorer)
Vaccinium stamineum,Deerberry,|Vaccinium melanocarpum|,Ericaceae,Vaccinium,Shrub,8.2,Arnold Arboretum living collection (Arboretum Explorer)
Vaccinium uliginosum,Bog Bilberry,|Vaccinium gaultherioides|Vaccinium uliginosum var. microphyllum|Vaccinium uliginosum ssp. uliginosum|Vaccinium occidentale|,Ericaceae,Vaccinium,Shrub,,Arnold Arboretum living collection (Arboretum Explorer)
Vaccinium vitis-idaea,Lingonberry,,Ericaceae,Vaccinium,Shrub,1.0,Arnold Arboretum living collection (Arboretum Explorer)
Vaccinium vitis-idaea ssp. vitis-idaea,Cowberry,,Ericaceae,Vaccinium,Shrub,,Arnold Arboretum living collection (Arboretum Explorer)
Verbena hastata,Blue Vervain,,Verbenaceae,Verbena,Herbaceous,,Arnold Arboretum living collection (Arboretum Explorer)
Vernonia noveboracensis,New York Ironweed,,Asteraceae,Vernonia,Herbaceous,,Arnold Arboretum living collection (Arboretum Explorer)
Viburnum 'Chesapeake',Cultivar of Viburnum,,Adoxaceae,Viburnum,Shrub,,Arnold Arboretum living collection (Arboretum Explorer)
Viburnum 'Oneida',CHybrid Viburnum,,Adoxaceae,Viburnum,Shrub,,Arnold Arboretum living collection (Arboretum Explorer)
Viburnum 'Pragense',Prague Viburnum,|Viburnum x pragense|Viburnum x 'Pragense'|,Adoxaceae,Viburnum,Shrub,13.1,Arnold Arboretum living collection (Arboretum Explorer)
Viburnum acerifolium,Mapleleaf Viburnum,|Viburnum acerifolium var. glabrescens|Viburnum acerifolium var. ovatum ovatum|,Adoxaceae,Viburnum,Shrub,5.0,Arnold Arboretum living collection (Arboretum Explorer)
Viburnum betulifolium,,|Viburnum ovatifolium|Viburnum flavescens|Viburnum dasyanthum|,Adoxaceae,Viburnum,Shrub,12.0,Arnold Arboretum living collection (Arboretum Explorer)
Viburnum bitchiuense,Bitchiu Viburnum,,Adoxaceae,Viburnum,Shrub,7.5,Arnold Arboretum living collection (Arboretum Explorer)
Viburnum bracteatum,Bracted Viburnum,,Adoxaceae,Viburnum,Shrub,7.5,Arnold Arboretum living collection (Arboretum Explorer)
Viburnum bracteatum 'Crimson Gem',Cultivar of Bracted Viburnum,,Adoxaceae,Viburnum,Shrub,9.2,Arnold Arboretum living collection (Arboretum Explorer)
Viburnum bracteatum x rafinesquianum,,,Adoxaceae,Viburnum,Shrub,,Arnold Arboretum living collection (Arboretum Explorer)
Viburnum buddleifolium,Wooly Viburnum,,Adoxaceae,Viburnum,Shrub,3.5,Arnold Arboretum living collection (Arboretum Explorer)
Viburnum burejaeticum,Manchurian Viburnum,,Adoxaceae,Viburnum,Shrub,9.8,Arnold Arboretum living collection (Arboretum Explorer)
Viburnum carlesii,Koreanspice Viburnum,,Adoxaceae,Viburnum,Shrub,12.8,Arnold Arboretum living collection (Arboretum Explorer)
Viburnum carlesii 'Aurora',Cultivar of Mayflower Viburnum,,Adoxaceae,Viburnum,Shrub,5.9,Arnold Arboretum living collection (Arboretum Explorer)
Viburnum carlesii 'Compactum',Compact Mayflower Viburnum,,Adoxaceae,Viburnum,Shrub,,Arnold Arboretum living collection (Arboretum Explorer)
Viburnum cassinoides,Withe-rod,,Adoxaceae,Viburnum,Shrub,8.0,Arnold Arboretum living collection (Arboretum Explorer)
Viburnum cf. corylifolium,,,Adoxaceae,Viburnum,Shrub,13.1,Arnold Arboretum living collection (Arboretum Explorer)
Viburnum cylindricum,,|Viburnum coriaceum|,Adoxaceae,Viburnum,Intermediate (shrub/tree),2.6,Arnold Arboretum living collection (Arboretum Explorer)
Viburnum dentatum,Smooth Arrowwood,,Adoxaceae,Viburnum,Shrub,11.8,Arnold Arboretum living collection (Arboretum Explorer)
Viburnum dentatum 'Christom',Cultivar of Arrowwood Viburnum,|Viburnum dentatum 'Blue Muffin'|,Adoxaceae,Viburnum,Shrub,,Arnold Arboretum living collection (Arboretum Explorer)
Viburnum dentatum 'Ralph Senior',Cultivar of Arrowwood Viburnum,|Viburnum 'Autumn Jazz'|Viburnum dentatum 'Autumn Jazz'|,Adoxaceae,Viburnum,Shrub,,Arnold Arboretum living collection (Arboretum Explorer)
Viburnum dentatum var. dentatum,Variety of Arrow-wood Viburnum,,Adoxaceae,Viburnum,Shrub,,Arnold Arboretum living collection (Arboretum Explorer)
Viburnum dentatum var. indianense,Arrow-wood,,Adoxaceae,Viburnum,Shrub,6.9,Arnold Arboretum living collection (Arboretum Explorer)
Viburnum dentatum var. lucidum,Variety of Arrow-wood Viburnum,|Viburnum recognitum|,Adoxaceae,Viburnum,Shrub,13.1,Arnold Arboretum living collection (Arboretum Explorer)
Viburnum dentatum var. pubescens,Variety of Arrow-wood Viburnum,,Adoxaceae,Viburnum,Shrub,9.5,Arnold Arboretum living collection (Arboretum Explorer)
Viburnum dentatum var. venosum,Southern Arrowwood,|Viburnum venosum|,Adoxaceae,Viburnum,Shrub,12.5,Arnold Arboretum living collection (Arboretum Explorer)
Viburnum dilatatum,Linden Viburnum,|Viburnum dilatatum var. macrophyllum|,Adoxaceae,Viburnum,Shrub,9.2,Arnold Arboretum living collection (Arboretum Explorer)
Viburnum dilatatum 'Catskill',Cultivar of Linden Viburnum,,Adoxaceae,Viburnum,Shrub,10.8,Arnold Arboretum living collection (Arboretum Explorer)
Viburnum dilatatum 'Iroquois',Cultivar of Linden Viburnum,,Adoxaceae,Viburnum,Shrub,,Arnold Arboretum living collection (Arboretum Explorer)
Viburnum dilatatum 'Michael Dodge',Cultivar of Arrowwoodd Viburnum,,Adoxaceae,Viburnum,Shrub,,Arnold Arboretum living collection (Arboretum Explorer)
Viburnum dilatatum forma hispidum,Form of Linden Viburnum,,Adoxaceae,Viburnum,Shrub,8.2,Arnold Arboretum living collection (Arboretum Explorer)
Viburnum dilatatum forma pilosulum,Form of Linden Viburnum,,Adoxaceae,Viburnum,Shrub,7.5,Arnold Arboretum living collection (Arboretum Explorer)
Viburnum erosum,Beech Viburnum,,Adoxaceae,Viburnum,Shrub,13.1,Arnold Arboretum living collection (Arboretum Explorer)
Viburnum erubescens var. gracilipes,Variety of Viburnum,,Adoxaceae,Viburnum,Shrub,,Arnold Arboretum living collection (Arboretum Explorer)
Viburnum farreri 'Candidissimum',White Fragrant Viburnum,|Viburnum farreri 'Album'|,Adoxaceae,Viburnum,Shrub,7.9,Arnold Arboretum living collection (Arboretum Explorer)
Viburnum farreri 'Nanum',Cultivar of Fragrant Viburnum,,Adoxaceae,Viburnum,Shrub,4.9,Arnold Arboretum living collection (Arboretum Explorer)
Viburnum furcatum,Forked Viburnum,,Adoxaceae,Viburnum,Tree,6.6,Arnold Arboretum living collection (Arboretum Explorer)
Viburnum glomeratum,,,Adoxaceae,Viburnum,Intermediate (shrub/tree),6.6,Arnold Arboretum living collection (Arboretum Explorer)
Viburnum hanceanum,,,Adoxaceae,Viburnum,Shrub,6.9,Arnold Arboretum living collection (Arboretum Explorer)
Viburnum hupehense,Hupeh Viburnum,|Viburnum wilsonii|,Adoxaceae,Viburnum,Shrub,10.7,Arnold Arboretum living collection (Arboretum Explorer)
Viburnum hupehense ssp. septentrionale,,,Adoxaceae,Viburnum,Shrub,8.2,Arnold Arboretum living collection (Arboretum Explorer)
Viburnum ichangense,Ichang Viburnum,,Adoxaceae,Viburnum,Shrub,13.8,Arnold Arboretum living collection (Arboretum Explorer)
Viburnum ichangense var. atratocarpum,Variety of Ichang Viburnum,,Adoxaceae,Viburnum,Shrub,8.9,Arnold Arboretum living collection (Arboretum Explorer)
Viburnum ichangense var. ichangense,Ichang Viburnum,,Adoxaceae,Viburnum,Shrub,,Arnold Arboretum living collection (Arboretum Explorer)
Viburnum lantana,Wayfaring Tree,,Adoxaceae,Viburnum,Shrub,4.9,Arnold Arboretum living collection (Arboretum Explorer)
Viburnum lantana 'Mohican',,,Adoxaceae,Viburnum,Shrub,,Arnold Arboretum living collection (Arboretum Explorer)
Viburnum lantana var. discolor,,,Adoxaceae,Viburnum,Shrub,,Arnold Arboretum living collection (Arboretum Explorer)
Viburnum lantana var. rugosum,Wrinkleleaf Viburnum,,Adoxaceae,Viburnum,Shrub,,Arnold Arboretum living collection (Arboretum Explorer)
Viburnum lantanoides,Hobblebush,|Viburnum alnifolium|,Adoxaceae,Viburnum,Shrub,3.3,Arnold Arboretum living collection (Arboretum Explorer)
Viburnum lentago,Nannyberry,,Adoxaceae,Viburnum,Shrub,16.1,Arnold Arboretum living collection (Arboretum Explorer)
Viburnum lentago forma sphaerocarpum,,,Adoxaceae,Viburnum,Shrub,,Arnold Arboretum living collection (Arboretum Explorer)
Viburnum lobophyllum,Species of Viburnum,,Adoxaceae,Viburnum,Shrub,10.2,Arnold Arboretum living collection (Arboretum Explorer)
Viburnum luzonicum,,,Adoxaceae,Viburnum,Intermediate (shrub/tree),2.3,Arnold Arboretum living collection (Arboretum Explorer)
Viburnum melanocarpum,Black-Fruited Viburnum,,Adoxaceae,Viburnum,Shrub,13.1,Arnold Arboretum living collection (Arboretum Explorer)
Viburnum molle,Kentucky Viburnum,,Adoxaceae,Viburnum,Shrub,6.9,Arnold Arboretum living collection (Arboretum Explorer)
Viburnum molle forma leiophyllum,Smooth Kentucky Viburnum,,Adoxaceae,Viburnum,Shrub,8.2,Arnold Arboretum living collection (Arboretum Explorer)
Viburnum mongolicum,Mongolian Viburnum,|Viburnum davuricum|Viburnum dahuricum|,Adoxaceae,Viburnum,Shrub,8.2,Arnold Arboretum living collection (Arboretum Explorer)
Viburnum nudum,Possumhaw Viburnum,,Adoxaceae,Viburnum,Shrub,,Arnold Arboretum living collection (Arboretum Explorer)
Viburnum nudum 'Bulk',Culitvar of Possumhaw Viburnum,,Adoxaceae,Viburnum,Shrub,4.9,Arnold Arboretum living collection (Arboretum Explorer)
Viburnum nudum 'Winterthur',Cultivar of Possumhaw Viburnum,,Adoxaceae,Viburnum,Shrub,5.6,Arnold Arboretum living collection (Arboretum Explorer)
Viburnum nudum var. cassinoides 'SMNVCDD',Lil' Ditty® Withe-rod,,Adoxaceae,Viburnum,Shrub,,Arnold Arboretum living collection (Arboretum Explorer)
Viburnum obovatum,Small-Leaved Arrowwood,|Viburnum nashii|,Adoxaceae,Viburnum,Shrub,3.8,Arnold Arboretum living collection (Arboretum Explorer)
Viburnum opulus,European Cranberrybush,,Adoxaceae,Viburnum,Shrub,6.6,Arnold Arboretum living collection (Arboretum Explorer)
Viburnum opulus 'Nanum',Dwarf European Cranberrybush,|Viburnum opulus forma nanum|,Adoxaceae,Viburnum,Shrub,,Arnold Arboretum living collection (Arboretum Explorer)
Viburnum opulus 'Notcutt's Variety',Cultivar of European Cranberrybush,|Viburnum opulus 'Notcutt'|,Adoxaceae,Viburnum,Shrub,,Arnold Arboretum living collection (Arboretum Explorer)
Viburnum opulus 'Xanthocarpum',Yellowfruited European Cranberrybush,|Viburnum opulus forma xanthocarpum|,Adoxaceae,Viburnum,Shrub,,Arnold Arboretum living collection (Arboretum Explorer)
Viburnum opulus forma roseum,Common Snowball Viburnum,|Viburnum opulus 'Roseum'|,Adoxaceae,Viburnum,Shrub,,Arnold Arboretum living collection (Arboretum Explorer)
Viburnum opulus ssp. calvescens,,|Viburnum sargentii forma calvescens|Viburnum opulus var. calvescens|,Adoxaceae,Viburnum,Shrub,18.0,Arnold Arboretum living collection (Arboretum Explorer)
Viburnum opulus ssp. trilobum,Highbush-cranberry,|Viburnum opulus var. americanum|Viburnum trilobum|,Adoxaceae,Viburnum,Shrub,19.7,Arnold Arboretum living collection (Arboretum Explorer)
Viburnum opulus ssp. trilobum 'Andrews',Cultivar of American Cranberrybush,,Adoxaceae,Viburnum,Shrub,,Arnold Arboretum living collection (Arboretum Explorer)
Viburnum opulus ssp. trilobum 'Compactum',Compact American Cranberrybush,,Adoxaceae,Viburnum,Shrub,9.8,Arnold Arboretum living collection (Arboretum Explorer)
Viburnum opulus ssp. trilobum 'Wentworth',Cultivar of American Cranberrybush,,Adoxaceae,Viburnum,Shrub,,Arnold Arboretum living collection (Arboretum Explorer)
Viburnum orientale,Eastern Viburnum,,Adoxaceae,Viburnum,Shrub,2.0,Arnold Arboretum living collection (Arboretum Explorer)
Viburnum plicatum,Japanese Snowball,,Adoxaceae,Viburnum,Shrub,8.2,Arnold Arboretum living collection (Arboretum Explorer)
Viburnum plicatum 'Lanarth',Cultivar of Japanese Snowball Viburnum,,Adoxaceae,Viburnum,Shrub,,Arnold Arboretum living collection (Arboretum Explorer)
Viburnum plicatum 'Mariesii',Maries Doublefile Viburnum,|Viburnum plicatum forma mariesii|,Adoxaceae,Viburnum,Shrub,11.2,Arnold Arboretum living collection (Arboretum Explorer)
Viburnum plicatum 'Mary Milton',Cultivar of Japanese Snowball,|Viburnum plicatum forma roseum 'Mary Milton'|,Adoxaceae,Viburnum,Shrub,7.2,Arnold Arboretum living collection (Arboretum Explorer)
Viburnum plicatum 'Roseum',Pink Doublefile Viburnum,|Viburnum plicatum forma roseum|,Adoxaceae,Viburnum,Shrub,8.2,Arnold Arboretum living collection (Arboretum Explorer)
Viburnum plicatum forma tomentosum 'Newport',Cultivar of Doublefile Viburnum,,Adoxaceae,Viburnum,Shrub,,Arnold Arboretum living collection (Arboretum Explorer)
Viburnum plicatum forma tomentosum 'Shoshoni',Cultivar of Japanese Snowball,,Adoxaceae,Viburnum,Shrub,,Arnold Arboretum living collection (Arboretum Explorer)
Viburnum plicatum var. tomentosum,,|Viburnum plicatum forma tomentosum|,Adoxaceae,Viburnum,Shrub,16.4,Arnold Arboretum living collection (Arboretum Explorer)
Viburnum plicatum var. tomentosum 'Mariesii',,,Adoxaceae,Viburnum,Shrub,5.5,Arnold Arboretum living collection (Arboretum Explorer)
Viburnum plicatum var. tomentosum 'Shasta',Cultivar of Japanese Snowball,|Viburnum plicatum 'Shasta'|,Adoxaceae,Viburnum,Shrub,,Arnold Arboretum living collection (Arboretum Explorer)
Viburnum plicatum var. tomentosum 'Summer Snowflake',Cultivar of Doublefile Viburnum,,Adoxaceae,Viburnum,Shrub,,Arnold Arboretum living collection (Arboretum Explorer)
Viburnum prunifolium,Smooth Blackhaw,,Adoxaceae,Viburnum,Shrub,11.8,Arnold Arboretum living collection (Arboretum Explorer)
Viburnum prunifolium 'Mrs. Henry's Large Form',Cultivar of Blackhaw Viburnum,,Adoxaceae,Viburnum,Shrub,5.0,Arnold Arboretum living collection (Arboretum Explorer)
Viburnum rafinesquianum,Rafinesque Viburnum,,Adoxaceae,Viburnum,Shrub,13.1,Arnold Arboretum living collection (Arboretum Explorer)
Viburnum rafinesquianum var. affine,Variety of Rafinesque Viburnum,,Adoxaceae,Viburnum,Shrub,7.5,Arnold Arboretum living collection (Arboretum Explorer)
Viburnum recognitum,Northern Arrowwood,|Viburnum dentatum var. lucidum|,Adoxaceae,Viburnum,Shrub,11.2,Arnold Arboretum living collection (Arboretum Explorer)
Viburnum rhytidophyllum,Leatherleaf Viburnum,,Adoxaceae,Viburnum,Intermediate (shrub/tree),15.4,Arnold Arboretum living collection (Arboretum Explorer)
Viburnum rhytidophyllum 'Roseum',Cultivar of Leatherleaf Viburnum,|Viburnum rhytidophyllum forma roseum|,Adoxaceae,Viburnum,Shrub,,Arnold Arboretum living collection (Arboretum Explorer)
Viburnum rufidulum,Southern Blackhaw Viburnum,,Adoxaceae,Viburnum,Shrub,19.7,Arnold Arboretum living collection (Arboretum Explorer)
Viburnum sargentii,Sargent Cranberrybush,,Adoxaceae,Viburnum,Shrub,16.4,Arnold Arboretum living collection (Arboretum Explorer)
Viburnum sargentii 'Onondaga',Cultivar of Sargent Cranberry Bush,,Adoxaceae,Viburnum,Shrub,3.9,Arnold Arboretum living collection (Arboretum Explorer)
Viburnum scabrellum,Species of Viburnum,|Viburnum dentatum var. scabrellum|,Adoxaceae,Viburnum,Shrub,7.5,Arnold Arboretum living collection (Arboretum Explorer)
Viburnum schensianum,Shaanxi Viburnum,,Adoxaceae,Viburnum,Shrub,7.2,Arnold Arboretum living collection (Arboretum Explorer)
Viburnum setigerum,Tea Viburnum,|Viburnum theiferum|,Adoxaceae,Viburnum,Shrub,9.8,Arnold Arboretum living collection (Arboretum Explorer)
Viburnum setigerum 'Aurantiacum',Cultivar of Tea Viburnum,|Viburnum setigerum forma xanthocarpum|,Adoxaceae,Viburnum,Shrub,9.2,Arnold Arboretum living collection (Arboretum Explorer)
Viburnum sieboldii,Siebold Viburnum,,Adoxaceae,Viburnum,Tree,18.7,Arnold Arboretum living collection (Arboretum Explorer)
Viburnum sieboldii 'Seneca',Cultivar of Siebold Viburnum,,Adoxaceae,Viburnum,Intermediate (shrub/tree),,Arnold Arboretum living collection (Arboretum Explorer)
Viburnum sp.,Viburnum,,Adoxaceae,Viburnum,Shrub,,Arnold Arboretum living collection (Arboretum Explorer)
Viburnum utile,Service Viburnum,,Adoxaceae,Viburnum,Shrub,2.0,Arnold Arboretum living collection (Arboretum Explorer)
Viburnum veitchii,Veitch Viburnum,,Adoxaceae,Viburnum,Shrub,13.0,Arnold Arboretum living collection (Arboretum Explorer)
Viburnum wrightii,Wright Viburnum,,Adoxaceae,Viburnum,Shrub,7.4,Arnold Arboretum living collection (Arboretum Explorer)
Viburnum x bodnantense 'Dawn',Cultivar of Bodnant Viburnum,,Adoxaceae,Viburnum,Shrub,4.6,Arnold Arboretum living collection (Arboretum Explorer)
Viburnum x burkwoodii,Burkwood Viburnum,,Adoxaceae,Viburnum,Shrub,7.9,Arnold Arboretum living collection (Arboretum Explorer)
Viburnum x burkwoodii 'Chenault',Cultivar of Burkwood Viburnum,,Adoxaceae,Viburnum,Shrub,9.8,Arnold Arboretum living collection (Arboretum Explorer)
Viburnum x carlcephalum,Fragrant Snowball,,Adoxaceae,Viburnum,Shrub,,Arnold Arboretum living collection (Arboretum Explorer)
Viburnum x jackii,Jack Viburnum,,Adoxaceae,Viburnum,Shrub,,Arnold Arboretum living collection (Arboretum Explorer)
Viburnum x juddii,Judd Viburnum,,Adoxaceae,Viburnum,Shrub,3.9,Arnold Arboretum living collection (Arboretum Explorer)
Viburnum x rhytidophylloides,Lantanaphyllum Viburnum,,Adoxaceae,Viburnum,Shrub,16.4,Arnold Arboretum living collection (Arboretum Explorer)
Viburnum x rhytidophylloides 'Alleghany',Cultivar of Lantanaphyllum Viburnum,,Adoxaceae,Viburnum,Shrub,,Arnold Arboretum living collection (Arboretum Explorer)
Vinca minor,Common Periwinkle,,Apocynaceae,Vinca,Shrub,0.7,Arnold Arboretum living collection (Arboretum Explorer)
Vinca minor 'Alba',White Periwinkle,|Vinca minor forma alba|,Apocynaceae,Vinca,Shrub,,Arnold Arboretum living collection (Arboretum Explorer)
Vinca minor 'Bowles' Variety',Cultivar of Common Periwinkle,|Vinca minor 'Bowles'|Vinca minor 'Bowlesii'|,Apocynaceae,Vinca,Shrub,,Arnold Arboretum living collection (Arboretum Explorer)
Vinca minor 'La Grave',Cultivar of Common Periwinkle,,Apocynaceae,Vinca,Shrub,,Arnold Arboretum living collection (Arboretum Explorer)
Vinca minor 'Multiplex',Double Purple Periwinkle,|Vinca minor forma multiplex|,Apocynaceae,Vinca,Shrub,,Arnold Arboretum living collection (Arboretum Explorer)
Vinca minor 'Variegata',Variegated Common Periwinkle,|Vinca minor forma variegata|,Apocynaceae,Vinca,Shrub,,Arnold Arboretum living collection (Arboretum Explorer)
Vitex agnus-castus 'Shoal Creek',,,Lamiaceae,Vitex,Shrub,,Arnold Arboretum living collection (Arboretum Explorer)
Vitex agnus-castus forma alba,White Chaste-Tree,|Vitex agnus-castus 'Alba'|,Lamiaceae,Vitex,Shrub,,Arnold Arboretum living collection (Arboretum Explorer)
Vitex agnus-castus forma latifolia,,,Lamiaceae,Vitex,Shrub,,Arnold Arboretum living collection (Arboretum Explorer)
Vitex negundo var. cannabifolia,Variety of Negundo Chaste-Tree,,Lamiaceae,Vitex,Intermediate (shrub/tree),3.0,Arnold Arboretum living collection (Arboretum Explorer)
Vitex negundo var. heterophylla,,|Vitex negundo 'Heterophylla'|Vitex negundo var. incisa|,Lamiaceae,Vitex,Intermediate (shrub/tree),9.8,Arnold Arboretum living collection (Arboretum Explorer)
Vitex rotundifolia,Roundleaf Chastetree,,Lamiaceae,Vitex,Shrub,,Arnold Arboretum living collection (Arboretum Explorer)
Vitis 'Empire State',Cultivar of Grape,,Vitaceae,Vitis,Vine,1.3,Arnold Arboretum living collection (Arboretum Explorer)
Vitis 'Massasoit',Cultivar of Grape,,Vitaceae,Vitis,Vine,1.6,Arnold Arboretum living collection (Arboretum Explorer)
Vitis acerifolia,Bush Grape,|Vitis longii|,Vitaceae,Vitis,Shrub,,Arnold Arboretum living collection (Arboretum Explorer)
Vitis aestivalis,Summer Grape,|Vitis lincecumii|Vitis linsecomii|Vitis aestivalis var. linsecomii|,Vitaceae,Vitis,Shrub,,Arnold Arboretum living collection (Arboretum Explorer)
Vitis aestivalis var. bicolor,Silverleaf Grape,|Vitis aestivalis var. argentifolia|Vitis argentifolia|Vitis linsecomii var. glauca|,Vitaceae,Vitis,Vine,1.3,Arnold Arboretum living collection (Arboretum Explorer)
Vitis amurensis,Amur Grape,,Vitaceae,Vitis,Vine,,Arnold Arboretum living collection (Arboretum Explorer)
Vitis betulifolia,,,Vitaceae,Vitis,Vine,,Arnold Arboretum living collection (Arboretum Explorer)
Vitis californica 'Roger's Red',Cultivar of California Grape,,Vitaceae,Vitis,Vine,,Arnold Arboretum living collection (Arboretum Explorer)
Vitis coignetiae,Gloryvine Grape,,Vitaceae,Vitis,Vine,4.6,Arnold Arboretum living collection (Arboretum Explorer)
Vitis davidii var. davidii,Brier Grape,|Vitis armata|Ampelovitis davidii|,Vitaceae,Vitis,Vine,,Arnold Arboretum living collection (Arboretum Explorer)
Vitis flexuosa,,|Vitis flexuosa var. parvifolia|,Vitaceae,Vitis,Vine,,Arnold Arboretum living collection (Arboretum Explorer)
Vitis flexuosa var. tsukubana,,,Vitaceae,Vitis,Vine,,Arnold Arboretum living collection (Arboretum Explorer)
Vitis heyneana ssp. ficifolia,,|Vitis ficifolia|Vitis thunbergii|Vitis titanea|,Vitaceae,Vitis,,,Arnold Arboretum living collection (Arboretum Explorer)
Vitis pentagona,Chinawool Grape,|Vitis kiusiana|,Vitaceae,Vitis,Shrub,,Arnold Arboretum living collection (Arboretum Explorer)
Vitis piasezkii,Piasezky Grape,|Vitis piasezkii var. pagnuccii|Vitis pagnuccii|,Vitaceae,Vitis,Vine,1.3,Arnold Arboretum living collection (Arboretum Explorer)
Vitis riparia,Riverbank Grape,|Vitis vulpina var. syrticola|,Vitaceae,Vitis,Vine,2.6,Arnold Arboretum living collection (Arboretum Explorer)
Vitis sp.,Grape,,Vitaceae,Vitis,Vine,,Arnold Arboretum living collection (Arboretum Explorer)
Vitis vinifera 'Purpurea',Cultivar of Common Grape Vine,,Vitaceae,Vitis,Vine,,Arnold Arboretum living collection (Arboretum Explorer)
Vitis vinifera x amurensis 'Beichun',Hybrid Grape,,Vitaceae,Vitis,Vine,2.0,Arnold Arboretum living collection (Arboretum Explorer)
Vitis vinifera x amurensis 'Beihong',Hybrid Grape,,Vitaceae,Vitis,Vine,2.6,Arnold Arboretum living collection (Arboretum Explorer)
Vitis vulpina,Frost Grape,|Vitis cordifolia|,Vitaceae,Vitis,Vine,,Arnold Arboretum living collection (Arboretum Explorer)
Vitis x andersonii,Anderson Grape,,Vitaceae,Vitis,Vine,,Arnold Arboretum living collection (Arboretum Explorer)
Vitis x champinii,Champin Grape,,Vitaceae,Vitis,Vine,,Arnold Arboretum living collection (Arboretum Explorer)
Vitis x doaniana,Doan Grape,,Vitaceae,Vitis,,,Arnold Arboretum living collection (Arboretum Explorer)
Waldsteinia fragarioides,Barren Strawberry,|Geum fragarioides|,Rosaceae,Waldsteinia,Herbaceous,,Arnold Arboretum living collection (Arboretum Explorer)
Weigela 'Bristol Ruby',Cultivar of Weigela,,Caprifoliaceae,Weigela,Shrub,10.2,Arnold Arboretum living collection (Arboretum Explorer)
Weigela 'Newport Red',Cultivar of Weigela,|Weigela 'Vanicek'|,Caprifoliaceae,Weigela,Shrub,,Arnold Arboretum living collection (Arboretum Explorer)
Weigela coraeensis,,|Weigela amabilis|Weigela grandiflora|,Caprifoliaceae,Weigela,Intermediate (shrub/tree),,Arnold Arboretum living collection (Arboretum Explorer)
Weigela coraeensis 'Alba',White Korean Weigela,|Weigela coraeensis forma alba|,Caprifoliaceae,Weigela,Shrub,,Arnold Arboretum living collection (Arboretum Explorer)
Weigela decora,Greenpink Weigela,,Caprifoliaceae,Weigela,Intermediate (shrub/tree),5.0,Arnold Arboretum living collection (Arboretum Explorer)
Weigela floribunda,Crimson Weigela,,Caprifoliaceae,Weigela,Shrub,,Arnold Arboretum living collection (Arboretum Explorer)
Weigela florida,Old Fashioned Weigela,|Weigela rosea|,Caprifoliaceae,Weigela,Shrub,7.4,Arnold Arboretum living collection (Arboretum Explorer)
Weigela florida 'Bramwell',Cultivar of Old Fashioned Weigela,,Caprifoliaceae,Weigela,Shrub,5.9,Arnold Arboretum living collection (Arboretum Explorer)
Weigela florida 'Foliis Purpureis',Cultivar of Old Fashioned Weigela,|Weigela florida 'Robusta'|,Caprifoliaceae,Weigela,Shrub,5.9,Arnold Arboretum living collection (Arboretum Explorer)
Weigela florida 'Rubidor',Old Fashioned Weigela,,Caprifoliaceae,Weigela,Shrub,7.2,Arnold Arboretum living collection (Arboretum Explorer)
Weigela florida var. venusta,,,Caprifoliaceae,Weigela,Shrub,6.6,Arnold Arboretum living collection (Arboretum Explorer)
Weigela hortensis,Gardeners Weigela,,Caprifoliaceae,Weigela,Intermediate (shrub/tree),7.0,Arnold Arboretum living collection (Arboretum Explorer)
Weigela japonica,Japanese Weigela,,Caprifoliaceae,Weigela,Shrub,8.2,Arnold Arboretum living collection (Arboretum Explorer)
Weigela japonica var. sinica,Chinese Weigela,,Caprifoliaceae,Weigela,Shrub,11.2,Arnold Arboretum living collection (Arboretum Explorer)
Weigela maximowiczii,Weigela,,Caprifoliaceae,Weigela,Shrub,,Arnold Arboretum living collection (Arboretum Explorer)
Weigela middendorffiana,Middendorff Weigela,,Caprifoliaceae,Weigela,Shrub,,Arnold Arboretum living collection (Arboretum Explorer)
Weigela praecox,Early Weigela,,Caprifoliaceae,Weigela,Shrub,6.2,Arnold Arboretum living collection (Arboretum Explorer)
Weigela praecox 'Bouquet Rose',Cultivar of Early Weigela,,Caprifoliaceae,Weigela,Shrub,7.2,Arnold Arboretum living collection (Arboretum Explorer)
Weigela praecox 'Gracieux',Cultivar of Early Weigela,,Caprifoliaceae,Weigela,Shrub,,Arnold Arboretum living collection (Arboretum Explorer)
Weigela praecox 'Le Printemps',Cultivar of Early Weigela,,Caprifoliaceae,Weigela,Shrub,,Arnold Arboretum living collection (Arboretum Explorer)
Weigela sp.,Weigela,,Caprifoliaceae,Weigela,Shrub,,Arnold Arboretum living collection (Arboretum Explorer)
Weigela subsessilis,Species of Weigela,|Diervilla subsessilis|,Caprifoliaceae,Weigela,Shrub,6.9,Arnold Arboretum living collection (Arboretum Explorer)
Wikstroemia trichotoma,Wikstroemia,|Diplomorpha trichotoma|,Thymelaeaceae,Wikstroemia,Shrub,,Arnold Arboretum living collection (Arboretum Explorer)
Wisteria brachybotrys 'Shiro Kapitan',Cultivar of Silky Wisteria,,Fabaceae,Wisteria,Vine,,Arnold Arboretum living collection (Arboretum Explorer)
Wisteria floribunda,Japanese Wisteria,,Fabaceae,Wisteria,Vine,5.6,Arnold Arboretum living collection (Arboretum Explorer)
Wisteria floribunda 'Issai Perfect',Cultivar of Japanese Wisteria,,Fabaceae,Wisteria,Vine,,Arnold Arboretum living collection (Arboretum Explorer)
Wisteria floribunda 'Shiro Noda',Cultivar of Japanese Wisteria,|Wisteria floribunda 'Snow Showers'|,Fabaceae,Wisteria,Vine,,Arnold Arboretum living collection (Arboretum Explorer)
Wisteria floribunda 'Violacea Plena',Cultivar of Japanese Wisteria,|Wisteria floribunda forma violaceo-plena|,Fabaceae,Wisteria,Shrub,7.0,Arnold Arboretum living collection (Arboretum Explorer)
Wisteria frutescens,American Wisteria,,Fabaceae,Wisteria,Vine,1.3,Arnold Arboretum living collection (Arboretum Explorer)
Wisteria frutescens 'Aunt Dee',Cultivar of American Wisteria,|Wisteria macrostachya 'Aunt Dee'|,Fabaceae,Wisteria,Vine,,Arnold Arboretum living collection (Arboretum Explorer)
Wisteria frutescens 'Blue Moon',Cultivar of American Wisteria,|Wisteria macrostachya 'Blue Moon'|,Fabaceae,Wisteria,Vine,,Arnold Arboretum living collection (Arboretum Explorer)
Wisteria frutescens 'Longwood Purple',Cultivar of American Wisteria,,Fabaceae,Wisteria,Vine,,Arnold Arboretum living collection (Arboretum Explorer)
Wisteria frutescens 'Nivea',Cultivar of American Wisteria,,Fabaceae,Wisteria,Vine,,Arnold Arboretum living collection (Arboretum Explorer)
Wisteria sinensis,Chinese Wisteria,,Fabaceae,Wisteria,Vine,,Arnold Arboretum living collection (Arboretum Explorer)
x Amelasorbus jackii,Sorberry,,Rosaceae,Amelasorbus,Shrub,5.6,Arnold Arboretum living collection (Arboretum Explorer)
x Chitalpa 'Strawberry Moon',,,Bignoniaceae,Chitalpa,Tree,21.0,Arnold Arboretum living collection (Arboretum Explorer)
x Chitalpa tashkentensis,,|Catalpa bignonioides x Chilopsis linearis|,Bignoniaceae,Chitalpa,Tree,,Arnold Arboretum living collection (Arboretum Explorer)
x Crataemespilus canescens,Medlar,|Mespilus canescens|,Rosaceae,Crataemespilus,Shrub,2.3,Arnold Arboretum living collection (Arboretum Explorer)
x Crataemespilus grandiflora,Haw-Medlar,|+ Crataegomespilus grandiflora|,Rosaceae,Crataemespilus,Intermediate (shrub/tree),,Arnold Arboretum living collection (Arboretum Explorer)
x Cupressocyparis leylandii 'Haggerston Grey',Cultivar of Cupressocyparis,,Cupressaceae,Cupressocyparis,Tree,,Arnold Arboretum living collection (Arboretum Explorer)
x Cupressocyparis leylandii 'Silver Dust',Cultivar of Cucpressocyparis,,Cupressaceae,Cupressocyparis,Tree,,Arnold Arboretum living collection (Arboretum Explorer)
x Cupressocyparis notabilis,,,Cupressaceae,Cupressocyparis,Tree,,Arnold Arboretum living collection (Arboretum Explorer)
x Mahoberberis aquicandidula,,,Berberidaceae,Mahoberberis,Shrub,,Arnold Arboretum living collection (Arboretum Explorer)
x Mahoberberis aquisargentii,,,Berberidaceae,Mahoberberis,Shrub,,Arnold Arboretum living collection (Arboretum Explorer)
x Mahoberberis neubertii,,,Berberidaceae,Mahoberberis,Shrub,9.8,Arnold Arboretum living collection (Arboretum Explorer)
x Phylliopsis 'Sugar Plum',,,Ericaceae,Phylliopsis,Herbaceous,,Arnold Arboretum living collection (Arboretum Explorer)
x Pyronia veitchii,Veitch Quinpear,,Rosaceae,Pyronia,Intermediate (shrub/tree),,Arnold Arboretum living collection (Arboretum Explorer)
x Sorbaronia alpina,Alpine Sorbaronia,|Pyrus alpina|,Rosaceae,Sorbaronia,Shrub,5.2,Arnold Arboretum living collection (Arboretum Explorer)
x Sorbaronia dippelii,,|Aronia dippelii|,Rosaceae,Sorbaronia,Shrub,,Arnold Arboretum living collection (Arboretum Explorer)
x Sorbaronia jackii,Jack's Sorbaronia,,Rosaceae,Sorbaronia,Shrub,10.8,Arnold Arboretum living collection (Arboretum Explorer)
x Sorbocotoneaster pozdnjakovii,,|x Sorbocotoneaster pozdjakovii|,Rosaceae,Sorbocotoneaster,Shrub,3.0,Arnold Arboretum living collection (Arboretum Explorer)
x Sorbopyrus auricularis 'Bulbiformis',Cultivar of Sorbopyrus,|x Sorbopyrus auricularis var. bulbiformis|,Rosaceae,Sorbopyrus,Tree,,Arnold Arboretum living collection (Arboretum Explorer)
x Sycoparrotia semidecidua,,,Hamamelidaceae,Sycoparrotia,Tree,,Arnold Arboretum living collection (Arboretum Explorer)
Xanthoceras sorbifolium,Shinyleaf Yellowhorn,,Sapindaceae,Xanthoceras,Intermediate (shrub/tree),,Arnold Arboretum living collection (Arboretum Explorer)
Xanthorhiza simplicissima,Yellowroot,,Ranunculaceae,Xanthorhiza,Shrub,3.6,Arnold Arboretum living collection (Arboretum Explorer)
Yucca glauca,Great Plains Yucca,,Asparagaceae,Yucca,Herbaceous,2.0,Arnold Arboretum living collection (Arboretum Explorer)
Yucca sp.,Yucca,,Asparagaceae,Yucca,,,Arnold Arboretum living collection (Arboretum Explorer)
Zabelia biflora,,|Abelia biflora|Zabelia biflora var. coreana|Abelia coreana|,Caprifoliaceae,Zabelia,Shrub,7.9,Arnold Arboretum living collection (Arboretum Explorer)
Zabelia dielsii,,|Abelia dielsii|Abelia zanderi|Abelia umbellata|,Caprifoliaceae,Zabelia,Shrub,9.8,Arnold Arboretum living collection (Arboretum Explorer)
Zanthoxylum ailanthoides,,,Rutaceae,Zanthoxylum,Intermediate (shrub/tree),,Arnold Arboretum living collection (Arboretum Explorer)
Zanthoxylum alatum var. subtrifoliatum,Variety of Pricklyash,|Zanthoxylum armatum|,Rutaceae,Zanthoxylum,Shrub,,Arnold Arboretum living collection (Arboretum Explorer)
Zanthoxylum americanum,Prickly Ash,,Rutaceae,Zanthoxylum,Intermediate (shrub/tree),8.0,Arnold Arboretum living collection (Arboretum Explorer)
Zanthoxylum piperitum,Japanese Pricklyash,,Rutaceae,Zanthoxylum,Shrub,,Arnold Arboretum living collection (Arboretum Explorer)
Zanthoxylum schinifolium,Peppertree Pricklyash,,Rutaceae,Zanthoxylum,Shrub,,Arnold Arboretum living collection (Arboretum Explorer)
Zanthoxylum simulans,Flatspine Pricklyash,|Zanthoxylum bungei|Zanthoxylum bungeanum|Zanthoxylum setosum|,Rutaceae,Zanthoxylum,Intermediate (shrub/tree),,Arnold Arboretum living collection (Arboretum Explorer)
Zanthoxylum stenophyllum,,,Rutaceae,Zanthoxylum,Shrub,,Arnold Arboretum living collection (Arboretum Explorer)
Zelkova schneideriana,Schneider Zelkova,|Zelkova serrata var. stipulacea|,Ulmaceae,Zelkova,Tree,,Arnold Arboretum living collection (Arboretum Explorer)
Zelkova serrata,Sawleaf Zelkova,|Zelkova acuminata|Zelkova keaki|,Ulmaceae,Zelkova,Tree,,Arnold Arboretum living collection (Arboretum Explorer)
Zelkova serrata 'Green Veil',Cultivar of Sawleaf Zelkova,|Zelkova serrata 'Shidare'|,Ulmaceae,Zelkova,Tree,,Arnold Arboretum living collection (Arboretum Explorer)
Zelkova serrata 'Schmidtlow',Cultivar of Japanese Zelkova,|Zelkova 'Wireless'|,Ulmaceae,Zelkova,Tree,,Arnold Arboretum living collection (Arboretum Explorer)
Zelkova serrata 'Village Green',Cultivar of Sawleaf Zelkova,,Ulmaceae,Zelkova,Tree,,Arnold Arboretum living collection (Arboretum Explorer)
Zelkova sinica,Chinese Zelkova,,Ulmaceae,Zelkova,Tree,,Arnold Arboretum living collection (Arboretum Explorer)
Zenobia pulverulenta,Honeycup,|Andromeda pulverulenta|Andromeda dealbata|Zenobia pulverulenta var. nuda|Zenobia pulverulenta forma nitida|,Ericaceae,Zenobia,Shrub,6.6,Arnold Arboretum living collection (Arboretum Explorer)
Zizia aurea,Common Golden Alexanders,,Apiaceae,Zizia,Herbaceous,,Arnold Arboretum living collection (Arboretum Explorer)
Ziziphus jujuba,Common Jujube,|Zizyphus jujuba|,Rhamnaceae,Ziziphus,Intermediate (shrub/tree),,Arnold Arboretum living collection (Arboretum Explorer)
