scientific_name,common_name,growth_habit,leaf_retention,usda_hardiness_zone,catalog_source,catalog_source_url,mda_hardiness_zone,mda_categories,mda_cultivar_notes
Abies balsamea,Fir,Tree,Evergreen,2-4,Minnesota Department of Agriculture Cold Hardiness List,https://www.mda.state.mn.us/cold-hardiness-list,2-4,Evergreens,'Piccolo'; Balsam Fir; Canaan Fir
Abies concolor,Fir,Tree,Evergreen,4,Minnesota Department of Agriculture Cold Hardiness List,https://www.mda.state.mn.us/cold-hardiness-list,4,Evergreens,White Fir
Abies fraseri,Fir,Tree,Evergreen,4,Minnesota Department of Agriculture Cold Hardiness List,https://www.mda.state.mn.us/cold-hardiness-list,4,Evergreens,Fraser Fir
Abies koreana,Fir,Tree,Evergreen,4,Minnesota Department of Agriculture Cold Hardiness List,https://www.mda.state.mn.us/cold-hardiness-list,4,Evergreens,"Korean Fir, 'Horstmann Silberlocke'; Silver Show"
Abies lasiocarpa,Fir,Tree,Evergreen,2,Minnesota Department of Agriculture Cold Hardiness List,https://www.mda.state.mn.us/cold-hardiness-list,2,Evergreens,"Subalpine fir, Corkbark fir"
Acer camprestre,Maple,Tree,,5,Minnesota Department of Agriculture Cold Hardiness List,https://www.mda.state.mn.us/cold-hardiness-list,5,Deciduous (non-fruit),"Hedge Maple - 'Carnival', 'Fade Patina'"
Acer circinatum,Maple,Tree,,5,Minnesota Department of Agriculture Cold Hardiness List,https://www.mda.state.mn.us/cold-hardiness-list,5,Deciduous (non-fruit),Oregon Vine Maple
Acer ginnala,Amur Maple,Tree,,3,Minnesota Department of Agriculture Cold Hardiness List,https://www.mda.state.mn.us/cold-hardiness-list,3,Deciduous (non-fruit),"Flame', 'Ruby Slippers' - Specially Regulated Plant Must have label ""Plant where seedlings will be controlled and at least 100 yards from natural areas."""
Acer glabrum,Maple,Tree,,4,Minnesota Department of Agriculture Cold Hardiness List,https://www.mda.state.mn.us/cold-hardiness-list,4,Deciduous (non-fruit),Rocky Mountian Maple
Acer griseum,Maple,Tree,,5,Minnesota Department of Agriculture Cold Hardiness List,https://www.mda.state.mn.us/cold-hardiness-list,5,Deciduous (non-fruit),Paperbark maple
Acer japonicum,Maple,Tree,,5,Minnesota Department of Agriculture Cold Hardiness List,https://www.mda.state.mn.us/cold-hardiness-list,5,Deciduous (non-fruit),Full Moon Maple
Acer miyabei,Maple,Tree,,4,Minnesota Department of Agriculture Cold Hardiness List,https://www.mda.state.mn.us/cold-hardiness-list,4,Deciduous (non-fruit),State Street® Maple aka 'Morton'
Acer negundo,Maple,Tree,,2-3,Minnesota Department of Agriculture Cold Hardiness List,https://www.mda.state.mn.us/cold-hardiness-list,2-3,Deciduous (non-fruit),"Boxelder - 'Sensation'; Boxelder - Box Elder Maple, 'Baron'"
Acer palmatum,Japanese Maple,Tree,,4-5,Minnesota Department of Agriculture Cold Hardiness List,https://www.mda.state.mn.us/cold-hardiness-list,4-5,Deciduous (non-fruit),"'Crimson Queen'; Atropurpureum', 'Bloodgood', 'Emporer', 'Everred', 'Kagiri Nishiki', 'Nigrum', 'Osakazuki', 'Oshio-Beni', 'Red Dragon', 'Sangokaku', 'Seiryu', 'Virdis', 'Wolff'; Velvet Viking™ 'Monfrick'"
Acer platanoides,Norway Maple,Tree,,4,Minnesota Department of Agriculture Cold Hardiness List,https://www.mda.state.mn.us/cold-hardiness-list,4,Deciduous (non-fruit),"Crimson Sentry' 'Crimson King', 'Culumnar', Deborah', 'Emerald Lustre'® aka 'Pond', 'Emerald Queen', 'Parkway' Princeton Gold'®, 'Royal Red', 'Variegatum', 'Superform' - Norway Maple is now a Specially Regulated Plant in Minnesota; Sellers shall affix a label directly to the plant or container packaging that is being sold that advises buyers to only plant Norway maple and its cultivars in landscapes where the seedlings will be controlled by mowing or other means. Norway maple seed is wind dispersed and trees should be planted at least 100 yards from natural areas."
Acer rubrum,Red Maple,Tree,,3-5,Minnesota Department of Agriculture Cold Hardiness List,https://www.mda.state.mn.us/cold-hardiness-list,3-5,Deciduous (non-fruit),"Autumn Flame', Autumn radience, 'Bowhall', 'Brandywine', 'Karpic', Fairview Flame', Burgundy Belle® aka 'Magnificent Magenta' , Red Rocket', Red Sunset® aka 'Franksred' Maple, ' Scarlet Sentenial', 'Sun Valley', 'Somerset'; Northern Flare® aka 'Sisseton', Scarlet Jewel™ aka 'Bailcraig'; Red Maple (Northern seed source); Red Maple - 'October Glory'"
Acer saccharinum,Silver Maple,Tree,,3,Minnesota Department of Agriculture Cold Hardiness List,https://www.mda.state.mn.us/cold-hardiness-list,3,Deciduous (non-fruit),"Silver Maple - 'Silver Cloud', 'Silver Queen'"
Acer saccharum,Sugar Maple,Tree,,3-4,Minnesota Department of Agriculture Cold Hardiness List,https://www.mda.state.mn.us/cold-hardiness-list,3-4,Deciduous (non-fruit),"Black Maple; PA Source Sugar Maple, Apollo® aka 'Barrett Cole', Crescendo™ aka 'Morton', 'Commemoration', Green Mountain® Maple , 'Autumn Fest' 'JFS-KW8' ,; Sugar Maple 'Fall Fiesta', 'Bailista' , 'Legacy', 'Wright Brothers', Inferno™ aka 'Jeferno', 'Jefcan'"
Acer shirasawanum,Maple,Tree,,5,Minnesota Department of Agriculture Cold Hardiness List,https://www.mda.state.mn.us/cold-hardiness-list,5,Deciduous (non-fruit),'Autumn Moon'
Acer tartaricum,Tartarian Maple,Tree,,3,Minnesota Department of Agriculture Cold Hardiness List,https://www.mda.state.mn.us/cold-hardiness-list,3,Deciduous (non-fruit),"Hot Wings aka 'Gar Ann' PP15023 - Tartarian Maple is now a Specially Regulated Plant in Minnesota; Sellers shall affix a label directly to the plant or container packaging that is being sold that advises buyers to only plant Norway maple and its cultivars in landscapes where the seedlings will be controlled by mowing or other means. Norway maple seed is wind dispersed, and trees should be planted at least 100 yards from natural areas."
Acer tegmenttosum,Maple,Tree,,3,Minnesota Department of Agriculture Cold Hardiness List,https://www.mda.state.mn.us/cold-hardiness-list,3,Deciduous (non-fruit),Manchustriped Maple
Acer triflorum,Maple,Tree,,3,Minnesota Department of Agriculture Cold Hardiness List,https://www.mda.state.mn.us/cold-hardiness-list,3,Deciduous (non-fruit),Three Flowered Maple
Acer truncatum,Maple,Tree,,4,Minnesota Department of Agriculture Cold Hardiness List,https://www.mda.state.mn.us/cold-hardiness-list,4,Deciduous (non-fruit),"Crimson Sunset® 'JFS-KW202' , Norwegian Sunset® - Norway Maple is now a Specially Regulated Plant in Minnesota; Sellers shall affix a label directly to the plant or container packaging that is being sold that advises buyers to only plant Norway maple and its cultivars in landscapes where the seedlings will be controlled by mowing or other means. Norway maple seed is wind dispersed and trees should be planted at least 100 yards from natural areas."
Acer × freemanii,Maple,Tree,,3-4,Minnesota Department of Agriculture Cold Hardiness List,https://www.mda.state.mn.us/cold-hardiness-list,3-4,Deciduous (non-fruit),"Freeman Maple - Autumn Blaze® aka 'Jeffersred', Firefall™, 'Bailston' aka Matador™ , Armstrong Gold™ aka 'JFS-KW78' , Autumn Fantasy', 'Marmo'; Freeman Maple - Sienna Glen® aka 'Sienna'"
Acer × pseudosieboldianum,Maple Hybrid,Tree,,3-4,Minnesota Department of Agriculture Cold Hardiness List,https://www.mda.state.mn.us/cold-hardiness-list,3-4,Deciduous (non-fruit),"Korean Maple; Northern Glow® Hybrid Maple - Arctic Jade® Hybrid Maple ('IsIAJ'), Ice Dragon™ Hybrid Maple ('IsIID'), North Wind® Hybrid Maple ('IsINW'); Northern Spotlight® aka 'KorDak'"
Actinidia arguta,Hardy Kiwi,Vine,,3-5,Minnesota Department of Agriculture Cold Hardiness List,https://www.mda.state.mn.us/cold-hardiness-list,3-5,Fruit,'Issai' - Hardy Kiwi; var. arguta
Actinidia kolomikta,Kiwi,Vine,,3,Minnesota Department of Agriculture Cold Hardiness List,https://www.mda.state.mn.us/cold-hardiness-list,3,Fruit,Arctic Beauty
Aesculus glabra,Buckeye or Horsechestnut,Tree,,3,Minnesota Department of Agriculture Cold Hardiness List,https://www.mda.state.mn.us/cold-hardiness-list,3,Deciduous (non-fruit),Ohio Buckeye
Aesculus hippocastanum,Buckeye or Horsechestnut,Tree,,4,Minnesota Department of Agriculture Cold Hardiness List,https://www.mda.state.mn.us/cold-hardiness-list,4,Deciduous (non-fruit),'European Horse Chestnut 'Baumanii'
Aesculus × carnea,Buckeye or Horsechestnut,Tree,,5,Minnesota Department of Agriculture Cold Hardiness List,https://www.mda.state.mn.us/cold-hardiness-list,5,Deciduous (non-fruit),"Ruby Horsechestnut - 'Briotii', 'Fort McNair"
Alnus flava,Buckeye or Horsechestnut,Tree,,4,Minnesota Department of Agriculture Cold Hardiness List,https://www.mda.state.mn.us/cold-hardiness-list,4,Deciduous (non-fruit),Yellow Buckeye
Alnus glutinosa,Alder,Tree,,4,Minnesota Department of Agriculture Cold Hardiness List,https://www.mda.state.mn.us/cold-hardiness-list,4,Deciduous (non-fruit),European or Black Alder - Restricted Noxious Weed in Minnesota - may no longer be grown or sold in Minnesota
Alnus hirsuta,Alder,Tree,,4,Minnesota Department of Agriculture Cold Hardiness List,https://www.mda.state.mn.us/cold-hardiness-list,4,Deciduous (non-fruit),Prairie Horizon® aka 'Harbin' Alder
Alnus incana,Alder,Tree,,2,Minnesota Department of Agriculture Cold Hardiness List,https://www.mda.state.mn.us/cold-hardiness-list,2,Deciduous (non-fruit),Speckled Alder
Alnus rugosa,Alder,Tree,,2,Minnesota Department of Agriculture Cold Hardiness List,https://www.mda.state.mn.us/cold-hardiness-list,2,Deciduous (non-fruit),Hazel Alder
Alnus viridis,Alder,Tree,,2,Minnesota Department of Agriculture Cold Hardiness List,https://www.mda.state.mn.us/cold-hardiness-list,2,Deciduous (non-fruit),Green Alder - 'Crispa'
Alnus × spaethii,Alder,Tree,,4,Minnesota Department of Agriculture Cold Hardiness List,https://www.mda.state.mn.us/cold-hardiness-list,4,Deciduous (non-fruit),Spaeth's Alder
Amelanchier alinifolia,Serviceberry or Juneberry,Shrub,,2,Minnesota Department of Agriculture Cold Hardiness List,https://www.mda.state.mn.us/cold-hardiness-list,2,Fruit,"Regent Saskatoon Serviceberry, Standing Ovation™ Serviceberry aka 'Obelisk'"
Amelanchier canadensis,Serviceberry or Juneberry,Shrub,,4,Minnesota Department of Agriculture Cold Hardiness List,https://www.mda.state.mn.us/cold-hardiness-list,4,Fruit,Shadblow Serviceberry
Amelanchier laevis,Serviceberry or Juneberry,Shrub,,4,Minnesota Department of Agriculture Cold Hardiness List,https://www.mda.state.mn.us/cold-hardiness-list,4,Fruit,"Allegheny Serviceberry, Lustre® Serviceberry - aka 'Rogers', 'Cumulus', Spring Flurry®"
Amelanchier lamarckii,Juneberry,Shrub,,4,Minnesota Department of Agriculture Cold Hardiness List,https://www.mda.state.mn.us/cold-hardiness-list,4,Fruit,Juneberry
Amelanchier × grandiflora,Serviceberry or Juneberry,Shrub,,3-4,Minnesota Department of Agriculture Cold Hardiness List,https://www.mda.state.mn.us/cold-hardiness-list,3-4,Fruit,"'Autumn Brilliance', 'Princess Diana', 'Cole's Select'; 'Robin Hill'"
Ampelopsis brevipedunculata,Porcelain Berry,Vine,,4,Minnesota Department of Agriculture Cold Hardiness List,https://www.mda.state.mn.us/cold-hardiness-list,4,Vines,Porcelain berry vine
Andromeda polifolia,Bog Rosemary,Shrub,,3,Minnesota Department of Agriculture Cold Hardiness List,https://www.mda.state.mn.us/cold-hardiness-list,3,Shrubs,'Nana'
Arctostaphylos uva-ursi,Bearberry,Shrub,,3,Minnesota Department of Agriculture Cold Hardiness List,https://www.mda.state.mn.us/cold-hardiness-list,3,Shrubs,'Massachusetts'
Aristolochia durior,Dutchmans Pipe,Vine,,4,Minnesota Department of Agriculture Cold Hardiness List,https://www.mda.state.mn.us/cold-hardiness-list,4,Vines,Dutchman's Pipe
Aronia arbutifolia,Chokeberry,Shrub,,5,Minnesota Department of Agriculture Cold Hardiness List,https://www.mda.state.mn.us/cold-hardiness-list,5,Shrubs,'Erecta'
Aronia melanocarpa,Chockberry (treeform),Tree,,3,Minnesota Department of Agriculture Cold Hardiness List,https://www.mda.state.mn.us/cold-hardiness-list,3,Deciduous (non-fruit); Shrubs,"'Autumn Magic', 'Glossy Black', 'Morton', Iroquois Beauty™, Ground Hug™ aka'UCONNAM012', Low Scape™ Mound Black Chokeberry 'UCONNAM165' PPAF, Low Scape™ Hedger Black Chokeberry 'UCONNAM166' PPAF; Autumn Magic Black"
Berberis thunbergii,Barberry,Shrub,,4-5,Minnesota Department of Agriculture Cold Hardiness List,https://www.mda.state.mn.us/cold-hardiness-list,4-5,Shrubs,"Cabernet® aka'Moretti Select'; Common Barberry, specific cultivars of this plant are NOT allowed for sale in MN; Midruzam', 'Red Torch', Concorde', 'Crimson Pygmy', Golden Nugget™ aka 'Monlers','Goruzam' PP16,203 aka Golden Ruby® , 'Helmond Pillar', Lambrusco™ aka 'BailElla', Limoncello™ aka 'BailErin', Lustre Green™ aka 'Anderson' , Moscato™ aka 'BailAnna', 'Orange Rocket' PP18,411, Rosy Rocket', Sunjoy Mini Maroon® aka 'NCBT1', Sunjoy Todo™ aka 'NCBX1', 'Sunjoy® aka 'Maria' PP18,082, 'Toscana™ aka 'BailJulia'; Orange Torch'"
Berberis × mentorensis,Barberry,Shrub,,5,Minnesota Department of Agriculture Cold Hardiness List,https://www.mda.state.mn.us/cold-hardiness-list,5,Shrubs,Mentor Barberry
Betula alleghaniensis,Birch,Tree,,3,Minnesota Department of Agriculture Cold Hardiness List,https://www.mda.state.mn.us/cold-hardiness-list,3,Deciduous (non-fruit),Yellow Birch
Betula lenta,Birch,Tree,,3,Minnesota Department of Agriculture Cold Hardiness List,https://www.mda.state.mn.us/cold-hardiness-list,3,Deciduous (non-fruit),Sweet Birch
Betula nigra,River Birch,Tree,,3-4,Minnesota Department of Agriculture Cold Hardiness List,https://www.mda.state.mn.us/cold-hardiness-list,3-4,Deciduous (non-fruit),"Dura-Heat aka 'BNMTF' , Fox Valley® aka 'Little King', Heritage® aka 'Cully', 'Shiloh Splash', 'Summer Cascade'; Northern Tribute® aka 'Dickinson'"
Betula papyrifera,Paper Birch,Tree,,2-3,Minnesota Department of Agriculture Cold Hardiness List,https://www.mda.state.mn.us/cold-hardiness-list,2-3,Deciduous (non-fruit),"Prairie Dream aka 'Varen', 'Renci'; Renaissance Oasis® aka 'Oenci'"
Betula pendula,Birch,Tree,,2,Minnesota Department of Agriculture Cold Hardiness List,https://www.mda.state.mn.us/cold-hardiness-list,2,Deciduous (non-fruit),Weeping Cutleaf Birch aka 'Dalecarlica'
Betula platyphylla,Birch,Tree,,3,Minnesota Department of Agriculture Cold Hardiness List,https://www.mda.state.mn.us/cold-hardiness-list,3,Deciduous (non-fruit),"Asian White Birch - Dakota Pinnacle® Birch aka 'Fargo', 'Parkland Pillar' aka 'Jefpark'"
Betula populifolia,Birch,Tree,,4,Minnesota Department of Agriculture Cold Hardiness List,https://www.mda.state.mn.us/cold-hardiness-list,4,Deciduous (non-fruit),Whitespire Birch
Betula utilis,Birch,Tree,,5,Minnesota Department of Agriculture Cold Hardiness List,https://www.mda.state.mn.us/cold-hardiness-list,5,Deciduous (non-fruit),Himalayan birch
Betula utils,Birch,Tree,,4,Minnesota Department of Agriculture Cold Hardiness List,https://www.mda.state.mn.us/cold-hardiness-list,4,Deciduous (non-fruit),White Satin Birch aka 'Madison'
Buddleia davidii,Butterfly Bush,Shrub,,4-5,Minnesota Department of Agriculture Cold Hardiness List,https://www.mda.state.mn.us/cold-hardiness-list,4-5,Shrubs,"'Dapper® Lavender' Buddaplav' PP 33,625, 'African Queen', 'Black Knight', 'Honeycomb', 'Moonshadow', 'Nanho Blue', 'Pink Delight', 'Potter's Purple', 'Summer Rose', 'Windy Hill', Butterfly Bush - Pugster Blue® aka 'SMNBDBT', Pugster Periwinkle® aka 'SMNBDO', Pugster Pink® aka 'SMNBDPT', Pugster Amethyst® aka 'SMNBDL', Dapper® White 'Dapconwhi' PP 33,566, Funky Fuchsia™ 'PIIBD-II' PP26,278, Groovy Grape™ 'PIIBD-I' PP26,305, Psychedelic Sky™ 'PIIBD-III' PP26,306, 'Purple Haze' PP24,514, Pugster Pinker™ aka 'SMNHPPH; RoyalRazz™' aka 'SRPbudroy'"
Buxus microphylla,Boxwood,Shrub,,4-6,Minnesota Department of Agriculture Cold Hardiness List,https://www.mda.state.mn.us/cold-hardiness-list,4-6,Shrubs,"'Baby Gem', 'Green Beauty', 'Sunnyside'; 'Green Velvet'; 'Little Missy', 'Winter Gem'; 'Peergold'; 'Winter Gem', 'Green Mountain'; 'Wintergreen' Littleleaf Boxwood aka 'Koreana'"
Buxus sempervirens,Boxwood,Shrub,,5-6,Minnesota Department of Agriculture Cold Hardiness List,https://www.mda.state.mn.us/cold-hardiness-list,5-6,Shrubs,"'Arctic Emerald', 'Graham Blandy', 'Suffruticosa'; 'Pendula'"
Callicarpa dichotoma,,Shrub,,5,Minnesota Department of Agriculture Cold Hardiness List,https://www.mda.state.mn.us/cold-hardiness-list,5,Shrubs,"'Dark Star', 'Early Amethyst', 'Issai', 'Profusion'"
Calycanthus floridus,,Shrub,,5,Minnesota Department of Agriculture Cold Hardiness List,https://www.mda.state.mn.us/cold-hardiness-list,5,Shrubs,"'Athens', 'Michael Lindsey'"
Campsis radicans,Trumpetvine,Vine,,5,Minnesota Department of Agriculture Cold Hardiness List,https://www.mda.state.mn.us/cold-hardiness-list,5,Vines,"Yellow Trumpet Vine, 'Flava', 'Stromboli' First Editions® Atomic Red™"
Campsis radicans-,Trumpetvine,Vine,,4,Minnesota Department of Agriculture Cold Hardiness List,https://www.mda.state.mn.us/cold-hardiness-list,4,Vines,Trumpetvine
Campsis × tagliabuana,Trumpetvine,Vine,,5,Minnesota Department of Agriculture Cold Hardiness List,https://www.mda.state.mn.us/cold-hardiness-list,5,Vines,"Mme Galen', Summer Jazz™ Sunrise Gold 'Takarazuka Yellow' PP 23,918, Summer Jazz™ Fire 'Takarazuka Fresa' PP 23,917"
Caragana aborescens,PeaShrub,Shrub,,2,Minnesota Department of Agriculture Cold Hardiness List,https://www.mda.state.mn.us/cold-hardiness-list,2,Shrubs,Restricted Noxious Weed in Minnesota - may no longer be grown or sold in Minnesota except for the sterile 'Jefarb' (Green Spires®)
Caragana arborescens,Peashrub,Tree,,2,Minnesota Department of Agriculture Cold Hardiness List,https://www.mda.state.mn.us/cold-hardiness-list,2,Deciduous (non-fruit),Siberia Peashrub 'Green Spires'
Caragana frutex,PeaShrub,Shrub,,2,Minnesota Department of Agriculture Cold Hardiness List,https://www.mda.state.mn.us/cold-hardiness-list,2,Shrubs,Glove Peashrub aka 'Globosa'
Caragana pygmaea,PeaShrub,Shrub,,3,Minnesota Department of Agriculture Cold Hardiness List,https://www.mda.state.mn.us/cold-hardiness-list,3,Shrubs,Pygmy Peashrub
Carpinus betulus,Hornbeam or,Tree,,5,Minnesota Department of Agriculture Cold Hardiness List,https://www.mda.state.mn.us/cold-hardiness-list,5,Deciduous (non-fruit),"'Columnaris', 'Frans Fontaine', 'Fastigiata', 'Globosa', 'Pendula', 'Purpurea'"
Carpinus caroliniana,Hornbeam or Blue Beech,Tree,,3,Minnesota Department of Agriculture Cold Hardiness List,https://www.mda.state.mn.us/cold-hardiness-list,3,Deciduous (non-fruit),Firespire™ aka 'J.N. Upright'
Carya illinoensis,Pecan,Tree,,5,Minnesota Department of Agriculture Cold Hardiness List,https://www.mda.state.mn.us/cold-hardiness-list,5,Deciduous (non-fruit),"'Cape Fear', 'Cheyenne', 'Choctaw', 'Desirable', 'Elliott', 'Kiowa', 'Mahan', 'Maramec', 'Mohawk', 'Navajo', 'Pawnee', 'Silverback', 'Stuart', 'Western', 'Wichita'"
Carya ovata,Hickory,Tree,,4,Minnesota Department of Agriculture Cold Hardiness List,https://www.mda.state.mn.us/cold-hardiness-list,4,Deciduous (non-fruit),Shagbark Hickory
Caryopteris × clandonensis,,Shrub,,5,Minnesota Department of Agriculture Cold Hardiness List,https://www.mda.state.mn.us/cold-hardiness-list,5,Shrubs,"'Blue Mist', 'Dark Knight', 'Minbleu', 'Blayer Splatz'"
Catalpa bignoniodes,Catalpa,Tree,,5,Minnesota Department of Agriculture Cold Hardiness List,https://www.mda.state.mn.us/cold-hardiness-list,5,Deciduous (non-fruit),Aurea'
Catalpa bungei,Catalpa,Tree,,4,Minnesota Department of Agriculture Cold Hardiness List,https://www.mda.state.mn.us/cold-hardiness-list,4,Deciduous (non-fruit),Umbrella Catalpa
Catalpa ovata,Catalpa,Tree,,4,Minnesota Department of Agriculture Cold Hardiness List,https://www.mda.state.mn.us/cold-hardiness-list,4,Deciduous (non-fruit),Chinese Catalpa
Catalpa speciosa,Catalpa,Tree,,4,Minnesota Department of Agriculture Cold Hardiness List,https://www.mda.state.mn.us/cold-hardiness-list,4,Deciduous (non-fruit),Northern Catalpa
Catalpa × erubescens,Catalpa,Tree,,4,Minnesota Department of Agriculture Cold Hardiness List,https://www.mda.state.mn.us/cold-hardiness-list,4,Deciduous (non-fruit),Purple Catalpa - 'Purpurea'
Ceanothus americanus,,Shrub,,3,Minnesota Department of Agriculture Cold Hardiness List,https://www.mda.state.mn.us/cold-hardiness-list,3,Shrubs,New Jersey Tea
Celastrus scandens,Bittersweet,Vine,,2,Minnesota Department of Agriculture Cold Hardiness List,https://www.mda.state.mn.us/cold-hardiness-list,2,Vines,Autumn Revolution™ aka 'Bailumn' Bittersweet
Celtis occidentalis,Hackberry,Tree,,4,Minnesota Department of Agriculture Cold Hardiness List,https://www.mda.state.mn.us/cold-hardiness-list,4,Deciduous (non-fruit),"Chicagoland®, 'Prairie Pride', 'Magnifica', Prairie Sentinel"
Cephalanthus occidentalis,Buttonbush,Shrub,,4,Minnesota Department of Agriculture Cold Hardiness List,https://www.mda.state.mn.us/cold-hardiness-list,4,Shrubs,"Buttonbush, Fiber Optics™ 'Bailoptics'"
Cercidiphyllum japonicum,Katsuratree,Tree,,4,Minnesota Department of Agriculture Cold Hardiness List,https://www.mda.state.mn.us/cold-hardiness-list,4,Deciduous (non-fruit),"'Biringer' PP21,711"
Cercis canadensis,Redbud,Tree,,4-5,Minnesota Department of Agriculture Cold Hardiness List,https://www.mda.state.mn.us/cold-hardiness-list,4-5,Deciduous (non-fruit),"'Burgundy Hearts', 'Greswan', 'Hearts of Gold', Lavender Twist® aka 'Covey', The Rising Sun™ aka 'JN2' PP21,451 Carolina Sweetheart® 'NCCI' PP 27,712, Flamethrower® 'NC2016-2', Golder Falls® 'NC2015-12' PP 31,658, 'Pink Pom Poms' PP 27,630; MN Strain"
Chaenomeles japonica,Quince,Shrub,,5,Minnesota Department of Agriculture Cold Hardiness List,https://www.mda.state.mn.us/cold-hardiness-list,5,Shrubs,"'Minerva', 'Rubra', 'Sargentii'"
Chaenomeles speciosa,Quince,Shrub,,5,Minnesota Department of Agriculture Cold Hardiness List,https://www.mda.state.mn.us/cold-hardiness-list,5,Shrubs,"'Alba', 'Apple Blossom', 'Contorta', 'Crimson Beauty', 'Nivalis', 'Rubra', 'Spitfire'; 'Toyo Nishiki', Double Take Peach™"
Chaenomeles superba,Quince,Shrub,,5,Minnesota Department of Agriculture Cold Hardiness List,https://www.mda.state.mn.us/cold-hardiness-list,5,Shrubs,"'Crimson and Gold', 'Hollandia', 'Jet Trail', 'Texas Scarlet'"
Chamaecyparis lawsoniana,Falsecypress,Tree,,6,Minnesota Department of Agriculture Cold Hardiness List,https://www.mda.state.mn.us/cold-hardiness-list,6,Deciduous (non-fruit),"'Minlem', Amaize n'"
Chamaecyparis nootkatensis,Falsecypress,Tree,,5,Minnesota Department of Agriculture Cold Hardiness List,https://www.mda.state.mn.us/cold-hardiness-list,5,Deciduous (non-fruit),'Pendula' Weeping Nootka Cypress
Chamaecyparis obtusa,Falsecypress,Tree,,5,Minnesota Department of Agriculture Cold Hardiness List,https://www.mda.state.mn.us/cold-hardiness-list,5,Deciduous (non-fruit); Shrubs,"'Hinoki', 'Nana Gracilis'; Night Light™ 'Conschlecht' PP 24,666"
Chamaecyparis pisifera,Falsecypress,Tree,,4,Minnesota Department of Agriculture Cold Hardiness List,https://www.mda.state.mn.us/cold-hardiness-list,4,Deciduous (non-fruit),"Golden Mops', 'Kings Gold'"
Chamaecyparis thyoides,Cedar,Tree,,4,Minnesota Department of Agriculture Cold Hardiness List,https://www.mda.state.mn.us/cold-hardiness-list,4,Deciduous (non-fruit),Atlantic White Cedar - 'Heartburn'
Chionanthus virginicus,Fringetree,Tree,,4,Minnesota Department of Agriculture Cold Hardiness List,https://www.mda.state.mn.us/cold-hardiness-list,4,Deciduous (non-fruit),White Fringetree
Cladrastis kentuckea,Yellowwood,Tree,,5,Minnesota Department of Agriculture Cold Hardiness List,https://www.mda.state.mn.us/cold-hardiness-list,5,Deciduous (non-fruit),'Perkins Pink'
Clematis alpina,Clematis,Vine,,4,Minnesota Department of Agriculture Cold Hardiness List,https://www.mda.state.mn.us/cold-hardiness-list,4,Vines,"Evithree' Anna Louise™, 'Hyde Hall'™, 'Pink Flamingo'"
Clematis lanuginosa,Clematis,Vine,,4,Minnesota Department of Agriculture Cold Hardiness List,https://www.mda.state.mn.us/cold-hardiness-list,4,Vines,'Candida'
Clematis macropetala,Clematis,Vine,,3-4,Minnesota Department of Agriculture Cold Hardiness List,https://www.mda.state.mn.us/cold-hardiness-list,3-4,Vines,"'Albena Plena'; 'Blue Bird', 'Markham's Pink', 'Lagoon'"
Clematis montana,Clematis,Vine,,5,Minnesota Department of Agriculture Cold Hardiness List,https://www.mda.state.mn.us/cold-hardiness-list,5,Vines,"'Elizabeth', 'Grandaflora', 'Mayleen', 'Freda', 'Rubens',"
Clematis paniculata,Clematis,Vine,,4,Minnesota Department of Agriculture Cold Hardiness List,https://www.mda.state.mn.us/cold-hardiness-list,4,Vines,Sweet Autumn Clematis
Clematis recta,Clematis,Vine,,3,Minnesota Department of Agriculture Cold Hardiness List,https://www.mda.state.mn.us/cold-hardiness-list,3,Vines,'Purpurea'
Clematis tangutica,Clematis,Vine,,3,Minnesota Department of Agriculture Cold Hardiness List,https://www.mda.state.mn.us/cold-hardiness-list,3,Vines,'Bill MacKenzie'
Clematis terniflora,Clematis,Vine,,4,Minnesota Department of Agriculture Cold Hardiness List,https://www.mda.state.mn.us/cold-hardiness-list,4,Vines,Sweet autumn clematis
Clematis texensis,Clematis,Vine,,4,Minnesota Department of Agriculture Cold Hardiness List,https://www.mda.state.mn.us/cold-hardiness-list,4,Vines,"Duchess of Albany', 'Grevetye Beauty', 'Princess Diana', 'Etoile Rose', 'Pagoda', 'Sir Trevor Lawrence'"
Clematis viticella,Clematis,Vine,,3,Minnesota Department of Agriculture Cold Hardiness List,https://www.mda.state.mn.us/cold-hardiness-list,3,Vines,"'Betty Corning', 'Etoile Violette', 'Polish Spirit', 'Walenburg'; 'Purpurea Plena Elegans'"
Clethra alnifolia,Summersweet,Shrub,,4,Minnesota Department of Agriculture Cold Hardiness List,https://www.mda.state.mn.us/cold-hardiness-list,4,Shrubs,"'Hummingbird', 'Ruby Spice', 'September Beauty', 'Sixteen Candles', 'Caleb' Vanilla Spice®, Surartina™ aka 'Crystalina', Einstein™ - aka 'Novacleein'"
Comptonia peregrina,Sweetfern,Shrub,,2,Minnesota Department of Agriculture Cold Hardiness List,https://www.mda.state.mn.us/cold-hardiness-list,2,Shrubs,Sweetfern
Cornus alba,Dogwood,Shrub,,2-3,Minnesota Department of Agriculture Cold Hardiness List,https://www.mda.state.mn.us/cold-hardiness-list,2-3,Shrubs,"'Argenteo-marginata', 'Minbat', 'Buds Yellow', 'Bailhalo', 'Elegantissima', 'Sibirica'; First Editions® Neon Burst™ 'ByBoughen', 'Prairie Fire'"
Cornus alternifolia,Dogwood,Tree,,3,Minnesota Department of Agriculture Cold Hardiness List,https://www.mda.state.mn.us/cold-hardiness-list,3,Deciduous (non-fruit),"Golden Shadows® aka 'W. Stackman' PP11.287, Pagoda Dogwood"
Cornus bailei,Dogwood,Shrub,,2,Minnesota Department of Agriculture Cold Hardiness List,https://www.mda.state.mn.us/cold-hardiness-list,2,Shrubs,Red Twig Dogwood
Cornus florida,Dogwood,Tree,,5,Minnesota Department of Agriculture Cold Hardiness List,https://www.mda.state.mn.us/cold-hardiness-list,5,Deciduous (non-fruit),"Flowering Dogwood - 'American Beauty Red', 'Pendula', 'Satomi'"
Cornus hessei,Dogwood,Shrub,,4,Minnesota Department of Agriculture Cold Hardiness List,https://www.mda.state.mn.us/cold-hardiness-list,4,Shrubs,Garden Glow™
Cornus kousa,Dogwood,Tree,,5,Minnesota Department of Agriculture Cold Hardiness List,https://www.mda.state.mn.us/cold-hardiness-list,5,Deciduous (non-fruit); Shrubs,Chinese or Kousa Dogwood; Galilean® aka 'Galzam'; Kousa Dogwood
Cornus mas,Dogwood,Tree,,4,Minnesota Department of Agriculture Cold Hardiness List,https://www.mda.state.mn.us/cold-hardiness-list,4,Deciduous (non-fruit); Shrubs,"Cornelian cherry; Cornelian cherry, 'Golden Glory'"
Cornus obliqua,Dogwood,Shrub,,4,Minnesota Department of Agriculture Cold Hardiness List,https://www.mda.state.mn.us/cold-hardiness-list,4,Shrubs,Red Rover® Silky Dogwood
Cornus pumila,Dogwood,Shrub,,4,Minnesota Department of Agriculture Cold Hardiness List,https://www.mda.state.mn.us/cold-hardiness-list,4,Shrubs,Dwarf Red Tipped Dogwood
Cornus racemosa,Dogwood,Shrub,,3-4,Minnesota Department of Agriculture Cold Hardiness List,https://www.mda.state.mn.us/cold-hardiness-list,3-4,Shrubs,"Gray Dogwood; Huron® 'Hurzam', Muskingum® aka 'Muzam'"
Cornus sanguinea,Dogwood,Shrub,,4-5,Minnesota Department of Agriculture Cold Hardiness List,https://www.mda.state.mn.us/cold-hardiness-list,4-5,Shrubs,"'Compressa', 'Midwinter Fire', 'Winter Beauty'; Winter Flame', Arctic Sun™ aka 'Cato'"
Cornus sericea,Dogwood,Shrub,,2-4,Minnesota Department of Agriculture Cold Hardiness List,https://www.mda.state.mn.us/cold-hardiness-list,2-4,Shrubs,"'Cardinal' Red Osier Dogwood, 'Flaviramea', Firedance™ aka 'Bailadeline' Dogwood, Isanti Dogwood; 'Kelseyi' Dwarf Dogwood; Alleman's Compact Dogwood; Arctic Fire™ aka 'Farrow' Dogwood; Hedgerow's Gold Dogwood; Silver and Gold Dogwood"
Cornus stolonifera,Dogwood,Shrub,,2,Minnesota Department of Agriculture Cold Hardiness List,https://www.mda.state.mn.us/cold-hardiness-list,2,Shrubs,Arctic Fire® Yellow
Corylus americana,Hazelnut,Shrub,,3-4,Minnesota Department of Agriculture Cold Hardiness List,https://www.mda.state.mn.us/cold-hardiness-list,3-4,Shrubs,'Purpleleaf Bailey Select'; American Hazelnut
Corylus avellana,Hazelnut,Shrub,,5,Minnesota Department of Agriculture Cold Hardiness List,https://www.mda.state.mn.us/cold-hardiness-list,5,Shrubs,"Contorted Hazel, 'Contorta'"
Corylus colurna,Filbert,Tree,,4,Minnesota Department of Agriculture Cold Hardiness List,https://www.mda.state.mn.us/cold-hardiness-list,4,Deciduous (non-fruit),Turkish Filbert
Cotinus coggygria,Smokebush,Shrub,,4-5,Minnesota Department of Agriculture Cold Hardiness List,https://www.mda.state.mn.us/cold-hardiness-list,4-5,Shrubs,"'Atropurpureus', 'Daydream', 'Purple Supreme', 'Purpureus', Royal Purple', 'Pink Champagne'; Grace Smokebush, Golden Spirit aka 'Ancot' Smokebush, 'Nordine', 'Velvet Cloak', Smokebush - Winecraft Black®"
Cotoneaster adpressus,Cotoneaster,Shrub,,4,Minnesota Department of Agriculture Cold Hardiness List,https://www.mda.state.mn.us/cold-hardiness-list,4,Shrubs,Tom Thumb Creeping Cotoneaster
Cotoneaster apiculatus,Cotoneaster,Shrub,,4,Minnesota Department of Agriculture Cold Hardiness List,https://www.mda.state.mn.us/cold-hardiness-list,4,Shrubs,Cranberry Cotoneaster
Cotoneaster dammeri,Cotoneaster,Shrub,,5,Minnesota Department of Agriculture Cold Hardiness List,https://www.mda.state.mn.us/cold-hardiness-list,5,Shrubs,'Nordic Carpet'
Cotoneaster lucidus,Cotoneaster,Shrub,,2,Minnesota Department of Agriculture Cold Hardiness List,https://www.mda.state.mn.us/cold-hardiness-list,2,Shrubs,Hedge Cotoneaster
Crataegus ambigua,Hawthorne,Tree,,4,Minnesota Department of Agriculture Cold Hardiness List,https://www.mda.state.mn.us/cold-hardiness-list,4,Deciduous (non-fruit),Russian Hawthorn
Crataegus crus-galli,Hawthorne,Tree,,4,Minnesota Department of Agriculture Cold Hardiness List,https://www.mda.state.mn.us/cold-hardiness-list,4,Deciduous (non-fruit),"Hawthorn - Thornless Cockspur, Crusader® aka 'Cruzam'"
Crataegus laevigata,Hawthorne,Tree,,4,Minnesota Department of Agriculture Cold Hardiness List,https://www.mda.state.mn.us/cold-hardiness-list,4,Deciduous (non-fruit),Hawthorn - Crimson Cloud - 'Superba'
Crataegus virdidis,Hawthorne,Tree,,4,Minnesota Department of Agriculture Cold Hardiness List,https://www.mda.state.mn.us/cold-hardiness-list,4,Deciduous (non-fruit),Hawthorn - 'Winter King'
Crataegus × mordenensis,Hawthorne,Tree,,3,Minnesota Department of Agriculture Cold Hardiness List,https://www.mda.state.mn.us/cold-hardiness-list,3,Deciduous (non-fruit),"Hawthorn - 'Snowbird', 'Toba'"
Cryptomeria japonica,Cedar (tree form),Tree,,6,Minnesota Department of Agriculture Cold Hardiness List,https://www.mda.state.mn.us/cold-hardiness-list,6,Deciduous (non-fruit); Shrubs,'PIICJ-I' Chapel View Japanese Cedar
Cytisus purgans,,Shrub,,5,Minnesota Department of Agriculture Cold Hardiness List,https://www.mda.state.mn.us/cold-hardiness-list,5,Shrubs,"Broom, 'Spanish Gold'"
Daphne mezereum,Daphne,Shrub,,5,Minnesota Department of Agriculture Cold Hardiness List,https://www.mda.state.mn.us/cold-hardiness-list,5,Shrubs,February Daphne
Daphne × burkwoodii,Daphne,Shrub,,4,Minnesota Department of Agriculture Cold Hardiness List,https://www.mda.state.mn.us/cold-hardiness-list,4,Shrubs,"'Carol Mackie', 'Briggs Moonlight', 'Somerset'"
Deutzia gracilis,,Shrub,,5,Minnesota Department of Agriculture Cold Hardiness List,https://www.mda.state.mn.us/cold-hardiness-list,5,Shrubs,"'Nana', 'Nikko', 'Slender Deutzia'"
Dierivilia lonicera,Honeysuckle,Shrub,,3,Minnesota Department of Agriculture Cold Hardiness List,https://www.mda.state.mn.us/cold-hardiness-list,3,Shrubs,Dwarf Bush Honeysuckle
Diervilla sessilifolia,Honeysuckle,Shrub,,4,Minnesota Department of Agriculture Cold Hardiness List,https://www.mda.state.mn.us/cold-hardiness-list,4,Shrubs,"'Cool Splash' aka 'LPDC Podaras', 'Butterfly'"
Diervilla splendens,Honeysuckle,Shrub,,3,Minnesota Department of Agriculture Cold Hardiness List,https://www.mda.state.mn.us/cold-hardiness-list,3,Shrubs,Firefly Nightglow™ aka 'El Madrigal'
Dirca palustris,,Shrub,,3,Minnesota Department of Agriculture Cold Hardiness List,https://www.mda.state.mn.us/cold-hardiness-list,3,Shrubs,Leatherwood
Elaeagnus angustifolia,Russian olive,Tree,,2,Minnesota Department of Agriculture Cold Hardiness List,https://www.mda.state.mn.us/cold-hardiness-list,2,Deciduous (non-fruit); Shrubs,Russian Olive
Elaeagnus commutata,,Shrub,,2,Minnesota Department of Agriculture Cold Hardiness List,https://www.mda.state.mn.us/cold-hardiness-list,2,Shrubs,"Silverberry, 'Silverscape'"
Euonymus bungeana,,Shrub,,3,Minnesota Department of Agriculture Cold Hardiness List,https://www.mda.state.mn.us/cold-hardiness-list,3,Shrubs,"Winterberry Euonymus, 'Prairie Radiance', 'Verona'"
Exochorda × macrantha,Pearlbush,Shrub,,3,Minnesota Department of Agriculture Cold Hardiness List,https://www.mda.state.mn.us/cold-hardiness-list,3,Shrubs,'Bailmoon' aka Lotus MoonTM
Exochorda × serratifolia,Pearlbush,Shrub,,4,Minnesota Department of Agriculture Cold Hardiness List,https://www.mda.state.mn.us/cold-hardiness-list,4,Shrubs,'Northern Pearls' U of M release
Fagus grandifolia,Beech,Tree,,4,Minnesota Department of Agriculture Cold Hardiness List,https://www.mda.state.mn.us/cold-hardiness-list,4,Deciduous (non-fruit),American Beech
Fagus sylvatica,Beech,Tree,,4-5,Minnesota Department of Agriculture Cold Hardiness List,https://www.mda.state.mn.us/cold-hardiness-list,4-5,Deciduous (non-fruit),"'Dawyck', 'Purpurea Pendula', 'Purple Fountian', 'Red Obelisk', 'Purple Fountain', 'Rohan Obelisk'; 'Riversii'"
Ficus carica,Hardy Fig (Tree form),Tree,,6,Minnesota Department of Agriculture Cold Hardiness List,https://www.mda.state.mn.us/cold-hardiness-list,6,Deciduous (non-fruit),'Chicago Hardy' Fig
Forsythia suspense,Forsynthia,Shrub,,4,Minnesota Department of Agriculture Cold Hardiness List,https://www.mda.state.mn.us/cold-hardiness-list,4,Shrubs,Weeping Forsythia
Forsythia viridissima,Forsynthia,Shrub,,5,Minnesota Department of Agriculture Cold Hardiness List,https://www.mda.state.mn.us/cold-hardiness-list,5,Shrubs,"Dwarf Forsythia, 'Bronxensis'"
Forsythia × intermedia,Forsynthia,Shrub,,4,Minnesota Department of Agriculture Cold Hardiness List,https://www.mda.state.mn.us/cold-hardiness-list,4,Shrubs,"'Lynwood Gold', 'Spring Glory'"
Fothergilla gardenii,,Shrub,,4,Minnesota Department of Agriculture Cold Hardiness List,https://www.mda.state.mn.us/cold-hardiness-list,4,Shrubs,Dwarf Fothergilla
Fothergillia × intermedia,,Shrub,,4,Minnesota Department of Agriculture Cold Hardiness List,https://www.mda.state.mn.us/cold-hardiness-list,4,Shrubs,"'Mt. Airy', 'Blue Shadow'"
Fraxinus americana,Ash,Tree,,4,Minnesota Department of Agriculture Cold Hardiness List,https://www.mda.state.mn.us/cold-hardiness-list,4,Deciduous (non-fruit),White Ash - Autumn Purple® Ash aka 'Junginger'
Fraxinus mandshurica,Ash,Tree,,3,Minnesota Department of Agriculture Cold Hardiness List,https://www.mda.state.mn.us/cold-hardiness-list,3,Deciduous (non-fruit),Mancana Ash
Fraxinus nigra,Ash,Tree,,2-3,Minnesota Department of Agriculture Cold Hardiness List,https://www.mda.state.mn.us/cold-hardiness-list,2-3,Deciduous (non-fruit),Black Ash; Fallgold Ash
Fraxinus pennsylvanica,Ash,Tree,,2,Minnesota Department of Agriculture Cold Hardiness List,https://www.mda.state.mn.us/cold-hardiness-list,2,Deciduous (non-fruit),'Patmore'
Fraxinus quadralangulata,Ash,Tree,,4,Minnesota Department of Agriculture Cold Hardiness List,https://www.mda.state.mn.us/cold-hardiness-list,4,Deciduous (non-fruit),Blue Ash
Gaultheria procumbens,,Shrub,,3,Minnesota Department of Agriculture Cold Hardiness List,https://www.mda.state.mn.us/cold-hardiness-list,3,Shrubs,Wintergreen
Genista tinctoria,,Shrub,,4,Minnesota Department of Agriculture Cold Hardiness List,https://www.mda.state.mn.us/cold-hardiness-list,4,Shrubs,Royal Gold Woadwaxen
Ginkgo biloba,Ginko,Tree,,4,Minnesota Department of Agriculture Cold Hardiness List,https://www.mda.state.mn.us/cold-hardiness-list,4,Deciduous (non-fruit),"Autumn Gold', Maidenhair tree, Goldspire Ginko, 'Blagon', 'Jade Butterfly',' Magyar', Presidential Gold', 'Princeton Sentry'"
Gleditsia triacanthos,Honeylocust,Tree,,3-4,Minnesota Department of Agriculture Cold Hardiness List,https://www.mda.state.mn.us/cold-hardiness-list,3-4,Deciduous (non-fruit),"' Northern Acclaim'®; Draves' aka Street Keeper™Honeylocust - Imperial® aka 'Impcole' ,, Shademaster® , Skyline® aka 'Skycole' , Sunburst® aka 'Suncole'"
Gymnocladus dioicus,Coffeetree,Tree,,4-5,Minnesota Department of Agriculture Cold Hardiness List,https://www.mda.state.mn.us/cold-hardiness-list,4-5,Deciduous (non-fruit),"Kentucky Coffee tree, Decaf® aka 'McKBranched', Espresso™, aka 'Espresso JFS', 'Stately Manor'™, True North™ aka 'UMNSynergy'; Prairie Titan™"
Halesia carolina,Silverbell Tree,Tree,,5,Minnesota Department of Agriculture Cold Hardiness List,https://www.mda.state.mn.us/cold-hardiness-list,5,Deciduous (non-fruit),Carolina Silverbell
Hamamelis vernalis,Witch Hazel,Shrub,,5,Minnesota Department of Agriculture Cold Hardiness List,https://www.mda.state.mn.us/cold-hardiness-list,5,Shrubs,Vernal Witch Hazel
Hamamelis virginiana,Witch Hazel,Shrub,,3,Minnesota Department of Agriculture Cold Hardiness List,https://www.mda.state.mn.us/cold-hardiness-list,3,Shrubs,Witch Hazel
Hamamelis × intermedia,Witch Hazel,Shrub,,5,Minnesota Department of Agriculture Cold Hardiness List,https://www.mda.state.mn.us/cold-hardiness-list,5,Shrubs,"'Arnold Promise', 'Diane', 'Jelena'"
Heptacodium miconioides,Seven-son Flower,Shrub,,5,Minnesota Department of Agriculture Cold Hardiness List,https://www.mda.state.mn.us/cold-hardiness-list,5,Shrubs,"First Editions® Tianshan™,'Minhep'"
Hibiscus moscheutos,Hibiscus,Shrub,,4,Minnesota Department of Agriculture Cold Hardiness List,https://www.mda.state.mn.us/cold-hardiness-list,4,Shrubs,"Head over Heels Adore, Head Over Heels Desire, Head Over Heels Dream"
Hibiscus syriacus,Hibiscus,Shrub,,5,Minnesota Department of Agriculture Cold Hardiness List,https://www.mda.state.mn.us/cold-hardiness-list,5,Shrubs,"'Aphrodite', 'Ardens', 'Greba', 'Notwoodthree', 'Bluishing Bride', 'Collie Mullens', 'Notwoodone', 'Diana', 'Minfren', 'Minspot', 'Minigrand', 'Mineu', French Cabaret™ aka 'MindauV5', 'Lavender Chiffon' Dark Hibiscus"
Humulus lupulus,Hops,Vine,,3,Minnesota Department of Agriculture Cold Hardiness List,https://www.mda.state.mn.us/cold-hardiness-list,3,Vines,"'Bianca', 'Nugget' Ornamental Hop"
Hydrangea anomala,Hydrangea,Shrub,,5,Minnesota Department of Agriculture Cold Hardiness List,https://www.mda.state.mn.us/cold-hardiness-list,5,Shrubs; Vines,Climbing Hydrangea
Hydrangea arborescens,Hydrangea,Shrub,,3,Minnesota Department of Agriculture Cold Hardiness List,https://www.mda.state.mn.us/cold-hardiness-list,3,Shrubs,"'Annabelle', 'Invincibelle Spirit', Invincibelle Limetta™, Invincibelle Mini Mauvette™, Invincibelle® Wee White™, Incrediball® aka 'Abetwo', 'Incrediball Blush'"
Hydrangea macrophylla,Hydrangea,Shrub,,4-5,Minnesota Department of Agriculture Cold Hardiness List,https://www.mda.state.mn.us/cold-hardiness-list,4-5,Shrubs,"'All Summer Beauty', 'Glowing Embers' First Editions® 'Light o Day'aka 'Bailday', 'Nikko Blue', 'Pia', 'Pink Beauty', Bigleaf Hydrangea, Kimono™ 'Hokomareki' PPAF, L.A. Dreamin 'Lindsey Ann' PP 26,249, Pistachio™ 'Horwack' PP 25,577, Starfield™, 'Kolmafafa' PPAF, Tilt-A-Swirl®, 'QUFU' PP26,426, Wedding Gown 'Dancing Snow' PP 21,052, Endless Summer® 'Blushing Bride; Endless Summer® Pop Star Hydrangea, 'Cherry Explosion', 'McKay' PP28,757, Endless Summer® aka'Bailmer', 'Bloomstruk' aka PIIHM-II, 'Twist and Shout' aka PIIHM-I, Summer Crush™ aka 'Bailmacfive'"
Hydrangea paniculata,Hydrangea,Tree,,3-4,Minnesota Department of Agriculture Cold Hardiness List,https://www.mda.state.mn.us/cold-hardiness-list,3-4,Deciduous (non-fruit); Shrubs,"'LeVasterival' Great Star™, 'Grandiflora' PeeGee, 'Pink Diamond', 'DVPpink' Pinky Winky™, 'Bulk' Quick Fire™, 'Tardiva', 'Berry white', Vanillia Strawberry™; First Editions® Great Star™ aka 'Le Vasterival', First Editions® Tickled Pink® aka 'HYPMADII', First Editions® Strawberry Sundae® aka 'Rensun', First Editions® Vanilla Strawberry™ aka 'Renhy', First Editions® White Diamonds® aka 'HYPMADI', First Edditions® Pinky Winky™ aka 'DVPinky', Quick Fire® aka 'Bulk', First Editions® Berry White™ aka 'Renba' Proven Winners® Zinfin Doll® aka 'SMNHPRZEP', Fire and Ice 'Wims Red' PP 26,005, Candelabra®, 'Hpopr013' PP27,472, Diamond Rouge® Panicle Hydrangea, First Editions® Berry White® , Flare™, 'Kolmavesu' PP26,92, 'ILVOBO' Bobo™, Lavalamp™ Flare 'Limelight', 'Little Lime', aka 'Jane', 'Grandiflora', 'Pink Diamond', 'Tardiva', Limelight Prime® aka 'SMNHPPH', Little Hottie® aka 'Bailpanone', Moonrock®, 'Kolmakilima' PP29,853, 'Phantom', 'Pink Diamond'; Limelight Hydrangea; Sweet Starlight™ 'Pan1782hydr' PPAF (CP 17 WO 1782), Baby Lace®"
Hydrangea quercifolia,Hydrangea,Shrub,,5,Minnesota Department of Agriculture Cold Hardiness List,https://www.mda.state.mn.us/cold-hardiness-list,5,Shrubs,"Oakleaf Hydrangea; Oakleaf Hydrangea 'Alice', 'Snow Queen', 'Munchkin', 'Ruby Slippers'"
Hypericum calycinum,St Johnswort,Shrub,,4,Minnesota Department of Agriculture Cold Hardiness List,https://www.mda.state.mn.us/cold-hardiness-list,4,Shrubs,St. Johnswort
Hypericum inodorum,St Johnswort,Shrub,,6,Minnesota Department of Agriculture Cold Hardiness List,https://www.mda.state.mn.us/cold-hardiness-list,6,Shrubs,"'Pumpkin' aka 'Kolmapuki' PP24,576, 'Red Star' aka 'Kolmarest' PP21,313"
Hypericum kalmianum,St Johnswort,Shrub,,4,Minnesota Department of Agriculture Cold Hardiness List,https://www.mda.state.mn.us/cold-hardiness-list,4,Shrubs,"'Ames' Ames Kalm, 'Cfflpc-41' Blue Velvet™"
Ilex crenata,Winterberry,Shrub,,6,Minnesota Department of Agriculture Cold Hardiness List,https://www.mda.state.mn.us/cold-hardiness-list,6,Shrubs,Japanese Holly
Ilex glabra,Winterberry,Shrub,,4-5,Minnesota Department of Agriculture Cold Hardiness List,https://www.mda.state.mn.us/cold-hardiness-list,4-5,Shrubs,"'Nordic' Holly, 'Chamzin'; 'Shamrock' Inkberry"
Ilex meserveae,Winterberry,Shrub,,5,Minnesota Department of Agriculture Cold Hardiness List,https://www.mda.state.mn.us/cold-hardiness-list,5,Shrubs,"'Blue Girl', 'Blue Princess', 'Blue Prince', 'Castle Wall', 'Castle Spire', 'China Boy', 'China Girl', 'Honeymooners'"
Ilex verticillata,Winterberry,Shrub,,3-4,Minnesota Department of Agriculture Cold Hardiness List,https://www.mda.state.mn.us/cold-hardiness-list,3-4,Shrubs,"'Afterglow', 'Jim Dandy', 'Red Sprite', 'Southern Gentleman', 'Bailfire' First Editions® Wildfire™, 'Winter Red'; Winterberry (native)"
Illicium floridanum,,Shrub,,6,Minnesota Department of Agriculture Cold Hardiness List,https://www.mda.state.mn.us/cold-hardiness-list,6,Shrubs,"Florida Anise-tree, 'Pink Frost'"
Itea virginica,,Shrub,,4-5,Minnesota Department of Agriculture Cold Hardiness List,https://www.mda.state.mn.us/cold-hardiness-list,4-5,Shrubs,"Scarlet Beauty™ aka 'Morton' Sweetspire; Virginia Sweetspire, 'Henrys Garnet', 'Sprich'"
Juglans cinerea,Butternut or White walnut,Tree,,2,Minnesota Department of Agriculture Cold Hardiness List,https://www.mda.state.mn.us/cold-hardiness-list,2,Deciduous (non-fruit),Butternut
Juglans nigra,Walnut,Tree,,4,Minnesota Department of Agriculture Cold Hardiness List,https://www.mda.state.mn.us/cold-hardiness-list,4,Deciduous (non-fruit),Black Walnut
Juglans regia,Walnut,Tree,,5,Minnesota Department of Agriculture Cold Hardiness List,https://www.mda.state.mn.us/cold-hardiness-list,5,Deciduous (non-fruit),Carpathian'walnut
Juniperus chinensis,Juniper,Shrub,,3-4,Minnesota Department of Agriculture Cold Hardiness List,https://www.mda.state.mn.us/cold-hardiness-list,3-4,Shrubs,"'Blue Point', 'Fruitlandi', 'Old Gold', 'Sea Green', 'Spartan'; 'Glauca', 'Blue Sargent', 'Viridis', 'Green Sargent'; 'Maneyi'"
Juniperus communis,Juniper,Shrub,,4-5,Minnesota Department of Agriculture Cold Hardiness List,https://www.mda.state.mn.us/cold-hardiness-list,4-5,Shrubs,'Gold Cone'; 'Pencil Point'
Juniperus horizontalis,Juniper,Shrub,,3-4,Minnesota Department of Agriculture Cold Hardiness List,https://www.mda.state.mn.us/cold-hardiness-list,3-4,Shrubs,"Bar Harbor Juniper; Compact Juniper - 'Andorra' 'Compacta', 'Blue Chip', 'Blue Prince', 'Hughes', 'Prince of Wales', 'Wiltoni'"
Juniperus procumbens,Juniper,Shrub,,4,Minnesota Department of Agriculture Cold Hardiness List,https://www.mda.state.mn.us/cold-hardiness-list,4,Shrubs,Dwarf Japanese garden aka 'Nana' Juniper
Juniperus sabina,Juniper,Shrub,,3-4,Minnesota Department of Agriculture Cold Hardiness List,https://www.mda.state.mn.us/cold-hardiness-list,3-4,Shrubs,"'Arcadia', 'Broadmoor', 'Savin', 'Buffalo', 'Sierra Spreader'; Blue Forest Juniper"
Juniperus scopulorum,Juniper,Shrub,,3,Minnesota Department of Agriculture Cold Hardiness List,https://www.mda.state.mn.us/cold-hardiness-list,3,Shrubs,"Rocky Mountian Juniper - 'Cologreen', 'Medora', Sky High™aka 'Bailigh', 'Welchi', 'Wichita Blue' Juniper"
Juniperus squamata,Juniper,Shrub,,4,Minnesota Department of Agriculture Cold Hardiness List,https://www.mda.state.mn.us/cold-hardiness-list,4,Shrubs,Blue Star Juniper
Juniperus virginiana,Juniper,Shrub,,3,Minnesota Department of Agriculture Cold Hardiness List,https://www.mda.state.mn.us/cold-hardiness-list,3,Shrubs,"Eastern Red Cedar, 'Taylor'"
Juniperus × media,Juniper,Shrub,,4,Minnesota Department of Agriculture Cold Hardiness List,https://www.mda.state.mn.us/cold-hardiness-list,4,Shrubs,"Daub's Frosted Juniper, 'Daub's Frosted'"
Juniperus × pfitzeriana,Juniper,Shrub,,4,Minnesota Department of Agriculture Cold Hardiness List,https://www.mda.state.mn.us/cold-hardiness-list,4,Shrubs,Kayllay's Compact Juniper
Kalmia latifolia,Laurel,Shrub,,5,Minnesota Department of Agriculture Cold Hardiness List,https://www.mda.state.mn.us/cold-hardiness-list,5,Shrubs,Mountian Laurel
Kerria japonica,Kerria,Shrub,,5,Minnesota Department of Agriculture Cold Hardiness List,https://www.mda.state.mn.us/cold-hardiness-list,5,Shrubs,"Superba Japanese Kerria, Golden Guinea Kerria"
Koelreuteria paniculata,Goldenrain tree,Tree,,5,Minnesota Department of Agriculture Cold Hardiness List,https://www.mda.state.mn.us/cold-hardiness-list,5,Deciduous (non-fruit),Goldenrain Tree
Kolkwitzia amabilis,Beautybush,Shrub,,4,Minnesota Department of Agriculture Cold Hardiness List,https://www.mda.state.mn.us/cold-hardiness-list,4,Shrubs,Dream Catcher™ aka 'Maradco'
Kolkwitzia amabillis,Beautybush,Shrub,,5,Minnesota Department of Agriculture Cold Hardiness List,https://www.mda.state.mn.us/cold-hardiness-list,5,Shrubs,'Pink Cloud'
Laburnum × watereri,Goldenchain Tree,Tree,,6,Minnesota Department of Agriculture Cold Hardiness List,https://www.mda.state.mn.us/cold-hardiness-list,6,Deciduous (non-fruit),Vossii'
Lagerstroemia indica,,Shrub,,5,Minnesota Department of Agriculture Cold Hardiness List,https://www.mda.state.mn.us/cold-hardiness-list,5,Shrubs,"Bellini Grape 'Congrabel' PP28,975, Bellini Raspberry 'Conlagras' PP 29,006"
Larix kaempferi,Larch,Tree,Evergreen,4,Minnesota Department of Agriculture Cold Hardiness List,https://www.mda.state.mn.us/cold-hardiness-list,4,Evergreens,Japanese Larch
Larix laricina,Larch,Tree,Evergreen,2,Minnesota Department of Agriculture Cold Hardiness List,https://www.mda.state.mn.us/cold-hardiness-list,2,Evergreens,American Larch
Larix occidentalis,Larch,Tree,Evergreen,4,Minnesota Department of Agriculture Cold Hardiness List,https://www.mda.state.mn.us/cold-hardiness-list,4,Evergreens,Western Larch
Larix siberica,Larch,Tree,Evergreen,2,Minnesota Department of Agriculture Cold Hardiness List,https://www.mda.state.mn.us/cold-hardiness-list,2,Evergreens,Siberian Larch
Ligustrum ovalifolium,Privet,Shrub,,5,Minnesota Department of Agriculture Cold Hardiness List,https://www.mda.state.mn.us/cold-hardiness-list,5,Shrubs,California Privit
Ligustrum vulgare,Privet,Shrub,,4,Minnesota Department of Agriculture Cold Hardiness List,https://www.mda.state.mn.us/cold-hardiness-list,4,Shrubs,"First Editions® Straight Talk™ Privet 'Swift', 'Cheyenne', 'Lodense'"
Ligustrum × vicaryi,Privet,Shrub,,5,Minnesota Department of Agriculture Cold Hardiness List,https://www.mda.state.mn.us/cold-hardiness-list,5,Shrubs,"'Golden Vicary', 'Hillside'"
Lindera benzoin,,Shrub,,5,Minnesota Department of Agriculture Cold Hardiness List,https://www.mda.state.mn.us/cold-hardiness-list,5,Shrubs,Spicebush
Liquidambar styraciflua,Sweetgum,Tree,,5,Minnesota Department of Agriculture Cold Hardiness List,https://www.mda.state.mn.us/cold-hardiness-list,5,Deciduous (non-fruit),"Happidaze™ Sweetgum, 'Lane Roberts', 'Silver King', 'Slender Silhouette', 'Worplesdon', 'Moraine'"
Liriodendron tulipifera,Tuliptree,Tree,,5,Minnesota Department of Agriculture Cold Hardiness List,https://www.mda.state.mn.us/cold-hardiness-list,5,Deciduous (non-fruit),"'Little Volunteer' PP19,581; Tuliptree"
Lonicera caerulea,Honeyberry,Shrub,,3,Minnesota Department of Agriculture Cold Hardiness List,https://www.mda.state.mn.us/cold-hardiness-list,3,Fruit; Vines,"'Berry Blue', 'Borealis', 'Cinderella', 'Tundra'; Aurora', 'Berry Blue', 'Borealis', 'Cinderella', 'Tundra'"
Lonicera nitida,Honeysuckle,Shrub,,5-6,Minnesota Department of Agriculture Cold Hardiness List,https://www.mda.state.mn.us/cold-hardiness-list,5-6,Shrubs,"'Edme Gold', 'Briloni'; Thunderbolt™, 'Golden Glow' PP26,598"
Lonicera periclymenum,Honeysuckle,Shrub,,4-5,Minnesota Department of Agriculture Cold Hardiness List,https://www.mda.state.mn.us/cold-hardiness-list,4-5,Shrubs; Vines,"European Honeysuckle; Peaches and Cream 'Inov86' PP 21,839"
Lonicera reticulata,Honeysuckle,Vine,,3,Minnesota Department of Agriculture Cold Hardiness List,https://www.mda.state.mn.us/cold-hardiness-list,3,Vines,Kintzley's Ghost® Grape Honeysuckle
Lonicera sempervirens,Honeysuckle,Vine,,4,Minnesota Department of Agriculture Cold Hardiness List,https://www.mda.state.mn.us/cold-hardiness-list,4,Vines,John Clayton
Lonicera xylosteum,Honeysuckle,Shrub,,3-4,Minnesota Department of Agriculture Cold Hardiness List,https://www.mda.state.mn.us/cold-hardiness-list,3-4,Shrubs,'Emerald Mound'; Clavey's Dwarf Honeysuckle
Lonicera × brownii,Honeysuckle,Vine,,3,Minnesota Department of Agriculture Cold Hardiness List,https://www.mda.state.mn.us/cold-hardiness-list,3,Vines,"Dropmore Scarlet Honeysuckle, Honeybelle™ aka 'Bailelle' Honeysuckle"
Lonicera × heckrotti,Honeysuckle,Vine,,5,Minnesota Department of Agriculture Cold Hardiness List,https://www.mda.state.mn.us/cold-hardiness-list,5,Vines,Goldflame Honeysuckle
Lonicera × italica,Honeysuckle,Shrub,,4,Minnesota Department of Agriculture Cold Hardiness List,https://www.mda.state.mn.us/cold-hardiness-list,4,Shrubs,"Sherlite"" Harlequin"
Lonicera × xylosteoides,Honeysuckle,Shrub,,3,Minnesota Department of Agriculture Cold Hardiness List,https://www.mda.state.mn.us/cold-hardiness-list,3,Shrubs,Miniglobe Honeysuckle
Lycium barbarum,Goji Berry,Shrub,,5,Minnesota Department of Agriculture Cold Hardiness List,https://www.mda.state.mn.us/cold-hardiness-list,5,Fruit,'Dynamite'
Maackia amurensis,,Tree,,3,Minnesota Department of Agriculture Cold Hardiness List,https://www.mda.state.mn.us/cold-hardiness-list,3,Deciduous (non-fruit),"'Summertime™', 'Starburst'"
Magnolia acuminata,Magnolia,Tree,,4,Minnesota Department of Agriculture Cold Hardiness List,https://www.mda.state.mn.us/cold-hardiness-list,4,Deciduous (non-fruit),Cucumber tree magnolia
Magnolia grandiflora,Magnolia,Tree,,6,Minnesota Department of Agriculture Cold Hardiness List,https://www.mda.state.mn.us/cold-hardiness-list,6,Deciduous (non-fruit),Southern Magnolia
Magnolia kobus,Magnolia,Tree,,4-5,Minnesota Department of Agriculture Cold Hardiness List,https://www.mda.state.mn.us/cold-hardiness-list,4-5,Deciduous (non-fruit),"'Merrill', 'Leonard Messel'; Butterflies', 'Jim Wilson'; Royal Star Magnolia"
Magnolia virginiana,Magnolia,Tree,,4,Minnesota Department of Agriculture Cold Hardiness List,https://www.mda.state.mn.us/cold-hardiness-list,4,Deciduous (non-fruit),"Sweetbay Magnolia, 'Northern Belle'"
Magnolia × brooklynensis,Magnolia,Tree,,4-5,Minnesota Department of Agriculture Cold Hardiness List,https://www.mda.state.mn.us/cold-hardiness-list,4-5,Deciduous (non-fruit),'Woodsman'; 'Yellow Bird'
Magnolia × soulangeana,Magnolia,Tree,,5,Minnesota Department of Agriculture Cold Hardiness List,https://www.mda.state.mn.us/cold-hardiness-list,5,Deciduous (non-fruit),Saucer Magnolia
Mahonia repens,,Shrub,,5,Minnesota Department of Agriculture Cold Hardiness List,https://www.mda.state.mn.us/cold-hardiness-list,5,Shrubs,Creeping Mahonia
Malus domestica,Apple,Tree,,5,Minnesota Department of Agriculture Cold Hardiness List,https://www.mda.state.mn.us/cold-hardiness-list,5,Fruit,"'Callaway' Crabapple, 'Jonathan'; Ace', 'Acey Mac', 'Adams Apple', 'Akane', 'Ambrosia', 'Arkansas Black', 'Arlet', 'Aurora', 'Autumn Gold', 'Autumn Rose Fuji', 'Braeburn', 'Cameo', 'Crimson Gala', 'Fiero', 'Fuji', 'Gala', 'Ginger Gold', 'Red Stayman', 'Red Winesap', 'Royal Gala', 'Thom McIntosh', 'Golden Delicious', 'Yellow Delicious'"
Malus ioensis,Crabapple,Tree,,3,Minnesota Department of Agriculture Cold Hardiness List,https://www.mda.state.mn.us/cold-hardiness-list,3,Fruit,Prairie Crabapple
Malus sargentii,Apple,Tree,,4,Minnesota Department of Agriculture Cold Hardiness List,https://www.mda.state.mn.us/cold-hardiness-list,4,Fruit,"'Sargent', 'Candymint', 'Select A' Firebird®"
Malus × adstringens,Apple,Tree,,2,Minnesota Department of Agriculture Cold Hardiness List,https://www.mda.state.mn.us/cold-hardiness-list,2,Fruit,"Emerald Spire'® aka 'Jefgreen' , 'Gladiator'™ aka 'Durleo',"
Metasequoia glyptostroboides,Redwood,Tree,,5,Minnesota Department of Agriculture Cold Hardiness List,https://www.mda.state.mn.us/cold-hardiness-list,5,Deciduous (non-fruit),"Dawn Redwood, 'Gold Rush', 'Miss Grace', 'Waasland', Amber Glow™ 'WAH-08AG' PP 29,472"
Microbiota decussata,Cypress,Tree,,2,Minnesota Department of Agriculture Cold Hardiness List,https://www.mda.state.mn.us/cold-hardiness-list,2,Deciduous (non-fruit),Russian Cypress
Morus alba,Mulberry,Tree,,3-4,Minnesota Department of Agriculture Cold Hardiness List,https://www.mda.state.mn.us/cold-hardiness-list,3-4,Deciduous (non-fruit),Chaparral'; Trader' PP28932
Myrica pensylvanica,,Shrub,,4,Minnesota Department of Agriculture Cold Hardiness List,https://www.mda.state.mn.us/cold-hardiness-list,4,Shrubs,Northern Bayberry
Nandina domestica,,Shrub,,5,Minnesota Department of Agriculture Cold Hardiness List,https://www.mda.state.mn.us/cold-hardiness-list,5,Shrubs,"'Tuscan Flame' PP 21,940"
Nyssa sylvatica,Gum tree,Tree,,5,Minnesota Department of Agriculture Cold Hardiness List,https://www.mda.state.mn.us/cold-hardiness-list,5,Deciduous (non-fruit),Black Tupelo or Black Gum Tree
Ostrya virginiana,Ironwood,Tree,,3,Minnesota Department of Agriculture Cold Hardiness List,https://www.mda.state.mn.us/cold-hardiness-list,3,Deciduous (non-fruit),Ironwood
Oxydendrum arboreum,,Tree,,5,Minnesota Department of Agriculture Cold Hardiness List,https://www.mda.state.mn.us/cold-hardiness-list,5,Deciduous (non-fruit),Sorrel Tree
Parrotia persica,,Tree,,5,Minnesota Department of Agriculture Cold Hardiness List,https://www.mda.state.mn.us/cold-hardiness-list,5,Deciduous (non-fruit),Persian Parrotia
Parthenocissus inserta,Woodbine,Vine,,3,Minnesota Department of Agriculture Cold Hardiness List,https://www.mda.state.mn.us/cold-hardiness-list,3,Vines,Woodbine
Parthenocissus quinquefoilia,Virgina Creeper,Vine,,3,Minnesota Department of Agriculture Cold Hardiness List,https://www.mda.state.mn.us/cold-hardiness-list,3,Vines,Engelman Ivy
Parthenocissus tricuspidata,Ivy,Vine,,4,Minnesota Department of Agriculture Cold Hardiness List,https://www.mda.state.mn.us/cold-hardiness-list,4,Vines,Boston Ivy
Phellodendron amurense,Amur Corcktree,Tree,,3,Minnesota Department of Agriculture Cold Hardiness List,https://www.mda.state.mn.us/cold-hardiness-list,3,Deciduous (non-fruit),"Amur Corktree - Only sales of named male cultivars permitted. Sales of all other Phellodendron amurense are prohibited. All existing plants and escaped fruit producing trees must be controlled, by tree removal or other means, such that no seed is disseminated."
Philadelphus coronaius,Mockorange,Shrub,,4,Minnesota Department of Agriculture Cold Hardiness List,https://www.mda.state.mn.us/cold-hardiness-list,4,Shrubs,Golden aka 'Aureus' Mockorange
Philadelphus × virginalis,Mockorange,Shrub,,4,Minnesota Department of Agriculture Cold Hardiness List,https://www.mda.state.mn.us/cold-hardiness-list,4,Shrubs,Minnesota Snowflake Mockorange
Philidelphus lewisii,Mockorange,Shrub,,3,Minnesota Department of Agriculture Cold Hardiness List,https://www.mda.state.mn.us/cold-hardiness-list,3,Shrubs,Blizzard Mockorange
Physocarpus opulifoilius,Ninebark (tree form),Tree,,3,Minnesota Department of Agriculture Cold Hardiness List,https://www.mda.state.mn.us/cold-hardiness-list,3,Deciduous (non-fruit),"Seward', 'Summer Wine'™, 'Center Glow' PP16,894, 'Monlo', 'Diablolo'®"
Physocarpus opulifolius,Ninebark,Shrub,,2-4,Minnesota Department of Agriculture Cold Hardiness List,https://www.mda.state.mn.us/cold-hardiness-list,2-4,Shrubs,"Amber Jubilee™ aka 'Jeffcam' Ninebark, 'Dart's Gold' Ninebark, Dwarf Ninebark aka 'Nanus'; Black Jack™ 'Minall2' PP 29,892, Alouette™- aka 'Couriphy01' ,; Centerglow Ninebark, Diabolo® aka 'Monlo' Ninebark, Fireside™ aka 'UMNHarpell', First Editions® Lucky Devil™, First Editions® Spicy Devil™, Little Devil™ aka 'Donna May' Ninebark, Panther® Ninebark, 'N5' PP30,820, Summer Wine® aka 'Seward' Ninebark"
Picea abies,Norway Spruce,Tree,Evergreen,3-4,Minnesota Department of Agriculture Cold Hardiness List,https://www.mda.state.mn.us/cold-hardiness-list,3-4,Evergreens,"Bird's Nest Spruce, 'Nidiformis', Dwarf Norway Spruce, 'Pumila', Weeping Norway Spruce, 'Pendula'; Little Gem'"
Picea engelmannii,Spruce,Tree,Evergreen,2,Minnesota Department of Agriculture Cold Hardiness List,https://www.mda.state.mn.us/cold-hardiness-list,2,Evergreens,Engelmann Spruce
Picea glauca,White Spruce,Tree,Evergreen,2-4,Minnesota Department of Agriculture Cold Hardiness List,https://www.mda.state.mn.us/cold-hardiness-list,2-4,Evergreens,"'Montrose Spire'; Black Hills Spruce (seed source); Dwarf Alberta Spruce; Weeping White Spruce, 'Pendula'"
Picea mariana,Spruce,Tree,Evergreen,3,Minnesota Department of Agriculture Cold Hardiness List,https://www.mda.state.mn.us/cold-hardiness-list,3,Evergreens,Black Spruce
Picea meyeri,Spruce,Tree,Evergreen,4,Minnesota Department of Agriculture Cold Hardiness List,https://www.mda.state.mn.us/cold-hardiness-list,4,Evergreens,Meyer's Spruce
Picea omorika,Serbian Spruce,Tree,Evergreen,4,Minnesota Department of Agriculture Cold Hardiness List,https://www.mda.state.mn.us/cold-hardiness-list,4,Evergreens,'Pendula'
Picea pungens,Colorado Spruce,Tree,Evergreen,2-3,Minnesota Department of Agriculture Cold Hardiness List,https://www.mda.state.mn.us/cold-hardiness-list,2-3,Evergreens,"'Fastigiata' Spruce; Baby Blue', 'Glauca Globosa', 'Fat Albert', Slenderina® aka 'Glauca Slenderina Pendula'; Hoopsii', Majestic Blue',"
Pieris japonica,,Shrub,,5,Minnesota Department of Agriculture Cold Hardiness List,https://www.mda.state.mn.us/cold-hardiness-list,5,Shrubs,"Cavatine', 'Katsura', 'Valley Rose', My Fire'"
Pinus banksiana,Pine,Tree,Evergreen,2,Minnesota Department of Agriculture Cold Hardiness List,https://www.mda.state.mn.us/cold-hardiness-list,2,Evergreens,Jack Pine
Pinus cembra,Pine,Tree,Evergreen,3,Minnesota Department of Agriculture Cold Hardiness List,https://www.mda.state.mn.us/cold-hardiness-list,3,Evergreens,Swiss Stone Pine - 'Herman' (Prairie Statesman)
Pinus contorta,Pine,Tree,Evergreen,4,Minnesota Department of Agriculture Cold Hardiness List,https://www.mda.state.mn.us/cold-hardiness-list,4,Evergreens,Taylors Sunburst'
Pinus densiflora,Pine,Tree,Evergreen,4,Minnesota Department of Agriculture Cold Hardiness List,https://www.mda.state.mn.us/cold-hardiness-list,4,Evergreens,Japanese Red Pine
Pinus flexilis,Pine,Tree,Evergreen,4,Minnesota Department of Agriculture Cold Hardiness List,https://www.mda.state.mn.us/cold-hardiness-list,4,Evergreens,"Limber Pine, 'Vanderwolf's'"
Pinus korensis,Pine,Tree,Evergreen,4,Minnesota Department of Agriculture Cold Hardiness List,https://www.mda.state.mn.us/cold-hardiness-list,4,Evergreens,Korean Pine
Pinus mugo,Mugo Pine,Tree,Evergreen,2,Minnesota Department of Agriculture Cold Hardiness List,https://www.mda.state.mn.us/cold-hardiness-list,2,Evergreens,Mugo Pine; Tannenbaum'
Pinus nigra,Pine,Tree,Evergreen,4,Minnesota Department of Agriculture Cold Hardiness List,https://www.mda.state.mn.us/cold-hardiness-list,4,Evergreens,Austrian Pine - Brepo® aka 'Prerrick Bregeon
Pinus parviflora,Pine,Tree,Evergreen,4,Minnesota Department of Agriculture Cold Hardiness List,https://www.mda.state.mn.us/cold-hardiness-list,4,Evergreens,Japanese White Pine 'Kinpo'
Pinus ponderosa,Pine,Tree,Evergreen,3,Minnesota Department of Agriculture Cold Hardiness List,https://www.mda.state.mn.us/cold-hardiness-list,3,Evergreens,Ponderosa Pine
Pinus resinosa,Pine,Tree,Evergreen,2,Minnesota Department of Agriculture Cold Hardiness List,https://www.mda.state.mn.us/cold-hardiness-list,2,Evergreens,Red pine
Pinus strobus,White Pine,Tree,Evergreen,3,Minnesota Department of Agriculture Cold Hardiness List,https://www.mda.state.mn.us/cold-hardiness-list,3,Evergreens,"Eastern White Pine - 'Blue Shag', 'Fastigiata', 'Paton's Silver Splendor', 'Pendula', 'Horsford' aka 'Horsford Dwarf', 'Horsford Nana'"
Pinus sylvestris,Scotch Pine,Tree,Evergreen,2,Minnesota Department of Agriculture Cold Hardiness List,https://www.mda.state.mn.us/cold-hardiness-list,2,Evergreens,Scotch Pine
Pinus uncinata,Pine,Tree,Evergreen,3,Minnesota Department of Agriculture Cold Hardiness List,https://www.mda.state.mn.us/cold-hardiness-list,3,Evergreens,Mountian Pine
Pinus × schwerinii,Pine,Tree,Evergreen,4,Minnesota Department of Agriculture Cold Hardiness List,https://www.mda.state.mn.us/cold-hardiness-list,4,Evergreens,'Wiethosrt'
Platanus occidentalis,Sycamore,Tree,,4,Minnesota Department of Agriculture Cold Hardiness List,https://www.mda.state.mn.us/cold-hardiness-list,4,Deciduous (non-fruit),American Sycamore
Platanus × acerifolia,London Planetree,Tree,,4,Minnesota Department of Agriculture Cold Hardiness List,https://www.mda.state.mn.us/cold-hardiness-list,4,Deciduous (non-fruit),"Exclamation! ™ aka 'Morton Circle', 'Bloodgood'"
Populus angustifolia,Poplar,Tree,,3,Minnesota Department of Agriculture Cold Hardiness List,https://www.mda.state.mn.us/cold-hardiness-list,3,Deciduous (non-fruit),Narrowleaf Poplar
Populus balsamifera,Poplar,Tree,,2,Minnesota Department of Agriculture Cold Hardiness List,https://www.mda.state.mn.us/cold-hardiness-list,2,Deciduous (non-fruit),Balsam Poplar
Populus deltoides,Cottonwood,Tree,,3,Minnesota Department of Agriculture Cold Hardiness List,https://www.mda.state.mn.us/cold-hardiness-list,3,Deciduous (non-fruit),"Eastern Cottonwood, 'Souixland', Highland"
Populus grandidentata,Aspen,Tree,,2,Minnesota Department of Agriculture Cold Hardiness List,https://www.mda.state.mn.us/cold-hardiness-list,2,Deciduous (non-fruit),Bigtooth Aspen
Populus nigra,Poplar,Tree,,2,Minnesota Department of Agriculture Cold Hardiness List,https://www.mda.state.mn.us/cold-hardiness-list,2,Deciduous (non-fruit),Theves Poplar - 'Afghanica'
Populus sargentii,Poplar,Tree,,4,Minnesota Department of Agriculture Cold Hardiness List,https://www.mda.state.mn.us/cold-hardiness-list,4,Deciduous (non-fruit),'Jeronimus Sargent' Poplar
Populus tremula,Aspen,Tree,,2,Minnesota Department of Agriculture Cold Hardiness List,https://www.mda.state.mn.us/cold-hardiness-list,2,Deciduous (non-fruit),Columnar Swedish Aspen - 'Erecta'
Populus tremuloides,Quaking Apsen,Tree,,2-4,Minnesota Department of Agriculture Cold Hardiness List,https://www.mda.state.mn.us/cold-hardiness-list,2-4,Deciduous (non-fruit),"'Prairie Gold' aka ""NEArb'; Mountian Sentinel®, Summer Shimmer aka 'Select Klaus'; Quaking Aspen"
Populus × acuminata,Poplar,Tree,,3,Minnesota Department of Agriculture Cold Hardiness List,https://www.mda.state.mn.us/cold-hardiness-list,3,Deciduous (non-fruit),Lanceleaf Poplar
Populus × canadensis,Poplar,Tree,,3,Minnesota Department of Agriculture Cold Hardiness List,https://www.mda.state.mn.us/cold-hardiness-list,3,Deciduous (non-fruit),'Robusta'
Populus × canescens,Poplar,Tree,,3,Minnesota Department of Agriculture Cold Hardiness List,https://www.mda.state.mn.us/cold-hardiness-list,3,Deciduous (non-fruit),Tower'
Potentilla fruiticosa,Potentilla,Shrub,,2-3,Minnesota Department of Agriculture Cold Hardiness List,https://www.mda.state.mn.us/cold-hardiness-list,2-3,Shrubs,"Bella Bellissima®, 'Hachliss' PP27,715, Bella Bianca®, 'Hachbianca' PPAF,Bella Sol®, 'Hachdon' PP27,685; First Editions® Mandarin Tango™ Potentilla aka 'Jefman', First Editions® Marmalade™ Potentilla aka 'Jefmarm', 'Abbotswood', 'Fargo' Dakota Sunspot®, 'Gold Drop', 'Goldfinger', 'UMan' Mango Tango™, 'McKay's White', 'Pink Beauty', 'Primrose Beauty', 'Setting Sun', Citrus Tart™ aka 'Bailcitrus'"
Prunus americana,Plum,Tree,,3,Minnesota Department of Agriculture Cold Hardiness List,https://www.mda.state.mn.us/cold-hardiness-list,3,Fruit,American Wild Plum
Prunus armeniaca,Apricot,Tree,,4-5,Minnesota Department of Agriculture Cold Hardiness List,https://www.mda.state.mn.us/cold-hardiness-list,4-5,Fruit,"Brookcot', 'Debbie's Gold', 'Moongold', 'Scout', 'Sungold', 'Wescot', 'Pioneer'; Goldstrike', 'Moorpark'"
Prunus avium,Cherry,Tree,,4-5,Minnesota Department of Agriculture Cold Hardiness List,https://www.mda.state.mn.us/cold-hardiness-list,4-5,Fruit,"Bing', 'Black Tartarian', 'Lapins', 'Rainier', 'Stella', 'Sweetheart'; Mazzard Cherry"
Prunus besseyi,Cherry,Tree,,3,Minnesota Department of Agriculture Cold Hardiness List,https://www.mda.state.mn.us/cold-hardiness-list,3,Fruit; Shrubs,'Pawnee Buttes'; Western Sand Cherry - 'Pawnee Buttes'
Prunus blireana,Plum,Tree,,5,Minnesota Department of Agriculture Cold Hardiness List,https://www.mda.state.mn.us/cold-hardiness-list,5,Fruit,"Flowerin Plum, 'Snofozam'"
Prunus campanulata,Cherry,Tree,,5,Minnesota Department of Agriculture Cold Hardiness List,https://www.mda.state.mn.us/cold-hardiness-list,5,Fruit,'Okame'
Prunus cerasifera,Plum,Tree,,4-5,Minnesota Department of Agriculture Cold Hardiness List,https://www.mda.state.mn.us/cold-hardiness-list,4-5,Fruit,"Myrobalan Plum, Purple Plunge® 'NCPR-7' PP 32190, 'Thundercloud'; Newport Plum - Minnesota strain"
Prunus cerasus,Cherry,Tree,,3-5,Minnesota Department of Agriculture Cold Hardiness List,https://www.mda.state.mn.us/cold-hardiness-list,3-5,Fruit,"'Montmorency'; Carmine Red Jewel, Purple Passion, 'Evans Bali'; Tart Cherry, 'Mesabi', 'Meteor, 'North Star', 'Sweet Cherry Pie™ aka 'Eubank'"
Prunus domestica,Plum,Tree,,4-5,Minnesota Department of Agriculture Cold Hardiness List,https://www.mda.state.mn.us/cold-hardiness-list,4-5,Fruit,"'Allred', 'Bruce', 'Early Italian', 'Empress', 'French Improved', 'Green Gage', 'Italian', 'President', 'Stanley', 'Sugar Prune'; 'Mt. Royal'"
Prunus glandulosa,Flowering Almond,Shrub,,4,Minnesota Department of Agriculture Cold Hardiness List,https://www.mda.state.mn.us/cold-hardiness-list,4,Shrubs,Pink Flowering Almond - 'Rosea Plena'
Prunus incisa,Cherry,Tree,,5,Minnesota Department of Agriculture Cold Hardiness List,https://www.mda.state.mn.us/cold-hardiness-list,5,Fruit,Little Twist® - aka 'CarltonLT'
Prunus maackii,Chockcherry,Tree,,2,Minnesota Department of Agriculture Cold Hardiness List,https://www.mda.state.mn.us/cold-hardiness-list,2,Fruit,Amur Chokecherry - 'Jefspur' Goldspur Amur Chokecherry
Prunus mahleb,Cherry,Tree,,4,Minnesota Department of Agriculture Cold Hardiness List,https://www.mda.state.mn.us/cold-hardiness-list,4,Fruit,Mahaleb Cherry
Prunus maritima,,Shrub,,3,Minnesota Department of Agriculture Cold Hardiness List,https://www.mda.state.mn.us/cold-hardiness-list,3,Shrubs,Beach Plum
Prunus nigra,Plum,Tree,,2,Minnesota Department of Agriculture Cold Hardiness List,https://www.mda.state.mn.us/cold-hardiness-list,2,Fruit,"Canada plum, 'Princess Kay'"
Prunus padus,,Tree,,3,Minnesota Department of Agriculture Cold Hardiness List,https://www.mda.state.mn.us/cold-hardiness-list,3,Fruit,"May Day Tree, 'Berg Redleaf'"
Prunus pensylvanica,Cherry,Tree,,3,Minnesota Department of Agriculture Cold Hardiness List,https://www.mda.state.mn.us/cold-hardiness-list,3,Fruit,Pin Cherry
Prunus persica,Peach,Tree,,3-5,Minnesota Department of Agriculture Cold Hardiness List,https://www.mda.state.mn.us/cold-hardiness-list,3-5,Fruit; Shrubs,"Bailey Hardy Peach', 'Belle of Georgia', 'Elberta', 'RedHaven', 'Saturn', 'Sugar Princess', Reliance', 'Corinthian White', 'Corinthian Rose' , Ruby Ruffle™ 'NC Peach-6' PP 34261; Bonfire', 'Crimson Cascade'; Brookcot', 'Debbie's Gold', 'Scout', 'Wescot'; Moongold', 'Bounty', 'Contender'"
Prunus pumila,,Shrub,,3,Minnesota Department of Agriculture Cold Hardiness List,https://www.mda.state.mn.us/cold-hardiness-list,3,Shrubs,Jade Parade® aka 'UCONNPP0002'
Prunus salicina,Plum,Tree,,5,Minnesota Department of Agriculture Cold Hardiness List,https://www.mda.state.mn.us/cold-hardiness-list,5,Fruit,"'Abundance', 'Burbank', 'Catalina', 'Santa Rosa', 'Santa Rosa Weeping', 'Simka', 'Methley Plum', 'Shiro'"
Prunus sargentii,Cherry,Tree,,3-4,Minnesota Department of Agriculture Cold Hardiness List,https://www.mda.state.mn.us/cold-hardiness-list,3-4,Fruit,'Hokkaido Normandale' aka Spring Wonder™; Pink Flair® 'JFS-Kw58'
Prunus serotina,Cherry,Tree,,3,Minnesota Department of Agriculture Cold Hardiness List,https://www.mda.state.mn.us/cold-hardiness-list,3,Fruit,Wild Black Cherry
Prunus serrulata,Cherry,Tree,,5,Minnesota Department of Agriculture Cold Hardiness List,https://www.mda.state.mn.us/cold-hardiness-list,5,Fruit,"'Kwanzan', 'Mt. Fuji', 'Pendula', 'Royal Burgundy', 'Shirofugen', 'Shirotae'"
Prunus subhirtella,Cherry,Tree,,5,Minnesota Department of Agriculture Cold Hardiness List,https://www.mda.state.mn.us/cold-hardiness-list,5,Fruit,"Pendula Plena Rosea', 'Pisnshzam', 'Rosea', 'Pink Snow Showers'"
Prunus tomentosa,,Shrub,,2,Minnesota Department of Agriculture Cold Hardiness List,https://www.mda.state.mn.us/cold-hardiness-list,2,Shrubs,Nanking Cherry
Prunus triloba,,Shrub,,3,Minnesota Department of Agriculture Cold Hardiness List,https://www.mda.state.mn.us/cold-hardiness-list,3,Shrubs,Double Flowering Plum
Prunus virginiana,Cherry,Tree,,2-3,Minnesota Department of Agriculture Cold Hardiness List,https://www.mda.state.mn.us/cold-hardiness-list,2-3,Fruit,Canada Red Cherry - 'Shubert Select'; Sucker Punch® Chokecherry 'P002S'
Prunus × cerasifera,Plum,Tree,,4,Minnesota Department of Agriculture Cold Hardiness List,https://www.mda.state.mn.us/cold-hardiness-list,4,Fruit,Crimson Pointe™ aka 'Cripoissam'
Prunus × cistena,Sandcherry,Shrub,,3,Minnesota Department of Agriculture Cold Hardiness List,https://www.mda.state.mn.us/cold-hardiness-list,3,Shrubs,Purpleleaf Sand Cherry
Prunus × kerrasis,Cherry,Tree,,2,Minnesota Department of Agriculture Cold Hardiness List,https://www.mda.state.mn.us/cold-hardiness-list,2,Fruit,Canadian Dwarf Sour Cherries
Prunus × nigrella,Plum,Tree,,2,Minnesota Department of Agriculture Cold Hardiness List,https://www.mda.state.mn.us/cold-hardiness-list,2,Fruit,Muckle Plum
Prunus × yedoensis,Cherry,Tree,,5,Minnesota Department of Agriculture Cold Hardiness List,https://www.mda.state.mn.us/cold-hardiness-list,5,Fruit,"'Afterglow', 'Akebono'; 'Shidare Yosino'"
Pseudolarix amabilis,Fir,Tree,Evergreen,4,Minnesota Department of Agriculture Cold Hardiness List,https://www.mda.state.mn.us/cold-hardiness-list,4,Evergreens,Golden Larch
Pseudotsuga menziesii,Fir,Tree,Evergreen,4-5,Minnesota Department of Agriculture Cold Hardiness List,https://www.mda.state.mn.us/cold-hardiness-list,4-5,Evergreens,Douglas Fir; Rocky Mountian Douglas Fir
Pyracantha coccinea,,Shrub,,6,Minnesota Department of Agriculture Cold Hardiness List,https://www.mda.state.mn.us/cold-hardiness-list,6,Shrubs,Firethorn 'Mohave'
Pyrus calleryana,Pear,Tree,,4-5,Minnesota Department of Agriculture Cold Hardiness List,https://www.mda.state.mn.us/cold-hardiness-list,4-5,Fruit,"'Aristocrat', 'Chanticleer', 'Red spire', 'Trinity'; Autumn Blaze Pear"
Pyrus communis,Pear,Tree,,5,Minnesota Department of Agriculture Cold Hardiness List,https://www.mda.state.mn.us/cold-hardiness-list,5,Fruit,"'Clapps Favorite', 'Comice', 'Duchess', 'Kieffer', 'Magness', 'Moonglow', 'Angel Wing', 'Anjou', 'Ayers', 'Bartlett', 'Bosc'"
Pyrus fauriei,Pear,Tree,,4,Minnesota Department of Agriculture Cold Hardiness List,https://www.mda.state.mn.us/cold-hardiness-list,4,Fruit,"Korean Sun™, 'Westwood' Pear"
Pyrus pyrifolia,Pear,Tree,,5,Minnesota Department of Agriculture Cold Hardiness List,https://www.mda.state.mn.us/cold-hardiness-list,5,Fruit,Shinko Asian Pear
Pyrus ussuriensis,Pear,Tree,,3,Minnesota Department of Agriculture Cold Hardiness List,https://www.mda.state.mn.us/cold-hardiness-list,3,Fruit,"Ussurian Pear - 'Mountian Frost' aka 'Bailfrost', 'Prairie Gem'"
Quercus acutissima,Oak,Tree,,5,Minnesota Department of Agriculture Cold Hardiness List,https://www.mda.state.mn.us/cold-hardiness-list,5,Deciduous (non-fruit),Sawtooth oak
Quercus alba,Oak,Tree,,3-4,Minnesota Department of Agriculture Cold Hardiness List,https://www.mda.state.mn.us/cold-hardiness-list,3-4,Deciduous (non-fruit),'Crimson Spire'; White oak
Quercus bicolor,Oak,Tree,,4,Minnesota Department of Agriculture Cold Hardiness List,https://www.mda.state.mn.us/cold-hardiness-list,4,Deciduous (non-fruit),Swamp White Oak
Quercus coccinea,Oak,Tree,,4,Minnesota Department of Agriculture Cold Hardiness List,https://www.mda.state.mn.us/cold-hardiness-list,4,Deciduous (non-fruit),Scarlet Oak
Quercus dentata,Oak,Tree,,5,Minnesota Department of Agriculture Cold Hardiness List,https://www.mda.state.mn.us/cold-hardiness-list,5,Deciduous (non-fruit),Japanese Emperor Oak
Quercus ellipsoidalis,Oak,Tree,,3,Minnesota Department of Agriculture Cold Hardiness List,https://www.mda.state.mn.us/cold-hardiness-list,3,Deciduous (non-fruit),Northern Pin Oak - Majestic Skies™ aka 'Bailskies'
Quercus gambelii,Oak,Tree,,5,Minnesota Department of Agriculture Cold Hardiness List,https://www.mda.state.mn.us/cold-hardiness-list,5,Deciduous (non-fruit),Gambel Oak
Quercus garryana,Oak,Tree,,6,Minnesota Department of Agriculture Cold Hardiness List,https://www.mda.state.mn.us/cold-hardiness-list,6,Deciduous (non-fruit),Oregon Oak
Quercus imbricaria,Oak,Tree,,5,Minnesota Department of Agriculture Cold Hardiness List,https://www.mda.state.mn.us/cold-hardiness-list,5,Deciduous (non-fruit),Shingle oak
Quercus macrocarpa,Oak,Tree,,3,Minnesota Department of Agriculture Cold Hardiness List,https://www.mda.state.mn.us/cold-hardiness-list,3,Deciduous (non-fruit),"Bur Oak , Urban Pinnicle® 'JFS-KW3'"
Quercus muehlenbergii,Oak,Tree,,4,Minnesota Department of Agriculture Cold Hardiness List,https://www.mda.state.mn.us/cold-hardiness-list,4,Deciduous (non-fruit),Chinkapin Oak
Quercus palustris,Oak,Tree,,4,Minnesota Department of Agriculture Cold Hardiness List,https://www.mda.state.mn.us/cold-hardiness-list,4,Deciduous (non-fruit),"Eastern Pin Oak, Green Pillar® aka 'Pringreen' Pin Oak"
Quercus robur,Oak,Tree,,4-5,Minnesota Department of Agriculture Cold Hardiness List,https://www.mda.state.mn.us/cold-hardiness-list,4-5,Deciduous (non-fruit),"'Skinny Genes' 'JFS-KW2QX'; Columnar English Oak; Kindred Spirit Oak, aka 'Nadler'"
Quercus rubra,Oak,Tree,,3,Minnesota Department of Agriculture Cold Hardiness List,https://www.mda.state.mn.us/cold-hardiness-list,3,Deciduous (non-fruit),Northern Red Oak
Quercus shumardii,Oak,Tree,,5,Minnesota Department of Agriculture Cold Hardiness List,https://www.mda.state.mn.us/cold-hardiness-list,5,Deciduous (non-fruit),Shumard Oak - 'Panache'
Quercus × bimundorum,Oak,Tree,,3,Minnesota Department of Agriculture Cold Hardiness List,https://www.mda.state.mn.us/cold-hardiness-list,3,Deciduous (non-fruit),Prairie Stature Oak - 'Midwest'
Quercus × macdanielii,Oak,Tree,,4,Minnesota Department of Agriculture Cold Hardiness List,https://www.mda.state.mn.us/cold-hardiness-list,4,Deciduous (non-fruit),Heritage® aka 'Clemons' Oak
Quercus × warei,Oak,Tree,,4,Minnesota Department of Agriculture Cold Hardiness List,https://www.mda.state.mn.us/cold-hardiness-list,4,Deciduous (non-fruit),Regal Prince® aka 'Long' Oak
Rhamnus frangula,Buckthorn,Shrub,,2-3,Minnesota Department of Agriculture Cold Hardiness List,https://www.mda.state.mn.us/cold-hardiness-list,2-3,Shrubs,Fine Line Buckthorn - 'Ron Williams' - Restricted Noxious Weed - may not be grown or sold in Minnesota; Tallhedge Buckthorn - Restricted Noxious Weed - may not be grown or sold in Minnesota.
Rhododendron catawbiense,Azalea,Shrub,,4,Minnesota Department of Agriculture Cold Hardiness List,https://www.mda.state.mn.us/cold-hardiness-list,4,Shrubs,"'Album', 'English Roseum', 'Nova Zembla', 'Purple Elegens', Roseum Elegans'"
Rhododendron yedoense,Azelea,Shrub,,5,Minnesota Department of Agriculture Cold Hardiness List,https://www.mda.state.mn.us/cold-hardiness-list,5,Shrubs,"Korean Azalea, 'Compacta', 'Kelly Marie', 'Kimberlys Doub', 'Sweet 16' 1/22/13 SH None named ok at MLA and St. Paul"
Rhododendron × kosteranum,Azelea,Shrub,,4,Minnesota Department of Agriculture Cold Hardiness List,https://www.mda.state.mn.us/cold-hardiness-list,4,Shrubs,Mollis Azalea
Rhus aromatica,Fragrant Sumac,Shrub,,3,Minnesota Department of Agriculture Cold Hardiness List,https://www.mda.state.mn.us/cold-hardiness-list,3,Shrubs,"'Gro-low', Lacette™ Fragrant Sumac, aka 'Fine Texture Compact Select A'"
Rhus copallina,Fragrant Sumac,Shrub,,5,Minnesota Department of Agriculture Cold Hardiness List,https://www.mda.state.mn.us/cold-hardiness-list,5,Shrubs,"Prairie Flame Shining Sumac, 'Morton'"
Rhus glabra,Fragrant Sumac,Tree,,3,Minnesota Department of Agriculture Cold Hardiness List,https://www.mda.state.mn.us/cold-hardiness-list,3,Deciduous (non-fruit); Shrubs,"Smooth Sumac; Smooth Sumac, Cutleaf Smooth Sumac aka 'Laciniata'"
Rhus trilobata,Fragrant Sumac,Shrub,,4,Minnesota Department of Agriculture Cold Hardiness List,https://www.mda.state.mn.us/cold-hardiness-list,4,Shrubs,Skunkbush Sumac
Rhus typhina,Fragrant Sumac,Shrub,,3-4,Minnesota Department of Agriculture Cold Hardiness List,https://www.mda.state.mn.us/cold-hardiness-list,3-4,Shrubs,"First Editions® Tiger Eyes® aka 'Bailtiger' PP16.185 Cutleaf Staghorn Sumac; Staghorn Sumac, Cutleaf Staghorn Sumac 'Laciniata'"
Ribes alpinum,Currant,Shrub,,2,Minnesota Department of Agriculture Cold Hardiness List,https://www.mda.state.mn.us/cold-hardiness-list,2,Shrubs,"Alpine Currant, 'Green Mound'"
Ribes americanum,Currant,Shrub,,3,Minnesota Department of Agriculture Cold Hardiness List,https://www.mda.state.mn.us/cold-hardiness-list,3,Shrubs,American Black Currant
Ribes aureum,Currant,Shrub,,2,Minnesota Department of Agriculture Cold Hardiness List,https://www.mda.state.mn.us/cold-hardiness-list,2,Shrubs,Yellow Flowering Currant
Ribes nigum,Currant,Shrub,,3,Minnesota Department of Agriculture Cold Hardiness List,https://www.mda.state.mn.us/cold-hardiness-list,3,Fruit,Ben Sarek'
Ribes sanguineum,Currant,Shrub,,6,Minnesota Department of Agriculture Cold Hardiness List,https://www.mda.state.mn.us/cold-hardiness-list,6,Shrubs,'King Edward VII'
Ribes × culverwelii,Currant,Shrub,,3,Minnesota Department of Agriculture Cold Hardiness List,https://www.mda.state.mn.us/cold-hardiness-list,3,Fruit,Jostaberry
Robinia hispida,Bristly Locust or Moss Locust,Tree,,5,Minnesota Department of Agriculture Cold Hardiness List,https://www.mda.state.mn.us/cold-hardiness-list,5,Deciduous (non-fruit),'Macrophylla'
Robinia pseudoacacia,Black Locust,Tree,,3,Minnesota Department of Agriculture Cold Hardiness List,https://www.mda.state.mn.us/cold-hardiness-list,3,Deciduous (non-fruit),'Purple Robe' Locust
Rosa foetida,Rose,Shrub,,4,Minnesota Department of Agriculture Cold Hardiness List,https://www.mda.state.mn.us/cold-hardiness-list,4,Rose,Austrian Copper Rose; Persian Yellow Rose
Rosa glauca,Rose,Shrub,,2,Minnesota Department of Agriculture Cold Hardiness List,https://www.mda.state.mn.us/cold-hardiness-list,2,Rose,Redleaf Rose
Rosa polyantha,Rose,Shrub,,4,Minnesota Department of Agriculture Cold Hardiness List,https://www.mda.state.mn.us/cold-hardiness-list,4,Rose,'The Fairy'
Rosa rugosa,Rose,Shrub,,2-3,Minnesota Department of Agriculture Cold Hardiness List,https://www.mda.state.mn.us/cold-hardiness-list,2-3,Rose,'Alba'; Lotty's Love™ Chuck Bocks Rose
Rosa woodsii,Rose,Shrub,,3,Minnesota Department of Agriculture Cold Hardiness List,https://www.mda.state.mn.us/cold-hardiness-list,3,Rose,Woods Wild Rose
Rubus idaeus,Raspberry,Shrub,,3-5,Minnesota Department of Agriculture Cold Hardiness List,https://www.mda.state.mn.us/cold-hardiness-list,3-5,Fruit,"'Amity', 'Souris' 'Boyne', 'Killarney', 'Nova', 'Lathum'; Lincoln', 'Pineapple', Tulameen'; Polana', 'Prelude', Bristol, Jewel, 'Joan A', Raspberry Shortcake® 'NR7' PP22,141,"
Rubus occidentalis,Raspberry,Shrub,,4,Minnesota Department of Agriculture Cold Hardiness List,https://www.mda.state.mn.us/cold-hardiness-list,4,Fruit,'Bristol' Black
Salix alba,Willow,Tree,,4,Minnesota Department of Agriculture Cold Hardiness List,https://www.mda.state.mn.us/cold-hardiness-list,4,Deciduous (non-fruit),Niobe aka 'Tristis' Weeping Willow
Salix arbuscula,Willow,Tree,,3,Minnesota Department of Agriculture Cold Hardiness List,https://www.mda.state.mn.us/cold-hardiness-list,3,Deciduous (non-fruit),Mountian Willow
Salix brachycarpa,Willow,Tree,,2,Minnesota Department of Agriculture Cold Hardiness List,https://www.mda.state.mn.us/cold-hardiness-list,2,Deciduous (non-fruit),'Blue Fox'
Salix candida,Willow,Shrub,,2,Minnesota Department of Agriculture Cold Hardiness List,https://www.mda.state.mn.us/cold-hardiness-list,2,Shrubs,"First Editions® Iceberg Alley™ Sageleaf Willow, aka 'Jefberg'"
Salix caprea,Willow,Tree,,4,Minnesota Department of Agriculture Cold Hardiness List,https://www.mda.state.mn.us/cold-hardiness-list,4,Deciduous (non-fruit),Weeping aka 'Pendula' Pussy Willow
Salix commutata,Willow,Tree,,2,Minnesota Department of Agriculture Cold Hardiness List,https://www.mda.state.mn.us/cold-hardiness-list,2,Deciduous (non-fruit),Undergreen Willow
Salix discolor,Willow,Tree,,2,Minnesota Department of Agriculture Cold Hardiness List,https://www.mda.state.mn.us/cold-hardiness-list,2,Deciduous (non-fruit); Shrubs,Pussy Willow
Salix integra,Willow,Tree,,4,Minnesota Department of Agriculture Cold Hardiness List,https://www.mda.state.mn.us/cold-hardiness-list,4,Deciduous (non-fruit); Shrubs,"Hakura Nishiki' Tree Form Willow, 'Flamingo'; Nishiki Willow - 'Hakuro Nishiki'"
Salix matsudana,Willow,Tree,,4-5,Minnesota Department of Agriculture Cold Hardiness List,https://www.mda.state.mn.us/cold-hardiness-list,4-5,Deciduous (non-fruit),'Navajo'; Corkscrew aka 'Tortuosa' Willow
Salix melanostachys,Willow,Tree,,5,Minnesota Department of Agriculture Cold Hardiness List,https://www.mda.state.mn.us/cold-hardiness-list,5,Deciduous (non-fruit),Black Pussy willow
Salix nakamurana,Willow,Tree,,4,Minnesota Department of Agriculture Cold Hardiness List,https://www.mda.state.mn.us/cold-hardiness-list,4,Deciduous (non-fruit),Nakamuruana Willow
Salix nigra,Willow,Tree,,3,Minnesota Department of Agriculture Cold Hardiness List,https://www.mda.state.mn.us/cold-hardiness-list,3,Deciduous (non-fruit),Black Willow
Salix pentandra,Willow,Tree,,2,Minnesota Department of Agriculture Cold Hardiness List,https://www.mda.state.mn.us/cold-hardiness-list,2,Deciduous (non-fruit),Laurel Willow - Prairie Reflection® aka 'Silver Lake'
Salix purpurea,Willow,Tree,,3-4,Minnesota Department of Agriculture Cold Hardiness List,https://www.mda.state.mn.us/cold-hardiness-list,3-4,Deciduous (non-fruit); Shrubs,Dwarf Blue Leaf Arctic Willow - 'Nana'; Dwarf Blue Leaf Arctic Willow aka 'Nana'
Sambucus canadensis,Elderberry,Shrub,,3,Minnesota Department of Agriculture Cold Hardiness List,https://www.mda.state.mn.us/cold-hardiness-list,3,Fruit,"'Adams', 'York'"
Sambucus nigra,Elderberry,Shrub,,3-4,Minnesota Department of Agriculture Cold Hardiness List,https://www.mda.state.mn.us/cold-hardiness-list,3-4,Fruit,"'Black Tower', 'Golden Glow'; Golden Tower 'Jandeboer001' PP 28,957, Black Elderberry, Black Lace™ Elderberry aka 'Eva', Black Beauty® aka'Gerda' Black Elderberry - Proven Winners® Instant Karma® aka 'Sanivalk' PP28,314, Proven Winners® Laced Up aka 'SNR1292' PPAF"
Sambucus racemosa,Elderberry,Shrub,,3,Minnesota Department of Agriculture Cold Hardiness List,https://www.mda.state.mn.us/cold-hardiness-list,3,Fruit,Red Elderberry - Lemony Lace™ 'SMNSRD4'
Sassafras albidum,Sassafras,Tree,,5,Minnesota Department of Agriculture Cold Hardiness List,https://www.mda.state.mn.us/cold-hardiness-list,5,Deciduous (non-fruit),Common Sassafras
Schizophragma hydrangeoides,Japanese Hydrangea,Vine,,5,Minnesota Department of Agriculture Cold Hardiness List,https://www.mda.state.mn.us/cold-hardiness-list,5,Vines,'Moonlight' Japanese Hydrangea Vine
Shepherdia argentea,,Shrub,,2,Minnesota Department of Agriculture Cold Hardiness List,https://www.mda.state.mn.us/cold-hardiness-list,2,Shrubs,Silver Buffaloberry
Sorbaria sorbifolia,,Shrub,,2-3,Minnesota Department of Agriculture Cold Hardiness List,https://www.mda.state.mn.us/cold-hardiness-list,2-3,Shrubs,"Ash Leaf Spiraea, Ural False Spirea; First Editions® Matcha Ball™ False Spirea, aka 'Levgreen' Sem Ash Leaf Spirea, Cherry on Top™, 'Bococot' PPAF"
Sorbus alnifolia,Mountain Ash,Tree,,4,Minnesota Department of Agriculture Cold Hardiness List,https://www.mda.state.mn.us/cold-hardiness-list,4,Deciduous (non-fruit),Korean Mountain Ash
Sorbus aucuparia,Mountain Ash,Tree,,2,Minnesota Department of Agriculture Cold Hardiness List,https://www.mda.state.mn.us/cold-hardiness-list,2,Deciduous (non-fruit),Cardinal Royal® aka 'Michred' Mountain Ash
Sorbus decora,Mountain Ash,Tree,,2,Minnesota Department of Agriculture Cold Hardiness List,https://www.mda.state.mn.us/cold-hardiness-list,2,Deciduous (non-fruit),Showy Mountain Ash
Sorbus hybrida,Mountain Ash,Tree,,4,Minnesota Department of Agriculture Cold Hardiness List,https://www.mda.state.mn.us/cold-hardiness-list,4,Deciduous (non-fruit),Oak Leaf Mountain Ash
Spiraea albiflora,Spirea,Shrub,,3,Minnesota Department of Agriculture Cold Hardiness List,https://www.mda.state.mn.us/cold-hardiness-list,3,Shrubs,Japanese White Spiraea
Spiraea betulifolia,Spirea,Shrub,,3,Minnesota Department of Agriculture Cold Hardiness List,https://www.mda.state.mn.us/cold-hardiness-list,3,Shrubs,"Birchleaf Spiraea - Glow Girl™ aka, 'Tor Gold' 'Tor'"
Spiraea fritschiana,Spirea,Shrub,,3,Minnesota Department of Agriculture Cold Hardiness List,https://www.mda.state.mn.us/cold-hardiness-list,3,Shrubs,"Fritsch Spiraea, Spot On™ aka 'JN Select J'"
Spiraea japonica,Spirea,Shrub,,3-4,Minnesota Department of Agriculture Cold Hardiness List,https://www.mda.state.mn.us/cold-hardiness-list,3-4,Shrubs,"Double Play® Candy Corn™ 'NCSX1', Double Play® Doozie® aka 'NCSX2', Empire Ice Dragon' aka IceconspirPPAF, Empire Northern Lights aka 'DAVCOP01' PP31,996, 'Golden Elf', 'Neon Flash', 'Pink Parade' , Yeti aka 'Conspiyet' PP28,999; Japanese Spiraea - 'Goldmound', 'Daphne', Sundrop™ aka 'Bailcraol', 'Little Princess, 'Magic Carpet', 'Mertyann' Dakota Goldcharm®, 'Sparkling Carpet', 'Fairy Queen' , Little Spark™ aka 'Minspil04', Poprocks®, 'Odessa' PP28,508 , Rainbow Fizz™, 'Matgold' PP28,876"
Spiraea nipponica,Spirea,Shrub,,3,Minnesota Department of Agriculture Cold Hardiness List,https://www.mda.state.mn.us/cold-hardiness-list,3,Shrubs,Snowmound Spirea
Spiraea prunifolia,Spirea,Shrub,,4,Minnesota Department of Agriculture Cold Hardiness List,https://www.mda.state.mn.us/cold-hardiness-list,4,Shrubs,Bridalwreath Spirea
Spiraea thunbergii,Spirea,Shrub,,4,Minnesota Department of Agriculture Cold Hardiness List,https://www.mda.state.mn.us/cold-hardiness-list,4,Shrubs,Mellow Yellow Spirea aka 'Ogon'
Spiraea × arguta,Spirea,Shrub,,4,Minnesota Department of Agriculture Cold Hardiness List,https://www.mda.state.mn.us/cold-hardiness-list,4,Shrubs,Dwarf Garland Spirea aka 'Compacta'
Spiraea × bumalda,Spirea,Shrub,,3-4,Minnesota Department of Agriculture Cold Hardiness List,https://www.mda.state.mn.us/cold-hardiness-list,3-4,Shrubs,"'Anthony Waterer Spirea', 'Crispa', 'Dart's Red', 'Flowering Choice'; Hybrid Spiraea, 'Superstar™ aka 'Denistar', 'Froebelii', 'Goldflame', 'Gumball'"
Spiraea × cineria,Spirea,Shrub,,4,Minnesota Department of Agriculture Cold Hardiness List,https://www.mda.state.mn.us/cold-hardiness-list,4,Shrubs,Grefsheim Spirea
Spiraea × vanhoullei,Spirea,Shrub,,4,Minnesota Department of Agriculture Cold Hardiness List,https://www.mda.state.mn.us/cold-hardiness-list,4,Shrubs,Firegold® aka 'Levgold' Spirea
Spiraea × vanhouttei,Spirea,Shrub,,3,Minnesota Department of Agriculture Cold Hardiness List,https://www.mda.state.mn.us/cold-hardiness-list,3,Shrubs,'Renaissance'
Stephanandra incise,,Shrub,,4,Minnesota Department of Agriculture Cold Hardiness List,https://www.mda.state.mn.us/cold-hardiness-list,4,Shrubs,Crispa Cutleaf Stephanandra
Symphoricarpos albus,Snowberry,Shrub,,3,Minnesota Department of Agriculture Cold Hardiness List,https://www.mda.state.mn.us/cold-hardiness-list,3,Shrubs,White Snowberry
Symphoricarpos orbiculatus,Snowberry,Shrub,,4,Minnesota Department of Agriculture Cold Hardiness List,https://www.mda.state.mn.us/cold-hardiness-list,4,Shrubs,Red Snowberry
Symphoricarpos × doorenbosii,Snowberry,Shrub,,3-4,Minnesota Department of Agriculture Cold Hardiness List,https://www.mda.state.mn.us/cold-hardiness-list,3-4,Shrubs,"Candy™ Coralberry aka 'Kolmean', Galaxy™ Snowberry aka 'Kolmgala', Sweet™ Coralberry aka 'Kolmagics'; Pinky Promise™, 'Kolmpica' PPAF"
Syringa meyeri,Lilac,Shrub,,3,Minnesota Department of Agriculture Cold Hardiness List,https://www.mda.state.mn.us/cold-hardiness-list,3,Shrubs,Dwarf Korean Lilac - 'Palibin'
Syringa patula,Lilac,Shrub,,3,Minnesota Department of Agriculture Cold Hardiness List,https://www.mda.state.mn.us/cold-hardiness-list,3,Shrubs,'Miss Kim'; Dream Cloud™
Syringa pekinensis,Tree Lilac,Tree,,3-5,Minnesota Department of Agriculture Cold Hardiness List,https://www.mda.state.mn.us/cold-hardiness-list,3-5,Deciduous (non-fruit),'Morton' - China Snow® Peking Lilac; Beijing Gold® aka 'Zhang Zhiming' Pekin Tree Lilac; Summer Charm® aka 'DTR124'
Syringa reticulata,Tree Lilac,Tree,,3-4,Minnesota Department of Agriculture Cold Hardiness List,https://www.mda.state.mn.us/cold-hardiness-list,3-4,Deciduous (non-fruit),"Golden Eclipse Lilac; Ivory Silk® Lilac, 'Ivory Pillar', 'Snowcap' aka 'Elliot', 'Summer Storm' PPAF, Snowdance™ aka 'Bailance'"
Syringa vulgaris,Lilac,Shrub,,2-4,Minnesota Department of Agriculture Cold Hardiness List,https://www.mda.state.mn.us/cold-hardiness-list,2-4,Shrubs,"'President Grevy'; Common Purple Lilac, New Age White, aka 'G13103' PPAF, 'Yankee Doodle'; New Age Lavender, aka 'G13099' PPAF"
Syringa × chinensis,Lilac,Shrub,,4,Minnesota Department of Agriculture Cold Hardiness List,https://www.mda.state.mn.us/cold-hardiness-list,4,Shrubs,Lilac Sunday
Syringa × hyacinthiflora,Lilac,Shrub,,2,Minnesota Department of Agriculture Cold Hardiness List,https://www.mda.state.mn.us/cold-hardiness-list,2,Shrubs,"Hyacinth Lilac - 'Asessippi', 'Mount Baker', 'Pocahontas'"
Syringa × meyeri,Lilac,Shrub,,3,Minnesota Department of Agriculture Cold Hardiness List,https://www.mda.state.mn.us/cold-hardiness-list,3,Shrubs,Tinkerbelle® aka 'Bailbelle' Lilac Tree Form
Syringa × prestoniae,Lilac,Shrub,,2,Minnesota Department of Agriculture Cold Hardiness List,https://www.mda.state.mn.us/cold-hardiness-list,2,Shrubs,"'Donald Wyman', 'James Macfarlane', 'Jeftini' First Editions® Pinktini"
Tamarix ramosissima,Salt Cedar,Shrub,,2,Minnesota Department of Agriculture Cold Hardiness List,https://www.mda.state.mn.us/cold-hardiness-list,2,Shrubs,Prohibited Noxious Weed 2023
Taxodium distichum,Baldcypress,Tree,Evergreen,5,Minnesota Department of Agriculture Cold Hardiness List,https://www.mda.state.mn.us/cold-hardiness-list,5,Evergreens,"Lindsey's Skyward™ aka 'Skyward' PP22,812, Shawnee Brave® aka 'Mickelson'"
Taxus cuspidata,Yew,Shrub,,4,Minnesota Department of Agriculture Cold Hardiness List,https://www.mda.state.mn.us/cold-hardiness-list,4,Shrubs,"Emeral Spreader 'Monloo', Upright aka 'Capitata' Yew"
Taxus media,Yew,Shrub,,4-5,Minnesota Department of Agriculture Cold Hardiness List,https://www.mda.state.mn.us/cold-hardiness-list,4-5,Shrubs,"'Beanpole', 'Bonnie Green Mound', 'Densiformis Imp', 'Flushing', 'Legislator', 'Legzam', 'New Hicks', 'Pilaris', 'Representative', 'Repzam', 'Senator', 'Sentinalis', 'Senzam', 'Sunburst', 'Thomsen', 'Vermeulen'; 'Brownii'; 'Densiformis' Dense Spreading Yew; Meyeri', 'Pyramidalis', 'Citation', 'Dark Green', 'Taunton'"
Thuja koraiensis,Arborvitae,Shrub,,5,Minnesota Department of Agriculture Cold Hardiness List,https://www.mda.state.mn.us/cold-hardiness-list,5,Shrubs,'Spring Grove'
Thuja occidentalis,Arborvitae,Shrub,,3-5,Minnesota Department of Agriculture Cold Hardiness List,https://www.mda.state.mn.us/cold-hardiness-list,3-5,Shrubs,"Eastern White Cedar 'Congabe', 'Hetz Midget', 'Holmstrup', 'Nigra', 'Pygmy Globe', 'Pyramidalis', 'Bailjohn', 'Technito'® Globe, 'Techny', 'Techny Globe', 'Woodwardii', 'Degroot's Spire', 'Brandon', 'Anna's Magic Ball' aka 'Anna Van Vloten', North Pole® aka 'Art Boe' , 'Danica'; Emerald Squeeze 'Lilsheckthu' PPTBS, Sunkist Arborvitae, 'RutThu5' First Editions® Tall Guy™, 'RutThu4' First Editions® Planet Earth™, 'RutThu3' First Editions® Lemon Burst™, Pancake™ aka 'Concesarini', Mr. Bowling Ball® aka 'Bobaram'; Fire Chief 'Congabe' PP 19,009, 'Janed Gold', 'Smaragd' aka 'Emerald Green',; Little Giant' Arborvitae, 'Sky Bound', species White Cedar"
Thuja plicata,Arborvitae,Shrub,,5,Minnesota Department of Agriculture Cold Hardiness List,https://www.mda.state.mn.us/cold-hardiness-list,5,Shrubs,"Canadian Gold', 'Virescens', 'Whipcord', 'Zebrina Extra Gold', 'Golden Spire', Sugar and Spice 'De Rakt' PP 19,926, 'Grovepli' Spring Grove Arborvitae"
Tilia americana,Linded or Basswood,Tree,,3,Minnesota Department of Agriculture Cold Hardiness List,https://www.mda.state.mn.us/cold-hardiness-list,3,Deciduous (non-fruit),"American Linden - American Sentry® Linden aka 'McKSentry', 'Boulevard', Frontyard® Linden aka 'Bailyard', 'Redmond'"
Tilia cordata,Linded or Basswood,Tree,,4,Minnesota Department of Agriculture Cold Hardiness List,https://www.mda.state.mn.us/cold-hardiness-list,4,Deciduous (non-fruit),"Littleleaf Linden - 'Corzam', 'Corinthinian', 'Baileyi' Shamrock®, 'Greenspire'"
Tilia tomentosa,Linded or Basswood,Tree,,5,Minnesota Department of Agriculture Cold Hardiness List,https://www.mda.state.mn.us/cold-hardiness-list,5,Deciduous (non-fruit),"Silver Lining™, Sterling Silver'"
Tilia × flavescens,Linded or Basswood,Tree,,4,Minnesota Department of Agriculture Cold Hardiness List,https://www.mda.state.mn.us/cold-hardiness-list,4,Deciduous (non-fruit),Glenleven Linden
Tilia × mongolica,Linded or Basswood,Tree,,2,Minnesota Department of Agriculture Cold Hardiness List,https://www.mda.state.mn.us/cold-hardiness-list,2,Deciduous (non-fruit),Harvest Gold Linden
Tsuga canadensis,Hemlock,Tree,Evergreen,3,Minnesota Department of Agriculture Cold Hardiness List,https://www.mda.state.mn.us/cold-hardiness-list,3,Evergreens,Canadian Hemlock
Ulmus americana,Elm,Tree,,3-4,Minnesota Department of Agriculture Cold Hardiness List,https://www.mda.state.mn.us/cold-hardiness-list,3-4,Deciduous (non-fruit),"American Elm - 'Lewis and Clark', 'Prairie Expedition', 'St Croix'; American Elm, 'Princeton', 'Valley Forge', 'New Harmony'"
Ulmus carpinifolia,Elm,Tree,,4-5,Minnesota Department of Agriculture Cold Hardiness List,https://www.mda.state.mn.us/cold-hardiness-list,4-5,Deciduous (non-fruit),'Frontier'; 'New Horizon'
Ulmus davidiana,Elm,Tree,,3,Minnesota Department of Agriculture Cold Hardiness List,https://www.mda.state.mn.us/cold-hardiness-list,3,Deciduous (non-fruit),'Burgundy Glow' - Northern Empress® Elm
Ulmus glabra,Elm,Tree,,5,Minnesota Department of Agriculture Cold Hardiness List,https://www.mda.state.mn.us/cold-hardiness-list,5,Deciduous (non-fruit),"Camptown', 'Horizontalis', 'Pendula', 'Camperdownii'"
Ulmus japonica,Elm,Tree,,3,Minnesota Department of Agriculture Cold Hardiness List,https://www.mda.state.mn.us/cold-hardiness-list,3,Deciduous (non-fruit),'Discovery'
Ulmus parvifolia,Elm,Tree,,5,Minnesota Department of Agriculture Cold Hardiness List,https://www.mda.state.mn.us/cold-hardiness-list,5,Deciduous (non-fruit),"'Allee', 'Aross/Central Park', 'Bosque', 'Burgundy', 'Central Park Splendor', 'Golden Rey', 'Hokkaido', 'King's Choice', 'Prince Richard', 'Seiju', 'Yatsubusa'"
Vaccinium corymbosum,Blueberry,Shrub,,4-5,Minnesota Department of Agriculture Cold Hardiness List,https://www.mda.state.mn.us/cold-hardiness-list,4-5,Fruit,"'Northland'; Aurora', 'Collins', 'Darrow', 'Legacy', 'Nui', 'Berkely', 'Draper', 'Earliblue', 'Liberty'; Jelly Bean, 'Reka'"
Vaccinium macrocarpon,Blueberry,Shrub,,3,Minnesota Department of Agriculture Cold Hardiness List,https://www.mda.state.mn.us/cold-hardiness-list,3,Fruit,Cranberry
Vaccinium ovatum,Blueberry,Shrub,,6,Minnesota Department of Agriculture Cold Hardiness List,https://www.mda.state.mn.us/cold-hardiness-list,6,Fruit,"'Fall Creek', 'Thunderbird'"
Vaccinium virgatum,Blueberry,Shrub,,8,Minnesota Department of Agriculture Cold Hardiness List,https://www.mda.state.mn.us/cold-hardiness-list,8,Fruit,Rabbit Eye Blueberry
Vaccinum darrowii,Blueberry,Shrub,,8,Minnesota Department of Agriculture Cold Hardiness List,https://www.mda.state.mn.us/cold-hardiness-list,8,Fruit,
Vibrunum lantana,Viburnum,Shrub,,3,Minnesota Department of Agriculture Cold Hardiness List,https://www.mda.state.mn.us/cold-hardiness-list,3,Shrubs,Mohican Viburnum
Viburnum carlcephalum,Viburnum,Shrub,,5,Minnesota Department of Agriculture Cold Hardiness List,https://www.mda.state.mn.us/cold-hardiness-list,5,Shrubs,
Viburnum carlesii,Viburnum,Shrub,,5,Minnesota Department of Agriculture Cold Hardiness List,https://www.mda.state.mn.us/cold-hardiness-list,5,Shrubs,"Korean Spice Bush, 'Aurora', 'Compactum', 'Diana'"
Viburnum cassinoides,Viburnum,Shrub,,3,Minnesota Department of Agriculture Cold Hardiness List,https://www.mda.state.mn.us/cold-hardiness-list,3,Shrubs,Witherod Viburnum
Viburnum dentatum,Viburnum,Shrub,,3-4,Minnesota Department of Agriculture Cold Hardiness List,https://www.mda.state.mn.us/cold-hardiness-list,3-4,Shrubs,"All That Glitters®, Chicago Luster aka 'Synnestvedt', Autumn Jazz® aka 'Ralph Senior' Arrowwood Viburnum, All That Glows®; Arrowood Viburnum, Blue Muffin® aka 'Christom' Arrowood Viburnum"
Viburnum dilatatum,Viburnum,Shrub,,5,Minnesota Department of Agriculture Cold Hardiness List,https://www.mda.state.mn.us/cold-hardiness-list,5,Shrubs,"'Asian Beauty', 'Cardinal Candy', 'Catskill', 'Erie', 'Henneke', 'Michael Dodge', 'Mt. Airy', 'Oneida', 'Vernon Morris'"
Viburnum edule,Viburnum,Shrub,,3,Minnesota Department of Agriculture Cold Hardiness List,https://www.mda.state.mn.us/cold-hardiness-list,3,Shrubs,Squashberry Viburnum
Viburnum lenatago,Nannyberry,Tree,,3,Minnesota Department of Agriculture Cold Hardiness List,https://www.mda.state.mn.us/cold-hardiness-list,3,Deciduous (non-fruit),"Nannyberry Viburnum, Homefree™"
Viburnum lentago,Viburnum,Shrub,,2-3,Minnesota Department of Agriculture Cold Hardiness List,https://www.mda.state.mn.us/cold-hardiness-list,2-3,Shrubs,Homefree™; Nannyberry Viburnum
Viburnum nudum,Viburnum,Shrub,,5,Minnesota Department of Agriculture Cold Hardiness List,https://www.mda.state.mn.us/cold-hardiness-list,5,Shrubs,"'Earth Shade', 'Winterthur'"
Viburnum opulus,Viburnum,Shrub,,3-4,Minnesota Department of Agriculture Cold Hardiness List,https://www.mda.state.mn.us/cold-hardiness-list,3-4,Shrubs,"Compactum' European Cranberrybush, 'Roseum' Common Snowball, 'Sterile',; Dwarf European aka 'Nanum' Cranberrybush"
Viburnum plicatum,Viburnum,Shrub,,5,Minnesota Department of Agriculture Cold Hardiness List,https://www.mda.state.mn.us/cold-hardiness-list,5,Shrubs,"Mariesii', Newport Dwarf, 'Pink Beauty', 'Shasta', 'Shoshoni', First Editions® Opening Day™ Doublefile Viburnum,"
Viburnum rhytidophylloides,Viburnum,Tree,,4,Minnesota Department of Agriculture Cold Hardiness List,https://www.mda.state.mn.us/cold-hardiness-list,4,Deciduous (non-fruit),Emerald Triumph
Viburnum sargentii,Viburnum,Shrub,,4,Minnesota Department of Agriculture Cold Hardiness List,https://www.mda.state.mn.us/cold-hardiness-list,4,Shrubs,Onondaga Viburnum
Viburnum trilobum,Cranberry Bush (treeform),Tree,,2,Minnesota Department of Agriculture Cold Hardiness List,https://www.mda.state.mn.us/cold-hardiness-list,2,Deciduous (non-fruit); Shrubs,"American Cranberrybush Viburnum - 'Alfredo', 'Bailey Compact', Redwing® aka 'JN Select', 'Wentworth'; Redwing® aka 'J.N. Select'"
Viburnum × juddi,Viburnum,Shrub,,4,Minnesota Department of Agriculture Cold Hardiness List,https://www.mda.state.mn.us/cold-hardiness-list,4,Shrubs,Judd Viburnum
Viburnum × rhytidophylloides,Viburnum,Shrub,,5,Minnesota Department of Agriculture Cold Hardiness List,https://www.mda.state.mn.us/cold-hardiness-list,5,Shrubs,'Alleghany'
Vitex agnus-castus,,Shrub,,5,Minnesota Department of Agriculture Cold Hardiness List,https://www.mda.state.mn.us/cold-hardiness-list,5,Shrubs,"Pink Pinnacle 'Vo7-SC-OP-4' PP 27,374"
Vitis labrusca,Grape,Vine,,3-5,Minnesota Department of Agriculture Cold Hardiness List,https://www.mda.state.mn.us/cold-hardiness-list,3-5,Fruit,"'Kay Gray'; Caco', 'California Concord', 'Campbell Early', 'Catawba', 'Champanel', 'Delaware', 'Eastern Concord', 'Einset', 'Fresno Seedless', 'Glenora', 'Inkameep Riesling', 'Lakemont', 'Mars', 'Moored', 'Niagara', 'Okanagan Riesling', 'Reliance Seedless', 'Romulus', 'Van Buren', 'Concrod', 'Fredonia', 'LaCrose', 'Vanessa Seedless',"
Weigela florida,Weigela or Cardinal Flower,Shrub,,4-5,Minnesota Department of Agriculture Cold Hardiness List,https://www.mda.state.mn.us/cold-hardiness-list,4-5,Shrubs,"Carnaval', 'Evita', 'French Lace' (Brigela), 'Gold Rush', 'Midnight Wine' (Elvera), 'Rubidor', 'Variegata', 'Wine and Roses' (Alexandra); Dark Horse' , 'Java Red', Ghost™ aka 'Carlton' , 'Minuet' , My Monet Purple Effect® aka 'Verweig8', My Monet® aka 'Verweig', 'Polka' Weigela, Rainbow Sensation™ aka 'Kiomagira', 'Red Prince' Weigela, 'Rumba' Weigela, Shining Sensation™ aka 'Bokrashine' Weigela, Sonic Bloom® - Pearl aka 'Bokrasopea' , Sonic Bloom® - Red aka 'Verweig', Sonic Bloom® Pink aka 'Bokrasopin', Sonic BloomTM, 'Spilled Wine' aka 'Bokraspiwi', 'Tango' Weigela"
Weigela praecox,Weigela or Cardinal Flower,Shrub,,4,Minnesota Department of Agriculture Cold Hardiness List,https://www.mda.state.mn.us/cold-hardiness-list,4,Shrubs,April Snow Weigela
Wisteria macrostachya,Wisteria,Vine,,4,Minnesota Department of Agriculture Cold Hardiness List,https://www.mda.state.mn.us/cold-hardiness-list,4,Vines,"Aunt Dee', 'Betty Mathews' First Editions® Summer Cascade™, 'Blue Moon'"
Xanthoceras sorbifolium,Yellowhorn,Tree,,4,Minnesota Department of Agriculture Cold Hardiness List,https://www.mda.state.mn.us/cold-hardiness-list,4,Deciduous (non-fruit),Yellowhorn
Zelkova serrata,Zelkova,Tree,,6,Minnesota Department of Agriculture Cold Hardiness List,https://www.mda.state.mn.us/cold-hardiness-list,6,Deciduous (non-fruit),Zelkova - 'Green Vase'
