scientific_name,common_name,family,genus,usda_hardiness_zone,rhs_hardiness_rating,height_mature_ft,native_status,habitat,taxonomic_note,conservation_status,tso_url,catalog_source
Abelia 'Maurice Foster',,Caprifoliaceae,Abelia,6b,H5,6.6,China,Mountain forests,,,https://www.treesandshrubsonline.org/articles/abelia/abelia-maurice-foster/,Trees and Shrubs Online (IDS)
Abelia chinensis,Chinese Abelia,Caprifoliaceae,Abelia,7,H5,6.6,"China, Japan, Taiwan",Mountain forests to 1500 m asl.,,Least concern (LC),https://www.treesandshrubsonline.org/articles/abelia/abelia-chinensis/,Trees and Shrubs Online (IDS)
Abelia schumannii,,Caprifoliaceae,Abelia,7,H5,4.9,China,Mountain forests in deep valleys.,,Least concern (LC),https://www.treesandshrubsonline.org/articles/abelia/abelia-schumannii/,Trees and Shrubs Online (IDS)
Abelia uniflora,,Caprifoliaceae,Abelia,6,H5,4.9,China,Mountain forests,,Least concern (LC),https://www.treesandshrubsonline.org/articles/abelia/abelia-uniflora/,Trees and Shrubs Online (IDS)
Abelia × grandiflora,Common Abelia,Caprifoliaceae,Abelia,5b,H6,6.6,,"Garden origin, with possible hybrid forms occurring naturally in southern China",,,https://www.treesandshrubsonline.org/articles/abelia/abelia-x-grandiflora/,Trees and Shrubs Online (IDS)
Abeliophyllum distichum,미선나무 (miseonnamu),Oleaceae,Abeliophyllum,4-8,H5,4.9,"North Korea, South Korea","Understorey of open deciduous or mixed montane woodland, with canopy trees including Pinus densiflora , Quercus myrsinifolia and Q. acutissima.",,Endangered (EN),https://www.treesandshrubsonline.org/articles/abeliophyllum/abeliophyllum-distichum/,Trees and Shrubs Online (IDS)
Abies alba,Silver Fir,Pinaceae,Abies,4-7,H7,196.9,"Albania, Andorra, Austria, Bosnia and Herzegovina, Bulgaria, Croatia, Czechia, France, Germany, Greece, Hungary, Italy, Kosovo, Liechtenstein, North Macedonia, Montenegro, Poland, Romania, Serbia, Slovenia, Spain, Switzerland, Ukraine","On well-drained soils from 300 (in Bavaria) to 2000 (in the Pyrenees and Apennines) m asl, though most common at 500–1500 m asl. Forming mixed forests primarily with Fagus sylvatica at lower elevations, becoming the first conifer to compete significantly with that species when F. sylvatica becomes less vigorous with altitiude. Co-dominant with Picea abies in coniferous forests of higher elevations",,Least concern (LC),https://www.treesandshrubsonline.org/articles/abies/abies-alba/,Trees and Shrubs Online (IDS)
Abies amabilis,Pacific Silver Fir,Pinaceae,Abies,5-8,H6,105.0,"Canada, United States","In temperate rainforest with cool, humid summers, usually in mountains but from sea level to c . 350 m asl in SE Alaska, to 1500 m in British Columbia, and higher still on the western slopes of the Cascades. It has a broad range of associates but among the most common are Picea sitchensis, Pseudotsuga menziesii, Thuja plicata , and Tsuga heterophylla .",,Least concern (LC),https://www.treesandshrubsonline.org/articles/abies/abies-amabilis/,Trees and Shrubs Online (IDS)
Abies balsamea,Balsam Fir,Pinaceae,Abies,2-5,H7,124.7,"Canada, United States","Over a vast range it occurs in a suite of habitat types, from lowland plains to mountains, and in coastal areas, 0–1200 m asl, most common on acidic, silty or sandy podzol soils. Near the cost the climate is cool-maritime, and inland cold-continental, characterised by very cold winters.","For some time this variety was thought to be a hybrid between A. balsamea and A. fraseri , and while it is possible that some hybrid forms do occur where the two species meet in the Southern Appalachians, this has not been proven. Furthermore trees matching var. phanerolepis have been found to occur in natural populations of A. balsamea well to the north of the northern limits of A. fraseri . ( Fa",Least concern (LC),https://www.treesandshrubsonline.org/articles/abies/abies-balsamea/,Trees and Shrubs Online (IDS)
Abies beshanzuensis,Baishan Fir,Pinaceae,Abies,8,H4,,China,"Secondary angiosperm forest at 1500–1700 m asl. The warm-temperate climate has some degree of maritime influence and experiences humid summers and cool, moist winters.",,Critically endangered (CR),https://www.treesandshrubsonline.org/articles/abies/abies-beshanzuensis/,Trees and Shrubs Online (IDS)
Abies borisii-regis,King Boris Fir,Pinaceae,Abies,5-7,H7,,"Albania, Bulgaria, Greece, North Macedonia","A mid-elevation species found at 700–1500 m asl, usually in the company of Picea abies, but occasionally in pure stands and locally with other associates including Pinus heldreichii, Pinus peuce and Pinus sylvestris. At lower elevations it occurs in mixed forests with Fagus .","Farjon ( 1990 ) treated the King Boris Fir as a true species and this position was followed by Grimshaw & Bayton (2009) in New Trees . By 2017, with its hybrid origin proved beyond reasonable doubt, Farjon had determined that it ‘seems appropriate to recognize this taxon as of hybrid origin in the way we write its name’ and he adopted the nothospecies rendering A. × borisii-regis ( Farjon 2017 ), ",Not evaluated (NE),https://www.treesandshrubsonline.org/articles/abies/abies-borisii-regis/,Trees and Shrubs Online (IDS)
Abies bracteata,Santa Lucia Fir,Pinaceae,Abies,7,H6,,United States,"In canyon bottoms and on rocky slopes, (180–)600–1570 m asl, in rocky, clay- or loam-rich soils, often in proximity to ground water or intermittent streams. Most precipitation falls in the winter months. Associating variously with Arbutus menziesii, Calocedrus decurrens, Pinus coulteri, P. lambertiana, P. ponderosa, Pseudotsuga menziesii, Quercus spp., Lithocarpus densiflorus ; rarely in pure stan",,Near threatened (NT),https://www.treesandshrubsonline.org/articles/abies/abies-bracteata/,Trees and Shrubs Online (IDS)
Abies cephalonica,Greek Fir,Pinaceae,Abies,5-7,H6,,Greece,"In high mountains, (600–)800–2000(–2100) m asl usually on rocky, well drained, calcareous soils, associating with Fagus orientalis and Quercus spp. at lower elevations, usually forming pure forests or associating with Juniperus oxycedrus at higher elevations.","There is evidence of ‘past and perhaps present’ introgression of Abies alba into A. cephalonica populations in the northern part of the latter’s range, and there ‘appears to be a north-south cline of character states’ with pure A. cephalonica restricted to southern populations in Cephalonia, Euboea and the southernmost Peloponnese ( Farjon 2017 ). These two species have, in the past, given rise to",Least concern (LC),https://www.treesandshrubsonline.org/articles/abies/abies-cephalonica/,Trees and Shrubs Online (IDS)
Abies chensiensis,Qinling Lengshan,Pinaceae,Abies,6,H5,,China,"Temperate forests, 2300–3000 m asl. Commonly on steep rocky slopes and in river gorges, often nearly to the riversides, with a diverse range of broad-leaf associates including Quercus aliena and Betula albosinensis . At higher elevations it occurs with then gives way to forms of A. fargesii .","Abies chensiensis belongs to a group of closely related species distributed in western China. Its near allies are treated here as A. ernestii , A. salouenensis , and A. recurvata . See ‘ Abies chensiensis and its relatives ’ for further discussion as to their relationships.",Least concern (LC),https://www.treesandshrubsonline.org/articles/abies/abies-chensiensis/,Trees and Shrubs Online (IDS)
Abies cilicica,Cilician Fir,Pinaceae,Abies,5,H6,44.3,"Lebanon, Syria, Türkiye","In the high mountains around the northeast Mediterranean basin at 1000–2100 m asl, often in rocky, well drained, calcareous soils. The climate is characterised by hot, dry summers and mild, moist winters. Annual precipitation is typically 1000–1500 mm, mostly falling in winter. It usually occurs in mixed forests, most often with Cedrus libani , but other associates can include Acer spp., Carpinus ","The differences between this subspecies and subsp. cilicica have been described as ‘minor and probably variable’ ( Farjon 2017 ) and some authorities do not consider that subsp. isaurica merits distinction. Liu suggested that it ‘may be an ecotype’ ( Liu 1971 ) and this is probably the best way to think of it. It is generally recognised, however, based on the minor differences that do exist, taken",Near threatened (NT),https://www.treesandshrubsonline.org/articles/abies/abies-cilicica/,Trees and Shrubs Online (IDS)
Abies colimensis,Colima Fir,Pinaceae,Abies,7-8,H5,,Mexico,"North and northeast facing mountain slopes at 2350–3150 m asl. At its lower altitudinal limit it occurs with Abies flinckii, Arbutus xalapensis, Pinus pseudostrobus , and species of Quercus and Ceanothus . Toward its upper altitudinal limit it begins to associate with Pinus hartwegii , together with Penstemon, Ribes, Salix, and Prunus species.",,Not evaluated (NE),https://www.treesandshrubsonline.org/articles/abies/abies-colimensis/,Trees and Shrubs Online (IDS)
Abies concolor,Colorado Fir,Pinaceae,Abies,"3-7 As discussed above, Abies concolor is generally considered to represent one end of a cline which, at its other end, is expressed as A. grandis , and the name A. concolor var. lowiana has been applied to material that seemingly covers intermediate forms in southern Oregon, California, and extreme north west Mexico. Abies concolor var. concolor (hereafter simply A. concolor ) has a discreet distribution, primarily in the Great Basin, from north east Nevada and south east Idaho south into extreme south east California, and in the Rocky Mountains as far south as Mexico’s Sonora State. The climate is montane-continental, characterised by warm, dry summers and cold winters, with much precipitation falling as snow ( Debreczy & Rácz 2011 ). As such, A. concolor has never been a runaway success in oceanic climates, but it excels in a continental regime, and where it thrives it is a truly beautiful conifer. Several American authors have extolled its virtues, including Slavin (1932) , Jacobson (1996) , and Dirr (2011) , who have all noted it is one of the best firs for general landscape use in large swathes of the north east and midwestern states, combining remarkable adaptibility with its beauty. It is similarly successful in continental Europe, including southern Scandinavia, and there are numerous examples in European arboreta such as the following examples listed on monumentaltrees.com: a street-tree in Kurpark, Bad Orb, Germany (36 × 3.12 m in 2013); the Botanic Garden of the Schlosspark Sanssouci, Potsdam, Germany (30 × 2.43 m in 2018); the Pinetum de Dennenhorst, Lunteren, the Netherlands (29 × 2.42 m dbh in 2019); the Arboretum Mlynany, Vieska and Zitavou, Slovakia (26.7 × 2.61 m in 2013); the Arboretum der Stadt Linz, Froschberg, Austria (18 × 2.2 m in 2016) ( monumentaltrees.com ). The five examples listed above all have images attached to their records on monumentaltrees.com that appear to confirm their identity as A. concolor which, generally speaking, can be distinguished as a mature tree by its more evenly glaucous foliage – the epithet concolor refers to the leaves similarly coloured on both surfaces – but caution should be exercised when consulting lists that do not distinguish between the two varieties. For example, two remarkable trees listed on monumentaltrees.com from Jönköping, Sweden, of 43 × 5.65 m and 40.5 × 5.24 m, are almost certainly attributable to var. lowiana but not listed such, and while large trees of A. concolor are rare in the UK and Ireland, they are not unheard of. Liu noted several useful characters, including the leaves somewhat keeled above, and the bark of old trees ‘[thickened and breaking] into deep longitudinal furrows, corky, hard and horny’ ( Liu 1971 ). Nevertheless there have been problems with identification in the past, and some of these persist to the present day. Alan Mitchell suggested that A. concolor rarely does well in south east England, that it is better in the south west, but potentially outstanding in areas such as Northumberland, Argyll and Perthshire, from where he cites several trees exceeding 38 m height ( Mitchell 1972 ). However, based on our evolved understanding of the two taxa, it seems reasonable now to suggest that these very large trees are probably referable to var. lowiana . Other trees listed by Mitchell ( 1972 ) include trees of c . 20–25 m in the Scottish Highlands – this sort of size range is much more in keeping with what we have come to expect of A. concolor in the UK – and we might qualify Mitchell’s comments on this taxon further by suggesting that rather than being poor in the south east, it demonstrates considerable variation in size and vigour based both on provenance and on the local environmental conditions in which it is planted. Abies concolor var. concolor foliage. Spring Mountains, Nevada, November 2009. Image Jeff Bisbee. "" data-alt=""Abies concolor var. concolor""> Abies concolor var. concolor foliage. Spring Mountains, Nevada, November 2009. Image Jeff Bisbee. Abies concolor var. concolor in the Spring Mountains, Nevada, November 2009. Image Jeff Bisbee. "" data-alt=""Abies concolor var. concolor""> Abies concolor var. concolor in the Spring Mountains, Nevada, November 2009. Image Jeff Bisbee. Abies concolor var. concolor in the Spring Mountains, Nevada, November 2009. Image Jeff Bisbee. "" data-alt=""Abies concolor var. concolor""> Abies concolor var. concolor in the Spring Mountains, Nevada, November 2009. Image Jeff Bisbee. Abies concolor var. concolor bole. Spring Mountains, Nevada, December 2005. Image Jeff Bisbee. "" data-alt=""Abies concolor var. concolor""> Abies concolor var. concolor bole. Spring Mountains, Nevada, December 2005. Image Jeff Bisbee. Abies concolor var. concolor seed cone. Spring Mountains, Nevada, December 2005. Image Jeff Bisbee. "" data-alt=""Abies concolor var. concolor""> Abies concolor var. concolor seed cone. Spring Mountains, Nevada, December 2005. Image Jeff Bisbee. Abies concolor var. concolor in Bryce Canyon, Utah. January 2018. Image Jeff Bisbee. "" data-alt=""Abies concolor var. concolor""> Abies concolor var. concolor in Bryce Canyon, Utah. January 2018. Image Jeff Bisbee. var. lowiana (Gord.) Lemm. Common Names Low's Fir Sierra White Fir Pacific White Fir California White Fir Sapin de Low Low Tanne Synonyms Abies lowiana (Gordon) A. Murray Abies concolor subsp. lowiana E. Murray Abies concolor var. baja-california Silba Abies concolor Lowiana Group As a western vicariant of A. concolor distributed in the Southern Cascades, the Coast and Sierra Nevada Ranges, var. lowiana has been characterised by several authors as intermediate between A. concolor (to the south and east) and A. grandis (to the north), and is probably no more than an expression on the cline that exists between the two ( Debreczy & Rácz 2011 ; Rushforth 1987 ). Unsurprisingly it exhibits affinities with both, appearing more grandis -like in the north, and more concolor -like in the south, though cultivated trees are ‘usually quite distinct from both’ ( Mitchell 1972 ). From the description given for var. concolor , var. lowiana differs in several respects, notably: Tree 40–60(–70) m tall, (1–)2–2.5 m dbh. Branchlets orange-yellow, smooth, glabrous or slightly pubescent when young, usually grey and fully glabrous later. Leaves may be either pectinately outspreading in shade branchlets (as in A. grandis ) or rising either side of the shoot to form a ‘V’, always at least somewhat glaucous on both sides (unlike A. grandis ), with two faint stomatal bands beneath and with incomplete central stomatal bands on the upper surface (unlike A. grandis ); more assurgent and usually with stomata evenly distributed on both sides of the needle in upper and fertile branches ( Debreczy & Rácz 2011 ; Hunt 1993 ).","H6 USDA Hardiness Zone: 3-7 As discussed above, Abies concolor is generally considered to represent one end of a cline which, at its other end, is expressed as A. grandis , and the name A. concolor var. lowiana has been applied to material that seemingly covers intermediate forms in southern Oregon, California, and extreme north west Mexico. Abies concolor var. concolor (hereafter simply A. concolor ) has a discreet distribution, primarily in the Great Basin, from north east Nevada and south east Idaho south into extreme south east California, and in the Rocky Mountains as far south as Mexico’s Sonora State. The climate is montane-continental, characterised by warm, dry summers and cold winters, with much precipitation falling as snow ( Debreczy & Rácz 2011 ). As such, A. concolor has never been a runaway success in oceanic climates, but it excels in a continental regime, and where it thrives it is a truly beautiful conifer. Several American authors have extolled its virtues, including Slavin (1932) , Jacobson (1996) , and Dirr (2011) , who have all noted it is one of the best firs for general landscape use in large swathes of the north east and midwestern states, combining remarkable adaptibility with its beauty. It is similarly successful in continental Europe, including southern Scandinavia, and there are numerous examples in European arboreta such as the following examples listed on monumentaltrees.com: a street-tree in Kurpark, Bad Orb, Germany (36 × 3.12 m in 2013); the Botanic Garden of the Schlosspark Sanssouci, Potsdam, Germany (30 × 2.43 m in 2018); the Pinetum de Dennenhorst, Lunteren, the Netherlands (29 × 2.42 m dbh in 2019); the Arboretum Mlynany, Vieska and Zitavou, Slovakia (26.7 × 2.61 m in 2013); the Arboretum der Stadt Linz, Froschberg, Austria (18 × 2.2 m in 2016) ( monumentaltrees.com ). The five examples listed above all have images attached to their records on monumentaltrees.com that appear to confirm their identity as A. concolor which, generally speaking, can be distinguished as a mature tree by its more evenly glaucous foliage – the epithet concolor refers to the leaves similarly coloured on both surfaces – but caution should be exercised when consulting lists that do not distinguish between the two varieties. For example, two remarkable trees listed on monumentaltrees.com from Jönköping, Sweden, of 43 × 5.65 m and 40.5 × 5.24 m, are almost certainly attributable to var. lowiana but not listed such, and while large trees of A. concolor are rare in the UK and Ireland, they are not unheard of. Liu noted several useful characters, including the leaves somewhat keeled above, and the bark of old trees ‘[thickened and breaking] into deep longitudinal furrows, corky, hard and horny’ ( Liu 1971 ). Nevertheless there have been problems with identification in the past, and some of these persist to the present day. Alan Mitchell suggested that A. concolor rarely does well in south east England, that it is better in the south west, but potentially outstanding in areas such as Northumberland, Argyll and Perthshire, from where he cites several trees exceeding 38 m height ( Mitchell 1972 ). However, based on our evolved understanding of the two taxa, it seems reasonable now to suggest that these very large trees are probably referable to var. lowiana . Other trees listed by Mitchell ( 1972 ) include trees of c . 20–25 m in the Scottish Highlands – this sort of size range is much more in keeping with what we have come to expect of A. concolor in the UK – and we might qualify Mitchell’s comments on this taxon further by suggesting that rather than being poor in the south east, it demonstrates considerable variation in size and vigour based both on provenance and on the local environmental conditions in which it is planted. Abies concolor var. concolor foliage. Spring Mountains, Nevada, November 2009. Image Jeff Bisbee. "" data-alt=""Abies concolor var. concolor""> Abies concolor var. concolor foliage. Spring Mountains, Nevada, November 2009. Image Jeff Bisbee. Abies concolor var. concolor in the Spring Mountains, Nevada, November 2009. Image Jeff Bisbee. "" data-alt=""Abies concolor var. concolor""> Abies concolor var. concolor in the Spring Mountains, Nevada, November 2009. Image Jeff Bisbee. Abies concolor var. concolor in the Spring Mountains, Nevada, November 2009. Image Jeff Bisbee. "" data-alt=""Abies concolor var. concolor""> Abies concolor var. concolor in the Spring Mountains, Nevada, November 2009. Image Jeff Bisbee. Abies concolor var. concolor bole. Spring Mountains, Nevada, December 2005. Image Jeff Bisbee. "" data-alt=""Abies concolor var. concolor""> Abies concolor var. concolor bole. Spring Mountains, Nevada, December 2005. Image Jeff Bisbee. Abies concolor var. concolor seed cone. Spring Mountains, Nevada, December 2005. Image Jeff Bisbee. "" data-alt=""Abies concolor var. concolor""> Abies concolor var. concolor seed cone. Spring Mountains, Nevada, December 2005. Image Jeff Bisbee. Abies concolor var. concolor in Bryce Canyon, Utah. January 2018. Image Jeff Bisbee. "" data-alt=""Abies concolor var. concolor""> Abies concolor var. concolor in Bryce Canyon, Utah. January 2018. Image Jeff Bisbee. var. lowiana (Gord.) Lemm. Common Names Low's Fir Sierra White Fir Pacific White Fir California White Fir Sapin de Low Low Tanne Synonyms Abies lowiana (Gordon) A. Murray Abies concolor subsp. lowiana E. Murray Abies concolor var. baja-california Silba Abies concolor Lowiana Group As a western vicariant of A. concolor distributed in the Southern Cascades, the Coast and Sierra Nevada Ranges, var. lowiana has been characterised by several authors as intermediate between A. concolor (to the south and east) and A. grandis (to the north), and is probably no more than an expression on the cline that exists between the two ( Debreczy & Rácz 2011 ; Rushforth 1987 ). Unsurprisingly it exhibits affinities with both, appearing more grandis -like in the north, and more concolor -like in the south, though cultivated trees are ‘usually quite distinct from both’ ( Mitchell 1972 ). From the description given for var. concolor , var. lowiana differs in several respects, notably: Tree 40–60(–70) m tall, (1–)2–2.5 m dbh. Branchlets orange-yellow, smooth, glabrous or slightly pubescent when young, usually grey and fully glabrous later. Leaves may be either pectinately outspreading in shade branchlets (as in A. grandis ) or rising either side of the shoot to form a ‘V’, always at least somewhat glaucous on both sides (unlike A. grandis ), with two faint stomatal bands beneath and with incomplete central stomatal bands on the upper surface (unlike A. grandis ); more assurgent and usually with stomata evenly distributed on both sides of the needle in upper and fertile branches ( Debreczy & Rácz 2011 ; Hunt 1993 ).",,"Mexico, United States",,"Based on examination of herbarium sheets during the 1980s covering ‘much of the range’ of A. concolor s.l. , Farjon concluded that there is ‘no taxonomically sound basis upon which to recognise [var. lowiana ] as a distinct species or as an infraspecific taxon’ ( Farjon 2017 ). Debreczy & Rácz (2011) take a different view, recognising the entity lowiana at species rank. This position is also adopt",,https://www.treesandshrubsonline.org/articles/abies/abies-concolor/,Trees and Shrubs Online (IDS)
Abies delavayi,Delavay Fir,Pinaceae,Abies,7-8,H6,68.9,"Myanmar, China, India","Mountain forests at 2400–4300 m asl, characterised by cool summers and very high precipitation (1000–3000 mm annually). Occasionally in pure stands at altitude but usually mixed with other conifers, including Tsuga spp. at lower elevations, and Picea spp. at higher elevations.",,Least concern (LC),https://www.treesandshrubsonline.org/articles/abies/abies-delavayi/,Trees and Shrubs Online (IDS)
Abies densa,Sikkim Fir,Pinaceae,Abies,7,H5,,"Bhutan, China, India, Nepal",High mountain cloud forest between 2450 and 4000 m asl.,,Least concern (LC),https://www.treesandshrubsonline.org/articles/abies/abies-densa/,Trees and Shrubs Online (IDS)
Abies durangensis,Durango Fir,Pinaceae,Abies,7,H6,,Mexico,"Cool and humid high mountain valleys and steep canyons at 1600–2900(–3400) m asl, locally forming pure stands but also commonly associating with Pinus cooperi, P. durangensis, and P. strobiformis. Broadleaf associates include Quercus castanea, Q. rugosa, and Prunus serotina .","Debreczy, Rácz & Salazar described Abies neodurangensis in 1995, distinguishing it at species rank based on relatively minor differences in cone and foliage morphology, but with a very distinct phenology (seed cones ripening in late spring). It has a very restricted distribution a mere 22 km from the nearest stands of A. durangensis ( Debreczy & Rácz 2011 ). It is probably not in cultivation.",Least concern (LC),https://www.treesandshrubsonline.org/articles/abies/abies-durangensis/,Trees and Shrubs Online (IDS)
Abies ernestii,Western River Fir,Pinaceae,Abies,6,H7,196.9,China,"River valleys and gorges in mountains, 2500–3800 m asl, usually in mixed forests with an extensive range of broadleaf associates. Toward its upper limit it grows with Abies fargesii and Larix potaninii .","Abies ernestii belongs to that group of closely related firs affiliated with A. chensiensis . Their distinctiveness has been amply demonstrated (e.g. Shao et al . 2020 ; Rushforth 1984 ) but they continue to be subject to significant divergencies in taxonomic treatment. Here we have elected to treat them in the simplest possible way, as distinct but closely related species: A. chensiensis , A. ern",,https://www.treesandshrubsonline.org/articles/abies/abies-ernestii/,Trees and Shrubs Online (IDS)
Abies fabri,Faber Fir,Pinaceae,Abies,7-8,H5,,China,"Temperate forest at 1500–4000 m asl, in near-pure stands in the type locality on Mt. Emei, elsewhere associated with Pinus tabuliformis and Tsuga chinensis .","Shao et al . (2020) investigated species delimitation within the A. delavayi complex and found A. fabri to be fall within a broad interpretation of A. delavayi . However, all living material of A. fabri (including subsp. minensis ) studied during research for this revision for Trees and Shrubs Online supports maintaining it as a distinct species. A. fabri s.l. can be amply distinguished from all k",Vulnerable (VU),https://www.treesandshrubsonline.org/articles/abies/abies-fabri/,Trees and Shrubs Online (IDS)
Abies fanjingshanensis,Fan Jing Lengshan,Pinaceae,Abies,5-8,H6,,China,"Restricted to a single locality in cool-temperate montane forest at 2100–2300 m asl. Scattered in mixed forest or co-dominant with Tsuga chinensis and Acer flabellatum. Woody associates include Taxus chinensis, Rhododendron hypoglaucum, and Enkianthus chinensis .",,Endangered (EN),https://www.treesandshrubsonline.org/articles/abies/abies-fanjingshanensis/,Trees and Shrubs Online (IDS)
Abies fansipanensis,Fan Si Pan Fir,Pinaceae,Abies,8,H4,,Vietnam,"Montane sub-tropical forest at 2600–2800(–3000) m asl, where old Abies emerge above a sub-canopy of Acer and Sorbus species, itself above an understorey of Rhododendron spp. and bamboos of the genus Borinda .",,Critically endangered (CR),https://www.treesandshrubsonline.org/articles/abies/abies-fansipanensis/,Trees and Shrubs Online (IDS)
Abies fargesii,Farges Fir,Pinaceae,Abies,6-8,H7,,China,"Mountain forests, 1500–3900 m asl. At lower elevations it may be seen in association with conifers including A. chensiensis, A. ernestii, Picea purpurea, and P. wilsonii . Higher up it occurs with Larix potaninii, Juniperus and Rhododendron spp .",,Least concern (LC),https://www.treesandshrubsonline.org/articles/abies/abies-fargesii/,Trees and Shrubs Online (IDS)
Abies ferreana,Zhongdian Fir,Pinaceae,Abies,6b,H6,65.6,China,"Mixed or coniferous temperate forests, 3300–4000 m asl.","Abies ferreana belongs to a confusing group of firs allied to A. forrestii; their diversity is introduced and contextualised in the article ‘ Abies forrestii and its relatives ’. A variety, var. longibracteata L.K. Fu & Nan Li, has been described based on bracts more prominently exserted with an acuminate (cf. rounded or emarginate) apex ( Fu & Li 1997 ) but in a new approach this is treated as a ",Endangered (EN),https://www.treesandshrubsonline.org/articles/abies/abies-ferreana/,Trees and Shrubs Online (IDS)
Abies firma,Momi Fir,Pinaceae,Abies,6-9,H6,,Japan,"Warm-temperate forests of low to medium elevations, (50–) 300–1000 (–1200) m asl, usually in humid environments such as river valleys. It avoids Honshu's western snowbelt. The climate is characterised by mild winters and hot, humid summers, cooler in the north. It is a component of mixed forests with a broad range of associates across its large range, including Fagus crenata, F. japonica, Castanea",,Least concern (LC),https://www.treesandshrubsonline.org/articles/abies/abies-firma/,Trees and Shrubs Online (IDS)
Abies flinckii,Flinck Fir,Pinaceae,Abies,,,29.5,Mexico,"Warm-temperate or sub-tropical montane forests at 1300–3000 m asl, with many pine species including Pinus devoniana, P. maximinoi, P. pseudostrobus , and, in places, P. lumholtzii . Common broadleaf associates include Tilia americana (""var. mexicana "") and several Quercus species, and more locally Arbutus xalapensis . At its upper altitudinal limit on the Nevado de Colima it associates with the na",,Not evaluated (NE),https://www.treesandshrubsonline.org/articles/abies/abies-flinckii/,Trees and Shrubs Online (IDS)
Abies fordei,Tibetan Silver Fir,Pinaceae,Abies,7-8,H6,16.4,China,"Slopes of river valleys at 2750–4400 m asl, often with Picea linzhiensis, Betula utilis and Salix spp.","Farjon ( 2017 ) treats A. fordei as synonymous with A. densa but its affinities with that species are weak at best. The geographic barrier between their two accepted ranges (the Yarlung Tsangpo / Brahmaputra watershed) is also a considerable obstacle. Silba was more logical in treating it at subspecific rank within A. fabri , but it seems better to regard it as a species in its own right, at least",Not evaluated (NE),https://www.treesandshrubsonline.org/articles/abies/abies-fordei/,Trees and Shrubs Online (IDS)
Abies forrestii,Forrest Fir,Pinaceae,Abies,6b,H7,131.2,China,"Coniferous or mixed forests, 2500–4200 m asl, often with Pinus densata at lower elevations, occurring with Picea likiangensis , Pinus armandii , and Tsuga chinensis at higher elevations. It is replaced at altitude on Yulongxue Shan by A. georgei, and perhaps by other closely related species in other areas.","Farjon continues to recognise three varieties of A. forrestii in addition to the type (var. ferreana , var. georgei , var. smithii ) ( Farjon 1990 ; 2017 ) but we consider it more logical to follow the approach adopted by Flora of China ( Fu, Li & Mill 1999 ) and by Debreczy & Rácz ( 2011 ) in recognising these as A. ferreana and A. georgei , with var. smithii reduced to synonymy with A. georgei .",Least concern (LC),https://www.treesandshrubsonline.org/articles/abies/abies-forrestii/,Trees and Shrubs Online (IDS)
Abies fraseri,Fraser Fir,Pinaceae,Abies,5,H6,,United States,"Sub-populations are restricted to the Southern Appalachians at 1200–2150 m asl, the best stands usually on north facing slopes. The climate is characterised by cool, humid summers and cold winters with heavy snowfall. Occurring as pure stands at the highest points, but usually with Picea rubens, Betula papyrifera and Rhododendron catawbiense . Lower-elevation associates include Tsuga caroliniana, ",,Endangered (EN),https://www.treesandshrubsonline.org/articles/abies/abies-fraseri/,Trees and Shrubs Online (IDS)
Abies gamblei,,Pinaceae,Abies,5-7,H7,,India,"Sub-alpine coniferous forests above c . 3000 m asl (in India, but perhaps at lower elevations in drier valleys further west)",,Not evaluated (NE),https://www.treesandshrubsonline.org/articles/abies/abies-gamblei/,Trees and Shrubs Online (IDS)
Abies georgei,chang bao leng shan,Pinaceae,Abies,6b,H6,131.2,China,"Mixed forests in mountains, 2500–4200 m asl.",Abies georgei is one of several firs in southwest China affiliated with A. forrestii ; an overview of this group is given in the article ‘ Abies forrestii and its relatives ’.,Least concern (LC),https://www.treesandshrubsonline.org/articles/abies/abies-georgei/,Trees and Shrubs Online (IDS)
Abies gracilis,,Pinaceae,Abies,2,H7,,Russia,"Restricted to a remarkably isolated population of c . 30,000 trees in coastal lowlands.",,Data deficient (DD),https://www.treesandshrubsonline.org/articles/abies/abies-gracilis/,Trees and Shrubs Online (IDS)
Abies grandis,Grand Fir,Pinaceae,Abies,6-7,H7,177.2,"Canada, United States","Temperate rainforest from sea-level to c . 1800 m asl. In lowlands near the coast it associates with other large-growing conifers including Abies amabilis, A. procera, Picea sitchensis, Pseudotsuga menziesii, Thuja plicata and Tsuga heterophylla .",,Least concern (LC),https://www.treesandshrubsonline.org/articles/abies/abies-grandis/,Trees and Shrubs Online (IDS)
Abies guatemalensis,Guatemala Fir,Pinaceae,Abies,"8-9 Abies guatemalensis subsp. guatemalensis is comfortably the most southerly occurring fir in the world, reaching 14°3’N in the mountains of El Salvador ( Debreczy & Rácz 2011 ). It is highly threatened and the only member of the genus included on CITES Appendix 1. Significant felling and deforestation occurred through the 20th century, and in recent years illegal logging and harvesting for Christmas trees and other festive decorations has continued to hamper regeneration ( Strandby et al . 2006 ). The establishment of dedicated Christmas tree plantations is helping to address this ( Córdova 2007 ) but illegal exploitation remains a significant problem. It may be that few cultivated trees belong to this, the nominate subspecies: all trees known in the UK are traceable to Mexico’s Tamaulipas state, treated here as subsp. tamaulipasensis, except for a single specimen growing at Tregrehan, Cornwall. The Tregrehan tree is ultimately traceable to Guatemala, from where an American seed merchant obtained seed in the 1980s. Some of this seed was sent to Arboretum Waasland in Belgium, where a single tree grew, and from which a scion was sent to Tregrehan, where it was finally planted in 1996 and had made a tree of 12 m by 2014 (K. Rushforth pers. comm.; Tree Register 2021 ). Material of Guatemalan origin is cultivated in California, at the UBC Botanical Garden (accession 2009.0329) ( University of British Columbia 2021 ) and at the San Francisco Botanical Garden (accession 1993.0882) ( sfbg.org ). George Urr Skinner (1804–1867) collected Guatemalan seed in the late 19th century and introduced this to England, but although some plants were raised none persisted very long in collections ( Elwes & Henry 1906–1913 ). The Tregrehan plant of Abies guatemalensis subsp. guatemalensis ; possibly the only genuine, mature example of this taxon growing in the UK. 26 July 2022. Image Tom Christian. "" data-alt=""Abies guatemalensis subsp. guatemalensis""> The Tregrehan plant of Abies guatemalensis subsp. guatemalensis ; possibly the only genuine, mature example of this taxon growing in the UK. 26 July 2022. Image Tom Christian. Abies guatemalensis subsp. guatemalensis in the wild on Cerro El Pital, San Ignacio, Chalatenango, El Salvador. Image Fernando Tobar. "" data-alt=""Abies guatemalensis subsp. guatemalensis""> Abies guatemalensis subsp. guatemalensis in the wild on Cerro El Pital, San Ignacio, Chalatenango, El Salvador. Image Fernando Tobar. Abies guatemalensis subsp. guatemalensis occurs at altitudes between 2200–2450 m on Cerro El Pital, San Ignacio, Chalatenango, El Salvador. Image Fernando Tobar. "" data-alt=""Abies guatemalensis subsp. guatemalensis""> Abies guatemalensis subsp. guatemalensis occurs at altitudes between 2200–2450 m on Cerro El Pital, San Ignacio, Chalatenango, El Salvador. Image Fernando Tobar. Cones of Abies guatemalensis subsp. guatemalensis from Cerro El Pital, San Ignacio, Chalatenango, El Salvador. Image Fernando Tobar. "" data-alt=""Abies guatemalensis subsp. guatemalensis""> Cones of Abies guatemalensis subsp. guatemalensis from Cerro El Pital, San Ignacio, Chalatenango, El Salvador. Image Fernando Tobar. subsp. jaliscana (Martínez) Silba Common Names Jalisco Fir Synonyms Abies jaliscana (Martínez) Mantilla, Shalisko & A. Vázquez Abies guatemalensis var. jaliscana Martínez Abies flinckii Rushforth (pro parte, excl. type) Tree 20–30 m tall, to 1 m dbh. Branchlets maturing dark reddish-brown with a dense covering of short pubescence in their first year, later grey and glabrous. Leaves (2–)3.5–6.5(–8?) cm, apex obtuse or emarginate, glossy green above, glaucous green below, with a few broken lines of stomata near the apex above. Pollen cones long, 4–6 × 0.9–1.7 cm. Seed cones 6–10 × 2.5–4 cm, short-pedunculate, peduncle to 1 cm, apex rounded, bracts included or the cusp just exserted, ripening April-May. ( Farjon 2017 ; Vázquez-García et al . 2014 ; Debreczy & Rácz 2011 ).","H5 USDA Hardiness Zone: 8-9 Abies guatemalensis subsp. guatemalensis is comfortably the most southerly occurring fir in the world, reaching 14°3’N in the mountains of El Salvador ( Debreczy & Rácz 2011 ). It is highly threatened and the only member of the genus included on CITES Appendix 1. Significant felling and deforestation occurred through the 20th century, and in recent years illegal logging and harvesting for Christmas trees and other festive decorations has continued to hamper regeneration ( Strandby et al . 2006 ). The establishment of dedicated Christmas tree plantations is helping to address this ( Córdova 2007 ) but illegal exploitation remains a significant problem. It may be that few cultivated trees belong to this, the nominate subspecies: all trees known in the UK are traceable to Mexico’s Tamaulipas state, treated here as subsp. tamaulipasensis, except for a single specimen growing at Tregrehan, Cornwall. The Tregrehan tree is ultimately traceable to Guatemala, from where an American seed merchant obtained seed in the 1980s. Some of this seed was sent to Arboretum Waasland in Belgium, where a single tree grew, and from which a scion was sent to Tregrehan, where it was finally planted in 1996 and had made a tree of 12 m by 2014 (K. Rushforth pers. comm.; Tree Register 2021 ). Material of Guatemalan origin is cultivated in California, at the UBC Botanical Garden (accession 2009.0329) ( University of British Columbia 2021 ) and at the San Francisco Botanical Garden (accession 1993.0882) ( sfbg.org ). George Urr Skinner (1804–1867) collected Guatemalan seed in the late 19th century and introduced this to England, but although some plants were raised none persisted very long in collections ( Elwes & Henry 1906–1913 ). The Tregrehan plant of Abies guatemalensis subsp. guatemalensis ; possibly the only genuine, mature example of this taxon growing in the UK. 26 July 2022. Image Tom Christian. "" data-alt=""Abies guatemalensis subsp. guatemalensis""> The Tregrehan plant of Abies guatemalensis subsp. guatemalensis ; possibly the only genuine, mature example of this taxon growing in the UK. 26 July 2022. Image Tom Christian. Abies guatemalensis subsp. guatemalensis in the wild on Cerro El Pital, San Ignacio, Chalatenango, El Salvador. Image Fernando Tobar. "" data-alt=""Abies guatemalensis subsp. guatemalensis""> Abies guatemalensis subsp. guatemalensis in the wild on Cerro El Pital, San Ignacio, Chalatenango, El Salvador. Image Fernando Tobar. Abies guatemalensis subsp. guatemalensis occurs at altitudes between 2200–2450 m on Cerro El Pital, San Ignacio, Chalatenango, El Salvador. Image Fernando Tobar. "" data-alt=""Abies guatemalensis subsp. guatemalensis""> Abies guatemalensis subsp. guatemalensis occurs at altitudes between 2200–2450 m on Cerro El Pital, San Ignacio, Chalatenango, El Salvador. Image Fernando Tobar. Cones of Abies guatemalensis subsp. guatemalensis from Cerro El Pital, San Ignacio, Chalatenango, El Salvador. Image Fernando Tobar. "" data-alt=""Abies guatemalensis subsp. guatemalensis""> Cones of Abies guatemalensis subsp. guatemalensis from Cerro El Pital, San Ignacio, Chalatenango, El Salvador. Image Fernando Tobar. subsp. jaliscana (Martínez) Silba Common Names Jalisco Fir Synonyms Abies jaliscana (Martínez) Mantilla, Shalisko & A. Vázquez Abies guatemalensis var. jaliscana Martínez Abies flinckii Rushforth (pro parte, excl. type) Tree 20–30 m tall, to 1 m dbh. Branchlets maturing dark reddish-brown with a dense covering of short pubescence in their first year, later grey and glabrous. Leaves (2–)3.5–6.5(–8?) cm, apex obtuse or emarginate, glossy green above, glaucous green below, with a few broken lines of stomata near the apex above. Pollen cones long, 4–6 × 0.9–1.7 cm. Seed cones 6–10 × 2.5–4 cm, short-pedunculate, peduncle to 1 cm, apex rounded, bracts included or the cusp just exserted, ripening April-May. ( Farjon 2017 ; Vázquez-García et al . 2014 ; Debreczy & Rácz 2011 ).",,"El Salvador, Guatemala, Honduras, Mexico",,,,https://www.treesandshrubsonline.org/articles/abies/abies-guatemalensis/,Trees and Shrubs Online (IDS)
Abies hickelii,Hickel's Fir,Pinaceae,Abies,8,H5,98.4,Mexico,"Montane forests between 2400–3400 m asl, with Pinus montezumae , P. pseudostrobus , P. ayacahuite , and several Quercus species.","A variety, var. oaxacana , is sometimes regonised. Ironically, Farjon ( 2017 ), a ‘lumper’, recognises it, whereas Debreczy & Rácz ( 2011 ), confirmed ‘splitters’, do not. Descriptions attest to some overlap between the two, and it probably just represents one end of the species’ spectrum. Here we tentatively follow the latter authors and place it into synonymy.",Endangered (EN),https://www.treesandshrubsonline.org/articles/abies/abies-hickelii/,Trees and Shrubs Online (IDS)
Abies holophylla,Manchurian Fir,Pinaceae,Abies,5,H7,,"China, North Korea, South Korea, Russia","In a range of forest types from 10–1500 m asl across its range, at high altitude and in northern outposts often forming pure stands or mixed-coniferous forest with Pinus koraiensis , otherwise occurring in mixed forests with Abies nephrolepis, Larix gmelinii, Populus spp., Quercus mongolica, Fraxinus mandshurica and Betula ermanii . The climate is characterised by cool wet summers and long, cold w",,Near threatened (NT),https://www.treesandshrubsonline.org/articles/abies/abies-holophylla/,Trees and Shrubs Online (IDS)
Abies homolepis,Nikko Fir,Pinaceae,Abies,4-6,H7,,Japan,"In coniferous or mixed forests in mountains typically at (700–)1000–2000(–2200) m asl. The climate is cool-temperate and humid. At lower elevations and latitudes it is a component of mixed forests, often associating with Fagus crenata, Carpinus spp., Acer spp. and Quercus spp., higher up it associates more commonly with Betula spp., Tsuga diversifolia, Thuja standishii and Pinus densiflora . At hi","Abies homolepis is a variable species both in the wild and in horticulture. Two varieties have been described: var. umbellata (Mayr) Wilson continues to be recognised in many modern works e.g. Farjon (2017) and Debreczy & Rácz (2011) , but recent research supports a long-held view that this taxon represents a natural hybrid between A. homolepis and A. firma ( Aizawa & Iwaizumi 2020 ). It is discus",Near threatened (NT),https://www.treesandshrubsonline.org/articles/abies/abies-homolepis/,Trees and Shrubs Online (IDS)
Abies in Mexico and Mesoamerica,,Pinaceae,Abies,,,,,,,,https://www.treesandshrubsonline.org/articles/abies/abies-in-mexico-and-mesoamerica/,Trees and Shrubs Online (IDS)
Abies kawakamii,Formosan Fir,Pinaceae,Abies,,H7,,Taiwan,"A component of high-mountain forests at 2400–3800 m asl, the climate is cool-temperate with very high humidity and precipitation (4000–10,000 mm per annum). Occasionally in pure stands on north and northeast facing slopes, but usually mixed with Pinus armandii var. mastersiana , Tsuga chinensis , Picea morrisonicola , Acer caudatifolium and Juniperus squamata var. morrisonicola . Becomming abundan",,Near threatened (NT),https://www.treesandshrubsonline.org/articles/abies/abies-kawakamii/,Trees and Shrubs Online (IDS)
Abies koreana,Korean Fir,Pinaceae,Abies,4b-6,H7,9.8,"North Korea, South Korea","In cool-temperate, sub-alpine forests at 1000–1900 m asl, typically in quite poor, shallow soils. Occasionally in pure stands but usually as a minor component of forests dominated by Picea jezoensis and Pinus koraiensis. Other associates include Quercus mongolica, Fraxinus mandshurica, Magnolia sieboldii, Sorbus commixta , and a diverse shrub layer including Juniperus, Deutzia and Rhododendron spp","Three formae names have been described to cover the enormous variation of seed cone colour: f. chlorocarpa , the Green-Cone Korean Fir; f. nigrocarpa , the Black-Cone Korean Fir; f. rubrocarpa , the Red-Cone Korean Fir ( Chang & Kungnip 2015 ), however these names are not widely used and are of limited value, given that cones on a single tree can travel through a broad colour spectrum as they matu",Endangered (EN),https://www.treesandshrubsonline.org/articles/abies/abies-koreana/,Trees and Shrubs Online (IDS)
Abies lasiocarpa,Subalpine Fir,Pinaceae,Abies,5-6,H7,,"Canada, United States","Occurring over a vast area, from sea-level to 1500 m in the north of its range, often with Tsuga mertensiana , and from 600–3650 m in the Cascade Range and the Rocky Mountains, predominantly in the subalpine zone with Picea engelmanii .","The Flora of North America account ( Hunt 1993 ) treats ‘interior’ populations, from the eastern Yukon south along the Rockies to southern Arizona and New Mexico, as Abies bifolia , which most authors have treated as a synonym since at least the early 20th century. Hunt maintains the name A. lasiocarpa for ‘coastal’ populations, in Alaska and western Yukon southward in coastal mountain ranges to n",Least concern (LC),https://www.treesandshrubsonline.org/articles/abies/abies-lasiocarpa/,Trees and Shrubs Online (IDS)
Abies magnifica,Red Fir,Pinaceae,Abies,6-7,H7,3.3,United States,"Mixed coniferous forests from 1400–2700 m asl in areas characterised by short dry summers and long cold winters, the majority of precipitation as snow. At lower elevations with Abies concolor var. lowiana, Calocedrus decurrens, Pinus lambertiana, and P. monticola , and at higher elevations with A. lasiocarpa and Tsuga mertensiana .",,Least concern (LC),https://www.treesandshrubsonline.org/articles/abies/abies-magnifica/,Trees and Shrubs Online (IDS)
Abies mariesii,Maries Fir,Pinaceae,Abies,4-6,H7,,Japan,"A consituent of the cool-temperate to sub-alpine forests of central and northern Honshu, typically at 750–1900 m asl in the north, but 1300–2800 m asl in central areas. The climate is characterised by cool summers and cold winters, with year-round precipitation including abundant snow. It forms extensive forests with Abies veitchii, Tsuga diversifolia, Picea jezoensis var. hondoensis, and Larix ka",,Least concern (LC),https://www.treesandshrubsonline.org/articles/abies/abies-mariesii/,Trees and Shrubs Online (IDS)
Abies nebrodensis,Sicilian Fir,Pinaceae,Abies,5,H6,59.1,Italy,"Denuded Abies nebrodensis - Fagus sylvatica forest on steep, north-west facing limestone slopes. The Fagus are stunted and other associates tend to dominate, including Taxus baccata, Acer campestre, Fraxinus ornus, Laurus nobilis, Quercus petraea, Sorbus torminalis, and Ilex aquifolium (also stunted).","Ostl (1989) suggested that A. nebrodensis is an ancient hybrid with A. alba as one of the parents. Fossil evidence indicates that A. alba was present in Sicily in the past, though it is now absent. Debreczy and Rácz note the presence of trees some 100 km distant in Calabria in south west Italy ‘intermediate between A. nebrodensis and A. alba ’ ( Debreczy & Rácz 2011 ).",Critically endangered (CR),https://www.treesandshrubsonline.org/articles/abies/abies-nebrodensis/,Trees and Shrubs Online (IDS)
Abies nephrolepis,Amur Fir,Pinaceae,Abies,5,H7,,"China, North Korea, South Korea, Russia","A medium elevation species of hills and well drained mountain slopes, occurring in mixed-coniferous forest at (300–)500–700 m asl in the interior and northern parts of its range; at 700–2000 m asl in areas with a maritime influence e.g. the Korean Peninsula. Common associates include Pinus koraiensis, Pinus pumila, Picea jezoensis, Betula spp. and Sorbus amurensis in the eastern parts of its range","The name Abies sibiriconephrolepis (and later permutations of the same) was coined to cover material from China’s Heilongjiang Province apparently intermediate between A. nephrolepis and the closely related A. sibirica. Liu (1971) accepted it in his monograph, but as Farjon (2017) points out, the Flora of China ( Fu et al . 1999 ) does not record A. sibirica from that region. Debreczy & Rácz (2011",Least concern (LC),https://www.treesandshrubsonline.org/articles/abies/abies-nephrolepis/,Trees and Shrubs Online (IDS)
Abies nordmanniana,Caucasian Fir,Pinaceae,Abies,5,H5,196.9,"Georgia, Russia, Türkiye","In temperate montane forests from 900–2100 m asl, in areas characterised by warm summers and cold winters with high precipitation. It forms coniferous forest with Picea orientalis and, more rarely, Pinus sylvestris , or occurs in mixed forests with Fagus orientalis , Buxus colchica , and Ilex colchica .",,Least concern (LC),https://www.treesandshrubsonline.org/articles/abies/abies-nordmanniana/,Trees and Shrubs Online (IDS)
Abies nukiangensis,Nukiang Fir,Pinaceae,Abies,7-8,H6,,"Myanmar, China, India","Temperate forests at 2500–3100 m asl, characterised by cool summers and abundant precipitation.","Farjon ( 1990 ; 2017 ) states that the shoots of this species are glabrous; they are actually pubescent, as stated in the original description ( Cheng, Fu & Cheng 1975 ) and more recently in the Flora of China ( Fu, Li & Mill 1999 ).",Near threatened (NT),https://www.treesandshrubsonline.org/articles/abies/abies-nukiangensis/,Trees and Shrubs Online (IDS)
Abies numidica,Algerian Fir,Pinaceae,Abies,6,H7,,Algeria,"A single population with a very restricted range, occurring at 1850–2000 m asl, typically on steep north and east facing slopes on calcareous substrate. Woody associates include Cedrus atlantica, Quercus faginea, Acer obtusatum , Populus tremula , Sorbus aria , Sorbus torminalis and Daphne laureola.",,Critically endangered (CR),https://www.treesandshrubsonline.org/articles/abies/abies-numidica/,Trees and Shrubs Online (IDS)
Abies pindrow,Pindrow Fir,Pinaceae,Abies,5-7,H7,196.9,"Afghanistan, China, India, Nepal, Pakistan","Mountain forests at 2000–3300 m asl, in pure stands or with a broad range of associates over its large range. It is replaced at altitude by Abies gamblei and A. spectabilis , the latter only in the extreme east.",,Least concern (LC),https://www.treesandshrubsonline.org/articles/abies/abies-pindrow/,Trees and Shrubs Online (IDS)
Abies pinsapo,Spanish Fir,Pinaceae,Abies,6-8,H6,98.4,Spain,"North-facing slopes in mountains, 900–1800 m asl, on well-drained rocky soils derived from dolomitic limestone. The climate is montane-Mediterranean with warm dry summers and mild, moist winters. Only rarely in small, pure stands; most often associating with Pinus pinaster, Quercus coccifera, Q. ilex, Pistacia lentiscus and Berberis hispanica .","Abies pinsapo comprises Spanish Fir (subsp. pinsapo ) and Moroccan Fir (subsp. marocana ); their morphological distinctions are, perhaps, a result of their long isolation from one another in mountains on opposite sides of the Strait of Gibraltar in the western Mediterranean. Validly published combinations are available recognising the two as varieties and subspecies of A. pinsapo. A third entity s",Endangered (EN),https://www.treesandshrubsonline.org/articles/abies/abies-pinsapo/,Trees and Shrubs Online (IDS)
Abies procera,Noble Fir,Pinaceae,Abies,6-7,H7,324.8,United States,"From c . 60 m asl in west Washington to c . 2700 m in the Cascade and Coast Ranges, on a variety of soils in areas characterised by a cool-temperate climate with high precipitation, much of it as snow. At lower elevations it associates with other 'classic' conifers of the Pacific Northwest including Abies amabilis, A. grandis, Picea sitchensis, Pseudotsuga menziesii, Thuja plicata and Tsuga hetero","Although Farjon (2017) gives the range as extending south into northwest California, Debreczy & Rácz (2011) consider populations south of the McKenzie River in Oregon as referable to ‘the morphologically similar A. magnifica var. shastensis or intermediates’. The Flora of North America suggests A. procera does occur in California, together with A. magnifica , but cautions that ‘Where the two speci",Least concern (LC),https://www.treesandshrubsonline.org/articles/abies/abies-procera/,Trees and Shrubs Online (IDS)
Abies recurvata,Ziguo Lengshan,Pinaceae,Abies,5,H7,131.2,China,"Mixed-coniferous mountain forests, 2300–3600 m asl, often in exposed, cold, and dry situations such as on cliffs and on winter-dry slopes, commonly associating with Juniperus spp., Picea asperata, P. likiangensis subsp. balfouriana, P. wilsonii and Betula albo-sinensis.","Abies recurvata belongs to a group of closely related firs affiliated with A. chensiensis . Their distinctiveness has been amply demonstrated (e.g. Shao et al . 2020 ; Rushforth 1984 ) but they continue to be subject to significant divergences in taxonomic treatment. Here we have elected to treat them in the simplest possible way, as distinct but closely related species: A. chensiensis , A. ernest",Vulnerable (VU),https://www.treesandshrubsonline.org/articles/abies/abies-recurvata/,Trees and Shrubs Online (IDS)
Abies religiosa,Sacred Fir,Pinaceae,Abies,6,H4,,Mexico,"Forests in montane-tropical to temperate climate zones, from 1200–4100 m asl, occasionally in pure stands but more often with Cupressus lindleyi, Pinus montezumae and P. teocote at lower elevations; P. veitchii, P. hartwegii and Pseudotsuga menziesii var. glauca higher up.",,Least concern (LC),https://www.treesandshrubsonline.org/articles/abies/abies-religiosa/,Trees and Shrubs Online (IDS)
Abies sachalinensis,Sakhalin Fir,Pinaceae,Abies,2-3,H7,,"Japan, Russia","Cool-temperate forests from sea level to c . 1700 m asl. The climate is continental or cold-maritime, with high precipitation including abundant snowfall. Common associates above c . 800 m include Picea jezoensis, P. glehnii, Larix gmelinii var. japonica , and Pinus pumila , while at lower elevations it can occur in pure stands or in mixed-broadleaf forest with Betula ermanii, Acer spp., Quercus m","Several major works (e.g. Farjon ( 1990 , 2017 ) and Debreczy & Rácz ( 2011 )) continue to recognise multiple infraspecific taxa in A. sachalinensis . Here only var. mayriana is recognised: var. gracilis is treated at species rank, and var. nemorensis is synonymised with the type. See discussion below.",Least concern (LC),https://www.treesandshrubsonline.org/articles/abies/abies-sachalinensis/,Trees and Shrubs Online (IDS)
Abies salouenensis,Salween Fir,Pinaceae,Abies,7b,H6,,"China, India","In humid river valleys and gorges on lower mountain slopes, 1600–3100 m asl, forming mixed forests with Pinus yunnanensis and Quercus gujavifolia . At higher elevations on Yulongxue Shan it is replaced by A. forrestii .","Abies salouenensis belongs to a group of closely related firs distributed in western China. These are discussed in the article ‘ Abies chensiensis and its relatives ’. In many western treatments (including New Trees ) A. salouenensis is treated as a subspecies of A. chensiensis , but in the Flora of China , which does not treat any infraspecifics under A. chensiensis , it is treated as a variety o",Least concern (LC),https://www.treesandshrubsonline.org/articles/abies/abies-salouenensis/,Trees and Shrubs Online (IDS)
Abies sibirica,,Pinaceae,Abies,"2 Seed of subsp. semenovii collected by John Silba in the Tian Shan in 1989 is the only introduction of this taxon that we can trace, but material seems to have been disseminated quite widely. For Keith Rushforth (pers. comm. 2007) in Devon it has proved hardier than subsp. sibirica , which has died out for him, subsp. semenovii by contrast having grown, slowly, to almost 2 m (in 15 years). At Howick two specimens planted in 1992 are about 2.5 m tall, and although not damaged by frost, have been reluctant to form good leaders (C. Howick, pers. comm. 2007). There is also a small tree at Wakehurst Place. Abies sibirica subsp. semenovii has longer leaves than the type. Photographed at Chychkyan, Kyrgyzstan, 2nd June 2016. Image Philippe de Spoelberch. "" data-alt=""Abies sibirica subsp. semenovii""> Abies sibirica subsp. semenovii has longer leaves than the type. Photographed at Chychkyan, Kyrgyzstan, 2nd June 2016. Image Philippe de Spoelberch. Abies sibirica subsp. semenovii at Chychkyan, Kyrgyzstan, 2nd June 2016. Image Philippe de Spoelberch. "" data-alt=""Abies sibirica subsp. semenovii""> Abies sibirica subsp. semenovii at Chychkyan, Kyrgyzstan, 2nd June 2016. Image Philippe de Spoelberch. Abies sibirica subsp. semenovii at Chychkyan, Kyrgyzstan. Image Philippe de Spoelberch. "" data-alt=""Abies sibirica subsp. semenovii""> Abies sibirica subsp. semenovii at Chychkyan, Kyrgyzstan. Image Philippe de Spoelberch. subsp. sibirica Common Names Siberian Fir Pichta Sibirskaya Xianbei Lengshan Xinjiang Lengshan Chadsura Sapin de Sibérie Tree to 40 m, to 1 m dbh. Bark smooth, greenish- or grey-brown with numerous resin blisters in young trees, breaking into thick stiff plates in older trees. Crown narrowly pyramidal or conical with tapering spires. Branchlets slender, firm, smooth or faintly ridged, undersides yellowish-grey or pale-brown, then grey with age, upper sides often whitish; short-pubescent at first, soon glabrous. Vegetative buds globose, 2–3 mm long, very resinous. Leaves spirally arranged, 1.3–3 cm × 1–1.5 mm, apex emarginate to acute. Pollen cones crowded on the underside of the shoot, 1.5 cm long, yellow with red microsporophylls. Seed cones subsessile, ovoid-cylindrical, apex obtuse, 5–9.5 × 2.5–3.5 cm, purple-blue when immature, maturing through blue-brown to cinnamon- or greenish- or yellowish-brown when ripe; seed scales broadly flabellate; bracts short and rounded, 0.8 cm long with a tiny cusp, entirely included at maturity. ( Farjon 2017 ; Debreczy & Rácz 2011 ; Grimshaw & Bayton 2009 ).","H7 USDA Hardiness Zone: 2 Seed of subsp. semenovii collected by John Silba in the Tian Shan in 1989 is the only introduction of this taxon that we can trace, but material seems to have been disseminated quite widely. For Keith Rushforth (pers. comm. 2007) in Devon it has proved hardier than subsp. sibirica , which has died out for him, subsp. semenovii by contrast having grown, slowly, to almost 2 m (in 15 years). At Howick two specimens planted in 1992 are about 2.5 m tall, and although not damaged by frost, have been reluctant to form good leaders (C. Howick, pers. comm. 2007). There is also a small tree at Wakehurst Place. Abies sibirica subsp. semenovii has longer leaves than the type. Photographed at Chychkyan, Kyrgyzstan, 2nd June 2016. Image Philippe de Spoelberch. "" data-alt=""Abies sibirica subsp. semenovii""> Abies sibirica subsp. semenovii has longer leaves than the type. Photographed at Chychkyan, Kyrgyzstan, 2nd June 2016. Image Philippe de Spoelberch. Abies sibirica subsp. semenovii at Chychkyan, Kyrgyzstan, 2nd June 2016. Image Philippe de Spoelberch. "" data-alt=""Abies sibirica subsp. semenovii""> Abies sibirica subsp. semenovii at Chychkyan, Kyrgyzstan, 2nd June 2016. Image Philippe de Spoelberch. Abies sibirica subsp. semenovii at Chychkyan, Kyrgyzstan. Image Philippe de Spoelberch. "" data-alt=""Abies sibirica subsp. semenovii""> Abies sibirica subsp. semenovii at Chychkyan, Kyrgyzstan. Image Philippe de Spoelberch. subsp. sibirica Common Names Siberian Fir Pichta Sibirskaya Xianbei Lengshan Xinjiang Lengshan Chadsura Sapin de Sibérie Tree to 40 m, to 1 m dbh. Bark smooth, greenish- or grey-brown with numerous resin blisters in young trees, breaking into thick stiff plates in older trees. Crown narrowly pyramidal or conical with tapering spires. Branchlets slender, firm, smooth or faintly ridged, undersides yellowish-grey or pale-brown, then grey with age, upper sides often whitish; short-pubescent at first, soon glabrous. Vegetative buds globose, 2–3 mm long, very resinous. Leaves spirally arranged, 1.3–3 cm × 1–1.5 mm, apex emarginate to acute. Pollen cones crowded on the underside of the shoot, 1.5 cm long, yellow with red microsporophylls. Seed cones subsessile, ovoid-cylindrical, apex obtuse, 5–9.5 × 2.5–3.5 cm, purple-blue when immature, maturing through blue-brown to cinnamon- or greenish- or yellowish-brown when ripe; seed scales broadly flabellate; bracts short and rounded, 0.8 cm long with a tiny cusp, entirely included at maturity. ( Farjon 2017 ; Debreczy & Rácz 2011 ; Grimshaw & Bayton 2009 ).",131.2,Kyrgyzstan,,,,https://www.treesandshrubsonline.org/articles/abies/abies-sibirica/,Trees and Shrubs Online (IDS)
Abies spectabilis,Webb Fir,Pinaceae,Abies,,H5,,"Afghanistan, China, India, Nepal, Pakistan","In mountains from 1600–4000 m asl, most commonly from c . 2600–3800 m asl on north or east facing slopes, sometimes in pure stands but usually associating with Picea smithiana, Pinus wallichiana , and Juniperus wallichiana . At lower elevations it often associates with broadleaves including Aesculus indica , and Acer, Rhododendron and Quercus spp. At higher elevations it gives way to such species ",,Near threatened (NT),https://www.treesandshrubsonline.org/articles/abies/abies-spectabilis/,Trees and Shrubs Online (IDS)
Abies squamata,Flaky Fir,Pinaceae,Abies,5-7,H7,131.2,China,"Sub-alpine coniferous forests at 3500–4700 m asl, in regions characterised by long, cold winters and short, cool summers, with much precipitation falling as snow. It occurs in pure stands and with A. fargesii, A. recurvata, Larix potaninii, Picea asperata, P. crassifolia, P. linzhiensis, and several Juniperus species. High altitude forms of Betula species are the most common broadleaf associates.",,Vulnerable (VU),https://www.treesandshrubsonline.org/articles/abies/abies-squamata/,Trees and Shrubs Online (IDS)
Abies veitchii,Veitch's Silver Fir,Pinaceae,Abies,,H7,,Japan,"An often dominant component of cool-temperate mixed-coniferous forest at elevations between (1000–)1400–2800 m asl, the climate is characterised by cool summers and cold winters, with year-round precipitation. Common associates include Abies mariesii, Picea jezoensis subsp . hondoensis, Larix kaempferi, Thuja standishii, Pinus parviflora, Betula ermanii and Sorbus commixta. At very high elevations",Rushforth (1987a) pointed out the smiliarities between Abies veitchii var. sikokiana and A. koreana and commented that treating both ‘as subspecies of Veitch Fir would be appropriate’ although no such combinations have yet been made. Krüssmann (1985) discussed Shikoku Fir as a forma under A. koreana . The Shikoku Fir is a relative newcomer to cultivation. It was first recognised as a distinct enti,Least concern (LC),https://www.treesandshrubsonline.org/articles/abies/abies-veitchii/,Trees and Shrubs Online (IDS)
Abies vejarii,Vejar Fir,Pinaceae,Abies,6,H6,131.2,Mexico,"Forests on steep mountain slopes from 2200–3300 m asl, characterised by warm summers and cool, wet winters. At its lower altitudinal limit it occurs in the oak-pine zone with species such as Pinus cembroides, P. estevezii, P. greggii and Pseudotsuga menziesii var. glauca . Higher up its associates include Pinus hartwegii and P. strobiformis .","Martínez published a variety, var. macrocarpa , in 1949, based on trees growing in the northern part of the range. He distinguished it based on larger seed cones (10–15 cm long cf. 6–12 cm) with partially exserted bracts, branchlets puberulent at first ( cf . glabrous), and (in some examples) more glaucous leaves ( Farjon 2017 ; Debreczy & Rácz 2011 ); but there is clearly some overlap in so-calle",Vulnerable (VU),https://www.treesandshrubsonline.org/articles/abies/abies-vejarii/,Trees and Shrubs Online (IDS)
Abies yuanbaoshanensis,Yuanbaoshan Fir,Pinaceae,Abies,6-8,H6,82.0,China,"Cool-temperate mountain forests at 1700–2050 m asl, with high humidity and abundant precipitation including much snow. The most common woody associates include the conifer Tsuga chinensis and members of the Fagaceae including Fagus engleriana . Cephalotaxus latifolia, Podocarpus wangii, and Taxus chinensis are scattered in the forest; the understorey includes a strong sub-tropical element.",,Critically endangered (CR),https://www.treesandshrubsonline.org/articles/abies/abies-yuanbaoshanensis/,Trees and Shrubs Online (IDS)
Abies ziyuanensis,Ziyuan Fir,Pinaceae,Abies,,,98.4,China,"Mixed forests, commonly with Fagus spp., at 1400–1800 m asl in mountains characterised by a cool, very wet climate.",,Critically endangered (CR),https://www.treesandshrubsonline.org/articles/abies/abies-ziyuanensis/,Trees and Shrubs Online (IDS)
Abies × arnoldiana,Cheng Fir,Pinaceae,Abies,5,H7,49.2,China,"Mountain forests, presumably in the transition zone between the parents.","Originally published as a species described from cultivated trees (raised from F 30663, the herbarium specimen of which fits A. salouenensis ) there now seems little doubt that this batch of seeds yielded hybrids with A. forrestii . The name should thus be written as A. × chengii . Several trees in collections now labelled A. × chengii were previously labelled A. chensiensis and A. fargesii , and ",Not evaluated (NE),https://www.treesandshrubsonline.org/articles/abies/abies-x-arnoldiana/,Trees and Shrubs Online (IDS)
Acacia baileyana,Cootamundra Wattle,Fabaceae,Acacia,,,2,Native of New South Wales; introduced about 1888.,,,,https://www.treesandshrubsonline.org/articles/acacia/acacia-baileyana/,Trees and Shrubs Online (IDS)
Acacia dealbata,Silver Wattle,Fabaceae,Acacia,"8–9. Conservation status Not evaluated. Illustration NT7. Described only in 2001, Acacia dealbata subsp. subalpina is of great interest to gardeners in temperate areas, as it represents the highest-altitude provenance of the species. For most practical horticultural purposes it is very similar to typical A. dealbata in physical appearance, although subsp. subalpina is supposed to be shorter and smaller in its parts, but the fact that its range is principally above 700 m in the mountains of southeastern Australia (Kodela & Tindale 2001) is highly significant in terms of its potential extra hardiness. Subsp. subalpina has become widely cultivated, and is freely available in commerce, but in the United Kingdom at least its supposed advantage has yet to be put to the test, and Hogan (2008) has found that other high-altitude forms from mainland Australia are hardier. Its supposedly more compact stature may also be an advantage in smaller gardens, although a specimen in the Oxford Botanic Garden had reached 6 m before it was removed in 2007 (S. Andrews, pers. comm. 2007). Acacia dealbata subsp. subalpina , assessed hardy in USDA Zones 8–9, in dramatic foliage combination with a purple Phormium at Cistus Nursery, Oregon. Image Phytophoto. "" data-alt=""Acacia dealbata subsp. subalpina""> Acacia dealbata subsp. subalpina , assessed hardy in USDA Zones 8–9, in dramatic foliage combination with a purple Phormium at Cistus Nursery, Oregon. Image Phytophoto. <div class=""uk-section uk-section-small uk-section-primary",,16.4,"AUSTRALIA: Australian Capital Territory, New South Wales, Victoria. Habitat Tall, open forest or woodland on mountain ridges, slopes and in gullies with streams. USDA Hardiness Zone 8–9. Conservation status Not evaluated. Illustration NT7. Described only in 2001, Acacia dealbata subsp. subalpina is of great interest to gardeners in temperate areas, as it represents the highest-altitude provenance ","Tall, open forest or woodland on mountain ridges, slopes and in gullies with streams. USDA Hardiness Zone 8–9. Conservation status Not evaluated. Illustration NT7. Described only in 2001, Acacia dealbata subsp. subalpina is of great interest to gardeners in temperate areas, as it represents the highest-altitude provenance of the species. For most practical horticultural purposes it is very similar",,"Not evaluated. Illustration NT7. Described only in 2001, Acacia dealbata subsp. subalpina is of great interest to gardeners in temperate areas, as it represents the highest-altitude provenance of the species. For most practical horticultural purposes it is very similar to typical A. dealbata in physical appearance, although subsp. subalpina is supposed to be shorter and smaller in its parts, but the fact that its range is principally above 700 m in the mountains of southeastern Australia (Kodela & Tindale 2001) is highly significant in terms of its potential extra hardiness. Subsp. subalpina has become widely cultivated, and is freely available in commerce, but in the United Kingdom at least its supposed advantage has yet to be put to the test, and Hogan (2008) has found that other high-altitude forms from mainland Australia are hardier. Its supposedly more compact stature may also be an advantage in smaller gardens, although a specimen in the Oxford Botanic Garden had reached 6 m before it was removed in 2007 (S. Andrews, pers. comm. 2007). Acacia dealbata subsp. subalpina , assessed hardy in USDA Zones 8–9, in dramatic foliage combination with a purple Phormium at Cistus Nursery, Oregon. Image Phytophoto. "" data-alt=""Acacia dealbata subsp. subalpina""> Acacia dealbata subsp. subalpina , assessed hardy in USDA Zones 8–9, in dramatic foliage combination with a purple Phormium at Cistus Nursery, Oregon. Image Phytophoto. <div class=""uk-section uk-section-small uk-section-primary",https://www.treesandshrubsonline.org/articles/acacia/acacia-dealbata/,Trees and Shrubs Online (IDS)
Acacia floribunda,,Fabaceae,Acacia,,,,,,,,https://www.treesandshrubsonline.org/articles/acacia/acacia-floribunda/,Trees and Shrubs Online (IDS)
Acacia genistifolia,,Fabaceae,Acacia,,,,"Native of Tasmania, Victoria, and New South Wales; introduced in 1818.",,,,https://www.treesandshrubsonline.org/articles/acacia/acacia-genistifolia/,Trees and Shrubs Online (IDS)
Acacia longifolia,Sydney Golden Wattle,Fabaceae,Acacia,,,30,"Native of the Australian mainland, and (if interpreted in a wide sense) of Tasmania; introduced in 1792 and ever since a popular cool greenhouse shrub.",,,,https://www.treesandshrubsonline.org/articles/acacia/acacia-longifolia/,Trees and Shrubs Online (IDS)
Acacia melanoxylon,Blackwood,Fabaceae,Acacia,,,120,Native of Tasmania and the southern parts of Australia; introduced from the former in 1808.,,,,https://www.treesandshrubsonline.org/articles/acacia/acacia-melanoxylon/,Trees and Shrubs Online (IDS)
Acacia mucronata,,Fabaceae,Acacia,,,,,,,,https://www.treesandshrubsonline.org/articles/acacia/acacia-mucronata/,Trees and Shrubs Online (IDS)
Acacia obliquinervia,Mountain Hickory Wattle,Fabaceae,Acacia,7-8,,,Australia,Montane forest and woodland between 500 and 1700m,,Not evaluated (NE),https://www.treesandshrubsonline.org/articles/acacia/acacia-obliquinervia/,Trees and Shrubs Online (IDS)
Acacia paradoxa,Kangaroo Thorn,Fabaceae,Acacia,,,,"Native of Australia where it is widespread, although absent from Tasmania; introduced in 1803.",,,,https://www.treesandshrubsonline.org/articles/acacia/acacia-paradoxa/,Trees and Shrubs Online (IDS)
Acacia pataczekii,Pataczek's Wattle,Fabaceae,Acacia,8,,19.7,Australia,Understorey tree in eucalypt forests at about 1400m,,Not evaluated (NE),https://www.treesandshrubsonline.org/articles/acacia/acacia-pataczekii/,Trees and Shrubs Online (IDS)
Acacia pravissima,Ovens Wattle,Fabaceae,Acacia,,,,"Native of Victoria and New South Wales. There is a good example of this acacia at Ilnacullin (Garinish Island), Co. Cork, about 24 ft high. At Malahide Castle, near Dublin, it proved hardy in the winters of 1961–3 and is now some 12 ft high on a garden wall. It is remarkable for",,,,https://www.treesandshrubsonline.org/articles/acacia/acacia-pravissima/,Trees and Shrubs Online (IDS)
Acacia pulchella,,Fabaceae,Acacia,,,,Native of W. Australia in the Swan River region; introduced about 1803.,,,,https://www.treesandshrubsonline.org/articles/acacia/acacia-pulchella/,Trees and Shrubs Online (IDS)
Acacia retinodes,,Fabaceae,Acacia,,,,"Native of Tasmania, Victoria, and S. Australia.",,,,https://www.treesandshrubsonline.org/articles/acacia/acacia-retinodes/,Trees and Shrubs Online (IDS)
Acacia riceana,Rice's Wattle,Fabaceae,Acacia,,,30,"Native of the southern part of Tasmania and described by Sir Joseph Hooker as by far the most beautiful acacia of that island, where it grows on the banks of streams and resembles weeping willow.",,,,https://www.treesandshrubsonline.org/articles/acacia/acacia-riceana/,Trees and Shrubs Online (IDS)
Acacia rubida,Red-stem Wattle,Fabaceae,Acacia,"9. Conservation status Not evaluated. Taxonomic note Acacia rubida is a variable species. Though usually a small tree, it reaches 13 m or more in some parts of Victoria. A dwarf variant (reaching only 1.5 m) with small phyllodes (4–5 cm long) and spreading hairs on its branchlets occurs in parts of New South Wales (Chapman et al. 2001a, 2001b).",,16.4,"AUSTRALIA: Australian Capital Territory, New South Wales, Queensland, Victoria. Habitat Typically near watercourses on a variety of soils including clay and sand, especially in upland areas. USDA Hardiness Zone 9. Conservation status Not evaluated. Taxonomic note Acacia rubida is a variable species. Though usually a small tree, it reaches 13 m or more in some parts of Victoria. A dwarf variant (re","Typically near watercourses on a variety of soils including clay and sand, especially in upland areas. USDA Hardiness Zone 9. Conservation status Not evaluated. Taxonomic note Acacia rubida is a variable species. Though usually a small tree, it reaches 13 m or more in some parts of Victoria. A dwarf variant (reaching only 1.5 m) with small phyllodes (4–5 cm long) and spreading hairs on its branchl","Acacia rubida is a variable species. Though usually a small tree, it reaches 13 m or more in some parts of Victoria. A dwarf variant (reaching only 1.5 m) with small phyllodes (4–5 cm long) and spreading hairs on its branchlets occurs in parts of New South Wales (Chapman et al. 2001a, 2001b).","Not evaluated. Taxonomic note Acacia rubida is a variable species. Though usually a small tree, it reaches 13 m or more in some parts of Victoria. A dwarf variant (reaching only 1.5 m) with small phyllodes (4–5 cm long) and spreading hairs on its branchlets occurs in parts of New South Wales (Chapman et al. 2001a, 2001b).",https://www.treesandshrubsonline.org/articles/acacia/acacia-rubida/,Trees and Shrubs Online (IDS)
Acacia sophorae,,Fabaceae,Acacia,,,,,,,,https://www.treesandshrubsonline.org/articles/acacia/acacia-sophorae/,Trees and Shrubs Online (IDS)
Acacia spectabilis,Glory Wattle,Fabaceae,Acacia,,,19.7,,,,,https://www.treesandshrubsonline.org/articles/acacia/acacia-spectabilis/,Trees and Shrubs Online (IDS)
Acacia ulicifolia,,Fabaceae,Acacia,,,,,,,,https://www.treesandshrubsonline.org/articles/acacia/acacia-ulicifolia/,Trees and Shrubs Online (IDS)
Acacia verticillata,,Fabaceae,Acacia,,,,Native of Australia (Victoria) and Tasmania; introduced by Sir Joseph Banks to Kew in 1780.,,,,https://www.treesandshrubsonline.org/articles/acacia/acacia-verticillata/,Trees and Shrubs Online (IDS)
Acanthoprasium frutescens,Shrubby Horehound,Lamiaceae,Acanthoprasium,8,H4,,"France, Italy",Rocky places in the SW Alps,,Not evaluated (NE),https://www.treesandshrubsonline.org/articles/acanthoprasium/acanthoprasium-frutescens/,Trees and Shrubs Online (IDS)
Acanthus sennii,,Acanthaceae,Acanthus,9,H3,,Ethiopia,"Dry forest, secondary scrub, grassland.",,Not evaluated (NE),https://www.treesandshrubsonline.org/articles/acanthus/acanthus-sennii/,Trees and Shrubs Online (IDS)
Acer ' Mozart',,Sapindaceae,Acer,6-7,H5,,,,,,https://www.treesandshrubsonline.org/articles/acer/acer-mozart/,Trees and Shrubs Online (IDS)
Acer 'Candy Stripe',,Sapindaceae,Acer,,H5,13.1,,,,Not evaluated (NE),https://www.treesandshrubsonline.org/articles/acer/acer-candy-stripe/,Trees and Shrubs Online (IDS)
Acer 'Cascade',,Sapindaceae,Acer,,H5,,,,,,https://www.treesandshrubsonline.org/articles/acer/acer-cascade/,Trees and Shrubs Online (IDS)
Acer 'Esk Flamingo',,Sapindaceae,Acer,,H5,19.7,,,,,https://www.treesandshrubsonline.org/articles/acer/acer-esk-flamingo/,Trees and Shrubs Online (IDS)
Acer 'Gimborn',,Sapindaceae,Acer,6-7,H6,,,,,,https://www.treesandshrubsonline.org/articles/acer/acer-gimborn/,Trees and Shrubs Online (IDS)
Acer 'Gold Coin',,Sapindaceae,Acer,6,H6,,,,"The treatment of this taxon as a cultivar of Acer longipes is likely a hangover from the treatment of van Gelderen et al. (1994) , who included A. amplum as a subspecies of A. longipes.",Not evaluated (NE),https://www.treesandshrubsonline.org/articles/acer/acer-gold-coin/,Trees and Shrubs Online (IDS)
Acer 'Mindavi',,Sapindaceae,Acer,,H5,,,,,Not evaluated (NE),https://www.treesandshrubsonline.org/articles/acer/acer-mindavi/,Trees and Shrubs Online (IDS)
Acer 'Minorient',,Sapindaceae,Acer,,H5,,introduced to commerce in 2010 ( Milan Havlis 2020 ).,,,Not evaluated (NE),https://www.treesandshrubsonline.org/articles/acer/acer-minorient/,Trees and Shrubs Online (IDS)
Acer 'Serpentine',,Sapindaceae,Acer,,H5,,"Introduced to cultivation by W. J. Hooftman in 1976 ( van Gelderen & van Gelderen 1999 ), it is described as a densely branched plant, though becomes leggy in shade.",,,,https://www.treesandshrubsonline.org/articles/acer/acer-serpentine/,Trees and Shrubs Online (IDS)
Acer 'Silver Cardinal',,Sapindaceae,Acer,7-8,H5,,,,,,https://www.treesandshrubsonline.org/articles/acer/acer-silver-cardinal/,Trees and Shrubs Online (IDS)
Acer 'White Tigress',,Sapindaceae,Acer,,H5,26.2,"introduced to the trade in 1995 by the Roslyn Nusery of Dix Hills, New York State ( Jacobson 1996 ).",,,,https://www.treesandshrubsonline.org/articles/acer/acer-white-tigress/,Trees and Shrubs Online (IDS)
Acer acuminatum,Pointed-leaf Maple,Sapindaceae,Acer,5,H6,39.4,"China, India, Nepal, Pakistan","Mixed forests between 2700 and 3100 m asl. Associated species include Acer caesium , Aesculus indica , Abies pindrow, Juglans regia and Prunus cornuta .",,Least concern (LC),https://www.treesandshrubsonline.org/articles/acer/acer-acuminatum/,Trees and Shrubs Online (IDS)
Acer albopurpurascens,,Sapindaceae,Acer,6-7,H4,49.2,Taiwan,"Moist forests and valleys, between 400 and 2000 m asl. Associated species include Alnus formosana , Idesia polycarpa and Quercus spp.","Treated as a synonym of Acer oblongum by van Gelderen, de Jong & Oterdoom (1994) , though Xu et al. (2008 ) consider it distinct and their treatment is followed here.",Least concern (LC),https://www.treesandshrubsonline.org/articles/acer/acer-albopurpurascens/,Trees and Shrubs Online (IDS)
Acer amamiense,Amami Maple,Sapindaceae,Acer,9,H4,19.7,Japan,"Subtropical to warm temperate woodland with a strong maritime influence, occuring between 4 and 40 m asl. Woody associates include Cycas revoluta , Machilus thunbergii, Lagerstroemia subcostata, Fraxinus insularis and Litsea japonica .",,Critically endangered (CR),https://www.treesandshrubsonline.org/articles/acer/acer-amamiense/,Trees and Shrubs Online (IDS)
Acer amplum,,Sapindaceae,Acer,6-7,H5,82.0,China,"Warm temperate and temperate forests and valleys between 1,000 and 2,000 m asl.","Along with its lower taxa, this species was treated as part of a broad interpretation of Acer longipes by van Gelderen et al. (1994) , though as a separate species by Xu et al. (2008) , whose treatment is followed here.",Least concern (LC),https://www.treesandshrubsonline.org/articles/acer/acer-amplum/,Trees and Shrubs Online (IDS)
Acer argutum,Sharp-toothed Maple,Sapindaceae,Acer,4-8,H5,32.8,Japan,"Cool, temperate to subalpine forests, usually in moist areas and along streams, between 800 and 1900 m asl.",,Least concern (LC),https://www.treesandshrubsonline.org/articles/acer/acer-argutum/,Trees and Shrubs Online (IDS)
Acer barbinerve,Bearded Maple,Sapindaceae,Acer,4,H7,39.4,"China, North Korea, South Korea, Russia","Understorey of mixed and coniferous woodlands, between 500 and 2300 m asl. Associated species include other maples Acer pictum , A. pseudosieboldianum , A. tegmentosum and A. ukurunduense, as well as the conifers Larix gmelinii and Picea jezoensis .",,Least concern (LC),https://www.treesandshrubsonline.org/articles/acer/acer-barbinerve/,Trees and Shrubs Online (IDS)
Acer binzayedii,,Sapindaceae,Acer,,,,,,,,https://www.treesandshrubsonline.org/articles/acer/acer-binzayedii/,Trees and Shrubs Online (IDS)
Acer buergerianum,Trident Maple,Sapindaceae,Acer,5,H6,32.8,"China, Taiwan","Mixed forests, from sea level 1500 m asl.","Aside from the nominate variety, five others are treated in the Flora of China ( Xu et al. 2008 ): formosanum , horizontale , jiujiangense , kaiscianense and yentangense . However, the placement of var. formosanum has been reconsidered by Tzeng & Huang (2009) , who concluded that this taxon is better considered part of A. albopurpurascens (q.v.). Var. ningpoense , included by van Gelderen, de Jong",Least concern (LC),https://www.treesandshrubsonline.org/articles/acer/acer-buergerianum/,Trees and Shrubs Online (IDS)
Acer caesium,Blue Maple,Sapindaceae,Acer,6-7,H6,82.0,"China, India, Nepal, Pakistan",Temperate and alpine forests between 2000 and 3700 m asl.,"The distinction between the typical subspecies and subsp. giraldii is not always distinct and treatment at the rank of subspecies seems more appropriate rather than at species rank, as preferred by some authors (e.g. Rushforth 1999 and as formerly treated in Bean (1976 )). However, Xu et al. (2008) saw no sufficient distinction separating the two at all and treated both taxa within a broader inter",Least concern (LC),https://www.treesandshrubsonline.org/articles/acer/acer-caesium/,Trees and Shrubs Online (IDS)
Acer calcaratum,,Sapindaceae,Acer,9-10,H2,23.0,"Myanmar, China, Thailand, Vietnam",Moist forests along water courses between 1200 and 2400 m asl.,,Vulnerable (VU),https://www.treesandshrubsonline.org/articles/acer/acer-calcaratum/,Trees and Shrubs Online (IDS)
Acer campbellii,Campbell's Maple,Sapindaceae,Acer,7-8,H4,,"Bhutan, Myanmar, China, India, Nepal, Vietnam",Mixed forests between 1800 and 3700 m asl.,"The taxonomy of Acer campbellii and its relatives in van Gelderen et al. ’s (1994) Series Sinensia has been much confused and a systematic study is required to satisfactorily resolve the group. While van Gelderen et al. (1994) treated A. campbellii as a broad species comprising five subspecies, the Flora of China account ( Xu et al. 2008 ) treated these as distinct species (reducing subsp. chekian",Least concern (LC),https://www.treesandshrubsonline.org/articles/acer/acer-campbellii/,Trees and Shrubs Online (IDS)
Acer campestre,Field Maple,Sapindaceae,Acer,3-5,H6,16.4,"Albania, Algeria, Andorra, Armenia, Austria, Azerbaijan, Belarus, Belgium, Bosnia and Herzegovina, Bulgaria, Croatia, Czechia, Denmark, France, Georgia, Germany, Greece, Hungary, Iran, Ireland, Italy, Liechtenstein, Luxembourg, North Macedonia, Moldova, Monaco, Montenegro, Netherlands, Poland, Portugal, Romania, Russia, San Marino, Serbia, Slovakia, Slovenia, Spain, Sweden, Switzerland, Tunisia, T","Mesophilic mixed and Quercus woodlands, 0–1600 m asl.",,Least concern (LC),https://www.treesandshrubsonline.org/articles/acer/acer-campestre/,Trees and Shrubs Online (IDS)
Acer capillipes,Ashiboso-urinoki,Sapindaceae,Acer,5-6,H6,,Japan,"Temperate, deciduous forests between 600 and 1000 m asl.",,Least concern (LC),https://www.treesandshrubsonline.org/articles/acer/acer-capillipes/,Trees and Shrubs Online (IDS)
Acer cappadocicum,Cappadocian Maple,Sapindaceae,Acer,6-7,H6,,"Armenia, Azerbaijan, Bhutan, China, Georgia, India, Iran, Nepal, Pakistan, Türkiye",Temperate mixed forests up to 3000 m asl.,"As treated by van Gelderen et al. (1994) , Acer cappadocicum comprised four subspecies: subsp. cappadocicum, subsp. divergens, subsp. lobelii and subsp. sinicum, the latter also including its variety tricaudatum. Here only the Chinese subsp. sinicum is treated within A. cappadocicum , with var. tricaudatum treated at specific rank, as A. shenkanense. This treatment of the Chinese taxa follows Xu e",Least concern (LC),https://www.treesandshrubsonline.org/articles/acer/acer-cappadocicum/,Trees and Shrubs Online (IDS)
Acer carpinifolium,Hornbeam Maple,Sapindaceae,Acer,4,H6,33.8,Japan,"Temperate deciduous forests, usually along streams, between 200 and 1450 m asl. Associated species include Acer capillipes , A. japonicum , A. micranthum, A. sieboldianum , Alnus firma , Betula grossa , Carpinus japonica , Fagus japonica , Larix kaempferi , Pterostyrax hispida , Stewartia monadelpha , Tilia japonica , Tsuga sieboldii , Clethra barbinervis , Hydrangea paniculata , Lindera umbellata",,Least concern (LC),https://www.treesandshrubsonline.org/articles/acer/acer-carpinifolium/,Trees and Shrubs Online (IDS)
Acer caudatum,,Sapindaceae,Acer,4,H5,32.8,"Bhutan, Myanmar, China, India, Nepal","Alpine forests, between 1700 and 4000 m asl.",,Least concern (LC),https://www.treesandshrubsonline.org/articles/acer/acer-caudatum/,Trees and Shrubs Online (IDS)
Acer ceriferum,,Sapindaceae,Acer,5. Conservation status Not evaluated. Illustration NT71. Cross-reference K100. Taxonomic note Acer robustum Pax is a later homonym of A. robustum Opiz and must be replaced by the unfamiliar A. ceriferum (Xu et al. 2008).,,,"CHINA: Anhui, southern Gansu, Henan, western Hubei, southern Shaanxi, Shanxi, Sichuan, Zhejiang. Habitat Forests between 700 and 2000 m asl. USDA Hardiness Zone 5. Conservation status Not evaluated. Illustration NT71. Cross-reference K100. Taxonomic note Acer robustum Pax is a later homonym of A. robustum Opiz and must be replaced by the unfamiliar A. ceriferum (Xu et al. 2008).",Forests between 700 and 2000 m asl. USDA Hardiness Zone 5. Conservation status Not evaluated. Illustration NT71. Cross-reference K100. Taxonomic note Acer robustum Pax is a later homonym of A. robustum Opiz and must be replaced by the unfamiliar A. ceriferum (Xu et al. 2008).,Acer robustum Pax is a later homonym of A. robustum Opiz and must be replaced by the unfamiliar A. ceriferum (Xu et al. 2008).,Not evaluated. Illustration NT71. Cross-reference K100. Taxonomic note Acer robustum Pax is a later homonym of A. robustum Opiz and must be replaced by the unfamiliar A. ceriferum (Xu et al. 2008).,https://www.treesandshrubsonline.org/articles/acer/acer-ceriferum/,Trees and Shrubs Online (IDS)
Acer chapaense,,Sapindaceae,Acer,8-9,H5,,"China, Vietnam","Broadleaved, mesic forest between 1600 and 1800 m asl.","Xu et al. (2008) treat this taxon as a synonym of Acer amplum subsp. bodinieri . However, it is treated as distinct here until further information to indicate otherwise is available. van Gelderen et al. (1994) included it within Section Palmata Series Sinensia, though this confusion was swiftly resolved by Rushforth (1995) .",Not evaluated (NE),https://www.treesandshrubsonline.org/articles/acer/acer-chapaense/,Trees and Shrubs Online (IDS)
Acer chienii,,Sapindaceae,Acer,8-9,H4,,"Myanmar, China, India",Mixed forests between 2200 and 3100 m asl.,,Least concern (LC),https://www.treesandshrubsonline.org/articles/acer/acer-chienii/,Trees and Shrubs Online (IDS)
Acer circinatum,Vine Maple,Sapindaceae,Acer,4,H6,32.8,"Canada, United States","Moist to wet areas, in forest understorey where light reaches the forest floor, and sometimes in open areas. Often forming suckering thickets covered with epiphytes. Occuring at low to mid elevations up to 2000 m asl.",,Least concern (LC),https://www.treesandshrubsonline.org/articles/acer/acer-circinatum/,Trees and Shrubs Online (IDS)
Acer cissifolium,Vine-leaved Maple,Sapindaceae,Acer,5-8,H6,42.7,Japan,Deciduous forests between 200 and 1300 m asl.,,Least concern (LC),https://www.treesandshrubsonline.org/articles/acer/acer-cissifolium/,Trees and Shrubs Online (IDS)
Acer cordatum,,Sapindaceae,Acer,8-9,H3,42.7,China,Forest in valleys between 200 and 1200 m asl.,"Acer cordatum was included in Section Palmata Series Penninervia by de Jong (1976) in his systematic treatment of the genus, though is now included in Sect. Pentaphylla Ser. Trifida ( Li et al. 2019 ). At species level, Flora of China ( Xu et al. 2008 ) (followed here) recognises var. dimorphifolium (Metcalf) Y.S.Chen, with two- or three-lobed leaves. In Maples of the World ( van Gelderen, de Jong",Least concern (LC),https://www.treesandshrubsonline.org/articles/acer/acer-cordatum/,Trees and Shrubs Online (IDS)
Acer coriaceifolium,,Sapindaceae,Acer,8-9,H3,49.2,China,Forest between 1500 and 2500 m asl.,,Least concern (LC),https://www.treesandshrubsonline.org/articles/acer/acer-coriaceifolium/,Trees and Shrubs Online (IDS)
Acer crataegifolium,Hawthorn-leaved Maple,Sapindaceae,Acer,5,H6,23.0,Japan,"Temperate, deciduous forests, often in open places and along streams between 200 and 1100 m asl.","Var. macrophyllum is recognised by van Gelderen et al . (1994) , who describe it as faster growing than the typical variety, with leaves at least twice as large (and up to 15 cm long!). This variety is not, however, recognised by Ogata (1999) , who includes no lower taxa. His treatment is followed here.",Least concern (LC),https://www.treesandshrubsonline.org/articles/acer/acer-crataegifolium/,Trees and Shrubs Online (IDS)
Acer davidii,,Sapindaceae,Acer,6-7,H5,55.8,"Myanmar, China",Temperate mixed forests between 1000 and 3000 m asl.,,Least concern (LC),https://www.treesandshrubsonline.org/articles/acer/acer-davidii/,Trees and Shrubs Online (IDS)
Acer diabolicum,Devil's Maple,Sapindaceae,Acer,5,H6,59.1,Japan,"Temperate deciduous forests, particularly in open areas, between 400 and 1300 m asl.","A form, f. purpurascens , named for the colour of its new foliage and shoots, rather than characters of the flowers as sometimes seen, has long been disregarded as taxonomically distinct and is thus treated in synonymy here. The name has been used in horticulture for both male and female plants ( Bean 1976a ).",Least concern (LC),https://www.treesandshrubsonline.org/articles/acer/acer-diabolicum/,Trees and Shrubs Online (IDS)
Acer distylum,Lime-leaved Maple,Sapindaceae,Acer,6,H5,39.4,Japan,On moderately moist and fertile soils in temperate deciduous forests between 700 and 1600 m.,,Least concern (LC),https://www.treesandshrubsonline.org/articles/acer/acer-distylum/,Trees and Shrubs Online (IDS)
Acer divergens,,Sapindaceae,Acer,5-6,H6,32.8,Türkiye,Dry and sunny slopes along watercourses between 400 and 1500 m asl.,"This species is treated as a subsp. of Acer cappadocicum by van Gelderen et al. (1994) . The treatment at specific rank follows Yaltirik (1967) , who also includes two varieties within it, the nominate variety, with 5-lobed leaves with truncate bases, and var. trilobum Yalt, with 3-lobed leaves with rounded bases. It is part of the A. cappadocicum complex, along with that species (including subsp.",Vulnerable (VU),https://www.treesandshrubsonline.org/articles/acer/acer-divergens/,Trees and Shrubs Online (IDS)
Acer duplicatoserratum,,Sapindaceae,Acer,"6. Conservation status Vulnerable, due to overharvesting and poor regeneration. Cross-reference K90 (as A. palmatum var. pubescens ). Taxonomic note Acer duplicatoserratum var. chinense C.S. Chang occurs in mainland China (Anhui, Fujian, Guizhou, southern Henan, Hubei, Hunan, Jiangsu, Jiangxi, Shandong, Zhejiang); the petioles are pubescent when young, but later become glabrous (van Gelderen et al. 1994, Xu et al. 2008).",,,"TAIWAN. Habitat Deciduous forest between 1000 and 2000 m asl. USDA Hardiness Zone 6. Conservation status Vulnerable, due to overharvesting and poor regeneration. Cross-reference K90 (as A. palmatum var. pubescens ). Taxonomic note Acer duplicatoserratum var. chinense C.S. Chang occurs in mainland China (Anhui, Fujian, Guizhou, southern Henan, Hubei, Hunan, Jiangsu, Jiangxi, Shandong, Zhejiang); th","Deciduous forest between 1000 and 2000 m asl. USDA Hardiness Zone 6. Conservation status Vulnerable, due to overharvesting and poor regeneration. Cross-reference K90 (as A. palmatum var. pubescens ). Taxonomic note Acer duplicatoserratum var. chinense C.S. Chang occurs in mainland China (Anhui, Fujian, Guizhou, southern Henan, Hubei, Hunan, Jiangsu, Jiangxi, Shandong, Zhejiang); the petioles are p","Acer duplicatoserratum var. chinense C.S. Chang occurs in mainland China (Anhui, Fujian, Guizhou, southern Henan, Hubei, Hunan, Jiangsu, Jiangxi, Shandong, Zhejiang); the petioles are pubescent when young, but later become glabrous (van Gelderen et al. 1994, Xu et al. 2008).","Vulnerable, due to overharvesting and poor regeneration. Cross-reference K90 (as A. palmatum var. pubescens ). Taxonomic note Acer duplicatoserratum var. chinense C.S. Chang occurs in mainland China (Anhui, Fujian, Guizhou, southern Henan, Hubei, Hunan, Jiangsu, Jiangxi, Shandong, Zhejiang); the petioles are pubescent when young, but later become glabrous (van Gelderen et al. 1994, Xu et al. 2008).",https://www.treesandshrubsonline.org/articles/acer/acer-duplicatoserratum/,Trees and Shrubs Online (IDS)
Acer elegantulum,,Sapindaceae,Acer,7-8,H4,49.2,China,Montane forest between 200 and 1400 m asl.,"Included by van Gelderen et al. (1994) Acer elegantulum var. macrurum W.P. Fang & P.L. Chiu has smaller samaras (1–1.5 cm long), though this taxon is treated as a synonym by Xu et al. (2008) .",Least concern (LC),https://www.treesandshrubsonline.org/articles/acer/acer-elegantulum/,Trees and Shrubs Online (IDS)
Acer erianthum,Woolly-flowered Maple,Sapindaceae,Acer,6-7,H7,49.2,China,Mixed forests between 1000 and 2300 m asl.,,Least concern (LC),https://www.treesandshrubsonline.org/articles/acer/acer-erianthum/,Trees and Shrubs Online (IDS)
Acer fargesii,,Sapindaceae,Acer,,,,"Native of Hupeh and Szechwan, China; introduced to the Coombe Wood nursery by Wilson in 1902.",,,,https://www.treesandshrubsonline.org/articles/acer/acer-fargesii/,Trees and Shrubs Online (IDS)
Acer fenzelianum,Fenzel's Maple,Sapindaceae,Acer,9-10,H3,65.6,"China, Vietnam",Forests and valleys between 1100 and 1700 m asl.,,Vulnerable (VU),https://www.treesandshrubsonline.org/articles/acer/acer-fenzelianum/,Trees and Shrubs Online (IDS)
Acer flabellatum,,Sapindaceae,Acer,7-8,H4,,"Myanmar, China",Mixed forests between 800 and 3500 m asl.,"This species was treated as part of A. campbellii , at subpecific rank, by van Gelderen et al. (1994) , though as a species by Xu et al. (2008 ), whose treatment of the A. campbellii complex is followed here. A. flabellatum differs from A. campbellii in its serrate, rather than serrulate leaf margins, while its flowers have a glarbrous disk and ovary, which in A. campbelllii are pubescent.",Least concern (LC),https://www.treesandshrubsonline.org/articles/acer/acer-flabellatum/,Trees and Shrubs Online (IDS)
Acer floridanum,Florida Maple,Sapindaceae,Acer,5,H6,,United States,"Moist rich soils, along river or stream banks and in wet woodlands. Compared with A. saccharum it is more likely to be an understory species.","Prior to the 1940s Florida Maple was referred to as Acer floridanum , but in recent decades, where treated at specific rank, the given name has often been A. barbatum Michx. (e.g. Duncan & Duncan 1988 ; Elias 1980 ; Lance 2004 ). This situation occurred as a result of a re-examination of material by M.L. Fernald in preparation for his (then) forthcoming Gray’s Manual (1950), as elucidated by Ward ",Least concern (LC),https://www.treesandshrubsonline.org/articles/acer/acer-floridanum/,Trees and Shrubs Online (IDS)
Acer forrestii,,Sapindaceae,Acer,6-7,H6,55.8,China,Temperate mixed forests and valleys between 3000 and 3800 m.,"The taxonomic position of Acer forrestii has long been a source of debate among acerologists. Treated as subspecies of A. pectinatum by van Gelderen et al. (1994) , various authors have also debated its affinity to the taxon treated here as A. laxiflorum , which in turn sits within the broader complex of species allied to A. pectinatum. A comprehensive molecular investigation is needed to resolve ",Least concern (LC),https://www.treesandshrubsonline.org/articles/acer/acer-forrestii/,Trees and Shrubs Online (IDS)
Acer fulvescens,,Sapindaceae,Acer,6-7,H6,65.6,China,Temperate forests between 1800 and 3200 m asl.,"This species was treated as a synonym of Acer longipes by van Gelderen et al. (1994) , though as distinct by Xu et al. (2008) . The treatment of the latter authors is followed here. A. fulvescens subsp. pentalobum , under which collections such as SICH 0731 may be found growing, is a synonym of A. cappadocicum subsp. sinicum ( Xu et al. 2008) , rather than A. longipes, as treated by van Gelderen e",Least concern (LC),https://www.treesandshrubsonline.org/articles/acer/acer-fulvescens/,Trees and Shrubs Online (IDS)
Acer glabrum,Rocky Mountain Maple,Sapindaceae,Acer,4-8,H5,26.2,"Canada, Mexico, United States","Generally on extremely well-drained soils and screes in moist habitats, or areas where snow melt or mountain streams contribute to soil moisture for at least part of the growing season. In xeric areas, the species tends to grow near mountain streams, or in areas receiving appreciable snow and convectional summer rainfall. In the northern parts of the range it is commonly found as an understory pla","Taxonomic treatments of Acer glabrum have varied over time, with authors often adopting significantly different approaches in their interpretations of the species. Numerous taxa have been described at lower ranks based on morphology and geography, often with little agreement between treatments ( Justice 1995 ). Most recently, van Gelderen et al. (1994) treated eight infraspecifc taxa within the sp",Least concern (LC),https://www.treesandshrubsonline.org/articles/acer/acer-glabrum/,Trees and Shrubs Online (IDS)
Acer granatense,Spanish Maple,Sapindaceae,Acer,6-7,H5,39.4,"Morocco, Spain",North facing slopes and rocky areas between 190 and 2000 m asl.,"This species was treated as Acer opalus subsp. hispanicum by van Gelderen et al. (1994) , though it appears distinct from A. opalus and likely closer to A. hyrcanum than to A. opalus. While the oldest name listed at species rank in its synonomy in van Gelderen et al. (1994) is A. hispanicum Pourret, this is in fact referable to A. opalus rather than this taxon, leaving A. granatense as the first n",Least concern (LC),https://www.treesandshrubsonline.org/articles/acer/acer-granatense/,Trees and Shrubs Online (IDS)
Acer grandidentatum,Bigtooth Maple,Sapindaceae,Acer,4,H7,49.2,"Mexico, United States","Moist sites including wet canyons and valleys, stream banks between 1200 m and 2800 m asl. Associated species include Abies concolor , Fraxinus velutina , Juglans major , Pinus ponderosa , Platanus wrightii , Pseudotsuga menziesii var. glauca and Quercus spp.",,Least concern (LC),https://www.treesandshrubsonline.org/articles/acer/acer-grandidentatum/,Trees and Shrubs Online (IDS)
Acer griseum,Paperbark Maple,Sapindaceae,Acer,4,H5,65.6,China,"Mixed forests at 1500–2000 m asl, often on rock outcrops on steep slopes. Associated species include Acer davidii , Carpinus cordata , C. turczaninovii , Cornus kousa , and Quercus aliena subsp. acuteserrata .",,Endangered (EN),https://www.treesandshrubsonline.org/articles/acer/acer-griseum/,Trees and Shrubs Online (IDS)
Acer heldreichii,Greek Maple,Sapindaceae,Acer,6-7,H5,82.0,"Albania, Bosnia and Herzegovina, Bulgaria, Greece, North Macedonia, Montenegro, Serbia",Mixed deciduous forests and alpine habitats between 900 and 2200 m asl.,,Least concern (LC),https://www.treesandshrubsonline.org/articles/acer/acer-heldreichii/,Trees and Shrubs Online (IDS)
Acer henryi,,Sapindaceae,Acer,5,H7,32.8,China,Mixed forests between 500 and 1500 m asl.,,Least concern (LC),https://www.treesandshrubsonline.org/articles/acer/acer-henryi/,Trees and Shrubs Online (IDS)
Acer hookeri,,Sapindaceae,Acer,,,50,"Native of the E. Himalaya at altitudes of 9,000 to 10,000 ft.",,,,https://www.treesandshrubsonline.org/articles/acer/acer-hookeri/,Trees and Shrubs Online (IDS)
Acer hyrcanum,,Sapindaceae,Acer,5-6,H5,82.0,"Albania, Azerbaijan, Bosnia and Herzegovina, Bulgaria, Georgia, Greece, Iran, Lebanon, North Macedonia, Montenegro, Serbia, Syria, Türkiye, Ukraine","Mixed deciduous and conifer forest, usually on calcareous substrates, between c . 1000 and 2400 m asl.",,Least concern (LC),https://www.treesandshrubsonline.org/articles/acer/acer-hyrcanum/,Trees and Shrubs Online (IDS)
Acer japonicum,Full moon maple,Sapindaceae,Acer,,,50,"Native of Japan. It is best known in cultivation by its garden varieties, of which the following are the commonest: From the Supplement (Vol. V) For the cultivars of this species, see Vertrees, op. cit., pp. 134–41. cv. ‘ Aconitifolium ’. – It has frequently been questioned wheth",,,,https://www.treesandshrubsonline.org/articles/acer/acer-japonicum/,Trees and Shrubs Online (IDS)
Acer kawakamii,Kawakami Maple,Sapindaceae,Acer,8-9,H3,39.4,Taiwan,Montane forest between 650 and 2500 m asl.,"Acer kawakamii has been widely referred to as A. caudatifolium in recent decades (e.g. van Gelderen et al. (1994) , Xu et al. (2008 ) and Grimshaw & Bayton (2009 )) and is commonly found in collections growing under both these names. However, A. kawakamii is the older name and takes priority and is thus used here. The confusion appears to be a result of descriptions of A. kawakamii being published",Least concern (LC),https://www.treesandshrubsonline.org/articles/acer/acer-kawakamii/,Trees and Shrubs Online (IDS)
Acer komarovii,,Sapindaceae,Acer,5,H5,16.4,"China, North Korea, Russia",Mixed alpine forests from 300 to 1200 m asl.,"This species was treated as a subspecies of Acer tschonoskii by van Gelderen et al. (1994) , as A. tschonoskii subsp. koreanum .",Least concern (LC),https://www.treesandshrubsonline.org/articles/acer/acer-komarovii/,Trees and Shrubs Online (IDS)
Acer laevigatum,,Sapindaceae,Acer,,,,,,,,https://www.treesandshrubsonline.org/articles/acer/acer-laevigatum/,Trees and Shrubs Online (IDS)
Acer laurinum,,Sapindaceae,Acer,8-9,H3,,"Myanmar, Cambodia, China, India, Indonesia, Laos, Malaysia, Philippines, Thailand, Vietnam",Evergreen forest between 700 and 2500 m asl.,See also Acer pinnatinervium .,Least concern (LC),https://www.treesandshrubsonline.org/articles/acer/acer-laurinum/,Trees and Shrubs Online (IDS)
Acer laxiflorum,,Sapindaceae,Acer,6-7,H6,49.2,China,Temperate mixed forests between 1800 and 2500 m asl.,"Treated as a subspecies of Acer pectinatum by van Gelderen et al. (1994) , with four apparent varieties ( dolichophyllum, integrifolium, longilobum and longiphyllum ) all since reduced to synonymy, this taxon sits more comfortably as a separate species as treated by Xu et al. (2008) whose treatment we follow for Trees and Shrubs Online . See also the taxonomic note for A. pectinatum .",Least concern (LC),https://www.treesandshrubsonline.org/articles/acer/acer-laxiflorum/,Trees and Shrubs Online (IDS)
Acer leucoderme,Chalk Maple,Sapindaceae,Acer,5-8,H7,49.2,United States,"Moist woodlands, paticularly along streams, river banks and in ravines.",,Least concern (LC),https://www.treesandshrubsonline.org/articles/acer/acer-leucoderme/,Trees and Shrubs Online (IDS)
Acer lobelii,Lobel's Maple,Sapindaceae,Acer,5-7,H6,65.6,Italy,Mountain woods and valleys between 200 and 1750 m asl.,"Treated as a subspecies of Acer cappadocicum by van Gelderen et al. (1994) , it is treated as distinct by Guarino et al. (2017) , whose treatment is followed here. It is part of the A. cappadocicum complex, along with A. divergens and A. shenkanense .",Least concern (LC),https://www.treesandshrubsonline.org/articles/acer/acer-lobelii/,Trees and Shrubs Online (IDS)
Acer longipes,,Sapindaceae,Acer,6-7,H5,32.8,China,"Mixed forest in valleys, 300–1650 m asl.","van Gelderen et al. (1994) treated Acer fulvescens as a synonym of the earlier A. longipes, though Xu et al. (2008) , whose treatment we follow here, considered them separate species. See below for further context. Xu et al. ’s (2008) treatment of A. longipes also contains no lower taxa. Its subspecies as circumscribed by van Gelderen et al. (1994) are treated within A. amplum. See the account of ",Least concern (LC),https://www.treesandshrubsonline.org/articles/acer/acer-longipes/,Trees and Shrubs Online (IDS)
Acer macrophyllum,Oregon Maple,Sapindaceae,Acer,6-7,H6,157.5,"Canada, United States","Conifererous, mixed evergreen and hardwood forests along coastlines, on slopes and in riparian areas, favouring moist soils but also occurring on drier sites. It may occur in pure stands, but more commonly in association with trees including Acer circinatum, Pseudotsuga menziesii, Salix spp., Sequoiadendron giganteum, Sequioa sempervirens and Quercus spp. It grows at altitude between 0 and 1000 m ",,Least concern (LC),https://www.treesandshrubsonline.org/articles/acer/acer-macrophyllum/,Trees and Shrubs Online (IDS)
Acer mandshuricum,Manchurian Maple,Sapindaceae,Acer,4-7,H7,65.6,"China, North Korea, South Korea, Russia","Mixed and broadleaf forests, mostly on edges and in open areas, between 500 and 2300 m asl. Associated species include Betula schmidtii and B. davurica , Viburnum wrightii , Magnolia sieboldii , Rhododendron schlippenbachii , R. brachycarpum , Acer pseudosieboldianum , A. ukurunduense , Astilbe koreana , and Hepatica asiatica .",,Least concern (LC),https://www.treesandshrubsonline.org/articles/acer/acer-mandshuricum/,Trees and Shrubs Online (IDS)
Acer maximowiczianum,Nikko Maple,Sapindaceae,Acer,4-7,H7,65.6,"China, Japan","In China, in mixed forests between 1000 and1800 m asl; in Japan, in deciduous forests between 500 and 1500 m asl.","Confusion around the correct name of this species is long-standing, with the name Acer nikoense persisting in gardens, and erroneously used in the 2008 account of the species in the Flora of China ( Xu et al . 2008 ). The species had indeed been known under that name for 100 years before Murray (1969) asserted that A. maximowiczianum was the correct name. His treatment was followed by de Jong (197",Least concern (LC),https://www.treesandshrubsonline.org/articles/acer/acer-maximowiczianum/,Trees and Shrubs Online (IDS)
Acer maximowiczii,,Sapindaceae,Acer,6-7,H6,39.4,China,Mixed forests and valleys between 1800 and 2500 m.,,Least concern (LC),https://www.treesandshrubsonline.org/articles/acer/acer-maximowiczii/,Trees and Shrubs Online (IDS)
Acer metcalfii,,Sapindaceae,Acer,8-9,H4,32.8,China,Mixed forests between 800 and 1500 m asl.,"The taxonomic position of Acer metcalfii is still disputed. It is treated as a subspecies of Acer sikkimense by van Gelderen et al. (1994) , while others have noted its affinity to A. davidii subsp. grosseri (e.g. Chang in Xu et al. (2008) , and Rehder (1933) ). Further study is required and for the time being it seems prudent to treat this taxon as a species in its own right until such time as mo",Least concern (LC),https://www.treesandshrubsonline.org/articles/acer/acer-metcalfii/,Trees and Shrubs Online (IDS)
Acer miaotaiense,,Sapindaceae,Acer,5,H6,82.0,China,Temperate mixed forests between 700 and 1600 m asl.,"The species was included as a subspecies of Acer miyabei by van Gelderen et al. (1994) but at species rank by Xu et al. (2008) , whose treatment is followed here. A. yangjuechi, treated as a synonym here and representing the eastern most end of the species’ range as currently understood, is considered a distinct species by some authors, and this interpretation may become accepted in the future.",Data deficient (DD),https://www.treesandshrubsonline.org/articles/acer/acer-miaotaiense/,Trees and Shrubs Online (IDS)
Acer micranthum,,Sapindaceae,Acer,6-7,H6,,Japan,"Cool temperate forests, often found on higher mountain ridges.",,Least concern (LC),https://www.treesandshrubsonline.org/articles/acer/acer-micranthum/,Trees and Shrubs Online (IDS)
Acer miyabei,Miyabe's Maple,Sapindaceae,Acer,4-5,H6,82.0,Japan,"Swampy, flat places, including streamsides, within temperate deciduous forests.",,Vulnerable (VU),https://www.treesandshrubsonline.org/articles/acer/acer-miyabei/,Trees and Shrubs Online (IDS)
Acer monspessulanum,Montpelier Maple,Sapindaceae,Acer,6-7,H6,45.9,"Albania, Andorra, Armenia, Azerbaijan, Bosnia and Herzegovina, Bulgaria, Croatia, France, Georgia, Germany, Greece, Iran, Iraq, Israel, Italy, Lebanon, North Macedonia, Montenegro, Morocco, Portugal, Romania, Serbia, Slovenia, Spain, Switzerland, Tunisia, Türkiye, Ukraine",Mixed forests between 300 and 2000 m asl.,"Confusingly, the classical name ‘Iberia’ refers both to Spain and Portugal (the modern Iberia) and to a region of the Caucasus centred on modern Georgia ( Stearn 1983 ). This eastern variant was introduced from Iran, by Ann Ala and Roy Lancaster in 1972, where it grew as a small 6 m tree in rich woody vegetation on the northern slopes of the Elburz mountains (R. Lancaster, pers. comm. 2007). Sever",Least concern (LC),https://www.treesandshrubsonline.org/articles/acer/acer-monspessulanum/,Trees and Shrubs Online (IDS)
Acer morifolium,Mulberry-leaf Maple,Sapindaceae,Acer,7-8,H4,,Japan,"Warm, temperate forest.",,Least concern (LC),https://www.treesandshrubsonline.org/articles/acer/acer-morifolium/,Trees and Shrubs Online (IDS)
Acer negundo,Box Elder,Sapindaceae,Acer,"4 A selection with pubescent branchlets and leaves with five, usually narrow leaflets with acuminate tips ( van Gelderen et al. 1994 ). It was introduced by Dieck, and no longer in commerce by 1994 ( van Gelderen et al. 1994 ). 'Auratum' Synonyms / alternative names Acer negundo 'Aureum' Acer negundo 'Yellowleaf' Awards AM RHS Hardiness Rating: H6 USDA Hardiness Zone: 5 Described by Bean (1976) as ‘one of the best of golden-coloured trees’, ‘Auratum’ has glabrous, bloomed branchlets and yellow leaves, turning towards green in late summer and autumn ( van Gelderen et al. 1994 ). It was raised by Späth’s nurseries in 1891, from a sport of ‘Aureo-limbatum’ ( Bean 1976 ), a cultivar now lost to cultivation ( van Gelderen et al. 1994 ). For a while ‘Auratum’ was widely thought to be the same as ‘Odessanum’, though Krüssmann, in Handbuch der Laubgehölze noted that this was not so ( Bean 1976 ; van Gelderen et al. 1994 ). It has reportedly taken the place of ‘Lutescens’, which was very rare by 1994 ( van Gelderen et al. 1994 ). Acer negundo 'Auratum' at Fanhams Hall, Hertfordshire, UK; 21st June 2014. Image Owen Johnson. "" data-alt=""Acer negundo 'Auratum'""> Acer negundo 'Auratum' at Fanhams Hall, Hertfordshire, UK; 21st June 2014. Image Owen Johnson. 'Aureomarginatum' Synonyms / alternative names Acer negundo 'Gold Edge' RHS Hardiness Rating: H6 USDA Hardiness Zone: 4 A large shrub or small tree with leaf margins creamy yellow, though prone to reversion like most variegated forms of Acer negundo ( van Gelderen et al. 1994 ; van Gelderen & van Gelderen 1999 ). It may also have leaves entirely yellow ( van Gelderen et al. (1994 ). It was introduced by Dieck sometime before 1885 ( Bean 1976 ). van Gelderen et al. (1994) suggest that plants named ‘Aureonotatum’ and ‘Aureomaculatum’ may be best placed either here or under ‘Aureovariegatum’. The latter is also not always distinguished from this cultivar ( van Gelderen et al. 1994 ). 'Aureovariegatum' Synonyms / alternative names Acer negundo 'Aureo-vittatum' Acer negundo 'Goldspot' RHS Hardiness Rating: H6 USDA Hardiness Zone: 4 A clone with yellow-spotted and somewhat yellow-margined leaves, and prone to reversion ( van Gelderen et al. 1994 ). It was introduced by Späth’s nurseries in around 1887 ( van Gelderen et al. 1994 ), and grown in Canada before the end of the 19th century, but not in the United States until 1960, when material was imported from Britain to the Arnold Arboretum ( Jacobson 1996 ). 'Barabit's Compact' RHS Hardiness Rating: H6 USDA Hardiness Zone: 4 A compact clone with a rounded crown, presumed by Hatch (2021–2022) to have originated at Barabit’s Nursery in Hungary. 'Baron' RHS Hardiness Rating: H7 USDA Hardiness Zone: 2 A very hardy, sterile selection made by Morden Research Station, Manitoba ( Jacobson 1996 ), from plants growing near Saskatoon, Saskatchewan ( van Gelderen et al. 1994 ). Suggested as useful as a street tree by van Gelderen et al. (1994) . 'Berrimu Sterile' RHS Hardiness Rating: H6 USDA Hardiness Zone: 4 Originating in New Zealand and presumed by Hatch (2021–2022) to be a male clone, as the name would suggest. 'Chrysophyllum' RHS Hardiness Rating: H6 USDA Hardiness Zone: 4 A vigorous male with five, three-lobed leaflets showing golden-yellow variegation ( van Gelderen et al. 1994 ). Of German origin, it was considered rare in 1994 ( van Gelderen et al. 1994 ), and is absent from more recent texts. 'Crispum' Synonyms / alternative names Acer negundo 'Crispifolium' Acer negundo 'Curly Leaf' RHS Hardiness Rating: H6 USDA Hardiness Zone: 4 A shrubby male clone with curled, often deformed leaflets ( Bean 1976 ). In cultivation before 1825. Included by Bean (1976) but later thought by van Gelderen et al. (1994) to no longer be in cultivation. 'Crispum Variegatum' RHS Hardiness Rating: H6 USDA Hardiness Zone: 4 A selection apparently with cream margins and thought not to be in cultivation ( van Gelderen et al. 1994 ). Included here on account of Krüssman’s mention that it was common in Dutch parks, a claim strongly refuted by van Gelderen et al. (1994) . 'Dr. Herskalt' RHS Hardiness Rating: H6 USDA Hardiness Zone: 4 A bushy tree of somewhat untidy form, with three or five leaflets ( van Gelderen & van Gelderen 1999 ). Reportedly present only at Westonbirt ( van Gelderen & van Gelderen 1999 ), though no longer grown there. 'Elegans' Synonyms / alternative names Acer negundo 'Aureomarginatum Elegans' Acer negundo 'Marginatis Elegans' Awards First Class Certificate RHS Hardiness Rating: H6 USDA Hardiness Zone: 4 A slow-growing tree with a dense crown and small leaves with cream-yellow margins ( van Gelderen et al. 1994 ). It has bloomed new shoots ( Bean 1976 ), and is described as a very elegant and attractive plant for smaller gardens ( van Gelderen et al. 1994 ). It is of French origin and was available before 1901, when it was named by Schwerin ( van Gelderen et al. 1994 ). Hatch (2021–2022) lists ‘Elegantissimum’ as a synonym, though van Gelderen et al. (1994) suggest that plants under this name are indistinguishable from ‘Variegatum’. 'Flamingo' Awards Award of Garden Merit RHS Hardiness Rating: H6 USDA Hardiness Zone: 4 A large shrub or small tree with leaves variegated white and pink, most apparent in spring ( van Gelderen & van Gelderen 1999 ). Raised by J. Bastiaanse in the Netherlands in 1976 and given a Royal Boskoop Horticultural Society Award of Merit the following year, and the RHS AGM in 1993 ( van Gelderen & van Gelderen 1999 ). Though described by van Gelderen & van Gelderen (1999) as ‘one of the best cultivars developed since the 1970s’ it still requires some pruning to maintain its variegation. This form has superseded ‘Schwerinii’, which was thought lost in cultivation by 1994 ( van Gelderen et al. 1994 ). It responds well to coppicing and can make a fine foliage feature among lush herbaceous plantings. Acer negundo 'Flamingo' beautifully paired with a purple-leaved Canna at RHS Garden Harlow Carr, Harrogate, UK (August 2021). Image John Grimshaw. "" data-alt=""Acer negundo 'Flamingo'""> Acer negundo 'Flamingo' beautifully paired with a purple-leaved Canna at RHS Garden Harlow Carr, Harrogate, UK (August 2021). Image John Grimshaw. 'Giganteum' RHS Hardiness Rating: H6 USDA Hardiness Zone: 4 Noted for its large leaves, reaching up to 40 cm long, comprising seven to nine leaflets ( van Gelderen et al. 1994 ). 'Heterophyllum' Synonyms / alternative names Acer negundo 'Barabits' Acer negundo 'Laciniatum' RHS Hardiness Rating: H6 USDA Hardiness Zone: 5 Included by Bean (1976) as a selection with linear or lanceolate leaflets sometimes with deeply cut margins, introduced by Späth’s nurseries in 1883. van Gelderen & van Gelderen (1999) treated ‘Laciniatum’ as a synonym, after van Gelderen et al. (1994) treated ‘Heterophyllum’ as a synonym of ‘Laciniatum’. 'Kelly's Gold' RHS Hardiness Rating: H6 USDA Hardiness Zone: 4 Introduced by Duncan and Davies Nursery, New Zealand, this very popular cultivar has glaucous branchlets and golden-yellow leaves ( Jacobson 1996 ). Its distinctness from ‘Auratum’ is queried by Hatch (2021–2022) ; van Gelderen & van Gelderen (1999) consider it inferior, and prone to sun damage. This is supported by Dirr & Warren (2019) who note that the leaves turn greener as the season progresses, and in Georgia are completely green in summer, as a result of the heat there. Acer negundo 'Kelly's Gold' 9 m tall within a private part of the Batsford Arboretum, England; 30th April 2025. Image Owen Johnson. "" data-alt=""Acer negundo 'Kelly's Gold'""> Acer negundo 'Kelly's Gold' 9 m tall within a private part of the Batsford Arboretum, England; 30th April 2025. Image Owen Johnson. Acer negundo 'Kelly's Gold' used to great effect among other lush foliage at RHS Garden Harlow Carr (August 2021). Image John Grimshaw. "" data-alt=""Acer negundo 'Kelly's Gold'""> Acer negundo 'Kelly's Gold' used to great effect among other lush foliage at RHS Garden Harlow Carr (August 2021). Image John Grimshaw. Acer negundo 'Kelly's Gold' (US National Botanical Garden, April 2009). Image John Grimshaw. "" data-alt=""Acer negundo 'Kelly's Gold'""> Acer negundo 'Kelly's Gold' (US National Botanical Garden, April 2009). Image John Grimshaw. Acer negundo 'Kelly's Gold' in flower (Savill Garden, Windsor Great Park, UK, 19 March 2026). Image John Grimshaw. "" data-alt=""Acer negundo 'Kelly's Gold'""> Acer negundo 'Kelly's Gold' in flower (Savill Garden, Windsor Great Park, UK, 19 March 2026). Image John Grimshaw. 'Luteopictum' RHS Hardiness Rating: H6 USDA Hardiness Zone: 4 Described by van Gelderen et al. (1994) as an old, occasionally available clone, with purplish young shoots and leaves with a yellow-green central blotch. 'Odessanum' Synonyms / alternative names Acer negundo 'Aureum Odessanum' Acer negundo 'Californicum Aureum' Acer negundo 'Odessanum Foliis Aureis' RHS Hardiness Rating: H6 USDA Hardiness Zone: 4 A vigorous cutivar with pubescent branchlets and leaves that are golden yellow in full sun, and pale green in shade ( van Gelderen et al. 1994 ). First sold by Rothe’s nursery of Odessa, Ukriane, in 1890 ( Bean 1976 ). Described as very rare in North America by Jacobson (1996) and of unknown availability by van Gelderen et al. (1994) . It has been confused with the more common ‘Auratum’ and its status in cultivation is unknown ( van Gelderen et al. 1994 ). 'Rubescens' RHS Hardiness Rating: H6 USDA Hardiness Zone: 4 Noted for its red-tinged new growth, with branchlets turning from brownish green to purple ( van Gelderen et al. 1994 ). 'Sensation' RHS Hardiness Rating: H6 USDA Hardiness Zone: 4 A cultivar with a good branching structure not always associated with the species, developing an oval crown and suitable for use as a street tree ( van Gelderen et al. 1994 ; Dirr & Warren 2019 ). It has reddish-tinged new growth, becoming green in summer before steadily turning red in autumn ( van Gelderen et al. 1994 ; Dirr & Warren 2019 ). Described by Dirr & Warren (2019) as ‘a cultivar that really gets it right’, it was introduced by Frank Schmidt Nurseries in 1989 ( Hatch 2021–2022 ). Richly coloured foliage on Acer negundo 'Sensation' (Westonbirt National Arboretum, UK, June 2012). Image John Grimshaw. "" data-alt=""Acer negundo 'Sensation'""> Richly coloured foliage on Acer negundo 'Sensation' (Westonbirt National Arboretum, UK, June 2012). Image John Grimshaw. subsp. californicum (Torr. & Gray) Wesm. Synonyms Acer californicum (Torr. & A.Gray) D.Dietr. Acer negundo var. californicum (Torr. & A.Gray) Sarg. Negundo californicum Torr. & A.Gray Rulac californica (Torr. & A.Gray) Nieuwl. Subsp. californicum has pubescent branchlets and leaves with three to seven leaflets, ovate, tomentose when immature, covered in white or greyish hairs at maturity. Fruits are pubescent ( Sargent 1965 ; Bean 1976 ; Grimshaw & Bayton 2009 ).","H6 USDA Hardiness Zone: 4 A selection with pubescent branchlets and leaves with five, usually narrow leaflets with acuminate tips ( van Gelderen et al. 1994 ). It was introduced by Dieck, and no longer in commerce by 1994 ( van Gelderen et al. 1994 ). 'Auratum' Synonyms / alternative names Acer negundo 'Aureum' Acer negundo 'Yellowleaf' Awards AM RHS Hardiness Rating: H6 USDA Hardiness Zone: 5 Described by Bean (1976) as ‘one of the best of golden-coloured trees’, ‘Auratum’ has glabrous, bloomed branchlets and yellow leaves, turning towards green in late summer and autumn ( van Gelderen et al. 1994 ). It was raised by Späth’s nurseries in 1891, from a sport of ‘Aureo-limbatum’ ( Bean 1976 ), a cultivar now lost to cultivation ( van Gelderen et al. 1994 ). For a while ‘Auratum’ was widely thought to be the same as ‘Odessanum’, though Krüssmann, in Handbuch der Laubgehölze noted that this was not so ( Bean 1976 ; van Gelderen et al. 1994 ). It has reportedly taken the place of ‘Lutescens’, which was very rare by 1994 ( van Gelderen et al. 1994 ). Acer negundo 'Auratum' at Fanhams Hall, Hertfordshire, UK; 21st June 2014. Image Owen Johnson. "" data-alt=""Acer negundo 'Auratum'""> Acer negundo 'Auratum' at Fanhams Hall, Hertfordshire, UK; 21st June 2014. Image Owen Johnson. 'Aureomarginatum' Synonyms / alternative names Acer negundo 'Gold Edge' RHS Hardiness Rating: H6 USDA Hardiness Zone: 4 A large shrub or small tree with leaf margins creamy yellow, though prone to reversion like most variegated forms of Acer negundo ( van Gelderen et al. 1994 ; van Gelderen & van Gelderen 1999 ). It may also have leaves entirely yellow ( van Gelderen et al. (1994 ). It was introduced by Dieck sometime before 1885 ( Bean 1976 ). van Gelderen et al. (1994) suggest that plants named ‘Aureonotatum’ and ‘Aureomaculatum’ may be best placed either here or under ‘Aureovariegatum’. The latter is also not always distinguished from this cultivar ( van Gelderen et al. 1994 ). 'Aureovariegatum' Synonyms / alternative names Acer negundo 'Aureo-vittatum' Acer negundo 'Goldspot' RHS Hardiness Rating: H6 USDA Hardiness Zone: 4 A clone with yellow-spotted and somewhat yellow-margined leaves, and prone to reversion ( van Gelderen et al. 1994 ). It was introduced by Späth’s nurseries in around 1887 ( van Gelderen et al. 1994 ), and grown in Canada before the end of the 19th century, but not in the United States until 1960, when material was imported from Britain to the Arnold Arboretum ( Jacobson 1996 ). 'Barabit's Compact' RHS Hardiness Rating: H6 USDA Hardiness Zone: 4 A compact clone with a rounded crown, presumed by Hatch (2021–2022) to have originated at Barabit’s Nursery in Hungary. 'Baron' RHS Hardiness Rating: H7 USDA Hardiness Zone: 2 A very hardy, sterile selection made by Morden Research Station, Manitoba ( Jacobson 1996 ), from plants growing near Saskatoon, Saskatchewan ( van Gelderen et al. 1994 ). Suggested as useful as a street tree by van Gelderen et al. (1994) . 'Berrimu Sterile' RHS Hardiness Rating: H6 USDA Hardiness Zone: 4 Originating in New Zealand and presumed by Hatch (2021–2022) to be a male clone, as the name would suggest. 'Chrysophyllum' RHS Hardiness Rating: H6 USDA Hardiness Zone: 4 A vigorous male with five, three-lobed leaflets showing golden-yellow variegation ( van Gelderen et al. 1994 ). Of German origin, it was considered rare in 1994 ( van Gelderen et al. 1994 ), and is absent from more recent texts. 'Crispum' Synonyms / alternative names Acer negundo 'Crispifolium' Acer negundo 'Curly Leaf' RHS Hardiness Rating: H6 USDA Hardiness Zone: 4 A shrubby male clone with curled, often deformed leaflets ( Bean 1976 ). In cultivation before 1825. Included by Bean (1976) but later thought by van Gelderen et al. (1994) to no longer be in cultivation. 'Crispum Variegatum' RHS Hardiness Rating: H6 USDA Hardiness Zone: 4 A selection apparently with cream margins and thought not to be in cultivation ( van Gelderen et al. 1994 ). Included here on account of Krüssman’s mention that it was common in Dutch parks, a claim strongly refuted by van Gelderen et al. (1994) . 'Dr. Herskalt' RHS Hardiness Rating: H6 USDA Hardiness Zone: 4 A bushy tree of somewhat untidy form, with three or five leaflets ( van Gelderen & van Gelderen 1999 ). Reportedly present only at Westonbirt ( van Gelderen & van Gelderen 1999 ), though no longer grown there. 'Elegans' Synonyms / alternative names Acer negundo 'Aureomarginatum Elegans' Acer negundo 'Marginatis Elegans' Awards First Class Certificate RHS Hardiness Rating: H6 USDA Hardiness Zone: 4 A slow-growing tree with a dense crown and small leaves with cream-yellow margins ( van Gelderen et al. 1994 ). It has bloomed new shoots ( Bean 1976 ), and is described as a very elegant and attractive plant for smaller gardens ( van Gelderen et al. 1994 ). It is of French origin and was available before 1901, when it was named by Schwerin ( van Gelderen et al. 1994 ). Hatch (2021–2022) lists ‘Elegantissimum’ as a synonym, though van Gelderen et al. (1994) suggest that plants under this name are indistinguishable from ‘Variegatum’. 'Flamingo' Awards Award of Garden Merit RHS Hardiness Rating: H6 USDA Hardiness Zone: 4 A large shrub or small tree with leaves variegated white and pink, most apparent in spring ( van Gelderen & van Gelderen 1999 ). Raised by J. Bastiaanse in the Netherlands in 1976 and given a Royal Boskoop Horticultural Society Award of Merit the following year, and the RHS AGM in 1993 ( van Gelderen & van Gelderen 1999 ). Though described by van Gelderen & van Gelderen (1999) as ‘one of the best cultivars developed since the 1970s’ it still requires some pruning to maintain its variegation. This form has superseded ‘Schwerinii’, which was thought lost in cultivation by 1994 ( van Gelderen et al. 1994 ). It responds well to coppicing and can make a fine foliage feature among lush herbaceous plantings. Acer negundo 'Flamingo' beautifully paired with a purple-leaved Canna at RHS Garden Harlow Carr, Harrogate, UK (August 2021). Image John Grimshaw. "" data-alt=""Acer negundo 'Flamingo'""> Acer negundo 'Flamingo' beautifully paired with a purple-leaved Canna at RHS Garden Harlow Carr, Harrogate, UK (August 2021). Image John Grimshaw. 'Giganteum' RHS Hardiness Rating: H6 USDA Hardiness Zone: 4 Noted for its large leaves, reaching up to 40 cm long, comprising seven to nine leaflets ( van Gelderen et al. 1994 ). 'Heterophyllum' Synonyms / alternative names Acer negundo 'Barabits' Acer negundo 'Laciniatum' RHS Hardiness Rating: H6 USDA Hardiness Zone: 5 Included by Bean (1976) as a selection with linear or lanceolate leaflets sometimes with deeply cut margins, introduced by Späth’s nurseries in 1883. van Gelderen & van Gelderen (1999) treated ‘Laciniatum’ as a synonym, after van Gelderen et al. (1994) treated ‘Heterophyllum’ as a synonym of ‘Laciniatum’. 'Kelly's Gold' RHS Hardiness Rating: H6 USDA Hardiness Zone: 4 Introduced by Duncan and Davies Nursery, New Zealand, this very popular cultivar has glaucous branchlets and golden-yellow leaves ( Jacobson 1996 ). Its distinctness from ‘Auratum’ is queried by Hatch (2021–2022) ; van Gelderen & van Gelderen (1999) consider it inferior, and prone to sun damage. This is supported by Dirr & Warren (2019) who note that the leaves turn greener as the season progresses, and in Georgia are completely green in summer, as a result of the heat there. Acer negundo 'Kelly's Gold' 9 m tall within a private part of the Batsford Arboretum, England; 30th April 2025. Image Owen Johnson. "" data-alt=""Acer negundo 'Kelly's Gold'""> Acer negundo 'Kelly's Gold' 9 m tall within a private part of the Batsford Arboretum, England; 30th April 2025. Image Owen Johnson. Acer negundo 'Kelly's Gold' used to great effect among other lush foliage at RHS Garden Harlow Carr (August 2021). Image John Grimshaw. "" data-alt=""Acer negundo 'Kelly's Gold'""> Acer negundo 'Kelly's Gold' used to great effect among other lush foliage at RHS Garden Harlow Carr (August 2021). Image John Grimshaw. Acer negundo 'Kelly's Gold' (US National Botanical Garden, April 2009). Image John Grimshaw. "" data-alt=""Acer negundo 'Kelly's Gold'""> Acer negundo 'Kelly's Gold' (US National Botanical Garden, April 2009). Image John Grimshaw. Acer negundo 'Kelly's Gold' in flower (Savill Garden, Windsor Great Park, UK, 19 March 2026). Image John Grimshaw. "" data-alt=""Acer negundo 'Kelly's Gold'""> Acer negundo 'Kelly's Gold' in flower (Savill Garden, Windsor Great Park, UK, 19 March 2026). Image John Grimshaw. 'Luteopictum' RHS Hardiness Rating: H6 USDA Hardiness Zone: 4 Described by van Gelderen et al. (1994) as an old, occasionally available clone, with purplish young shoots and leaves with a yellow-green central blotch. 'Odessanum' Synonyms / alternative names Acer negundo 'Aureum Odessanum' Acer negundo 'Californicum Aureum' Acer negundo 'Odessanum Foliis Aureis' RHS Hardiness Rating: H6 USDA Hardiness Zone: 4 A vigorous cutivar with pubescent branchlets and leaves that are golden yellow in full sun, and pale green in shade ( van Gelderen et al. 1994 ). First sold by Rothe’s nursery of Odessa, Ukriane, in 1890 ( Bean 1976 ). Described as very rare in North America by Jacobson (1996) and of unknown availability by van Gelderen et al. (1994) . It has been confused with the more common ‘Auratum’ and its status in cultivation is unknown ( van Gelderen et al. 1994 ). 'Rubescens' RHS Hardiness Rating: H6 USDA Hardiness Zone: 4 Noted for its red-tinged new growth, with branchlets turning from brownish green to purple ( van Gelderen et al. 1994 ). 'Sensation' RHS Hardiness Rating: H6 USDA Hardiness Zone: 4 A cultivar with a good branching structure not always associated with the species, developing an oval crown and suitable for use as a street tree ( van Gelderen et al. 1994 ; Dirr & Warren 2019 ). It has reddish-tinged new growth, becoming green in summer before steadily turning red in autumn ( van Gelderen et al. 1994 ; Dirr & Warren 2019 ). Described by Dirr & Warren (2019) as ‘a cultivar that really gets it right’, it was introduced by Frank Schmidt Nurseries in 1989 ( Hatch 2021–2022 ). Richly coloured foliage on Acer negundo 'Sensation' (Westonbirt National Arboretum, UK, June 2012). Image John Grimshaw. "" data-alt=""Acer negundo 'Sensation'""> Richly coloured foliage on Acer negundo 'Sensation' (Westonbirt National Arboretum, UK, June 2012). Image John Grimshaw. subsp. californicum (Torr. & Gray) Wesm. Synonyms Acer californicum (Torr. & A.Gray) D.Dietr. Acer negundo var. californicum (Torr. & A.Gray) Sarg. Negundo californicum Torr. & A.Gray Rulac californica (Torr. & A.Gray) Nieuwl. Subsp. californicum has pubescent branchlets and leaves with three to seven leaflets, ovate, tomentose when immature, covered in white or greyish hairs at maturity. Fruits are pubescent ( Sargent 1965 ; Bean 1976 ; Grimshaw & Bayton 2009 ).",82.0,"Canada, Guatemala, Honduras, Mexico, United States",,"Several taxa have been described within Acer negundo , as varieties and subspecies. van Gelderen et al. (1994) accepted four subspecies ( californicum , interius , negundo and mexicanum ) and one variety (subsp. californicum var. texanum ), with their treatment followed in New Trees ( Grimshaw & Bayton 2009 ). Since then, Vargas-Rodriguez et al. (2020) have studied the species in Mexico and Centra",,https://www.treesandshrubsonline.org/articles/acer/acer-negundo/,Trees and Shrubs Online (IDS)
Acer nigrum,Black Maple,Sapindaceae,Acer,3,H7,57.1,"Canada, United States","Lowlands, near streams and rivers, usually below 750 m asl, but sometimes up to 1600 m asl. Associated species include Acer saccharum , A. rubrum, Betula alleghaniensis , Fagus grandifolia and Quercus alba.",Acer nigrum belongs to the sugar maple complex centred around A. saccharum . It is often treated as a subspecies of A. saccharum but we treat it and several of its relatives at species rank here. See the taxonomic note for A. saccharum for further discussion.,Least concern (LC),https://www.treesandshrubsonline.org/articles/acer/acer-nigrum/,Trees and Shrubs Online (IDS)
Acer nipponicum,Tetsu-kaede,Sapindaceae,Acer,6,H6,59.1,Japan,"Temperate to low subalpine forests between (500–)1000 and 2000 m asl. Associated maples include Acer carpinifolium , A . diabolicum and A. rufinerve . Other associated species include Betula maximowicziana , Larix kaempferi , Cornus controversa and Cryptomeria japonica .",,Least concern (LC),https://www.treesandshrubsonline.org/articles/acer/acer-nipponicum/,Trees and Shrubs Online (IDS)
Acer oblongum,Flying-moth Maple,Sapindaceae,Acer,6-7,H3,82.0,"Bhutan, Myanmar, China, India, Japan, Laos, Nepal, Pakistan, Thailand, Vietnam","Moist forests and valleys, particularly along streams, between 350 to 2000 m asl. Associated species in the Indian Himalayas include Cedrus deodara , Juglans regia and Mahonia napaulensis .","van Gelderen, de Jong & Oterdoom (1994 ) treated Acer albopurpurascens as a synonym of this species, but Xu et al. (2008 ) considered it a good species and this approach is followed here. Varietes concolor and latialatum , included by Bean (1976 ), are now considered synonymous ( Xu et al. 2008 ).",Least concern (LC),https://www.treesandshrubsonline.org/articles/acer/acer-oblongum/,Trees and Shrubs Online (IDS)
Acer obtusifolium,Cyprus Maple,Sapindaceae,Acer,7-8,H5,23.0,"Cyprus, Israel, Lebanon, Syria",Mountain sides and along watercourses up to 1000 m asl.,,Least concern (LC),https://www.treesandshrubsonline.org/articles/acer/acer-obtusifolium/,Trees and Shrubs Online (IDS)
Acer okamotoanum,,Sapindaceae,Acer,6-7,H5,65.6,South Korea,Remnant forests.,"Treated as a subspecies of Acer pictum by van Gelderen et al. (1994) and, following them, by Grimshaw & Bayton (2009) , the leaves, fruits and flowers of A. okamotoanum are larger than those of A. pictum. Meanwhile Takayama et al. (2012 p.326) , using eight polymorphic microsatellite markers to analyse seven populations of A. okamotoanum in relation to seven mainland South Korean A. pictum populat",Vulnerable (VU),https://www.treesandshrubsonline.org/articles/acer/acer-okamotoanum/,Trees and Shrubs Online (IDS)
Acer oliverianum,Oliver's Maple,Sapindaceae,Acer,6-7,H5,42.7,"China, Taiwan",Forests and valleys between 1000 and 2000 m asl.,"Acer schneiderianum was treated as distinct from A. oliverianum by van Gelderen et al. (1994) , a view followed by Grimshaw & Bayton (2009) . The former authors acknowledged, however, that only limited material was available for study, and that the taxon may become synonymous with A. campbellii , rather than being allied to A. oliverianum. This was perhaps due A. schneiderianum being treated as a ",Least concern (LC),https://www.treesandshrubsonline.org/articles/acer/acer-oliverianum/,Trees and Shrubs Online (IDS)
Acer opalus,Italian Maple,Sapindaceae,Acer,5-6,H6,91.9,"Albania, Algeria, Croatia, France, Germany, Greece, Hungary, Italy, Montenegro, Morocco, Serbia, Slovenia, Spain, Switzerland","Cool areas in humid forests, often on limestone, up to 2100 m asl.","Subsp. obtusatum is treated variously at infraspecific and species rank. At varietal rank, the valid name would be A. opalus var. tomentosum , as treated by Bean (1976) . Italian authors tend to treat it as distinct (e.g. Guarino et al. 2017 ), with some including within it two subspecies: the nominate subspecies and A. obtusatum subsp. neapolitanum ( Spampinato 2014) . Morphologically, the two ma",Least concern (LC),https://www.treesandshrubsonline.org/articles/acer/acer-opalus/,Trees and Shrubs Online (IDS)
Acer orientale,,Sapindaceae,Acer,,,,,,,,https://www.treesandshrubsonline.org/articles/acer/acer-orientale/,Trees and Shrubs Online (IDS)
Acer palmatum,,Sapindaceae,Acer,,,32.8,"Native of Japan, whence it was introduced to England in 1820, and also of China and Korea.",,,,https://www.treesandshrubsonline.org/articles/acer/acer-palmatum/,Trees and Shrubs Online (IDS)
Acer papilio,,Sapindaceae,Acer,,,,"Native of the E. Himalaya and of Upper Burma, much confused with A. acuminatum and A. pectinatum (see under these species for the marks of difference).",,,,https://www.treesandshrubsonline.org/articles/acer/acer-papilio/,Trees and Shrubs Online (IDS)
Acer pauciflorum,,Sapindaceae,Acer,6–7. Conservation status Not evaluated. Cross-reference K99.,,,"CHINA: southern Anhui, Zhejiang. Habitat Forests between 600 and 1000 m asl. USDA Hardiness Zone 6–7. Conservation status Not evaluated. Cross-reference K99.",Forests between 600 and 1000 m asl. USDA Hardiness Zone 6–7. Conservation status Not evaluated. Cross-reference K99.,,Not evaluated. Cross-reference K99.,https://www.treesandshrubsonline.org/articles/acer/acer-pauciflorum/,Trees and Shrubs Online (IDS)
Acer paxii,Pax's Maple,Sapindaceae,Acer,7-8,H4,6.6,China,"Dry, alpine forests between 1500 and 2500 m asl. Associated species include Cornus capitata and Rosa chinensis var. spontaea.",,Least concern (LC),https://www.treesandshrubsonline.org/articles/acer/acer-paxii/,Trees and Shrubs Online (IDS)
Acer pectinatum,Wongka Maple,Sapindaceae,Acer,6-7,H5,65.6,"Bhutan, Myanmar, China, India, Nepal",Temperate mixed forests between 2500 and 3700 m asl.,"The Acer pectinatum complex is one of the most debated areas in the genus Acer. It is broadly considered to include six named taxa, as well as another, as-yet unsatisfactorily characterised taxon introduced in recent years from northern Vietnam (also present in adjacent south east Yunnan). The six broadly accepted taxa are either treated as subspecies of A. pectinatum (e.g. van Gelderen et al. 199",Least concern (LC),https://www.treesandshrubsonline.org/articles/acer/acer-pectinatum/,Trees and Shrubs Online (IDS)
Acer pensylvanicum,Moosewood,Sapindaceae,Acer,3-7,H6,,"Canada, United States",Moist woodlands between 0 and 1000 m.,,Least concern (LC),https://www.treesandshrubsonline.org/articles/acer/acer-pensylvanicum/,Trees and Shrubs Online (IDS)
Acer pentaphyllum,,Sapindaceae,Acer,,,,,,,,https://www.treesandshrubsonline.org/articles/acer/acer-pentaphyllum/,Trees and Shrubs Online (IDS)
Acer pentapomicum,Five Rivers Maple,Sapindaceae,Acer,4,H7,13.1,"Afghanistan, India, Pakistan, Tajikistan, Turkmenistan, Uzbekistan","Dry situations in lower montane regions between 1900 and 3500 m asl. Associated genera in the Himalayas include Pinus , Abies, Picea , Taxus , Populus , S alix and C rataegus",,Least concern (LC),https://www.treesandshrubsonline.org/articles/acer/acer-pentapomicum/,Trees and Shrubs Online (IDS)
Acer pictum,Painted Maple,Sapindaceae,Acer,5-6,H6,82.0,"China, Japan, North Korea, South Korea, Mongolia, Russia, Vietnam",Mixed temperate forests from zero to 3300 m asl.,"The name Acer pictum and its correct usage has been much debated and the complexity of the issue laid out by Wijnands in van Gelderen et al. (1994) , who argued for the use of A. mono , a name based on Japanese material which has been much used in horticulture and botanical texts, including van Gelderen et al. (1994) , largely on account of A. pictum being used as the basionym of Kalopanax pictus ",Least concern (LC),https://www.treesandshrubsonline.org/articles/acer/acer-pictum/,Trees and Shrubs Online (IDS)
Acer pilosum,Soft-haired Maple,Sapindaceae,Acer,5,H7,16.4,China,Forests between 1000 and 2000 m asl.,,Data deficient (DD),https://www.treesandshrubsonline.org/articles/acer/acer-pilosum/,Trees and Shrubs Online (IDS)
Acer pinnatinervium,,Sapindaceae,Acer,9–10. Conservation status Not evaluated. Illustration NT88.,,32.8,"CHINA: southwest Xizang, Yunnan; INDIA; THAILAND. Habitat Mixed forest between 500 and 2400 m asl. USDA Hardiness Zone 9–10. Conservation status Not evaluated. Illustration NT88.",Mixed forest between 500 and 2400 m asl. USDA Hardiness Zone 9–10. Conservation status Not evaluated. Illustration NT88.,,Not evaluated. Illustration NT88.,https://www.treesandshrubsonline.org/articles/acer/acer-pinnatinervium/,Trees and Shrubs Online (IDS)
Acer platanoides × amplum,Norway Maple,Sapindaceae,Acer,7-8,H5,13.1,"introduced to cultivation in 2013, ‘Ample Surprise’ has red new growth which later turns a bronze green, before turning scarlet and orange in autumn ( Pieroni Dante 2019; Bluebell Arboretum 2020 ) .",In cultivation only.,,Not evaluated (NE),https://www.treesandshrubsonline.org/articles/acer/acer-platanoides-x-amplum/,Trees and Shrubs Online (IDS)
Acer pseudoplatanus,Sycamore,Sapindaceae,Acer,3-4,H7,114.8,"Albania, Andorra, Austria, Azerbaijan, Bosnia and Herzegovina, Bulgaria, Croatia, Czechia, France, Georgia, Germany, Greece, Hungary, Italy, Liechtenstein, Luxembourg, North Macedonia, Moldova, Montenegro, Poland, Portugal, Romania, Russia, Serbia, Slovakia, Slovenia, Spain, Switzerland, Türkiye, Ukraine",Mixed deciduous forests between 700 and 2000 m asl.,,Least concern (LC),https://www.treesandshrubsonline.org/articles/acer/acer-pseudoplatanus/,Trees and Shrubs Online (IDS)
Acer pseudosieboldianum,Keijo Maple,Sapindaceae,Acer,"4–5. Conservation status Not evaluated. Illustration NT101. Cross-reference B206, K99. Taxonomic note A number of segregates were named by Nakai but are disregarded by van Gelderen et al . (1994); they occasionally appear in catalogues.",,,"CHINA: Heilongjiang, southeast Jilin, eastern Liaoning; NORTH KOREA; RUSSIAN FEDERATION. Habitat Forests between 700 and 900 m asl. USDA Hardiness Zone 4–5. Conservation status Not evaluated. Illustration NT101. Cross-reference B206, K99. Taxonomic note A number of segregates were named by Nakai but are disregarded by van Gelderen et al . (1994); they occasionally appear in catalogues.","Forests between 700 and 900 m asl. USDA Hardiness Zone 4–5. Conservation status Not evaluated. Illustration NT101. Cross-reference B206, K99. Taxonomic note A number of segregates were named by Nakai but are disregarded by van Gelderen et al . (1994); they occasionally appear in catalogues.",A number of segregates were named by Nakai but are disregarded by van Gelderen et al . (1994); they occasionally appear in catalogues.,"Not evaluated. Illustration NT101. Cross-reference B206, K99. Taxonomic note A number of segregates were named by Nakai but are disregarded by van Gelderen et al . (1994); they occasionally appear in catalogues.",https://www.treesandshrubsonline.org/articles/acer/acer-pseudosieboldianum/,Trees and Shrubs Online (IDS)
Acer pubinerve,,Sapindaceae,Acer,7-8,H5,,China,"The Flora of China gives 'Forests at around 100 m asl', but see main text.",,Least concern (LC),https://www.treesandshrubsonline.org/articles/acer/acer-pubinerve/,Trees and Shrubs Online (IDS)
Acer pycnanthum,Japanese Red Maple,Sapindaceae,Acer,5,H6,,Japan,"Wet, lowland sites.",,Vulnerable (VU),https://www.treesandshrubsonline.org/articles/acer/acer-pycnanthum/,Trees and Shrubs Online (IDS)
Acer rubescens,,Sapindaceae,Acer,7-8,H5,,Taiwan,Montane forest between 1800 and 2200 m asl.,"Grimshaw & Bayton (2009 ) noted that Acer rubescens has been confused with A. kawakamii (syn. A. caudatifolium ) in horticulture on account of both these taxa sharing the synonym A. morrisonense. However, study of the type specimen of A. morrisonense H.L. Li non Hayata, treated as a synonym of this species by Grimshaw & Bayton (2009 ), has shown that this material is referrable to another, as yet ",Not evaluated (NE),https://www.treesandshrubsonline.org/articles/acer/acer-rubescens/,Trees and Shrubs Online (IDS)
Acer rubrum,Red Maple,Sapindaceae,Acer,4-10,H6,,"Canada, United States","Mixed deciduous forest and margins of boreal forests. It occurs on both dry and wet sites, along rivers and lakes, in marshes, swamps as well as on sandy plains, dunes and rocky, mountain slopes between 0 and 1370 m asl.","Weakley (2012) treats Acer rubrum var. drummondii at nothospecific rank, indicating that it is of hybrid origin derived from A. rubrum and A. saccharinum , though this interpretation is not widely accepted and its varietal status is followed here. Weakley also recognises A. rubrum var. trilobum. This and the type are separated by degrees of leaf size and lobing, the nominate variety with leaves us",Least concern (LC),https://www.treesandshrubsonline.org/articles/acer/acer-rubrum/,Trees and Shrubs Online (IDS)
Acer rufinerve,Grey-budded Maple,Sapindaceae,Acer,5-6,H5,,Japan,Temperate deciduous forests between 300 and 2000 m asl.,,Least concern (LC),https://www.treesandshrubsonline.org/articles/acer/acer-rufinerve/,Trees and Shrubs Online (IDS)
Acer saccharinum,Creek Maple,Sapindaceae,Acer,3-9,H7,32.8,"Canada, United States","Lowlands, in poorly to well drained soils on floodplains and along watercourses. It typically grows in association with several other species including Acer rubrum (with which it hybridises to form A. × freemanii ), Betula nigra, Tilia spp. and Ulmus spp.",,Least concern (LC),https://www.treesandshrubsonline.org/articles/acer/acer-saccharinum/,Trees and Shrubs Online (IDS)
Acer saccharum,Sugar Maple,Sapindaceae,Acer,3,H7,98.4,"Canada, United States","Lowlands on mixed soils (but not swamps), thriving on deep, rich, well-drained soils. A key component of eastern deciduous forests, associated species include Betula alleghaniensis , Fagus grandifolia , Prunus serotina , Quercus alba, Quercus rubra and Tsuga canadensis.","The sugar maples ( Acer Section Acer Series Saccharodendron ) are a group defined largely on the characters of the flowers, which have connate sepals and are without petals ( van Gelderen et al. 1994 ). Their taxonomy has long been disputed, and treatments are inconsistent between major works. In New Trees , Grimshaw & Bayton (2009) followed the late Peter Gregory’s advice to treat Acer saccharum ",Least concern (LC),https://www.treesandshrubsonline.org/articles/acer/acer-saccharum/,Trees and Shrubs Online (IDS)
Acer sempervirens,Cretan Maple,Sapindaceae,Acer,7-8,H5,32.8,"Greece, Türkiye",Maquis and forest edges in dry areas above 1500 m asl.,,Least concern (LC),https://www.treesandshrubsonline.org/articles/acer/acer-sempervirens/,Trees and Shrubs Online (IDS)
Acer serrulatum,,Sapindaceae,Acer,7-8,H5,65.6,Taiwan,Temperate forests between 1000 and 2000 m asl.,"van Gelderen et al. (1994) treat this as Acer oliverianum subsp. formosanum , though Xu et al. (2008) opt for treatment at specific rank, stating that it differs from A. oliverianum by having more flowers per inflorescence and different flavonoid patterns. Furthermore, Li (1952) states that A. serrulatum has crenate to serrate leaf margins (serrulate in A. oliverianum , which is somewhat ironic gi",Least concern (LC),https://www.treesandshrubsonline.org/articles/acer/acer-serrulatum/,Trees and Shrubs Online (IDS)
Acer shenkanense,,Sapindaceae,Acer,7-8,H5,32.8,China,Mixed forests along streams and valleys between 700 and 3000 m asl.,"This species was treated as Acer cappadocicum subsp. sinicum var. tricaudatum by van Gelderen et al. (1994) (although the epithet shenkanense is not referenced in that work), but at specific rank as A. shenkanense by Xu et al. (2008) , whose treatment is followed here.",Least concern (LC),https://www.treesandshrubsonline.org/articles/acer/acer-shenkanense/,Trees and Shrubs Online (IDS)
Acer shirasawanum,,Sapindaceae,Acer,,,,"Native of Japan. Although not described until 1911, there can be little doubt that this maple was cultivated by Messrs Veitch in their Coombe Wood nursery as early as 1888 as A. japonicum microphyllum. Certainly the plants cultivated in the USA under that name today are A. shiras",,,,https://www.treesandshrubsonline.org/articles/acer/acer-shirasawanum/,Trees and Shrubs Online (IDS)
Acer sieboldianum,Siebold's Maple,Sapindaceae,Acer,"4–5. Conservation status Not evaluated. Illustration NT73, NT108. Cross-reference B206, K105.",,,"JAPAN: Honshu, Shikoku, Kyushu. Habitat Montane forest in southern Japan; in northern Japan, between 0 and 900 m asl. USDA Hardiness Zone 4–5. Conservation status Not evaluated. Illustration NT73, NT108. Cross-reference B206, K105.","Montane forest in southern Japan; in northern Japan, between 0 and 900 m asl. USDA Hardiness Zone 4–5. Conservation status Not evaluated. Illustration NT73, NT108. Cross-reference B206, K105.",,"Not evaluated. Illustration NT73, NT108. Cross-reference B206, K105.",https://www.treesandshrubsonline.org/articles/acer/acer-sieboldianum/,Trees and Shrubs Online (IDS)
Acer sikkimense,Sikkim Maple,Sapindaceae,Acer,8-9,H3,39.4,"Bhutan, Myanmar, China, India, Nepal, Vietnam",Mixed forest between 1700 and 3000 m asl. Also grows as an epiphyte.,"Although reduced to synonymy by the Flora of China ( Xu et al . 2008 ) plants grown as var. serrulatum in gardens appear to have greater hardiness than the type. It is on account of this useful horticultural trait, and its serrulate margins, that we treat these plants as a distinct entity. Of the several collections made of Acer sikkimense var. serrulatum , the vast majority have been made from th",Not evaluated (NE),https://www.treesandshrubsonline.org/articles/acer/acer-sikkimense/,Trees and Shrubs Online (IDS)
Acer sinense,,Sapindaceae,Acer,7-8,H4,,China,Forests and valleys between 500 and 2500 m asl.,"Acer sinense was treated as a subspecies of Acer campbellii by van Gelderen et al. (1994) , who opted to treat is as such on account of there being so little material available to specify practical field characters by which to separate it from that species. However, A. sinense is treated at specific rank by Xu et al. (2008) , whose treatment is followed here. Its leaf margins are remotely serrate,",Least concern (LC),https://www.treesandshrubsonline.org/articles/acer/acer-sinense/,Trees and Shrubs Online (IDS)
Acer sinopurpurascens,Chinese Purple Maple,Sapindaceae,Acer,5-6,H5,38.4,China,Mixed forest between 700 and 1000 m asl.,,Least concern (LC),https://www.treesandshrubsonline.org/articles/acer/acer-sinopurpurascens/,Trees and Shrubs Online (IDS)
Acer skutchii,Cloud Forest Sugar Maple,Sapindaceae,Acer,8-9,H5,98.4,"Guatemala, Mexico","On limestone and Leptosol soils, along ravines and streams in cloud forests, between 1750 and 2210 m asl. Associated species include Carpinus tropicalis , Liquidambar styraciflua , Pinus spp. and Quercus spp.",,Critically endangered (CR),https://www.treesandshrubsonline.org/articles/acer/acer-skutchii/,Trees and Shrubs Online (IDS)
Acer spicatum,Mountain Maple,Sapindaceae,Acer,3-6,H7,36.1,"Canada, United States","Along mountain streams, ravines or in woodlands on rich, moist soils in the understory in mixed forests, often at high elevations. Common associates include Acer saccharum , Betula alleghaniensis , Fagus grandifolia and Liriodendron tulipifera.",,Least concern (LC),https://www.treesandshrubsonline.org/articles/acer/acer-spicatum/,Trees and Shrubs Online (IDS)
Acer stachyophyllum,,Sapindaceae,Acer,6-7,H5,49.2,"Bhutan, Myanmar, China, India, Nepal",Mixed and alpine forests between 1400 and 3500 m asl.,"The inclusion of lower taxa within Acer stachyophyllum has long been disputed (eg. Bean 1976 ). Subsp. betulifolium is recognised here, following van Gelderen, de Jong & Oterdoom (1994 ) and Xu et al. (2008 ), though further study is required to establish whether such a distinction is truly warranted. The identity of some early introductions is confused by use of the name A. tetramerum , which is ",Least concern (LC),https://www.treesandshrubsonline.org/articles/acer/acer-stachyophyllum/,Trees and Shrubs Online (IDS)
Acer sterculiaceum,Pungent Maple,Sapindaceae,Acer,6,H6,65.6,"Bhutan, China, India, Nepal, Vietnam",Forests and valleys between 1800 and 3100 m asl.,,Least concern (LC),https://www.treesandshrubsonline.org/articles/acer/acer-sterculiaceum/,Trees and Shrubs Online (IDS)
Acer sutchuenense,,Sapindaceae,Acer,5,H5,65.6,China,"Mixed forests between 1000 and 2500 m asl. Associates in Sichuan include Acer spp., Cercidiphyllum japonicum , Davidia involucrata , Magnolia sargentiana and Tetracentron sinense .",,Endangered (EN),https://www.treesandshrubsonline.org/articles/acer/acer-sutchuenense/,Trees and Shrubs Online (IDS)
Acer taronense,,Sapindaceae,Acer,,,,"Native of Upper Burma, Yunnan and Szechwan; described in 1924 by the Austrian botanist and plant explorer Handel-Mazzetti from specimens collected by him in the valley of the river Taron, a tributary of the Irrawaddy.",,,,https://www.treesandshrubsonline.org/articles/acer/acer-taronense/,Trees and Shrubs Online (IDS)
Acer tataricum,Tatarian Maple,Sapindaceae,Acer,3-8,H7,49.2,"Afghanistan, Albania, Austria, Bulgaria, China, Czechia, Greece, Hungary, Iran, Japan, Kazakhstan, Kyrgyzstan, Mongolia, Romania, Russia, Serbia, Tajikistan, Türkiye, Ukraine, Uzbekistan","Gullies, ravines, floodplains, riverbanks, riparian terraces, meadows and forest edges between 100 and 3000 m asl.","Acer tataricum as treated here includes five subspecies, all represented by plants in cultivation: subsp. aidzuense , subsp. ginnala , subsp semenovii , subsp. tataricum and subsp. theiferum . The latter was included within subsp. ginnala by van Gelderen, de Jong & Oterdoom (1994) , though described and treated as distinct by Yousheng Chen and Piet de Jong in the Acer account in the Flora of China",Least concern (LC),https://www.treesandshrubsonline.org/articles/acer/acer-tataricum/,Trees and Shrubs Online (IDS)
Acer tegmentosum,Manchurian maple,Sapindaceae,Acer,,H5,,"China, North Korea, Russia",Mixed and coniferous forests.,,Least concern (LC),https://www.treesandshrubsonline.org/articles/acer/acer-tegmentosum/,Trees and Shrubs Online (IDS)
Acer tenellum,,Sapindaceae,Acer,6-7,H5,26.2,China,Mixed forest between 1200 and 1800 m asl.,,Endangered (EN),https://www.treesandshrubsonline.org/articles/acer/acer-tenellum/,Trees and Shrubs Online (IDS)
Acer tetramerum,,Sapindaceae,Acer,,,30,"native of the E. Himalaya, Upper Burma, and parts of W. and S.W. China.",,,,https://www.treesandshrubsonline.org/articles/acer/acer-tetramerum/,Trees and Shrubs Online (IDS)
Acer thomsonii,,Sapindaceae,Acer,6,H6,98.4,"Bhutan, Myanmar, China, India, Nepal, Thailand",Mixed forests and valleys between 900 and 3000 m.,"This species was treated as a subspecies of Acer sterculiaceum by van Gelderen et al. (1994) , but at specific rank by Xu et al . (2008) and van Welzen, Manandhar and Pendry (2017) , whose treatments are followed here.",Least concern (LC),https://www.treesandshrubsonline.org/articles/acer/acer-thomsonii/,Trees and Shrubs Online (IDS)
Acer tibetense,,Sapindaceae,Acer,8-9,H4,65.6,"China, India",Forests and valleys between 1600 and 2700 m asl.,,Vulnerable (VU),https://www.treesandshrubsonline.org/articles/acer/acer-tibetense/,Trees and Shrubs Online (IDS)
Acer tonkinense,Tonkin Maple,Sapindaceae,Acer,8-9,H3,39.4,"Myanmar, China, Thailand, Vietnam",Mixed forest between 300 and 1800 m asl.,"van Gelderen et al. (1994) recognised two subspecies with somewhat larger leaves: subsp. kwangsiense , with leaves 12–17 cm across with sparse teeth on the margin (cultivated by Plantentuin Esveld under glass in the Netherlands); and subsp. liquidambarifolium , with evenly lobed leaves 8–14 cm across. However, these subspecies are not accepted by Xu et al. (2008) , whose more recent treatment is f",Near threatened (NT),https://www.treesandshrubsonline.org/articles/acer/acer-tonkinense/,Trees and Shrubs Online (IDS)
Acer triflorum,Three-flowered Maple,Sapindaceae,Acer,4-8,H7,82.0,"China, North Korea, South Korea",Mixed forests between 400 and 1700 m asl.,"As detailed by Nicholson (1997) , a variety leiopodum was described 1934 from material collected by G. Fenzel from woods in Shaanxi Province, with smaller leaflets with glaucous lower surfaces and slightly pilose or glabrous veins and petioles. Elevated to species rank in 1966, it was then reduced to synonymy by van Gelderen et al. (1994) . It remains a synonym, though now attributed to A. griseum",Least concern (LC),https://www.treesandshrubsonline.org/articles/acer/acer-triflorum/,Trees and Shrubs Online (IDS)
Acer truncatum,Shantung Maple,Sapindaceae,Acer,5-6,H7,32.8,"China, North Korea, South Korea",Understoreys of temperate forests between 400 and 1000 m asl.,,Least concern (LC),https://www.treesandshrubsonline.org/articles/acer/acer-truncatum/,Trees and Shrubs Online (IDS)
Acer tschonoskii,,Sapindaceae,Acer,5,H5,,Japan,"Cool temperate to subalpine forests, often along ridges of higher mountain slopes.","Acer tschonoskii subsp. koreanum was recognised by van Gelderen et al. (1994) but this has since been proven indistinct from Acer komarovii and should now be considered a synonym of that species ( Chang & Kim 2003 , Xu et al . 2008 , de Jong 2019 ).",Least concern (LC),https://www.treesandshrubsonline.org/articles/acer/acer-tschonoskii/,Trees and Shrubs Online (IDS)
Acer tsinglingense,Qinling Maple,Sapindaceae,Acer,5,H6,32.8,China,"Sparse forests between 1200 and 1500 m asl. Associated genera include Carpinus , Malus and Corylus, as well as other Acer species.","This species has been treated as synonymous with A. sterculiaceum subsp. franchetii by some North American botanists ( Justice 2010 ), as included by ( van Gelderen et al. 1994 ), though with acknowledgement that further study was needed to determine its correct placement. It is treated as distinct here, consistent with Xu et al . (2008 ).",Least concern (LC),https://www.treesandshrubsonline.org/articles/acer/acer-tsinglingense/,Trees and Shrubs Online (IDS)
Acer turkestanicum,,Sapindaceae,Acer,5-6,H7,49.2,"Afghanistan, Kyrgyzstan, Pakistan, Tajikistan, Turkmenistan, Uzbekistan",Temperate forests and steppe habitats.,"Treated as a subspecies of Acer platanoides by van Gelderen et al. (1994) , but treated as a species here.",Data deficient (DD),https://www.treesandshrubsonline.org/articles/acer/acer-turkestanicum/,Trees and Shrubs Online (IDS)
Acer tutcheri,,Sapindaceae,Acer,7-8,H4,,"China, Taiwan",Forests between 300 and 1000 m asl.,"Two varieties are treated by Xu et al. (2008) : the nominate variety, var. tutcheri , with samaras 1.5–2.5 cm long and spreading variously, and var. shimadae , which has smaller samaras (~1.5 cm), which spread at an acute angle.",Least concern (LC),https://www.treesandshrubsonline.org/articles/acer/acer-tutcheri/,Trees and Shrubs Online (IDS)
Acer ukurunduense,,Sapindaceae,Acer,,,,"Native of the mountains of Japan and of N.E. Asia; date of introduction uncertain, but later than 1881.",,,,https://www.treesandshrubsonline.org/articles/acer/acer-ukurunduense/,Trees and Shrubs Online (IDS)
Acer velutinum,Persian Maple,Sapindaceae,Acer,5-6,H6,,"Azerbaijan, Georgia, Iran",Mixed forest between zero and 600 m asl.,"Several varieties within Acer velutinum have been described, with Pojarkova (1974) treating the most in her account of Aceraceae for Flora of the U.S.S.R. , recognising six within that region. van Gelderen et al. (1994) took a more conservative view, treating only two varieties along with the typical form within Acer velutinum : var. glabrescens and var. vanvolxemii. Siahkolaee et al. (2017) then ",Least concern (LC),https://www.treesandshrubsonline.org/articles/acer/acer-velutinum/,Trees and Shrubs Online (IDS)
Acer wardii,,Sapindaceae,Acer,7-8,H3,32.8,"China, India",Alpine forest between 2400 and 3600 m asl.,"Acer wardii is currently considered the sole member of Sect. Wardiana . It was treated within Sect. Macrantha by Xu et al. (2008) , but was considered closer to Section Palmata by de Jong (2002) . It was not included in Li et al. (2019) (see genus article) and further work is required to elucidate its phylogenetic position.",Least concern (LC),https://www.treesandshrubsonline.org/articles/acer/acer-wardii/,Trees and Shrubs Online (IDS)
Acer wilsonii,Wilson's Maple,Sapindaceae,Acer,7-8,H4,49.2,"Myanmar, China, Vietnam","Forests, between 900 and 2000 m asl.","Acer wilsonii was treated as a subspecies of A. campbellii by van Gelderen et al . (1994) though at specific rank by Xu et al. (2008) , whose treatment is followed here. It is morphologically distinct from A. campbellii, with smaller, more entire-margined leaves that are predominantly three-lobed in maturity, rather than seven-lobed and serrated. Its flowers also have a glabrous disk, which in A. ",Least concern (LC),https://www.treesandshrubsonline.org/articles/acer/acer-wilsonii/,Trees and Shrubs Online (IDS)
Acer yui,,Sapindaceae,Acer,5,H6,23.0,China,"Mixed forests and valleys between 1800 and 2000 m asl. Associated species in Gansu include Quercus baronii , Koelreuteria paniculata , Euonymus sp., Spiraea triloba , Pinus tabuliformis and Syringa pekinensis.","van Gelderen, de Jong & Oterdoom (1994) recognise a second variety, var. leptocarpum , within this species. Xu et al. (2008 ), whose treatment is followed here, consider this a synonym of the type.",Endangered (EN),https://www.treesandshrubsonline.org/articles/acer/acer-yui/,Trees and Shrubs Online (IDS)
Acer × conspicuum,,Sapindaceae,Acer,5-7,H5,32.8,"Bosnia and Herzegovina, Croatia, France, Greece, Italy, North Macedonia, Serbia, Slovenia, Spain","As of its parents, where they overlap.","Hybrids between A. monspessulanum and A. opalus subsp. obtusatum have been recorded on several occasions. Most have been recorded from cultivated trees, though some are of known wild origin ( de Jong 2011) . Several names have been assigned to those that have been separately described, included here in synonymy. Bean’s (1976) inclusion of Acer pseudoplatanus in the parentage of A. × coriaceum , ra",Not evaluated (NE),https://www.treesandshrubsonline.org/articles/acer/acer-x-conspicuum/,Trees and Shrubs Online (IDS)
Ackama rosifolia,Makamaka,Cunoniaceae,Ackama,9–10. Conservation status Not evaluated. Illustration NT114.,,39.4,"NEW ZEALAND: North Is., Northland Peninsula. Habitat Lowland forest, particularly forest margins and along streams. USDA Hardiness Zone 9–10. Conservation status Not evaluated. Illustration NT114.","Lowland forest, particularly forest margins and along streams. USDA Hardiness Zone 9–10. Conservation status Not evaluated. Illustration NT114.",,Not evaluated. Illustration NT114.,https://www.treesandshrubsonline.org/articles/ackama/ackama-rosifolia/,Trees and Shrubs Online (IDS)
Acradenia frankliniae,,Rutaceae,Acradenia,,,,"Native of W. Tasmania, where it was discovered by Dr Milligan on the banks of the Franklin River, near Macquarie Harbour, in April 1842.",,,,https://www.treesandshrubsonline.org/articles/acradenia/acradenia-frankliniae/,Trees and Shrubs Online (IDS)
Acrothamnus colensoi,,Ericaceae,Acrothamnus,,,,"native of the mountains of New Zealand. It is one of the hardiest of the species making up the former Epacridaceae (now Ericaceae subfam. Epacridoideae), growing well though slowly in peaty soil and damaged only in the severest winters. Its fruits are rarely seen in this country",,,,https://www.treesandshrubsonline.org/articles/acrothamnus/acrothamnus-colensoi/,Trees and Shrubs Online (IDS)
Actinidia arguta,,Actinidiaceae,Actinidia,,,,"Native of China, Japan, and the Amur region.",,,,https://www.treesandshrubsonline.org/articles/actinidia/actinidia-arguta/,Trees and Shrubs Online (IDS)
Actinidia callosa,,Actinidiaceae,Actinidia,,,,"Native of N. India, described and named as long ago as 1836 by Lindley and found by such early collectors as Griffiths in Bhutan, Wallich in Nepal, and Hooker in Sikkim; also of W. China, where it has been collected by Henry and Forrest.",,,,https://www.treesandshrubsonline.org/articles/actinidia/actinidia-callosa/,Trees and Shrubs Online (IDS)
Actinidia henryi,,Actinidiaceae,Actinidia,,,,"Native of Yunnan, in mountain forests at 5,000 to 6,000 ft; discovered by Henry; introduced by Wilson for the Arnold Arboretum, and sent thence to Kew in 1910.",,,,https://www.treesandshrubsonline.org/articles/actinidia/actinidia-henryi/,Trees and Shrubs Online (IDS)
Actinidia kolomikta,,Actinidiaceae,Actinidia,,,,"Native of Manchuria, China and Japan, flowering in June; illustrated in Bot.",,,,https://www.treesandshrubsonline.org/articles/actinidia/actinidia-kolomikta/,Trees and Shrubs Online (IDS)
Actinidia melanandra,,Actinidiaceae,Actinidia,,,,"Native of Hupeh and Szechwan, China; discovered in the latter province by the French missionary, Père Farges; introduced by Wilson in 1910.",,,,https://www.treesandshrubsonline.org/articles/actinidia/actinidia-melanandra/,Trees and Shrubs Online (IDS)
Actinidia polygama,Silver Vine,Actinidiaceae,Actinidia,,,20,"Native of Central Japan, and plentiful in the mountains there.",,,,https://www.treesandshrubsonline.org/articles/actinidia/actinidia-polygama/,Trees and Shrubs Online (IDS)
Actinidia purpurea,,Actinidiaceae,Actinidia,,,,"Native of W. Szechwan and Yunnan, China; found by Henry, Wilson, and Forrest; introduced by Wilson in 1908.",,,,https://www.treesandshrubsonline.org/articles/actinidia/actinidia-purpurea/,Trees and Shrubs Online (IDS)
Actinidia rubricaulis,,Actinidiaceae,Actinidia,,,25,"Native of W. Szechwan, China; Wilson found it in Mupin and on Mt.",,,,https://www.treesandshrubsonline.org/articles/actinidia/actinidia-rubricaulis/,Trees and Shrubs Online (IDS)
Actinidia rufa,,Actinidiaceae,Actinidia,,,,"Native of Japan and Korea, differing from the above in having the inflorescence and sepals covered with rusty-brown hairs.",,,,https://www.treesandshrubsonline.org/articles/actinidia/actinidia-rufa/,Trees and Shrubs Online (IDS)
Actinidia tetramera,,Actinidiaceae,Actinidia,,,,"Native of China, closely allied to the preceding and to A. kolomikta .",,,,https://www.treesandshrubsonline.org/articles/actinidia/actinidia-tetramera/,Trees and Shrubs Online (IDS)
Adenandra uniflora,,Rutaceae,Adenandra,,,2,Native of South Africa; originally introduced to Kew by Francis Masson in 1775.,,,,https://www.treesandshrubsonline.org/articles/adenandra/adenandra-uniflora/,Trees and Shrubs Online (IDS)
Adenanthos sericeus,Woolly Bush,Proteaceae,Adenanthos,,H3,,Australia,,,,https://www.treesandshrubsonline.org/articles/adenanthos/adenanthos-sericeus/,Trees and Shrubs Online (IDS)
Adenocarpus anagyrifolius,,Fabaceae,Adenocarpus,,,6,"Native of Morocco, on the slopes of the Main Atlas Range at 3,000–9,000 ft; introduced by E. K. Balls in 1936.",,,,https://www.treesandshrubsonline.org/articles/adenocarpus/adenocarpus-anagyrifolius/,Trees and Shrubs Online (IDS)
Adenocarpus decorticans,,Fabaceae,Adenocarpus,,,10,"Native of Spain, and only really hardy in the milder parts of Great Britain.",,,,https://www.treesandshrubsonline.org/articles/adenocarpus/adenocarpus-decorticans/,Trees and Shrubs Online (IDS)
Adenocarpus viscosus,,Fabaceae,Adenocarpus,,,,"Native of the Canary Islands, mainly on Teneriffe.",,,,https://www.treesandshrubsonline.org/articles/adenocarpus/adenocarpus-viscosus/,Trees and Shrubs Online (IDS)
Adinandra millettii,,Pentaphylacaceae,Adinandra,7-8,,,"China, Vietnam",Evergreen forests and thickets on mountain slopes between 100 and 1300 (1800) m asl.,,Not evaluated (NE),https://www.treesandshrubsonline.org/articles/adinandra/adinandra-millettii/,Trees and Shrubs Online (IDS)
Aegiphila spicata,,Lamiaceae,Aegiphila,,,,"Bolivia, Peru",,,Least concern (LC),https://www.treesandshrubsonline.org/articles/aegiphila/aegiphila-spicata/,Trees and Shrubs Online (IDS)
Aesculus + dallimorei,,Sapindaceae,Aesculus,,,,"hybrid between the two species, in which case the anomalous branch could be explained as an outgrowth from the hybrid stock.",,,,https://www.treesandshrubsonline.org/articles/aesculus/aesculus-dallimorei-aesculus-dallimorei/,Trees and Shrubs Online (IDS)
Aesculus californica,,Sapindaceae,Aesculus,,,40,"Native of California, where it is occasionally found from 30 to 40 ft high, but more often as a bush 10 to 15 ft high.",,,,https://www.treesandshrubsonline.org/articles/aesculus/aesculus-californica/,Trees and Shrubs Online (IDS)
Aesculus chinensis,Chinese Horse-chestnut,Sapindaceae,Aesculus,,,90,"Native of N. China, and although known to botanists for over seventy years was only introduced in 1912.",,,,https://www.treesandshrubsonline.org/articles/aesculus/aesculus-chinensis/,Trees and Shrubs Online (IDS)
Aesculus flava,Yellow Buckeye,Sapindaceae,Aesculus,4-8,H3,98.4,United States,"Mesic slopes and valleys, river and stream banks, 300–1900 m asl.",,Least concern (LC),https://www.treesandshrubsonline.org/articles/aesculus/aesculus-flava/,Trees and Shrubs Online (IDS)
Aesculus glabra,Ohio Buckeye,Sapindaceae,Aesculus,,,,Native of the S.E. and Central United States.,,,,https://www.treesandshrubsonline.org/articles/aesculus/aesculus-glabra/,Trees and Shrubs Online (IDS)
Aesculus glabrescens,,Sapindaceae,Aesculus,,,,,,,,https://www.treesandshrubsonline.org/articles/aesculus/aesculus-glabrescens/,Trees and Shrubs Online (IDS)
Aesculus glaucescens,,Sapindaceae,Aesculus,,,10,,,,,https://www.treesandshrubsonline.org/articles/aesculus/aesculus-glaucescens/,Trees and Shrubs Online (IDS)
Aesculus hippocastanum,Horse-chestnut,Sapindaceae,Aesculus,,,,,,,,https://www.treesandshrubsonline.org/articles/aesculus/aesculus-hippocastanum/,Trees and Shrubs Online (IDS)
Aesculus indica,Indian Horse-chestnut,Sapindaceae,Aesculus,,,,"Native of the N.W. Himalaya. One of the most magnificent of all temperate trees, and equalling the common horse-chestnut in beauty, it is remarkable that this species is still so little known in English gardens and parks. Although the young growths may be cut by late frosts in lo",,,,https://www.treesandshrubsonline.org/articles/aesculus/aesculus-indica/,Trees and Shrubs Online (IDS)
Aesculus octandra,,Sapindaceae,Aesculus,,,,,,,,https://www.treesandshrubsonline.org/articles/aesculus/aesculus-octandra/,Trees and Shrubs Online (IDS)
Aesculus parviflora,,Sapindaceae,Aesculus,,,15,Native of the S.E. United States; introduced by John Fraser in 1785.,,,,https://www.treesandshrubsonline.org/articles/aesculus/aesculus-parviflora/,Trees and Shrubs Online (IDS)
Aesculus pavia,Red Buckeye,Sapindaceae,Aesculus,,,12,"Native of the southern United States; introduced, according to Aiton, in 1711.",,,,https://www.treesandshrubsonline.org/articles/aesculus/aesculus-pavia/,Trees and Shrubs Online (IDS)
Aesculus splendens,,Sapindaceae,Aesculus,,,12,"Native of the S.E. United States. It is one of the smooth-fruited species and is related to A. pavia , which differs in the glabrous or nearly glabrous undersurface of the leaves. Sargent observes of A. splendens that its flowers are probably the handsomest in the genus. At Kew t",,,,https://www.treesandshrubsonline.org/articles/aesculus/aesculus-splendens/,Trees and Shrubs Online (IDS)
Aesculus sylvatica,,Sapindaceae,Aesculus,,,,,,,,https://www.treesandshrubsonline.org/articles/aesculus/aesculus-sylvatica/,Trees and Shrubs Online (IDS)
Aesculus turbinata,Japanese Horse-chestnut,Sapindaceae,Aesculus,,,100,"Native of Japan up to 5,500 ft on the main island and in Hokkaido (Yezo).",,,,https://www.treesandshrubsonline.org/articles/aesculus/aesculus-turbinata/,Trees and Shrubs Online (IDS)
Aesculus wilsonii,,Sapindaceae,Aesculus,,,,,,,,https://www.treesandshrubsonline.org/articles/aesculus/aesculus-wilsonii/,Trees and Shrubs Online (IDS)
Aesculus × bushii,Red Horse-chestnut,Sapindaceae,Aesculus,7. Conservation status Not evaluated. Illustration NT118. Cross-reference K118. Taxonomic note The differences between A. × bushii and A. × mississippiensis are uncertain and the names may be synonymous.,,80,"USA: Alabama, Arkansas, Louisiana, Mississippi, Missouri, Oklahoma, Texas. Habitat As for the parent species. USDA Hardiness Zone 7. Conservation status Not evaluated. Illustration NT118. Cross-reference K118. Taxonomic note The differences between A. × bushii and A. × mississippiensis are uncertain and the names may be synonymous.",As for the parent species. USDA Hardiness Zone 7. Conservation status Not evaluated. Illustration NT118. Cross-reference K118. Taxonomic note The differences between A. × bushii and A. × mississippiensis are uncertain and the names may be synonymous.,The differences between A. × bushii and A. × mississippiensis are uncertain and the names may be synonymous.,Not evaluated. Illustration NT118. Cross-reference K118. Taxonomic note The differences between A. × bushii and A. × mississippiensis are uncertain and the names may be synonymous.,https://www.treesandshrubsonline.org/articles/aesculus/aesculus-x-bushii/,Trees and Shrubs Online (IDS)
Aextoxicon punctatum,Olivillo,Aextoxicaceae,Aextoxicon,"8. Conservation status Data Deficient. Illustration Rodríguez R. et al. 1983; NT120, NT515.",,65.6,"ARGENTINA: between Lago Puelo in Chubut Province and El Bolsón in Río Negro Province; CHILE: from the Limarí River in Coquimbo Province to Chiloé Is. in Los Lagos Province. Habitat Aextoxicon is endemic to the sub-Antarctic forests of the southern Andes, between 15 and 1000 m asl. It prefers a humid atmosphere, and forms pure forests or mixes with Eucryphia , Drimys and several Myrtaceae. USDA Har","Aextoxicon is endemic to the sub-Antarctic forests of the southern Andes, between 15 and 1000 m asl. It prefers a humid atmosphere, and forms pure forests or mixes with Eucryphia , Drimys and several Myrtaceae. USDA Hardiness Zone 8. Conservation status Data Deficient. Illustration Rodríguez R. et al. 1983; NT120, NT515.",,"Data Deficient. Illustration Rodríguez R. et al. 1983; NT120, NT515.",https://www.treesandshrubsonline.org/articles/aextoxicon/aextoxicon-punctatum/,Trees and Shrubs Online (IDS)
Afrocarpus falcatus,Outeniqua Yellowwood,Podocarpaceae,Afrocarpus,"9. Conservation status Lower Risk, but many forest areas now destroyed or with large trees having been selectively extracted. Illustration NT121, NT122. Cross-reference K255 (as Podocarpus falcatus ). Taxonomic note Afrocarpus falcatus has frequently been conflated with A. gracilior (Pilg.) C.N. Page, from montane forests in tropical East and Northeast Africa, and the two are confused in the literature and probably in cultivation as well (both names are in circulation in the North American nursery trade). They are very similar, but A. gracilior has longer, more falcate leaves. As a juvenile plant A. gracilior is very tolerant of deep shade, and young specimens are sometimes used for interior decoration (as, for example, in the terminal buildings of Schiphol Airport, Amsterdam). It is conceivable that it might survive outside, if planted in sheltered places (see p. 6 ).",,,"MOZAMBIQUE: southern area; SOUTH AFRICA: Western Cape to Limpopo Province. Habitat Moist montane forests. USDA Hardiness Zone 9. Conservation status Lower Risk, but many forest areas now destroyed or with large trees having been selectively extracted. Illustration NT121, NT122. Cross-reference K255 (as Podocarpus falcatus ). Taxonomic note Afrocarpus falcatus has frequently been conflated with A. ","Moist montane forests. USDA Hardiness Zone 9. Conservation status Lower Risk, but many forest areas now destroyed or with large trees having been selectively extracted. Illustration NT121, NT122. Cross-reference K255 (as Podocarpus falcatus ). Taxonomic note Afrocarpus falcatus has frequently been conflated with A. gracilior (Pilg.) C.N. Page, from montane forests in tropical East and Northeast Af","Afrocarpus falcatus has frequently been conflated with A. gracilior (Pilg.) C.N. Page, from montane forests in tropical East and Northeast Africa, and the two are confused in the literature and probably in cultivation as well (both names are in circulation in the North American nursery trade). They are very similar, but A. gracilior has longer, more falcate leaves. As a juvenile plant A. gracilior","Lower Risk, but many forest areas now destroyed or with large trees having been selectively extracted. Illustration NT121, NT122. Cross-reference K255 (as Podocarpus falcatus ). Taxonomic note Afrocarpus falcatus has frequently been conflated with A. gracilior (Pilg.) C.N. Page, from montane forests in tropical East and Northeast Africa, and the two are confused in the literature and probably in cultivation as well (both names are in circulation in the North American nursery trade). They are very similar, but A. gracilior has longer, more falcate leaves. As a juvenile plant A. gracilior is very tolerant of deep shade, and young specimens are sometimes used for interior decoration (as, for example, in the terminal buildings of Schiphol Airport, Amsterdam). It is conceivable that it might survive outside, if planted in sheltered places (see p. 6 ).",https://www.treesandshrubsonline.org/articles/afrocarpus/afrocarpus-falcatus/,Trees and Shrubs Online (IDS)
Agapetes 'Ludgvan Cross',,Ericaceae,Agapetes,,,,,,,,https://www.treesandshrubsonline.org/articles/agapetes/agapetes-ludgvan-cross/,Trees and Shrubs Online (IDS)
Agapetes incurvata,,Ericaceae,Agapetes,,,,"Bangladesh, Bhutan, India, Nepal",,,,https://www.treesandshrubsonline.org/articles/agapetes/agapetes-incurvata/,Trees and Shrubs Online (IDS)
Agapetes serpens,,Ericaceae,Agapetes,,,,"Bhutan, China, India, Nepal",,,Not evaluated (NE),https://www.treesandshrubsonline.org/articles/agapetes/agapetes-serpens/,Trees and Shrubs Online (IDS)
Agarista populifolia,,Ericaceae,Agarista,5-9,,4,United States,,,,https://www.treesandshrubsonline.org/articles/agarista/agarista-populifolia/,Trees and Shrubs Online (IDS)
Agathis australis,Kauri,Araucariaceae,Agathis,9-11,H2,75.5,New Zealand,Warm temperate lowland forest with subtropical affinities. It grows primarily in mountains at 150–400 m elevation but is generally found at 0–600 m.,"The species was first described as Dammara australis in 1824 by Don in Lambert’s A Description of the Genus Pinus . Though Salisbury had already described Agathis in 1807 , Don preferred to retain the pre-Linnaean name for the genus proposed by Rumphius in 1741 . In 1829 , Lindley, in Loudon’s An Encyclopedia of Plants , published the combination Agathis australis . The epithet derives from the La",Not evaluated (NE),https://www.treesandshrubsonline.org/articles/agathis/agathis-australis/,Trees and Shrubs Online (IDS)
Agathis robusta,Queensland Kauri,Araucariaceae,Agathis,8b,H4,164.0,"Australia, Papua New Guinea","Emergent tree in lowland subtropical (southern range) and tropical (northern range) evergreen or semi-evergreen rainforest, extending into montane forest. Elevation range: 0–900 m. Grows on soils that vary from the deep sands of dunes on K'gari (formerly Fraser Island, off the coast of southern Queensland) to shallow or deep well-drained soils on basalt, metamorphic or granitic rocks; develops bes",,Least concern (LC),https://www.treesandshrubsonline.org/articles/agathis/agathis-robusta/,Trees and Shrubs Online (IDS)
Agathosma capensis,,Rutaceae,Agathosma,,,,South Africa,,,,https://www.treesandshrubsonline.org/articles/agathosma/agathosma-capensis/,Trees and Shrubs Online (IDS)
Agave americana,,Asparagaceae,Agave,,,,"native of Mexico, but, if so, it is rare there and reports about its importance in that country refer to other species; introduced to Europe in 1561 and to Britain before 1800.",,,,https://www.treesandshrubsonline.org/articles/agave/agave-americana/,Trees and Shrubs Online (IDS)
Agave parryi,,Asparagaceae,Agave,,,12,"Native of the W. United States from N. Arizona to S.E. New Mexico; also found in Chihuahua, Mexico; first collected in 1846, but introduced to cultivation in 1868 by C. C. Parry, who gathered seeds which were distributed under the present name.",,,,https://www.treesandshrubsonline.org/articles/agave/agave-parryi/,Trees and Shrubs Online (IDS)
Ageratina ligustrina,,Asteraceae,Ageratina,,,,Native of E. Mexico from Tamaulipas to Chiapas; and of Guatemala and Costa Rica.,,,,https://www.treesandshrubsonline.org/articles/ageratina/ageratina-ligustrina/,Trees and Shrubs Online (IDS)
Ailanthus altissima,Tree of Heaven,Simaroubaceae,Ailanthus,5a,H6,98.4,"China, Vietnam, Taiwan","Mountain forests and open woodlands in its native habitat. As an invasive it now occurs in many habitats around the world, especially in urban and peri-urban places.","The made-up word Ailanthus is generally understood to be a latinate feminine noun with which the adjective altissima must agree, although in classical Latin female nouns ending in - us are greatly outnumbered by masculine and neuter nouns. A minority of authors, such as Peng & Wayt Thomas 2008 , have treated Ailanthus as a masculine noun, so that the specific name becomes altissimus .",Not evaluated (NE),https://www.treesandshrubsonline.org/articles/ailanthus/ailanthus-altissima/,Trees and Shrubs Online (IDS)
Akebia quinata,,Lardizabalaceae,Akebia,,,40,hybrid between the two species of Akebia and intermediate between them.,,,,https://www.treesandshrubsonline.org/articles/akebia/akebia-quinata/,Trees and Shrubs Online (IDS)
Akebia trifoliata,,Lardizabalaceae,Akebia,,,,"native of China and Japan. It has proved to be perfectly hardy and a luxuriant grower, but flowering as it does early in April, its blossoms are often destroyed by frost, and its remarkable and highly coloured fruits in consequence not often seen out-of-doors; but see the remarks",,,,https://www.treesandshrubsonline.org/articles/akebia/akebia-trifoliata/,Trees and Shrubs Online (IDS)
Alangium platanifolium,,Cornaceae,Alangium,,,,"Native of Japan, whence it was introduced by Maries for Messrs Veitch about 1879.",,,,https://www.treesandshrubsonline.org/articles/alangium/alangium-platanifolium/,Trees and Shrubs Online (IDS)
Albizia julibrissin,Pink Siris,Fabaceae,Albizia,,,40,"Native of the Near East, whence it was introduced in 1745; also common, cultivated or wild, in China and many other countries.",,,,https://www.treesandshrubsonline.org/articles/albizia/albizia-julibrissin/,Trees and Shrubs Online (IDS)
Albizia kalkora,Kalkora Mimosa,Fabaceae,Albizia,"7a/8b. Conservation status Not evaluated. Cross-reference K129. Illustration NT129. Taxonomic note Chakrabarty & Gangopadhyay (1996) place A. kalkora in synonymy with A. garrettii I.C. Nielsen, but list Mimosa kalkora as a synonym of",,,"CHINA: Anhui, Fujian, Gansu, Guangdong, Guangxi, Guizhou, Hainan, Henan, Hubei, Hunan, Jiangsu, Jiangxi, Shaanxi, Shandong, Shanxi, Sichuan, Zhejiang; INDIA; JAPAN: southern Kyushu; MYANMAR; NORTH KOREA; SOUTH KOREA; TAIWAN; VIETNAM. Habitat Thickets and sparse forest between 500 and 2000 m asl. USDA Hardiness Zone 7a/8b. Conservation status Not evaluated. Cross-reference K129. Illustration NT129.","Thickets and sparse forest between 500 and 2000 m asl. USDA Hardiness Zone 7a/8b. Conservation status Not evaluated. Cross-reference K129. Illustration NT129. Taxonomic note Chakrabarty & Gangopadhyay (1996) place A. kalkora in synonymy with A. garrettii I.C. Nielsen, but list Mimosa kalkora as a synonym of","Chakrabarty & Gangopadhyay (1996) place A. kalkora in synonymy with A. garrettii I.C. Nielsen, but list Mimosa kalkora as a synonym of","Not evaluated. Cross-reference K129. Illustration NT129. Taxonomic note Chakrabarty & Gangopadhyay (1996) place A. kalkora in synonymy with A. garrettii I.C. Nielsen, but list Mimosa kalkora as a synonym of",https://www.treesandshrubsonline.org/articles/albizia/albizia-kalkora/,Trees and Shrubs Online (IDS)
Alectryon excelsus,New Zealand Oak,Sapindaceae,Alectryon,9,,65.6,New Zealand,Lowland forest between 0 and 600 m asl.,,Not evaluated (NE),https://www.treesandshrubsonline.org/articles/alectryon/alectryon-excelsus/,Trees and Shrubs Online (IDS)
Alloberberis haematocarpa,,Berberidaceae,Alloberberis,,,12,"Native of western N. America in the States of New Mexico, Colorado, W. Texas, and California; introduced to Kew in 1916.",,,,https://www.treesandshrubsonline.org/articles/alloberberis/alloberberis-haematocarpa/,Trees and Shrubs Online (IDS)
Alloberberis nevinii,,Berberidaceae,Alloberberis,,,,"Introduced to this country in 1928, it was first flowered by Mr T. Hay in Hyde Park in March 1931.",,,,https://www.treesandshrubsonline.org/articles/alloberberis/alloberberis-nevinii/,Trees and Shrubs Online (IDS)
Alloberberis swaseyi,Texas Barberry,Berberidaceae,Alloberberis,,,,,,,,https://www.treesandshrubsonline.org/articles/alloberberis/alloberberis-swaseyi/,Trees and Shrubs Online (IDS)
Alloberberis trifoliolata,Agarito,Berberidaceae,Alloberberis,,,,"introduced to Britain in 1839 by Hartweg, who collected the seeds in Mexico on the road from Zacatecas to San Luis Potosi.",,,,https://www.treesandshrubsonline.org/articles/alloberberis/alloberberis-trifoliolata/,Trees and Shrubs Online (IDS)
Allocasuarina duncanii,,Casuarinaceae,Allocasuarina,"9. Conservation status Not evaluated (IUCN), but this species has a restricted distribution and might be threatened if the protected status of its only habitat was changed. Illustration Johnson & Morris 1994; NT131. Taxonomic note This species is very similar to A. monilifera (L.A.S. Johnson) L.A.S. Johnson, though the staminate inflorescences are shorter.",,26.2,"AUSTRALIA: Tasmania, Snug Plains (only known from one location). Habitat Dry, sclerophyllous Eucalyptus forest at c .600 m asl. USDA Hardiness Zone 9. Conservation status Not evaluated (IUCN), but this species has a restricted distribution and might be threatened if the protected status of its only habitat was changed. Illustration Johnson & Morris 1994; NT131. Taxonomic note This species is very ","Dry, sclerophyllous Eucalyptus forest at c .600 m asl. USDA Hardiness Zone 9. Conservation status Not evaluated (IUCN), but this species has a restricted distribution and might be threatened if the protected status of its only habitat was changed. Illustration Johnson & Morris 1994; NT131. Taxonomic note This species is very similar to A. monilifera (L.A.S. Johnson) L.A.S. Johnson, though the stam","This species is very similar to A. monilifera (L.A.S. Johnson) L.A.S. Johnson, though the staminate inflorescences are shorter.","Not evaluated (IUCN), but this species has a restricted distribution and might be threatened if the protected status of its only habitat was changed. Illustration Johnson & Morris 1994; NT131. Taxonomic note This species is very similar to A. monilifera (L.A.S. Johnson) L.A.S. Johnson, though the staminate inflorescences are shorter.",https://www.treesandshrubsonline.org/articles/allocasuarina/allocasuarina-duncanii/,Trees and Shrubs Online (IDS)
Alniaria alnifolia,,Rosaceae,Alniaria,,,50,"Native of Japan, Korea, and of northern and central China, as far south as Anhwei, Shantung and Kiangsi; put into commerce by the German nurseryman Späth in 1892, but perhaps cultivated earlier.",,,,https://www.treesandshrubsonline.org/articles/alniaria/alniaria-alnifolia/,Trees and Shrubs Online (IDS)
Alniaria folgneri,,Rosaceae,Alniaria,,,,Native of Central and S.W. China; introduced by Wilson for Messrs Veitch about 1901.,,,,https://www.treesandshrubsonline.org/articles/alniaria/alniaria-folgneri/,Trees and Shrubs Online (IDS)
Alniaria yuana,,Rosaceae,Alniaria,"5–6. Conservation status Not evaluated (IUCN), but considered to be rare by Flora of China . Illustration Wharton et al. 2005; NT822.",,49.2,"CHINA: Hubei, Shaanxi, Sichuan. Habitat Forest margins, steep slopes, between 2000 and 2400 m asl. USDA Hardiness Zone 5–6. Conservation status Not evaluated (IUCN), but considered to be rare by Flora of China . Illustration Wharton et al. 2005; NT822.","Forest margins, steep slopes, between 2000 and 2400 m asl. USDA Hardiness Zone 5–6. Conservation status Not evaluated (IUCN), but considered to be rare by Flora of China . Illustration Wharton et al. 2005; NT822.",,"Not evaluated (IUCN), but considered to be rare by Flora of China . Illustration Wharton et al. 2005; NT822.",https://www.treesandshrubsonline.org/articles/alniaria/alniaria-yuana/,Trees and Shrubs Online (IDS)
Alniphyllum eberhardtii,Yunnan Alder-leaf,Styracaceae,Alniphyllum,8a,H3,98.4,"China, Vietnam",Lowland secondary forest and forest margins.,,Least concern (LC),https://www.treesandshrubsonline.org/articles/alniphyllum/alniphyllum-eberhardtii/,Trees and Shrubs Online (IDS)
Alniphyllum fortunei,Fortune's Alder-leaf,Styracaceae,Alniphyllum,8-9,H4,65.6,"Myanmar, China, India, Laos, Vietnam",Mixed forest between 200 and 2200 m asl.,,Not evaluated (NE),https://www.treesandshrubsonline.org/articles/alniphyllum/alniphyllum-fortunei/,Trees and Shrubs Online (IDS)
Alnus 'Sipkes',,Betulaceae,Alnus,,,65.6,"introduced to cultivation by C. Sipkes in 1968, but it remains rare ( Jablonski 2020 ).",,,,https://www.treesandshrubsonline.org/articles/alnus/alnus-sipkes/,Trees and Shrubs Online (IDS)
Alnus acuminata,Evergreen Alder,Betulaceae,Alnus,8-9,H4,82.0,"Argentina, Bolivia, Colombia, Costa Rica, Ecuador, El Salvador, Guatemala, Honduras, Mexico, Panama, Peru, Venezuela","Wet forests and stream sides at high altitude ( 1500–2800 m asl), as pure stands or in mixed forests with Pinus , Quercus or Abies in Mexico and Mesoamerica. A colonising species of open ground, ditches and other wet places. Outside its native range it can be a troublesome invasive species.",,Least concern (LC),https://www.treesandshrubsonline.org/articles/alnus/alnus-acuminata/,Trees and Shrubs Online (IDS)
Alnus alnobetula,Green Alder,Betulaceae,Alnus,4-8,H6,39.4,"Austria, Belarus, Bosnia and Herzegovina, Bulgaria, Canada, China, Croatia, Czechia, France, Germany, Hungary, Italy, Japan, North Macedonia, Mongolia, Montenegro, Poland, Romania, Russia, Serbia, Slovakia, Slovenia, Switzerland, Ukraine, United States, Greenland","Diverse habitats including streamsides, rocky outcrops, open coniferous woods, and bogs, from coastal to high latitude subalpine zones to 2500 m asl. It is tolerant of a wide range of soils including wet, sandy, rocky, and otherwise poor soils. It is a major colonising species associated with avalanche chutes in mountains across its range.",,Least concern (LC),https://www.treesandshrubsonline.org/articles/alnus/alnus-alnobetula/,Trees and Shrubs Online (IDS)
Alnus cordata,Italian Alder,Betulaceae,Alnus,5-7,H6,65.6,"France, Italy","Mediterranean sub-mountain and mountain belt on a range of soils including poor or degraded soils, often away from water and usually on calcareous substrate. A sun-loving to somewhat shade tolerant species given adequate rainfall. A colonising species, often found with Quercus cerris and Fagus sylvatica .",,Least concern (LC),https://www.treesandshrubsonline.org/articles/alnus/alnus-cordata/,Trees and Shrubs Online (IDS)
Alnus cremastogyne,,Betulaceae,Alnus,,H4,98.4,China,In forests on mountain slopes or along stream sides at 500–3000 m asl. It tolerates poor soils but is both heat and light demanding.,,Least concern (LC),https://www.treesandshrubsonline.org/articles/alnus/alnus-cremastogyne/,Trees and Shrubs Online (IDS)
Alnus djavanshirii,,Betulaceae,Alnus,,,,Iran,"Mixed, open Carpinus betulus woodland on wet soils with rich humus layer, with Acer cappadocicum, A. velutinum, Zelkova carpinifolia, Crataegus spp. and Parrotia persica , at around 1000 m asl.",,Not evaluated (NE),https://www.treesandshrubsonline.org/articles/alnus/alnus-djavanshirii/,Trees and Shrubs Online (IDS)
Alnus dolichocarpa,,Betulaceae,Alnus,,,82.0,Iran,Wet soils in Hyrcanian Forests with good drainage often alongside Alnus subcordata and Fagus orientalis.,,Critically endangered (CR),https://www.treesandshrubsonline.org/articles/alnus/alnus-dolichocarpa/,Trees and Shrubs Online (IDS)
Alnus fauriei,Miyama-kawara-han-no-ki,Betulaceae,Alnus,5-6,H7,23.0,Japan,"Mountains in open woodland and grassland on soils with permanent moisture, 200–1000 m asl.",,Data deficient (DD),https://www.treesandshrubsonline.org/articles/alnus/alnus-fauriei/,Trees and Shrubs Online (IDS)
Alnus ferdinandi-coburgii,,Betulaceae,Alnus,6,H6,65.6,China,"Forests on mountain slopes, streamsides. 1500–3000 m asl.",,Least concern (LC),https://www.treesandshrubsonline.org/articles/alnus/alnus-ferdinandi-coburgii/,Trees and Shrubs Online (IDS)
Alnus firma,Yashabushi,Betulaceae,Alnus,6-7,H7,32.8,"Japan, South Korea",Woodland in mountainous areas.,,Data deficient (DD),https://www.treesandshrubsonline.org/articles/alnus/alnus-firma/,Trees and Shrubs Online (IDS)
Alnus formosana,Taiwan Alder,Betulaceae,Alnus,8a-11,H5,65.6,Taiwan,"Common on wet ground and along riverbanks in forests, forming pure or mixed stands. Near sea level to 2900 m asl.",,Least concern (LC),https://www.treesandshrubsonline.org/articles/alnus/alnus-formosana/,Trees and Shrubs Online (IDS)
Alnus glutinosa,Common Alder,Betulaceae,Alnus,3-7,H7,114.8,"Albania, Algeria, Armenia, Austria, Azerbaijan, Belarus, Belgium, Bosnia and Herzegovina, Bulgaria, Croatia, Czechia, Denmark, Estonia, Finland, France, Georgia, Germany, Hungary, Iran, Ireland, Italy, Kazakhstan, Latvia, Lithuania, Luxembourg, North Macedonia, Moldova, Monaco, Morocco, Netherlands, Norway, Poland, Portugal, Romania, Russia, Serbia, Slovakia, Slovenia, Spain, Sweden, Switzerland, ","Wet soils, stream and lake sides, wet flushes, fens and damp woodlands. Common throughout most of its range to 1800 m asl.",,Least concern (LC),https://www.treesandshrubsonline.org/articles/alnus/alnus-glutinosa/,Trees and Shrubs Online (IDS)
Alnus incana,Grey Alder,Betulaceae,Alnus,2-6,H7,82.0,"Albania, Armenia, Austria, Azerbaijan, Belarus, Bosnia and Herzegovina, Bulgaria, Croatia, Czechia, Estonia, Finland, France, Georgia, Germany, Greece, Hungary, Italy, Latvia, Liechtenstein, Lithuania, North Macedonia, Moldova, Montenegro, Netherlands, Norway, Poland, Romania, Russia, Serbia, Slovakia, Sweden, Switzerland, Türkiye, Ukraine","Forming dense thickets in damp ground, riparian habitats, bogs and swamps throughout its range, from lowlands to subalpine woods (100–3000 m asl).",,Least concern (LC),https://www.treesandshrubsonline.org/articles/alnus/alnus-incana/,Trees and Shrubs Online (IDS)
Alnus jorullensis,Mexican Alder,Betulaceae,Alnus,7-10,,65.6,"Guatemala, Mexico","Common at high elevations along the mountains of south-western Mexico. A colonising species encountered in a range of habitats including typically humid woodlands, stream edges and swamps to areas of open mixed oak-pine woodlands.",,Least concern (LC),https://www.treesandshrubsonline.org/articles/alnus/alnus-jorullensis/,Trees and Shrubs Online (IDS)
Alnus lanata,,Betulaceae,Alnus,5-8,H7,65.6,China,Streamsides in forests; 1600–2300 m asl.,,Data deficient (DD),https://www.treesandshrubsonline.org/articles/alnus/alnus-lanata/,Trees and Shrubs Online (IDS)
Alnus lusitanica,,Betulaceae,Alnus,,,82.0,"Morocco, Portugal, Spain","Frequently flooded ash-alder woodland in riparian habitats, and in seepage and wetland forests in humid and warm areas across a broad elevational range.",,Data deficient (DD),https://www.treesandshrubsonline.org/articles/alnus/alnus-lusitanica/,Trees and Shrubs Online (IDS)
Alnus maritima,Seaside Alder,Betulaceae,Alnus,4-7,H5,32.8,United States,"Along edges of ponds, spring-fed swamps and small streams, often in standing water; 0–100 m asl.",,Critically endangered (CR),https://www.treesandshrubsonline.org/articles/alnus/alnus-maritima/,Trees and Shrubs Online (IDS)
Alnus matsumurae,,Betulaceae,Alnus,5-6,H7,55.8,Japan,Common in forests in high mountains.,,Least concern (LC),https://www.treesandshrubsonline.org/articles/alnus/alnus-matsumurae/,Trees and Shrubs Online (IDS)
Alnus nepalensis,Nepalese Alder,Betulaceae,Alnus,8-11,,98.4,"Bangladesh, Bhutan, Myanmar, China, India, Nepal, Thailand, Vietnam","A pioneer of subtropical monsoon climates in temperate forests, in streambeds, riverbanks, ravines, village margins, landslips, forming pure or mixed stands; 200–3600 m asl. On moist well-drained soils including infertile soils.",,Least concern (LC),https://www.treesandshrubsonline.org/articles/alnus/alnus-nepalensis/,Trees and Shrubs Online (IDS)
Alnus nitida,West Himalayan Alder,Betulaceae,Alnus,8b-9a,H4,98.4,"Afghanistan, India, Nepal, Pakistan","In temperate parts of the Himalayas at low elevations ( 1000–3000 m asl), on river banks and roadsides including as pure stands.",,Least concern (LC),https://www.treesandshrubsonline.org/articles/alnus/alnus-nitida/,Trees and Shrubs Online (IDS)
Alnus oblongifolia,Arizona Alder,Betulaceae,Alnus,7,,,"Mexico, United States","Riparian habitats including sandy or rocky stream banks and moist slopes, often in mountain canyons, 1000–2300 m asl.",,Least concern (LC),https://www.treesandshrubsonline.org/articles/alnus/alnus-oblongifolia/,Trees and Shrubs Online (IDS)
Alnus orientalis,Oriental Alder,Betulaceae,Alnus,9b,H3,82.0,"Cyprus, Iran, Italy, Lebanon, Syria, Türkiye","Often abundant in riverine habitats throughout its range, on wet, typically alluvial soils, from sea level to 1500 m asl.",,Least concern (LC),https://www.treesandshrubsonline.org/articles/alnus/alnus-orientalis/,Trees and Shrubs Online (IDS)
Alnus pendula,Hime-yashibushi,Betulaceae,Alnus,5-6,H7,26.2,"Japan, North Korea, South Korea",Montane forest to 1500 m asl. Very common in northern Honshu on waste ground and by roadsides.,,Least concern (LC),https://www.treesandshrubsonline.org/articles/alnus/alnus-pendula/,Trees and Shrubs Online (IDS)
Alnus rhombifolia,White Alder,Betulaceae,Alnus,6-9,H7,82.0,United States,"On rocky streambanks and adjacent slopes in the mediterranean climatic zone, 100–2400 m asl. It can be found on various soil types, but mostly on alluvial soils in gravelly or rocky ground.",,Least concern (LC),https://www.treesandshrubsonline.org/articles/alnus/alnus-rhombifolia/,Trees and Shrubs Online (IDS)
Alnus rohlenae,,Betulaceae,Alnus,3-7,H7,114.8,"Albania, Greece, Montenegro, Serbia",Stream and riverine forests in mountain valleys and hardwood forests dominated by Fraxinus angustifolia and Platanus orientalis . Associated with frequently flooded alluvia close to the active channels of streams and rivers.,,Not evaluated (NE),https://www.treesandshrubsonline.org/articles/alnus/alnus-rohlenae/,Trees and Shrubs Online (IDS)
Alnus rubra,Red Alder,Betulaceae,Alnus,6-8,H7,91.9,"Canada, United States","On rocky, gravelly, sandy, or humus rich soils on stream banks and moist floodplains, lake shores, coasts, and open slopes, at elevations mostly below 300 m, but up to 750 m and exceptionally to 1000 m asl. Often with Acer, Sequoia, Pseudotsuga, Thuja, or Larix.",,Least concern (LC),https://www.treesandshrubsonline.org/articles/alnus/alnus-rubra/,Trees and Shrubs Online (IDS)
Alnus serrulata,Smooth Alder,Betulaceae,Alnus,4-9,H5,32.8,"Canada, United States","Stream banks, ditches, edges of sloughs, swampy fields and bogs, and lakeshores. Sea level up to 800 m asl.",,Least concern (LC),https://www.treesandshrubsonline.org/articles/alnus/alnus-serrulata/,Trees and Shrubs Online (IDS)
Alnus serrulatoides,Kawara-han-no-ki,Betulaceae,Alnus,,,16.4,Japan,"Riverine habitats, often in semi-shade.",,Data deficient (DD),https://www.treesandshrubsonline.org/articles/alnus/alnus-serrulatoides/,Trees and Shrubs Online (IDS)
Alnus sieboldiana,Oba-yashabushi,Betulaceae,Alnus,6-7,H7,,"Japan, South Korea","Lowlands and foothills, especially abundant near the sea.",,Data deficient (DD),https://www.treesandshrubsonline.org/articles/alnus/alnus-sieboldiana/,Trees and Shrubs Online (IDS)
Alnus trabeculosa,Sakuraba-han-no-ki,Betulaceae,Alnus,7-8,H5,,"China, Japan","Open swampy places, riverbanks, grassy swamps, in lowlands and hills (Japan) to edges of forests in mountain valleys, 200–1000 m asl.",,Least concern (LC),https://www.treesandshrubsonline.org/articles/alnus/alnus-trabeculosa/,Trees and Shrubs Online (IDS)
Alnus × elliptica,,Betulaceae,Alnus,5-7,H6,,France,Marshy areas,,Not evaluated (NE),https://www.treesandshrubsonline.org/articles/alnus/alnus-x-elliptica/,Trees and Shrubs Online (IDS)
Aloysia citrodora,Lemon-scented Verbena,Verbenaceae,Aloysia,,,15,"Native of Chile; introduced in 1784. Near London this well-known shrub needs the protection of a wall, and is often grown in cold conservatories for the pleasant lemon-like scent of the leaves. In the Isle of Wight and the Channel Islands it becomes a large bush without any prote",,,,https://www.treesandshrubsonline.org/articles/aloysia/aloysia-citrodora/,Trees and Shrubs Online (IDS)
Amelanchier alnifolia,,Rosaceae,Amelanchier,,,,"native of North America from central Ontario and the Great Lakes west to Alaska, south to British Columbia and Oregon, but absent from the coastal ranges.",,,,https://www.treesandshrubsonline.org/articles/amelanchier/amelanchier-alnifolia/,Trees and Shrubs Online (IDS)
Amelanchier arborea,,Rosaceae,Amelanchier,,,30,"Native of the eastern and central United States from Maine to Florida and westward to Minnesota and Louisiana; owing to the confusion between this species and A. laevis the date of introduction is uncertain, but one or the other was introduced in 1746.",,,,https://www.treesandshrubsonline.org/articles/amelanchier/amelanchier-arborea/,Trees and Shrubs Online (IDS)
Amelanchier asiatica,,Rosaceae,Amelanchier,,,40,"Native of China, Korea, and Japan, introduced from the last-named country in 1865.",,,,https://www.treesandshrubsonline.org/articles/amelanchier/amelanchier-asiatica/,Trees and Shrubs Online (IDS)
Amelanchier canadensis,,Rosaceae,Amelanchier,,,,"Native of eastern N. America, usually found in bogs and swamps, and of alder-like habit.",,,,https://www.treesandshrubsonline.org/articles/amelanchier/amelanchier-canadensis/,Trees and Shrubs Online (IDS)
Amelanchier florida,,Rosaceae,Amelanchier,,,10,Native of western N. America from S.E. Alaska to W. Oregon and N.W. California; introduced by Douglas in 1826.,,,,https://www.treesandshrubsonline.org/articles/amelanchier/amelanchier-florida/,Trees and Shrubs Online (IDS)
Amelanchier laevis,,Rosaceae,Amelanchier,,,,hybrid between A. laevis and A. arborea of which there are two forms in cultivation.,,,,https://www.treesandshrubsonline.org/articles/amelanchier/amelanchier-laevis/,Trees and Shrubs Online (IDS)
Amelanchier rotundifolia,,Rosaceae,Amelanchier,,,,"Native of the mountains of southern and central Europe, north-west Africa, Asia Minor, the Lebanon, the Crimea and the Caucasus; of unrecorded introduction, but in cultivation in Britain by early in the 18th century.",,,,https://www.treesandshrubsonline.org/articles/amelanchier/amelanchier-rotundifolia/,Trees and Shrubs Online (IDS)
Amelanchier × spicata,,Rosaceae,Amelanchier,,,12,"hybrid between A. canadensis ( oblongifolia ) and A. stolonifera , between which it is intermediate in stature.",,,,https://www.treesandshrubsonline.org/articles/amelanchier/amelanchier-x-spicata/,Trees and Shrubs Online (IDS)
Amentotaxus argotaenia,,Taxaceae,Amentotaxus,"9–10. Conservation status Vulnerable. Illustration Luu & Thomas 2004; NT147, NT148. Cross-reference K50.",,,"CHINA: Fujian, Gansu, Guangdong, Guangxi, Guizhou, western Hubei, Hunan, Jiangsu, Jiangxi, Sichuan, Taiwan, Xizang, Zhejiang; VIETNAM. Habitat Wet rocky sites in forest. USDA Hardiness Zone 9–10. Conservation status Vulnerable. Illustration Luu & Thomas 2004; NT147, NT148. Cross-reference K50.","Wet rocky sites in forest. USDA Hardiness Zone 9–10. Conservation status Vulnerable. Illustration Luu & Thomas 2004; NT147, NT148. Cross-reference K50.",,"Vulnerable. Illustration Luu & Thomas 2004; NT147, NT148. Cross-reference K50.",https://www.treesandshrubsonline.org/articles/amentotaxus/amentotaxus-argotaenia/,Trees and Shrubs Online (IDS)
Amomyrtus luma,,Myrtaceae,Amomyrtus,,,8,Native of Chile from 36° to 46° 30′ S.; introduced by H. Comber during his Andean expedition 1925–7 under field number C.1038.,,,,https://www.treesandshrubsonline.org/articles/amomyrtus/amomyrtus-luma/,Trees and Shrubs Online (IDS)
Amorpha nana,,Fabaceae,Amorpha,,,,Native of eastern and central N. America; introduced in 1811.,,,,https://www.treesandshrubsonline.org/articles/amorpha/amorpha-nana/,Trees and Shrubs Online (IDS)
Ampelopsis aconitifolia,,Vitaceae,Ampelopsis,,,,"Native of China. Of the vines with compound leaves and deeply cut leaflets this is the hardiest and most luxuriant in growth. It can be trained up a tall post, which it will soon cover with a beautiful tangle. There has been some confusion in gardens between this species and A .",,,,https://www.treesandshrubsonline.org/articles/ampelopsis/ampelopsis-aconitifolia/,Trees and Shrubs Online (IDS)
Ampelopsis bodinieri,,Vitaceae,Ampelopsis,,,19.7,"Native of Hupeh and Szechwan, China; introduced by Wilson in 1900 to Veitch’s Coombe Wood nursery.",,,,https://www.treesandshrubsonline.org/articles/ampelopsis/ampelopsis-bodinieri/,Trees and Shrubs Online (IDS)
Ampelopsis delavayana,,Vitaceae,Ampelopsis,,,,Native of W. China. Contact the editors at,,,,https://www.treesandshrubsonline.org/articles/ampelopsis/ampelopsis-delavayana/,Trees and Shrubs Online (IDS)
Ampelopsis glandulosa,,Vitaceae,Ampelopsis,,,,,,,,https://www.treesandshrubsonline.org/articles/ampelopsis/ampelopsis-glandulosa/,Trees and Shrubs Online (IDS)
Ampelopsis orientalis,,Vitaceae,Ampelopsis,,,,"Native of Asia Minor, Syria, etc., up to 5,000 ft on the mountains; introduced in 1818.",,,,https://www.treesandshrubsonline.org/articles/ampelopsis/ampelopsis-orientalis/,Trees and Shrubs Online (IDS)
Ampelopsis vitifolia,,Vitaceae,Ampelopsis,,,,"native of S.W. Asia from Persia to Kashmir, allied to A. bodinieri , but differing in the absence of tendrils and other characters.",,,,https://www.treesandshrubsonline.org/articles/ampelopsis/ampelopsis-vitifolia/,Trees and Shrubs Online (IDS)
Andromeda polifolia,Bog Rosemary,Ericaceae,Andromeda,,,,"Native of the colder parts of the northern hemisphere, mostly confined to mountains in the southern part of its range and found most commonly in peat or sphagnum bogs.",,,,https://www.treesandshrubsonline.org/articles/andromeda/andromeda-polifolia/,Trees and Shrubs Online (IDS)
Anopterus glandulosa,,Escalloniaceae,Anopterus,,,40,Native of Tasmania; introduced to Kew about 1840.,,,,https://www.treesandshrubsonline.org/articles/anopterus/anopterus-glandulosa/,Trees and Shrubs Online (IDS)
Anthyllis barba-jovis,Jupiter's Beard,Fabaceae,Anthyllis,9-10,H3,,"Albania, Algeria, Croatia, France, Greece, Italy, Slovenia, Spain, Tunisia",Open coastal vegetation,,Not evaluated (NE),https://www.treesandshrubsonline.org/articles/anthyllis/anthyllis-barba-jovis/,Trees and Shrubs Online (IDS)
Aphananthe aspera,,Cannabaceae,Aphananthe,,,17.7,"Native of Japan, Korea, and China; introduced to Kew from Japan in 1895.",,,,https://www.treesandshrubsonline.org/articles/aphananthe/aphananthe-aspera/,Trees and Shrubs Online (IDS)
Aralia chinensis,,Araliaceae,Aralia,,,,,,,,https://www.treesandshrubsonline.org/articles/aralia/aralia-chinensis/,Trees and Shrubs Online (IDS)
Aralia elata,Japanese Angelica Tree,Araliaceae,Aralia,,,2,"Native of Japan, Korea, Manchuria and the Russian Far East; introduced about 1830, and perhaps the finest of all hardy shrubs with foliage of its particular type.",,,,https://www.treesandshrubsonline.org/articles/aralia/aralia-elata/,Trees and Shrubs Online (IDS)
Aralia spinosa,Hercules' Club,Araliaceae,Aralia,,,26.2,"native of the south-eastern United States, and very similar to A. elata .",,,,https://www.treesandshrubsonline.org/articles/aralia/aralia-spinosa/,Trees and Shrubs Online (IDS)
Araucaria angustifolia,Brazilian Monkey-puzzle,Araucariaceae,Araucaria,8-9,,,"Argentina, Brazil, Paraguay","Mixed subtropical forest between 500 and 2300 m asl (to 1800 m in Brazil, to 2300 m in Argentina and Paraguay) on acidic, laterite soils with up to 1500 mm rain per annum.",,Critically endangered (CR),https://www.treesandshrubsonline.org/articles/araucaria/araucaria-angustifolia/,Trees and Shrubs Online (IDS)
Araucaria araucana,Chile Pine,Araucariaceae,Araucaria,8a,H5,,"Argentina, Chile","In the Andes from (600–)900–1800 m asl, often reaching the tree-line, on volcanic soils. It most commonly associates with Nothofagus pumilio but also N. antarctica and N. dombeyi and the conifer Saxegothaea conspicua .",,Endangered (EN),https://www.treesandshrubsonline.org/articles/araucaria/araucaria-araucana/,Trees and Shrubs Online (IDS)
Araucaria heterophylla,Norfolk Island Pine,Araucariaceae,Araucaria,9-10,H2,,Australia,"Originally in evergreen subtropical forest, emerging over a canopy of angiosperm trees and tree ferns. The original habitat is now modified or disturbed almost everywhere, with Araucaria heterophylla now seen as isolated trees or in small groves with a denuded associated flora.",,Vulnerable (VU),https://www.treesandshrubsonline.org/articles/araucaria/araucaria-heterophylla/,Trees and Shrubs Online (IDS)
Araujia sericifera,,Apocynaceae,Araujia,,,,Native of South America; introduced by Tweedie from Buenos Aires in 1830.,,,,https://www.treesandshrubsonline.org/articles/araujia/araujia-sericifera/,Trees and Shrubs Online (IDS)
Arbutus andrachne,Greek Strawberry Tree,Ericaceae,Arbutus,8-9,H4,39.4,"Albania, Armenia, Azerbaijan, Bulgaria, Croatia, Cyprus, Georgia, Greece, Israel, Jordan, Lebanon, North Macedonia, Syria, Türkiye, Ukraine","Forests and shrublands, usually on rocky slopes on acidic soils; 0–1500 m.",,Least concern (LC),https://www.treesandshrubsonline.org/articles/arbutus/arbutus-andrachne/,Trees and Shrubs Online (IDS)
Arbutus Mexican Species,,Ericaceae,Arbutus,,,,Mexico,,,,https://www.treesandshrubsonline.org/articles/arbutus/arbutus-mexican-species/,Trees and Shrubs Online (IDS)
Arbutus occidentalis,,Ericaceae,Arbutus,8b-10,H4,,Mexico,"Forests, especially in areas with rocky outcrops, 2400–3200 m.",,Not evaluated (NE),https://www.treesandshrubsonline.org/articles/arbutus/arbutus-occidentalis/,Trees and Shrubs Online (IDS)
Arbutus × reyorum,,Ericaceae,Arbutus,"8-9 A small to medium tree with excellent reddish bark, glossy dark green leaves, large inflorescences of white flowers flushing deep pink in late summer to autumn, and good crops of fruit, 2–3 cm across and ripening red. It is lime tolerant. Well established on the Pacific seaboard of the United States, in gardens and as a street tree, and widely offered by nurseries from tissue culture ( Grimshaw & Bayton 2009 , Jacobson 1996 ). It is also increasingly planted in Mediterranean and maritime Europe. It can grow quickly in areas with warm summers: a specimen at San Marcos Growers, Santa Barbara, CA, reached 13.5 m × 274 cm, with a crown spread of over 16 m, in 23 years ( San Marcos Growers 2021 ). The origin of this cultivar is convoluted, it apparently having been shipped unrecognised from southern Europe (from which garden or nursery is unknown) to San Francisco in 1917 as a landscaping tree for the Exposition that year. It was propagated by Charles Abrahams at his Western Nursery in the Marina district of San Francisco (hence the cultivar name), and one of the resulting plants was grown at the Strybing Arboretum (now San Francisco Botanical Garden). A cutting from this came into the hands of the San Francisco plantsman Victor Reiter in 1933. Planted in Reiter’s garden in 1944, it reached 15 m before collapsing in 2006. Material from the Reiter tree was introduced to the nursery trade in 1984 by the Saratoga Horticultural Research Foundation ( Grimshaw & Bayton 2009 , San Marcos Growers 2021 ). ‘If only one Arbutus were to be planted this should be it’ ( Grimshaw & Bayton 2009 ). Arbutus × reyorum 'Marina': an excellent small tree. Image John Grimshaw. "" data-alt=""Arbutus × reyorum 'Marina'""> Arbutus × reyorum 'Marina': an excellent small tree. Image John Grimshaw. Arbutus × reyorum 'Marina'. Image John Grimshaw. "" data-alt=""Arbutus × reyorum 'Marina'""> Arbutus × reyorum 'Marina'. Image John Grimshaw. Foliage on Arbutus × reyorum 'Marina' at Arboretum Cimetière Parc, Nantes, France. 8 October 2023. Image Tom Christian. "" data-alt=""Arbutus × reyorum 'Marina'""> Foliage on Arbutus × reyorum 'Marina' at Arboretum Cimetière Parc, Nantes, France. 8 October 2023. Image Tom Christian. This young Arbutus × reyorum 'Marina' is beginning to develop the beautiful peeling bark gardeners can expect from this selection. Arboretum Cimetière Parc, Nantes, France. 8 October 2023. Image Tom Christian. "" data-alt=""Arbutus × reyorum 'Marina'""> This young Arbutus × reyorum 'Marina' is beginning to develop the beautiful peeling bark gardeners can expect from this selection. Arboretum Cimetière Parc, Nantes, France. 8 October 2023. Image Tom Christian. Arbutus × reyorum 'Marina' inherits excellent bark from its A. × andrachnoides parent, as seen here in a maturing example in a private garden in Suffolk, UK (January 2023). Image Jack Aldridge. "" data-alt=""Arbutus × reyorum 'Marina'""> Arbutus × reyorum 'Marina' inherits excellent bark from its A. × andrachnoides parent, as seen here in a maturing example in a private garden in Suffolk, UK (January 2023). Image Jack Aldridge. Winter damage to an established specimen of Arbutus × reyorum 'Marina' growing in a sheltered position at RHS Garden Wisley, UK (21 April 2023). Image Jack Aldridge. "" data-alt=""Arbutus × reyorum 'Marina'""> Winter damage to an established specimen of Arbutus × reyorum 'Marina' growing in a sheltered position at RHS Garden Wisley, UK (21 April 2023). Image Jack Aldridge. Flaky reddish bark on a mature Arbutus × reyorum 'Marina'. Private garden, Île d'Oléron, France. August 2022. Image James Garnett. "" data-alt=""Arbutus × reyorum 'Marina'""> Flaky reddish bark on a mature Arbutus × reyorum 'Marina'. Private garden, Île d'Oléron, France. August 2022. Image James Garnett. Probably the french champion of Arbutus × reyorum 'Marina', approximately 8 m tall, growing in difficult, dry conditions. Private garden, Île d'Oléron, France. August 2022. Image James Garnett. "" data-alt=""Arbutus × reyorum 'Marina'""> Probably the french champion of Arbutus × reyorum 'Marina', approximately 8 m tall, growing in difficult, dry conditions. Private garden, Île d'Oléron, France. August 2022. Image James Garnett. Young foliage and fruit on Arbutus × reyorum 'Marina'. Private garden close to Nantes, France. May 2024. Image James Garnett. "" data-alt=""Arbutus × reyorum 'Marina'""> Young foliage and fruit on Arbutus × reyorum 'Marina'. Private garden close to Nantes, France. May 2024. Image James Garnett. 'MBAV13' Synonyms / alternative names Arbutus × reyorum SPRING FROST™ A sport of ‘Marina’ with well-defined creamy white margins to the young leaves. During summer the white areas become green, old leaves then contrasting with the next year’s new foliage. Apparently as fast growing as ‘Marina’ but with lower fruit set. Selected by Manuel Morales of Monterey Bay Nursery, CA, from a production block of ‘Marina’, and introduced by him in 2015; protected by US PP26579 ( Monterey Bay Nursery 2021 ). <div class=""uk-section uk-section-small uk-section-primary","H4 USDA Hardiness Zone: 8-9 A small to medium tree with excellent reddish bark, glossy dark green leaves, large inflorescences of white flowers flushing deep pink in late summer to autumn, and good crops of fruit, 2–3 cm across and ripening red. It is lime tolerant. Well established on the Pacific seaboard of the United States, in gardens and as a street tree, and widely offered by nurseries from tissue culture ( Grimshaw & Bayton 2009 , Jacobson 1996 ). It is also increasingly planted in Mediterranean and maritime Europe. It can grow quickly in areas with warm summers: a specimen at San Marcos Growers, Santa Barbara, CA, reached 13.5 m × 274 cm, with a crown spread of over 16 m, in 23 years ( San Marcos Growers 2021 ). The origin of this cultivar is convoluted, it apparently having been shipped unrecognised from southern Europe (from which garden or nursery is unknown) to San Francisco in 1917 as a landscaping tree for the Exposition that year. It was propagated by Charles Abrahams at his Western Nursery in the Marina district of San Francisco (hence the cultivar name), and one of the resulting plants was grown at the Strybing Arboretum (now San Francisco Botanical Garden). A cutting from this came into the hands of the San Francisco plantsman Victor Reiter in 1933. Planted in Reiter’s garden in 1944, it reached 15 m before collapsing in 2006. Material from the Reiter tree was introduced to the nursery trade in 1984 by the Saratoga Horticultural Research Foundation ( Grimshaw & Bayton 2009 , San Marcos Growers 2021 ). ‘If only one Arbutus were to be planted this should be it’ ( Grimshaw & Bayton 2009 ). Arbutus × reyorum 'Marina': an excellent small tree. Image John Grimshaw. "" data-alt=""Arbutus × reyorum 'Marina'""> Arbutus × reyorum 'Marina': an excellent small tree. Image John Grimshaw. Arbutus × reyorum 'Marina'. Image John Grimshaw. "" data-alt=""Arbutus × reyorum 'Marina'""> Arbutus × reyorum 'Marina'. Image John Grimshaw. Foliage on Arbutus × reyorum 'Marina' at Arboretum Cimetière Parc, Nantes, France. 8 October 2023. Image Tom Christian. "" data-alt=""Arbutus × reyorum 'Marina'""> Foliage on Arbutus × reyorum 'Marina' at Arboretum Cimetière Parc, Nantes, France. 8 October 2023. Image Tom Christian. This young Arbutus × reyorum 'Marina' is beginning to develop the beautiful peeling bark gardeners can expect from this selection. Arboretum Cimetière Parc, Nantes, France. 8 October 2023. Image Tom Christian. "" data-alt=""Arbutus × reyorum 'Marina'""> This young Arbutus × reyorum 'Marina' is beginning to develop the beautiful peeling bark gardeners can expect from this selection. Arboretum Cimetière Parc, Nantes, France. 8 October 2023. Image Tom Christian. Arbutus × reyorum 'Marina' inherits excellent bark from its A. × andrachnoides parent, as seen here in a maturing example in a private garden in Suffolk, UK (January 2023). Image Jack Aldridge. "" data-alt=""Arbutus × reyorum 'Marina'""> Arbutus × reyorum 'Marina' inherits excellent bark from its A. × andrachnoides parent, as seen here in a maturing example in a private garden in Suffolk, UK (January 2023). Image Jack Aldridge. Winter damage to an established specimen of Arbutus × reyorum 'Marina' growing in a sheltered position at RHS Garden Wisley, UK (21 April 2023). Image Jack Aldridge. "" data-alt=""Arbutus × reyorum 'Marina'""> Winter damage to an established specimen of Arbutus × reyorum 'Marina' growing in a sheltered position at RHS Garden Wisley, UK (21 April 2023). Image Jack Aldridge. Flaky reddish bark on a mature Arbutus × reyorum 'Marina'. Private garden, Île d'Oléron, France. August 2022. Image James Garnett. "" data-alt=""Arbutus × reyorum 'Marina'""> Flaky reddish bark on a mature Arbutus × reyorum 'Marina'. Private garden, Île d'Oléron, France. August 2022. Image James Garnett. Probably the french champion of Arbutus × reyorum 'Marina', approximately 8 m tall, growing in difficult, dry conditions. Private garden, Île d'Oléron, France. August 2022. Image James Garnett. "" data-alt=""Arbutus × reyorum 'Marina'""> Probably the french champion of Arbutus × reyorum 'Marina', approximately 8 m tall, growing in difficult, dry conditions. Private garden, Île d'Oléron, France. August 2022. Image James Garnett. Young foliage and fruit on Arbutus × reyorum 'Marina'. Private garden close to Nantes, France. May 2024. Image James Garnett. "" data-alt=""Arbutus × reyorum 'Marina'""> Young foliage and fruit on Arbutus × reyorum 'Marina'. Private garden close to Nantes, France. May 2024. Image James Garnett. 'MBAV13' Synonyms / alternative names Arbutus × reyorum SPRING FROST™ A sport of ‘Marina’ with well-defined creamy white margins to the young leaves. During summer the white areas become green, old leaves then contrasting with the next year’s new foliage. Apparently as fast growing as ‘Marina’ but with lower fruit set. Selected by Manuel Morales of Monterey Bay Nursery, CA, from a production block of ‘Marina’, and introduced by him in 2015; protected by US PP26579 ( Monterey Bay Nursery 2021 ). <div class=""uk-section uk-section-small uk-section-primary",49.2,"introduced to the nursery trade in 1984 by the Saratoga Horticultural Research Foundation ( Grimshaw & Bayton 2009 , San Marcos Growers 2021 ).",,,,https://www.treesandshrubsonline.org/articles/arbutus/arbutus-x-reyorum/,Trees and Shrubs Online (IDS)
Arctostaphylos andersonii,Heartleaf Manzanita,Ericaceae,Arctostaphylos,,,12,"Native of California; introduced to the Royal Botanic Garden, Edinburgh, in 1934, by seed received from Mrs Lester Rowntree, who did so much to popularise the native shrubs of California.",,,,https://www.treesandshrubsonline.org/articles/arctostaphylos/arctostaphylos-andersonii/,Trees and Shrubs Online (IDS)
Arctostaphylos canescens,Hoary Manzanita,Ericaceae,Arctostaphylos,,,,"Native of California and Oregon; it is found in chaparral, but also grows in forests of Douglas fir and Pinus ponderosa .",,,,https://www.treesandshrubsonline.org/articles/arctostaphylos/arctostaphylos-canescens/,Trees and Shrubs Online (IDS)
Arctostaphylos diversifolia,,Ericaceae,Arctostaphylos,,,18,"Native of S. California; it was introduced to Kew before 1896 and flowered there in March and April, but is not in the collection at the present time.",,,,https://www.treesandshrubsonline.org/articles/arctostaphylos/arctostaphylos-diversifolia/,Trees and Shrubs Online (IDS)
Arctostaphylos glauca,Bigberry Manzanita,Ericaceae,Arctostaphylos,,,14,"Native of S. California. A handsome species, but tender. From the Supplement (Vol. V) A. pringlei Parry var. drupacea Parry A. drupacea (Parry) McBride – It should have been added that the species itself was described from Arizona and does not occur in California. The var. drupac",,,,https://www.treesandshrubsonline.org/articles/arctostaphylos/arctostaphylos-glauca/,Trees and Shrubs Online (IDS)
Argentina sericophylla,,Rosaceae,Argentina,,,,,,,,https://www.treesandshrubsonline.org/articles/argentina/argentina-sericophylla/,Trees and Shrubs Online (IDS)
Argyrocytisus battandieri,Pineapple Broom,Fabaceae,Argyrocytisus,,,,Morocco,,,,https://www.treesandshrubsonline.org/articles/argyrocytisus/argyrocytisus-battandieri/,Trees and Shrubs Online (IDS)
Aria rupicola,,Rosaceae,Aria,,,,native of the British Isles (it also occurs in Scandinavia and Estonia).,,,,https://www.treesandshrubsonline.org/articles/aria/aria-rupicola/,Trees and Shrubs Online (IDS)
Aria umbellata,,Rosaceae,Aria,,,,"Native of Asia Minor, the Caucasus, the Crimea and parts of the Balkans; cultivated since early in the 19th century under various names.",,,,https://www.treesandshrubsonline.org/articles/aria/aria-umbellata/,Trees and Shrubs Online (IDS)
Aria vexans,,Rosaceae,Aria,,,,United Kingdom,,,,https://www.treesandshrubsonline.org/articles/aria/aria-vexans/,Trees and Shrubs Online (IDS)
Aristolochia griffithii,,Aristolochiaceae,Aristolochia,,,,,,,,https://www.treesandshrubsonline.org/articles/aristolochia/aristolochia-griffithii/,Trees and Shrubs Online (IDS)
Aristolochia macrophylla,Dutchman's Pipe,Aristolochiaceae,Aristolochia,,,30,Native of the eastern United States; sent to England first in 1783 by John Bartram of Philadelphia.,,,,https://www.treesandshrubsonline.org/articles/aristolochia/aristolochia-macrophylla/,Trees and Shrubs Online (IDS)
Aristolochia moupinensis,,Aristolochiaceae,Aristolochia,,,,"Native of W. China; discovered by the Abbé David in 1886, but first introduced to cultivation by Wilson in 1903, and flowered in the Coombe Wood nursery in 1908.",,,,https://www.treesandshrubsonline.org/articles/aristolochia/aristolochia-moupinensis/,Trees and Shrubs Online (IDS)
Arundinaria gigantea,Giant Cane,Poaceae,Arundinaria,,,30,,,,,https://www.treesandshrubsonline.org/articles/arundinaria/arundinaria-gigantea/,Trees and Shrubs Online (IDS)
Arundinaria tecta,Small Cane,Poaceae,Arundinaria,,,,"Native of the south-eastern United States, from Maryland to Illinois and southwards.",,,,https://www.treesandshrubsonline.org/articles/arundinaria/arundinaria-tecta/,Trees and Shrubs Online (IDS)
Athrotaxis laxifolia,,Cupressaceae,Athrotaxis,,,,,,,,https://www.treesandshrubsonline.org/articles/athrotaxis/athrotaxis-laxifolia/,Trees and Shrubs Online (IDS)
Atraphaxis frutescens,,Polygonaceae,Atraphaxis,,,,"Native of S.E. Europe and the Caucasus, to Siberia and Turkestan; introduced in 1770.",,,,https://www.treesandshrubsonline.org/articles/atraphaxis/atraphaxis-frutescens/,Trees and Shrubs Online (IDS)
Atriplex canescens,Grey Sage Brush,Amaranthaceae,Atriplex,,,3,"Native of western N. America from British Columbia to Nebraska, and found in dry saline localities.",,,,https://www.treesandshrubsonline.org/articles/atriplex/atriplex-canescens/,Trees and Shrubs Online (IDS)
Atriplex confertifolia,,Amaranthaceae,Atriplex,,,4,"Native of western N. America from Oregon to New Mexico, and one of the characteristic inhabitants of the alkaline plains of that region.",,,,https://www.treesandshrubsonline.org/articles/atriplex/atriplex-confertifolia/,Trees and Shrubs Online (IDS)
Azara alpina,lilén de cordillera,Salicaceae,Azara,8b-9a,H4,3.3,"Argentina, Chile","This alpine shrub is frequently found growing above the tree line along with Nothofagus pumilio and Austrocedrus chilensis , on partially colonised exposed lava flows or on steep grassy slopes leading down to small mountain streams. It can also occur as an understorey shrub in Nothofagus dominated forest. It has an altitudinal range of between 900 and 2000 m and shrubby asscociates can include Aza",,Not evaluated (NE),https://www.treesandshrubsonline.org/articles/azara/azara-alpina/,Trees and Shrubs Online (IDS)
Azara celastrina,Lilén,Salicaceae,Azara,9b-10a,H3,9.8,Chile,"Azara celastrina is commonly found in sclerophyllous matorral vegetation from sea level to 1000 m. Typically this vegetation type includes evergreen trees and shrubs with hard leathery leaves which are an adaptation to long hot summers. Commonly assosciated tree species can include Cryptocarya alba, Lithraea caustica, Peumus boldus and Schinus latifolia , with an understory of shrubby species ofte",,Not evaluated (NE),https://www.treesandshrubsonline.org/articles/azara/azara-celastrina/,Trees and Shrubs Online (IDS)
Azara microphylla,Chinchín,Salicaceae,Azara,7b-8,H5,26.2,"Argentina, Chile","Azara microphylla is native to Chile and adjacent forested areas of southern Argentina. In Chile it has a vast latitudinal range spanning about 1700 km, from the disjunct relictual forest of Fray Jorge on the southern margin of the Atacama Desert, south to the much wetter Aysén Region. Within this distribution, it has an altitudinal range from 35 to 2000 m, but its upper limit is mostly around 100",,Not evaluated (NE),https://www.treesandshrubsonline.org/articles/azara/azara-microphylla/,Trees and Shrubs Online (IDS)
Azara uruguayensis,Palo vainilla,Salicaceae,Azara,9b-10a,H3,19.7,"Brazil, Uruguay","Azara uruguayensis is widely distributed in the eastern part of Uruguay and SE Brazil. It is sometimes erroneously listed as being native to Argentina, where it is sometimes cultivated. It has an altitudinal range of between sea level to 2500 m in the altiplano and therefore occurs in a wide range of habitats. It is frequently seen in evergreen woodlands especially forming part of the undergrowth ",,Not evaluated (NE),https://www.treesandshrubsonline.org/articles/azara/azara-uruguayensis/,Trees and Shrubs Online (IDS)
Banksia integrifolia,Coast Banksia,Proteaceae,Banksia,"9. Conservation status Not evaluated. Illustration Rosser 1993, George 1996. Cross-reference K188.",,82.0,"AUSTRALIA: from Proserpine, Queensland to Port Phillip Bay, Victoria. Habitat Coastal dunes and headland at sea-level to montane rain forest or cloud forest near the peaks of the Great Dividing Range. USDA Hardiness Zone 9. Conservation status Not evaluated. Illustration Rosser 1993, George 1996. Cross-reference K188.","Coastal dunes and headland at sea-level to montane rain forest or cloud forest near the peaks of the Great Dividing Range. USDA Hardiness Zone 9. Conservation status Not evaluated. Illustration Rosser 1993, George 1996. Cross-reference K188.",,"Not evaluated. Illustration Rosser 1993, George 1996. Cross-reference K188.",https://www.treesandshrubsonline.org/articles/banksia/banksia-integrifolia/,Trees and Shrubs Online (IDS)
Banksia marginata,Silver Banksia,Proteaceae,Banksia,"8. Conservation status Not evaluated. Illustration Rosser 1993, George 1996; NT160. Cross-reference K189. Taxonomic note Closely related to B. integrifolia , which has larger, whorled leaves and larger flowers.",,,"AUSTRALIA: New South Wales, South Australia, Tasmania, Victoria. Habitat Woodland, forest and shrubland; sometimes swamps, coastal dunes. USDA Hardiness Zone 8. Conservation status Not evaluated. Illustration Rosser 1993, George 1996; NT160. Cross-reference K189. Taxonomic note Closely related to B. integrifolia , which has larger, whorled leaves and larger flowers.","Woodland, forest and shrubland; sometimes swamps, coastal dunes. USDA Hardiness Zone 8. Conservation status Not evaluated. Illustration Rosser 1993, George 1996; NT160. Cross-reference K189. Taxonomic note Closely related to B. integrifolia , which has larger, whorled leaves and larger flowers.","Closely related to B. integrifolia , which has larger, whorled leaves and larger flowers.","Not evaluated. Illustration Rosser 1993, George 1996; NT160. Cross-reference K189. Taxonomic note Closely related to B. integrifolia , which has larger, whorled leaves and larger flowers.",https://www.treesandshrubsonline.org/articles/banksia/banksia-marginata/,Trees and Shrubs Online (IDS)
Berberis aetnensis,,Berberidaceae,Berberis,,,,"Native of Sicily and Calabria, a scrubby bush inhabiting the mountains.",,,,https://www.treesandshrubsonline.org/articles/berberis/berberis-aetnensis/,Trees and Shrubs Online (IDS)
Berberis aristata,,Berberidaceae,Berberis,,,,Native of the Himalaya; introduced in 1823 and long believed to be the true B. aristata of De Candolle.,,,,https://www.treesandshrubsonline.org/articles/berberis/berberis-aristata/,Trees and Shrubs Online (IDS)
Berberis asiatica,,Berberidaceae,Berberis,,,,"Native of the Himalaya; first introduced early in the nineteenth century, but still very rare.",,,,https://www.treesandshrubsonline.org/articles/berberis/berberis-asiatica/,Trees and Shrubs Online (IDS)
Berberis atrocarpa,,Berberidaceae,Berberis,,,,"Native of W. Szechwan, China; introduced in 1909.",,,,https://www.treesandshrubsonline.org/articles/berberis/berberis-atrocarpa/,Trees and Shrubs Online (IDS)
Berberis beaniana,,Berberidaceae,Berberis,,,,"Native of W. Szechwan, China; introduced by Wilson in 1904 (No.",,,,https://www.treesandshrubsonline.org/articles/berberis/berberis-beaniana/,Trees and Shrubs Online (IDS)
Berberis calliantha,,Berberidaceae,Berberis,,,,"Native of S.E. Tibet, discovered and introduced by Kingdon Ward in 1924.",,,,https://www.treesandshrubsonline.org/articles/berberis/berberis-calliantha/,Trees and Shrubs Online (IDS)
Berberis candidula,,Berberidaceae,Berberis,,,4,"Native of China; first collected by Farges, and raised in 1895 by M. Maurice de Vilmorin.",,,,https://www.treesandshrubsonline.org/articles/berberis/berberis-candidula/,Trees and Shrubs Online (IDS)
Berberis chrysosphaera,,Berberidaceae,Berberis,,,,"Native of S. Tibet, discovered and introduced by Kingdon Ward in 1933–4.",,,,https://www.treesandshrubsonline.org/articles/berberis/berberis-chrysosphaera/,Trees and Shrubs Online (IDS)
Berberis concinna,,Berberidaceae,Berberis,,,,"Native of the Sikkim-Himalaya at 12,000 to 13,000 ft; introduced to Kew by Sir Joseph Hooker about 1850.",,,,https://www.treesandshrubsonline.org/articles/berberis/berberis-concinna/,Trees and Shrubs Online (IDS)
Berberis cretica,,Berberidaceae,Berberis,,,,Native of the mountains of Crete and other islands of the Mediterranean.,,,,https://www.treesandshrubsonline.org/articles/berberis/berberis-cretica/,Trees and Shrubs Online (IDS)
Berberis hakeoides,,Berberidaceae,Berberis,,,,"Native of Chile; discovered by Pearce, and introduced in 1861.",,,,https://www.treesandshrubsonline.org/articles/berberis/berberis-hakeoides/,Trees and Shrubs Online (IDS)
Berberis julianae,,Berberidaceae,Berberis,,,10,Native of Central China; introduced by Wilson for Messrs Veitch in 1900 (No.,,,,https://www.treesandshrubsonline.org/articles/berberis/berberis-julianae/,Trees and Shrubs Online (IDS)
Berberis orthobotrys,,Berberidaceae,Berberis,,,,"Native of Kashmir, Afghanistan, etc. It was first found in the former country by T. Thomson and in the latter by Aitchison. As seen at Kew it is noticeable for the close arrangement of the leaf-clusters along the twigs. The clusters (made up of five to eight leaves) are scarcely",,,,https://www.treesandshrubsonline.org/articles/berberis/berberis-orthobotrys/,Trees and Shrubs Online (IDS)
× Amelasorbus jackii,,Rosaceae,,,,,hybrid between Amelanchier alnifolia Nutt.,,,,https://www.treesandshrubsonline.org/articles/x-amelasorbus/x-amelasorbus-jackii/,Trees and Shrubs Online (IDS)
